年月,區域別,人口數,人口密度
115.4,總計,1849762,844.0030951978669
115.4,新營區,74329,1928.6896773624364
115.4,鹽水區,23476,449.3401345570432
115.4,白河區,24779,196.0292584288863
115.4,柳營區,19738,322.02751052732043
115.4,後壁區,20699,286.61472273878445
115.4,東山區,18341,146.8245518252803
115.4,麻豆區,42743,791.9124622043042
115.4,下營區,21620,644.8130131736312
115.4,六甲區,20795,307.8592567260475
115.4,官田區,20518,289.8214994498222
115.4,大內區,8391,119.33866666666667
115.4,佳里區,58201,1494.5483306027909
115.4,學甲區,24334,450.6972342147618
115.4,西港區,24800,734.4535724650988
115.4,七股區,20393,185.13979220911276
115.4,將軍區,17529,417.559957693737
115.4,北門區,9365,212.35683203969134
115.4,新化區,41883,674.9019866930721
115.4,善化區,53948,975.3804486373999
115.4,新市區,38282,800.7178474615977
115.4,安定區,29723,950.5276622961305
115.4,山上區,6752,242.1981490781261
115.4,玉井區,12622,165.2825464668924
115.4,楠西區,8335,76.02734977871343
115.4,南化區,7549,44.01241139506926
115.4,左鎮區,4084,54.5242148125897
115.4,仁德區,77583,1528.2352106905355
115.4,歸仁區,71055,1273.5856665824242
115.4,關廟區,33084,616.7635758268349
115.4,龍崎區,3208,50.0613282481344
115.4,永康區,235907,5857.361708044385
115.4,東區,180118,13426.011508989535
115.4,南區,118641,4350.908204091961
115.4,北區,125273,12006.229633889208
115.4,安南區,204763,1910.0741033715915
115.4,安平區,71743,6483.016003542286
115.4,中西區,75158,12006.070287539937
115.3,總計,1850624,844.3964056172941
115.3,新營區,74402,1930.5838821337568
115.3,鹽水區,23515,450.08661033007627
115.3,白河區,24807,196.2507693549127
115.3,柳營區,19778,322.68011466254654
115.3,後壁區,20731,287.0578200443374
115.3,東山區,18355,146.9366255249452
115.3,麻豆區,42792,792.8202999940712
115.3,下營區,21648,645.6481086578524
115.3,六甲區,20825,308.30339126328147
115.3,官田區,20515,289.7791237553906
115.3,大內區,8401,119.48088888888888
115.3,佳里區,58225,1495.1646286034174
115.3,學甲區,24367,451.3084370062917
115.3,西港區,24822,735.1051038600274
115.3,七股區,20415,185.33952130383153
115.3,將軍區,17554,418.1554850451172
115.3,北門區,9371,212.49288553592606
115.3,新化區,41916,675.4337481609916
115.3,善化區,53956,975.5250887276554
115.3,新市區,38291,800.9060941735551
115.3,安定區,29748,951.3271506236009
115.3,山上區,6767,242.7362077623933
115.3,玉井區,12627,165.34802045931315
115.3,楠西區,8358,76.23714330539734
115.3,南化區,7556,44.05322300982161
115.3,左鎮區,4092,54.63102032642435
115.3,仁德區,77531,1527.210911153834
115.3,歸仁區,70988,1272.3847624988125
115.3,關廟區,33116,617.3601310930197
115.3,龍崎區,3205,50.014512791543254
115.3,永康區,235936,5858.081752339523
115.3,東區,180209,13432.794656966516
115.3,南區,118687,4352.595156978301
115.3,北區,125307,12009.488211615871
115.3,安南區,204787,1910.2979806271549
115.3,安平區,71734,6482.202723584215
115.3,中西區,75290,12027.156549520767
115.2,總計,1851244,844.679297102265
115.2,新營區,74481,1932.633774968473
115.2,鹽水區,23569,451.1201921696605
115.2,白河區,24858,196.65423568446084
115.2,柳營區,19787,322.8269505929724
115.2,後壁區,20755,287.39014302350216
115.2,東山區,18408,147.36090453081945
115.2,麻豆區,42796,792.8944092013992
115.2,下營區,21694,647.0200512390729
115.2,六甲區,20826,308.31819574785595
115.2,官田區,20491,289.440118199937
115.2,大內區,8412,119.63733333333333
115.2,佳里區,58250,1495.8066056874034
115.2,學甲區,24339,450.78984069832694
115.2,西港區,24834,735.4604846208977
115.2,七股區,20471,185.84792263584302
115.2,將軍區,17566,418.4413381737797
115.2,北門區,9395,213.03709952086496
115.2,新化區,41898,675.1436964512174
115.2,善化區,53935,975.1454084907349
115.2,新市區,38259,800.2367725310397
115.2,安定區,29729,950.7195394947233
115.2,山上區,6772,242.915560657149
115.2,玉井區,12648,165.62301122748022
115.2,楠西區,8359,76.24626476307925
115.2,南化區,7563,44.09403462457396
115.2,左鎮區,4094,54.65772170488301
115.2,仁德區,77479,1526.1866116171327
115.2,歸仁區,70738,1267.903777112202
115.2,關廟區,33135,617.714335782317
115.2,龍崎區,3212,50.1237488569226
115.2,永康區,235963,5858.752138407411
115.2,東區,180556,13458.66006738424
115.2,南區,118889,4360.003080522662
115.2,北區,125370,12015.526164462335
115.2,安南區,204659,1909.1039685974836
115.2,安平區,71477,6458.979062559301
115.2,中西區,75577,12073.003194888179
115.1,總計,1851783,844.9252301835542
115.1,新營區,74497,1933.0489431375295
115.1,鹽水區,23611,451.92408915600384
115.1,白河區,24890,196.90739102849105
115.1,柳營區,19819,323.3490339011533
115.1,後壁區,20793,287.9163210738463
115.1,東山區,18445,147.65709930850528
115.1,麻豆區,42820,793.3390644453666
115.1,下營區,21710,647.4972486586279
115.1,六甲區,20838,308.4958495627495
115.1,官田區,20509,289.69437236652715
115.1,大內區,8415,119.68
115.1,佳里區,58263,1496.1404337710762
115.1,學甲區,24354,451.06766014902234
115.1,西港區,24834,735.4604846208977
115.1,七股區,20508,186.1838306587792
115.1,將軍區,17586,418.91776005488384
115.1,北門區,9415,213.49061117498067
115.1,新化區,41896,675.1114684834647
115.1,善化區,53939,975.2177285358626
115.1,新市區,38271,800.487768146983
115.1,安定區,29757,951.6149664214903
115.1,山上區,6784,243.34600760456274
115.1,玉井區,12661,165.79324360777412
115.1,楠西區,8369,76.33747933989835
115.1,南化區,7579,44.18731831543647
115.1,左鎮區,4098,54.71112446180034
115.1,仁德區,77480,1526.2063096851462
115.1,歸仁區,70634,1266.0396871913722
115.1,關廟區,33156,618.1058251757507
115.1,龍崎區,3219,50.232984922301945
115.1,永康區,235853,5856.020935908608
115.1,東區,180689,13468.573899042905
115.1,南區,118978,4363.266967628841
115.1,北區,125431,12021.372436266054
115.1,安南區,204588,1908.4416650497753
115.1,安平區,71407,6452.653551774306
115.1,中西區,75687,12090.575079872206
114.12,總計,1852477,845.241886136086
114.12,新營區,74493,1932.9451510952654
114.12,鹽水區,23635,452.3834588624858
114.12,白河區,24948,197.3662350895458
114.12,柳營區,19831,323.54481514172113
114.12,後壁區,20840,288.5671202413772
114.12,東山區,18490,148.0173362002853
114.12,麻豆區,42873,794.3210114424616
114.12,下營區,21742,648.4516434977378
114.12,六甲區,20880,309.11763791487715
114.12,官田區,20527,289.9486265331173
114.12,大內區,8427,119.85066666666667
114.12,佳里區,58328,1497.8095741894397
114.12,學甲區,24365,451.2713944128656
114.12,西港區,24811,734.779338162563
114.12,七股區,20493,186.04765173056182
114.12,將軍區,17598,419.20361318354634
114.12,北門區,9436,213.9667984118022
114.12,新化區,41932,675.6915719030131
114.12,善化區,53888,974.2956479604843
114.12,新市區,38279,800.6550985576118
114.12,安定區,29783,952.4464342820595
114.12,山上區,6796,243.77645455197646
114.12,玉井區,12674,165.963475988068
114.12,楠西區,8392,76.54727286658226
114.12,南化區,7606,44.34473454376696
114.12,左鎮區,4095,54.67107239411234
114.12,仁德區,77496,1526.5214787733619
114.12,歸仁區,70574,1264.9642506985856
114.12,關廟區,33198,618.8888039626183
114.12,龍崎區,3234,50.46706220525768
114.12,永康區,235805,5854.829138454586
114.12,東區,180856,13481.022093681982
114.12,南區,119121,4368.511190732028
114.12,北區,125439,12022.139160437033
114.12,安南區,204534,1907.9379412247579
114.12,安平區,71256,6439.008521366672
114.12,中西區,75802,12108.94568690096
114.11,總計,1853368,845.6484285765845
114.11,新營區,74516,1933.5419553382842
114.11,鹽水區,23674,453.12993463551885
114.11,白河區,24967,197.51654607506373
114.11,柳營區,19867,324.13215886342465
114.11,後壁區,20895,289.32869373529644
114.11,東山區,18530,148.33754677075646
114.11,麻豆區,42907,794.9509397047489
114.11,下營區,21765,649.1376147883481
114.11,六甲區,20908,309.53216348296223
114.11,官田區,20546,290.2170059311847
114.11,大內區,8426,119.83644444444444
114.11,佳里區,58396,1499.5557518578817
114.11,學甲區,24367,451.3084370062917
114.11,西港區,24833,735.4308695574917
114.11,七股區,20510,186.20198784920817
114.11,將軍區,17638,420.1564569457546
114.11,北門區,9469,214.71509264109315
114.11,新化區,41930,675.6593439352605
114.11,善化區,53868,973.9340477348458
114.11,新市區,38300,801.0943408855125
114.11,安定區,29792,952.7342500799489
114.11,山上區,6814,244.42212497309706
114.11,玉井區,12676,165.9896655850363
114.11,楠西區,8398,76.60200161267372
114.11,南化區,7623,44.44384846530838
114.11,左鎮區,4079,54.45746136644304
114.11,仁德區,77512,1526.8366478615778
114.11,歸仁區,70535,1264.2652169782743
114.11,關廟區,33213,619.1684392436425
114.11,龍崎區,3242,50.59190342283408
114.11,永康區,235808,5854.903625795462
114.11,東區,180933,13486.761680431737
114.11,南區,119259,4373.572049391047
114.11,北區,125445,12022.714203565269
114.11,安南區,204557,1908.1524902613394
114.11,安平區,71265,6439.821801324742
114.11,中西區,75905,12125.399361022364
114.10,總計,1854000,845.9367953806193
114.10,新營區,74566,1934.8393558665855
114.10,鹽水區,23714,453.8955508129887
114.10,白河區,25020,197.93583461361374
114.10,柳營區,19892,324.54003644794096
114.10,後壁區,20925,289.7440974592523
114.10,東山區,18550,148.49765205599203
114.10,麻豆區,42942,795.5993952688682
114.10,下營區,21787,649.7937612402361
114.10,六甲區,20915,309.6357948749835
114.10,官田區,20552,290.30175732004807
114.10,大內區,8437,119.99288888888888
114.10,佳里區,58353,1498.4515512734258
114.10,學甲區,24400,451.9196397978215
114.10,西港區,24851,735.9639406987972
114.10,七股區,20555,186.61052463386028
114.10,將軍區,17665,420.79962648524526
114.10,北門區,9478,214.91917288544525
114.10,新化區,41943,675.868825725653
114.10,善化區,53836,973.3554873738241
114.10,新市區,38298,801.0525082828552
114.10,安定區,29814,953.4377998081228
114.10,山上區,6824,244.7808307626085
114.10,玉井區,12681,166.05513957745703
114.10,楠西區,8413,76.73882347790236
114.10,南化區,7643,44.56045307888652
114.10,左鎮區,4075,54.40405860952571
114.10,仁德區,77515,1526.8957420656184
114.10,歸仁區,70551,1264.5520000430174
114.10,關廟區,33237,619.6158556932811
114.10,龍崎區,3245,50.63871887942523
114.10,永康區,235844,5855.797473885979
114.10,東區,180948,13487.879781746624
114.10,南區,119339,4376.505880497724
114.10,北區,125410,12019.359785317232
114.10,安南區,204533,1907.928613005776
114.10,安平區,71263,6439.641072445172
114.10,中西區,75986,12138.338658146966
114.9,總計,1854682,846.2479760140873
114.9,新營區,74627,1936.4221845111133
114.9,鹽水區,23764,454.852571034826
114.9,白河區,25055,198.21272327114679
114.9,柳營區,19897,324.6216119648442
114.9,後壁區,20958,290.20104155560387
114.9,東山區,18558,148.56169417008624
114.9,麻豆區,42962,795.9699413055077
114.9,下營區,21812,650.5393822082907
114.9,六甲區,20930,309.8578621436005
114.9,官田區,20563,290.4571348662976
114.9,大內區,8460,120.32
114.9,佳里區,58348,1498.3231558566285
114.9,學甲區,24413,452.16041665509084
114.9,西港區,24847,735.8454804451737
114.9,七股區,20580,186.83748951422254
114.9,將軍區,17704,421.72864915339835
114.9,北門區,9488,215.1459287125031
114.9,新化區,41974,676.3683592258197
114.9,善化區,53800,972.7046069676747
114.9,新市區,38302,801.1361734881697
114.9,安定區,29838,954.2053086024944
114.9,山上區,6838,245.28301886792454
114.9,玉井區,12709,166.4217939350131
114.9,楠西區,8436,76.94861700458627
114.9,南化區,7662,44.671227461785755
114.9,左鎮區,4075,54.40405860952571
114.9,仁德區,77504,1526.6790633174699
114.9,歸仁區,70530,1264.175597270542
114.9,關廟區,33219,619.2802933560521
114.9,龍崎區,3251,50.73234979260753
114.9,永康區,235942,5858.230727021276
114.9,東區,180989,13490.93592534065
114.9,南區,119431,4379.879786270404
114.9,北區,125412,12019.551466359977
114.9,安南區,204497,1907.592797122431
114.9,安平區,71229,6436.568681492459
114.9,中西區,76078,12153.035143769968
114.8,總計,1855568,846.6522370716424
114.8,新營區,74671,1937.5638969760187
114.8,鹽水區,23791,455.3693619546181
114.8,白河區,25090,198.4896119286798
114.8,柳營區,19923,325.04580465274114
114.8,後壁區,20970,290.3672030451862
114.8,東山區,18592,148.83387315498672
114.8,麻豆區,42983,796.3590146439793
114.8,下營區,21832,651.1358789827344
114.8,六甲區,20970,310.45004152657924
114.8,官田區,20569,290.541886255161
114.8,大內區,8481,120.61866666666667
114.8,佳里區,58337,1498.0406859396746
114.8,學甲區,24441,452.6790129630556
114.8,西港區,24867,736.4377817132907
114.8,七股區,20613,187.13708315630075
114.8,將軍區,17740,422.58620853938584
114.8,北門區,9495,215.30465779144362
114.8,新化區,41990,676.6261829678414
114.8,善化區,53768,972.1260466066531
114.8,新市區,38255,800.1531073257253
114.8,安定區,29854,954.7169811320755
114.8,山上區,6847,245.60585407848484
114.8,玉井區,12711,166.4479835319814
114.8,楠西區,8447,77.04895303908727
114.8,南化區,7666,44.69454838450138
114.8,左鎮區,4079,54.45746136644304
114.8,仁德區,77520,1526.9942324056858
114.8,歸仁區,70516,1263.924662088892
114.8,關廟區,33239,619.6531403974177
114.8,龍崎區,3253,50.76356009700162
114.8,永康區,236027,5860.341201679441
114.8,東區,181193,13506.142103223114
114.8,南區,119534,4383.657093820251
114.8,北區,125514,12029.327199539966
114.8,安南區,204411,1906.7905702899957
114.8,安平區,71207,6434.580663817174
114.8,中西區,76172,12168.051118210864
114.7,總計,1856033,846.8644056853706
114.7,新營區,74707,1938.4980253563958
114.7,鹽水區,23809,455.71388923447955
114.7,白河區,25132,198.82187831771944
114.7,柳營區,19910,324.83370830879267
114.7,後壁區,21005,290.8518407231348
114.7,東山區,18614,149.00998896874586
114.7,麻豆區,43017,796.9889429062666
114.7,下營區,21862,652.0306241443999
114.7,六甲區,21007,310.9978074558345
114.7,官田區,20591,290.8526413476601
114.7,大內區,8497,120.84622222222222
114.7,佳里區,58380,1499.1448865241307
114.7,學甲區,24464,453.10500278745513
114.7,西港區,24869,736.4970118401025
114.7,七股區,20627,187.2641834893036
114.7,將軍區,17753,422.8958827621035
114.7,北門區,9507,215.57676478391303
114.7,新化區,42004,676.8517787421102
114.7,善化區,53718,971.2220460425567
114.7,新市區,38263,800.3204377363542
114.7,安定區,29846,954.4611448672849
114.7,山上區,6862,246.143912762752
114.7,玉井區,12746,166.90630147892654
114.7,楠西區,8459,77.15841053127018
114.7,南化區,7664,44.68288792314357
114.7,左鎮區,4092,54.63102032642435
114.7,仁德區,77523,1527.0533266097261
114.7,歸仁區,70459,1262.902997420745
114.7,關廟區,33212,619.1497968915742
114.7,龍崎區,3255,50.79477040139572
114.7,永康區,236069,5861.3840244517105
114.7,東區,181172,13504.576761382272
114.7,南區,119579,4385.307373817757
114.7,北區,125522,12030.093923710945
114.7,安南區,204344,1906.1655796182147
114.7,安平區,71165,6430.785357346177
114.7,中西區,76328,12192.971246006391
114.6,總計,1856931,847.2741420619897
114.6,新營區,74695,1938.1866492296035
114.6,鹽水區,23843,456.3646629853289
114.6,白河區,25171,199.13041139325625
114.6,柳營區,19930,325.16001037640575
114.6,後壁區,21033,291.23955086549364
114.6,東山區,18634,149.17009425398143
114.6,麻豆區,43041,797.4335981502342
114.6,下營區,21884,652.686770596288
114.6,六甲區,21027,311.2938971473239
114.6,官田區,20607,291.0786450512958
114.6,大內區,8511,121.04533333333333
114.6,佳里區,58421,1500.1977289418678
114.6,學甲區,24488,453.54951390856775
114.6,西港區,24883,736.9116227277843
114.6,七股區,20649,187.4639125840224
114.6,將軍區,17807,424.18222184108475
114.6,北門區,9515,215.75816944555933
114.6,新化區,42025,677.1901724035135
114.6,善化區,53706,971.0050859071736
114.6,新市區,38245,799.9439443124393
114.6,安定區,29841,954.3012472017908
114.6,山上區,6865,246.2515244996054
114.6,玉井區,12757,167.05034426225214
114.6,楠西區,8471,77.26786802345309
114.6,南化區,7690,44.83447392079515
114.6,左鎮區,4091,54.617669637195014
114.6,仁德區,77659,1529.7322638595608
114.6,歸仁區,70421,1262.22188764198
114.6,關廟區,33235,619.5785709891445
114.6,龍崎區,3265,50.95082192336622
114.6,永康區,236176,5864.040739609636
114.6,東區,181156,13503.384119979726
114.6,南區,119701,4389.781466255441
114.6,北區,125548,12032.58577726663
114.6,安南區,204377,1906.4734108446144
114.6,安平區,71152,6429.610619628964
114.6,中西區,76411,12206.230031948882
114.5,總計,1857639,847.5971858867629
114.5,新營區,74771,1940.1586980326217
114.5,鹽水區,23876,456.9962963317415
114.5,白河區,25200,199.3598334237836
114.5,柳營區,19935,325.241585893309
114.5,後壁區,21057,291.5718738446584
114.5,東山區,18659,149.3702258605259
114.5,麻豆區,43079,798.1376356198493
114.5,下營區,21913,653.5516909192313
114.5,六甲區,21043,311.53076890051534
114.5,官田區,20590,290.83851611618286
114.5,大內區,8524,121.23022222222222
114.5,佳里區,58453,1501.0194596093697
114.5,學甲區,24492,453.6235990954199
114.5,西港區,24897,737.3262336154662
114.5,七股區,20671,187.66364167874121
114.5,將軍區,17823,424.5633593459681
114.5,北門區,9528,216.05295202073458
114.5,新化區,42050,677.5930220004223
114.5,善化區,53651,970.0106852866676
114.5,新市區,38233,799.692948696496
114.5,安定區,29835,954.1093700031979
114.5,山上區,6863,246.17978334170314
114.5,玉井區,12777,167.31224023193505
114.5,楠西區,8489,77.43205426172746
114.5,南化區,7700,44.89277622758422
114.5,左鎮區,4100,54.737825840259
114.5,仁德區,77724,1531.0126382804376
114.5,歸仁區,70320,1260.4115695457895
114.5,關廟區,33234,619.5599286370763
114.5,龍崎區,3265,50.95082192336622
114.5,永康區,236299,5867.09472058557
114.5,東區,181152,13503.085959629088
114.5,南區,119797,4393.302063583455
114.5,北區,125625,12039.965497412306
114.5,安南區,204370,1906.4081133117415
114.5,安平區,71164,6430.694992906391
114.5,中西區,76480,12217.252396166135
114.4,總計,1857618,847.5876040784009
114.4,新營區,74783,1940.470074159414
114.4,鹽水區,23884,457.14941956723544
114.4,白河區,25228,199.58134434981005
114.4,柳營區,19955,325.56788796092206
114.4,後壁區,21108,292.2780601753834
114.4,東山區,18700,149.6984416952588
114.4,麻豆區,43097,798.471127052825
114.4,下營區,21937,654.2674870485638
114.4,六甲區,21077,312.0341213760472
114.4,官田區,20609,291.10689551425025
114.4,大內區,8546,121.54311111111112
114.4,佳里區,58470,1501.4560040264803
114.4,學甲區,24512,453.99402502968036
114.4,西港區,24936,738.4812210882944
114.4,七股區,20673,187.6817988691702
114.4,將軍區,17861,425.46856092006595
114.4,北門區,9557,216.71054391920237
114.4,新化區,42081,678.092555500589
114.4,善化區,53505,967.3710036395063
114.4,新市區,38134,797.6222348649643
114.4,安定區,29830,953.9494723377039
114.4,山上區,6866,246.28739507855656
114.4,玉井區,12791,167.4955674107131
114.4,楠西區,8518,77.69657653450282
114.4,南化區,7713,44.96856922641001
114.4,左鎮區,4099,54.72447515102967
114.4,仁德區,77688,1530.303507831952
114.4,歸仁區,70134,1257.077716418151
114.4,關廟區,33234,619.5599286370763
114.4,龍崎區,3274,51.09126829313966
114.4,永康區,236116,5862.550992792108
114.4,東區,181210,13507.40928471332
114.4,南區,119894,4396.859333800301
114.4,北區,125761,12052.999808318958
114.4,安南區,204283,1905.5965582603244
114.4,安平區,70871,6404.218212049194
114.4,中西區,76683,12249.680511182109
114.3,總計,1858560,848.0174166249211
114.3,新營區,74820,1941.4301505503572
114.3,鹽水區,23906,457.57050846484384
114.3,白河區,25275,199.9531662613544
114.3,柳營區,19968,325.77998430487054
114.3,後壁區,21135,292.65192352694373
114.3,東山區,18730,149.93859962311217
114.3,麻豆區,43129,799.0640007114483
114.3,下營區,21981,655.5797799523399
114.3,六甲區,21109,312.50786488243017
114.3,官田區,20618,291.23402259754533
114.3,大內區,8559,121.728
114.3,佳里區,58517,1502.662920944374
114.3,學甲區,24530,454.32740837051483
114.3,西港區,24950,738.8958319759763
114.3,七股區,20721,188.11757143946576
114.3,將軍區,17901,426.4214046822743
114.3,北門區,9568,216.95997532896604
114.3,新化區,42131,678.8982546944064
114.3,善化區,53544,968.0761240795015
114.3,新市區,38070,796.2835915799337
114.3,安定區,29803,953.0860249440358
114.3,山上區,6870,246.43087739436115
114.3,玉井區,12809,167.73127378342772
114.3,楠西區,8529,77.79691256900382
114.3,南化區,7711,44.9569087650522
114.3,左鎮區,4100,54.737825840259
114.3,仁德區,77735,1531.229317028586
114.3,歸仁區,70122,1256.862629119594
114.3,關廟區,33208,619.0752274833011
114.3,龍崎區,3286,51.27853011950425
114.3,永康區,236232,5865.431169972663
114.3,東區,181263,13511.359909359255
114.3,南區,119943,4398.656305353142
114.3,北區,125800,12056.737588652482
114.3,安南區,204336,1906.0909538663602
114.3,安平區,70829,6400.422905578197
114.3,中西區,76822,12271.884984025559
114.2,總計,1858302,847.8996972650461
114.2,新營區,74808,1941.118774423565
114.2,鹽水區,23939,458.20214181125647
114.2,白河區,25316,200.2775215458931
114.2,柳營區,19991,326.1552316826255
114.2,後壁區,21200,293.55196492884824
114.2,東山區,18769,150.25080492932153
114.2,麻豆區,43083,798.2117448271773
114.2,下營區,22013,656.5341747914498
114.2,六甲區,21075,312.0045124068983
114.2,官田區,20636,291.4882767641355
114.2,大內區,8588,122.14044444444444
114.2,佳里區,58530,1502.9967490280467
114.2,學甲區,24561,454.90156856861864
114.2,西港區,24965,739.3400579270641
114.2,七股區,20742,188.30822193897006
114.2,將軍區,17976,428.20798673641485
114.2,北門區,9636,218.5019149529595
114.2,新化區,42194,679.9134356786163
114.2,善化區,53396,965.4002824097762
114.2,新市區,37946,793.6899702151868
114.2,安定區,29785,952.5103933482571
114.2,山上區,6905,247.6863476576512
114.2,玉井區,12811,167.75746338039602
114.2,楠西區,8528,77.78779111132191
114.2,南化區,7753,45.20177845356629
114.2,左鎮區,4100,54.737825840259
114.2,仁德區,77644,1529.4367928393583
114.2,歸仁區,69972,1254.1740378876277
114.2,關廟區,33132,617.6584087261122
114.2,龍崎區,3320,51.80910529420393
114.2,永康區,235795,5854.5808473183315
114.2,東區,181621,13538.045260741226
114.2,南區,120018,4401.406772015652
114.2,北區,125790,12055.779183438759
114.2,安南區,204048,1903.4044267996
114.2,安平區,70622,6381.717466542566
114.2,中西區,77094,12315.335463258787
114.1,總計,1858455,847.9695075831116
114.1,新營區,74789,1940.6257622228102
114.1,鹽水區,23949,458.3935458556239
114.1,白河區,25364,200.6572545619384
114.1,柳營區,19986,326.0736561657223
114.1,後壁區,21249,294.23045767797623
114.1,東山區,18809,150.57101549979265
114.1,麻豆區,43059,797.7670895832098
114.1,下營區,22060,657.9359422113924
114.1,六甲區,21083,312.12294828349405
114.1,官田區,20667,291.9261589399296
114.1,大內區,8586,122.112
114.1,佳里區,58483,1501.789832110153
114.1,學甲區,24534,454.4014935573669
114.1,西港區,25005,740.5246604632981
114.1,七股區,20766,188.52610822411785
114.1,將軍區,18025,429.37522034512006
114.1,北門區,9687,219.65836967095464
114.1,新化區,42239,680.638564953052
114.1,善化區,53322,964.0623615749137
114.1,新市區,37940,793.5644724072152
114.1,安定區,29814,953.4377998081228
114.1,山上區,6912,247.9374417103092
114.1,玉井區,12831,168.01935935007896
114.1,楠西區,8533,77.83339839973146
114.1,南化區,7777,45.341703989860065
114.1,左鎮區,4112,54.89803411101098
114.1,仁德區,77567,1527.9200416023198
114.1,歸仁區,69918,1253.2061450441197
114.1,關廟區,33066,616.428013489606
114.1,龍崎區,3343,52.168023794736065
114.1,永康區,235645,5850.85648027451
114.1,東區,181854,13555.413101165808
114.1,南區,120151,4406.284266230504
114.1,北區,125801,12056.833429173856
114.1,安南區,203882,1901.8559424486202
114.1,安平區,70435,6364.819316302649
114.1,中西區,77212,12334.185303514378
113.12,總計,1858651,848.0589377944895
113.12,新營區,74782,1940.444126148848
113.12,鹽水區,23969,458.77635394435885
113.12,白河區,25393,200.8866765924658
113.12,柳營區,20007,326.41627333671596
113.12,後壁區,21292,294.82586968231305
113.12,東山區,18836,150.78715763486068
113.12,麻豆區,43036,797.3409616410743
113.12,下營區,22077,658.4429644696696
113.12,六甲區,21110,312.52266936700465
113.12,官田區,20669,291.9544094028841
113.12,大內區,8588,122.14044444444444
113.12,佳里區,58470,1501.4560040264803
113.12,學甲區,24537,454.45705744750603
113.12,西港區,25004,740.4950453998923
113.12,七股區,20760,188.4716366528309
113.12,將軍區,18070,430.44716957760437
113.12,北門區,9712,220.2252592385993
113.12,新化區,42292,681.4926060984984
113.12,善化區,53300,963.6646013267112
113.12,新市區,37913,792.999732271343
113.12,安定區,29842,954.3332267348896
113.12,山上區,6916,248.0809240261138
113.12,玉井區,12830,168.0062645515948
113.12,楠西區,8532,77.82427694204955
113.12,南化區,7786,45.39417606597023
113.12,左鎮區,4124,55.05824238176296
113.12,仁德區,77574,1528.057928078414
113.12,歸仁區,69818,1251.4137508894755
113.12,關廟區,33048,616.092451152377
113.12,龍崎區,3352,52.308470164509515
113.12,永康區,235623,5850.31023977475
113.12,東區,181962,13563.463430632995
113.12,南區,120323,4412.592003109861
113.12,北區,125821,12058.750239601304
113.12,安南區,203838,1901.4455008134207
113.12,安平區,70321,6354.517770167084
113.12,中西區,77124,12320.127795527156
113.11,總計,1858873,848.1602311971726
113.11,新營區,74741,1939.3802577156407
113.11,鹽水區,23984,459.06346001091003
113.11,白河區,25434,201.21103187700447
113.11,柳營區,20032,326.8241509212323
113.11,後壁區,21346,295.5735963854337
113.11,東山區,18866,151.02731556271405
113.11,麻豆區,43053,797.6559257722179
113.11,下營區,22099,659.0991109215577
113.11,六甲區,21140,312.96680390423865
113.11,官田區,20675,292.03916079174746
113.11,大內區,8606,122.39644444444444
113.11,佳里區,58428,1500.3774825253838
113.11,學甲區,24554,454.77191949162744
113.11,西港區,25037,741.4723424922853
113.11,七股區,20788,188.72583731883665
113.11,將軍區,18102,431.209444587371
113.11,北門區,9722,220.45201506565715
113.11,新化區,42301,681.6376319533855
113.11,善化區,53211,962.0554803226197
113.11,新市區,37936,793.4808072019008
113.11,安定區,29874,955.3565717940518
113.11,山上區,6934,248.7265944472344
113.11,玉井區,12835,168.07173854401555
113.11,楠西區,8555,78.03407046873346
113.11,南化區,7800,45.47579929547492
113.11,左鎮區,4136,55.21845065251493
113.11,仁德區,77598,1528.5306817107378
113.11,歸仁區,69728,1249.8005961502959
113.11,關廟區,33030,615.756888815148
113.11,龍崎區,3358,52.40210107769181
113.11,永康區,235568,5848.944638525349
113.11,東區,181866,13556.307582217718
113.11,南區,120406,4415.635852883039
113.11,北區,125880,12064.404830362279
113.11,安南區,203796,1901.053715616185
113.11,安平區,70222,6345.571690628304
113.11,中西區,77232,12337.380191693292
113.10,總計,1858882,848.1643376864705
113.10,新營區,74697,1938.2385452507356
113.10,鹽水區,23986,459.1017408197835
113.10,白河區,25484,201.60658710205166
113.10,柳營區,20077,327.5583305733617
113.10,後壁區,21361,295.78129824741166
113.10,東山區,18898,151.28348401909096
113.10,麻豆區,43026,797.1556886227545
113.10,下營區,22135,660.1728051155563
113.10,六甲區,21143,313.0112173579621
113.10,官田區,20689,292.23691403242873
113.10,大內區,8623,122.63822222222223
113.10,佳里區,58419,1500.1463707751489
113.10,學甲區,24537,454.45705744750603
113.10,西港區,25041,741.5908027459087
113.10,七股區,20832,189.12529550827423
113.10,將軍區,18081,430.70920161221164
113.10,北門區,9753,221.15495812953654
113.10,新化區,42342,682.2983052923157
113.10,善化區,53102,960.0847590928897
113.10,新市區,37908,792.8951507646999
113.10,安定區,29896,956.0601215222258
113.10,山上區,6941,248.9776884998924
113.10,玉井區,12848,168.24197092430944
113.10,楠西區,8569,78.16177087628019
113.10,南化區,7821,45.59823413973197
113.10,左鎮區,4146,55.35195754480825
113.10,仁德區,77634,1529.2398121592234
113.10,歸仁區,69578,1247.1120049183296
113.10,關廟區,33059,616.2975170251281
113.10,龍崎區,3362,52.464521686480005
113.10,永康區,235607,5849.9129739567425
113.10,東區,181753,13547.884552312235
113.10,南區,120506,4419.303141766386
113.10,北區,125901,12066.417481311099
113.10,安南區,203716,1900.3074580976404
113.10,安平區,70162,6340.149824241164
113.10,中西區,77249,12340.095846645369
113.9,總計,1859013,848.2241099195853
113.9,新營區,74739,1939.3283616945087
113.9,鹽水區,24007,459.5036893129552
113.9,白河區,25485,201.6144982065526
113.9,柳營區,20079,327.59096078012294
113.9,後壁區,21382,296.0720808541808
113.9,東山區,18927,151.51563668268253
113.9,麻豆區,43023,797.1001067172585
113.9,下營區,22169,661.1868496321106
113.9,六甲區,21159,313.24808911115355
113.9,官田區,20699,292.37816634720105
113.9,大內區,8629,122.72355555555555
113.9,佳里區,58402,1499.7098263580383
113.9,學甲區,24544,454.5867065244972
113.9,西港區,25017,740.8800412241683
113.9,七股區,20903,189.76987576850308
113.9,將軍區,18037,429.66107347378255
113.9,北門區,9779,221.744523279887
113.9,新化區,42378,682.8784087118643
113.9,善化區,52984,957.9513177616222
113.9,新市區,37899,792.7069040527425
113.9,安定區,29894,955.9961624560282
113.9,山上區,6956,249.51574718415955
113.9,玉井區,12858,168.37291890915088
113.9,楠西區,8574,78.20737816468974
113.9,南化區,7837,45.691517830594485
113.9,左鎮區,4158,55.51216581556022
113.9,仁德區,77660,1529.7519619275743
113.9,歸仁區,69485,1245.4450783545105
113.9,關廟區,33084,616.7635758268349
113.9,龍崎區,3380,52.7454144260269
113.9,永康區,235525,5847.876986639454
113.9,東區,181719,13545.350189331823
113.9,南區,120574,4421.796898207062
113.9,北區,125991,12075.043128234618
113.9,安南區,203637,1899.5705287980777
113.9,安平區,70088,6333.4628556970265
113.9,中西區,77352,12356.549520766774
113.8,總計,1859253,848.3336163008644
113.8,新營區,74833,1941.7674746877155
113.8,鹽水區,24031,459.9630590194371
113.8,白河區,25532,201.98632011809696
113.8,柳營區,20070,327.4441248496971
113.8,後壁區,21410,296.45979099653965
113.8,東山區,18944,151.65172617513278
113.8,麻豆區,43032,797.2668524337463
113.8,下營區,22223,662.7973909231085
113.8,六甲區,21180,313.55898328721736
113.8,官田區,20709,292.51941866197336
113.8,大內區,8643,122.92266666666667
113.8,佳里區,58407,1499.8382217748356
113.8,學甲區,24566,454.9941750521837
113.8,西港區,25053,741.946183506779
113.8,七股區,20981,190.47800619523338
113.8,將軍區,18020,429.256114874844
113.8,北門區,9814,222.53816867458954
113.8,新化區,42421,683.5713100185473
113.8,善化區,52895,956.3421967575308
113.8,新市區,37861,791.9120846022555
113.8,安定區,29858,954.8448992644708
113.8,山上區,6964,249.8027118157687
113.8,玉井區,12892,168.81814205761185
113.8,楠西區,8578,78.24386399541737
113.8,南化區,7849,45.76148059874137
113.8,左鎮區,4169,55.65902339708287
113.8,仁德區,77605,1528.6685681868323
113.8,歸仁區,69297,1242.0753773437793
113.8,關廟區,33129,617.6024816699073
113.8,龍崎區,3398,53.02630716557378
113.8,永康區,235478,5846.710018299056
113.8,東區,181863,13556.08396195474
113.8,南區,120676,4425.537532868077
113.8,北區,126063,12081.943645773434
113.8,安南區,203436,1897.6955567827347
113.8,安平區,69923,6318.552723132393
113.8,中西區,77450,12372.20447284345
113.7,總計,1859328,848.3678370450141
113.7,新營區,74861,1942.4940189835645
113.7,鹽水區,24060,460.5181307481027
113.7,白河區,25576,202.33440871613848
113.7,柳營區,20093,327.8193722274521
113.7,後壁區,21421,296.6121056953235
113.7,東山區,18963,151.80382619610657
113.7,麻豆區,43058,797.7485622813778
113.7,下營區,22250,663.6026615686076
113.7,六甲區,21190,313.707028132962
113.7,官田區,20709,292.51941866197336
113.7,大內區,8653,123.06488888888889
113.7,佳里區,58346,1498.2717976899096
113.7,學甲區,24592,455.4757287667224
113.7,西港區,25027,741.1761918582268
113.7,七股區,21032,190.94101455117243
113.7,將軍區,18053,430.0422109786659
113.7,北門區,9842,223.17308499035155
113.7,新化區,42469,684.3447812446119
113.7,善化區,52825,955.0765959677959
113.7,新市區,37875,792.2049128208561
113.7,安定區,29829,953.9174928046051
113.7,山上區,6962,249.7309706578664
113.7,玉井區,12912,169.0800380272948
113.7,楠西區,8597,78.41717169137365
113.7,南化區,7885,45.971368903182025
113.7,左鎮區,4172,55.699075464770864
113.7,仁德區,77579,1528.1564184184815
113.7,歸仁區,69197,1240.2829831891352
113.7,關廟區,33144,617.8821169509315
113.7,龍崎區,3404,53.11993807875608
113.7,永康區,235417,5845.195442367903
113.7,東區,181951,13562.643489668744
113.7,南區,120715,4426.967775532582
113.7,北區,126162,12091.431857389305
113.7,安南區,203187,1895.372830256265
113.7,安平區,69776,6305.269150483901
113.7,中西區,77544,12387.220447284346
113.6,總計,1859706,848.5403095955286
113.6,新營區,74922,1944.0768476280923
113.6,鹽水區,24095,461.1880449033888
113.6,白河區,25613,202.6271195826734
113.6,柳營區,20117,328.2109347085878
113.6,後壁區,21442,296.90288830209266
113.6,東山區,19016,152.2281052019808
113.6,麻豆區,43058,797.7485622813778
113.6,下營區,22262,663.9605596332738
113.6,六甲區,21155,313.18887117285567
113.6,官田區,20751,293.11267838401704
113.6,大內區,8660,123.16444444444444
113.6,佳里區,58377,1499.0678492740524
113.6,學甲區,24613,455.86467599769594
113.6,西港區,24995,740.2285098292397
113.6,七股區,21065,191.2406081932506
113.6,將軍區,18084,430.7806648943773
113.6,北門區,9857,223.51321873093835
113.6,新化區,42526,685.2632783255638
113.6,善化區,52811,954.8234758098489
113.6,新市區,37853,791.7447541916267
113.6,安定區,29817,953.5337384074193
113.6,山上區,6970,250.01793528947556
113.6,玉井區,12944,169.49907157878746
113.6,楠西區,8601,78.45365752210128
113.6,南化區,7891,46.006350287255465
113.6,左鎮區,4178,55.779179600146854
113.6,仁德區,77578,1528.136720350468
113.6,歸仁區,69131,1239.10000304707
113.6,關廟區,33162,618.2176792881604
113.6,龍崎區,3410,53.213568991938374
113.6,永康區,235383,5844.351252504636
113.6,東區,182030,13568.532156593817
113.6,南區,120782,4429.4248590844245
113.6,北區,126279,12102.64519838988
113.6,安南區,202951,1893.1713705765585
113.6,安平區,69650,6293.883231070909
113.6,中西區,77677,12408.466453674122
113.5,總計,1859687,848.531640340344
113.5,新營區,74895,1943.3762513428094
113.5,鹽水區,24122,461.70483582318093
113.5,白河區,25635,202.80116388169418
113.5,柳營區,20173,329.12458049790433
113.5,後壁區,21486,297.51214709722797
113.5,東山區,19021,152.26813152328972
113.5,麻豆區,43078,798.1191083180174
113.5,下營區,22300,665.0939035047168
113.5,六甲區,21176,313.4997653489195
113.5,官田區,20762,293.26805593026654
113.5,大內區,8665,123.23555555555555
113.5,佳里區,58343,1498.1947604398313
113.5,學甲區,24624,456.0684102615392
113.5,西港區,24995,740.2285098292397
113.5,七股區,21077,191.34955133582451
113.5,將軍區,18106,431.30472896359186
113.5,北門區,9873,223.87602805423094
113.5,新化區,42583,686.1817754065156
113.5,善化區,52775,954.1725954036996
113.5,新市區,37823,791.1172651517686
113.5,安定區,29840,954.269267668692
113.5,山上區,6971,250.0538058684267
113.5,玉井區,12961,169.72168315301795
113.5,楠西區,8633,78.74554416792239
113.5,南化區,7904,46.082143286081255
113.5,左鎮區,4185,55.87263442475218
113.5,仁德區,77552,1527.6245705821175
113.5,歸仁區,69045,1237.558544074076
113.5,關廟區,33145,617.9007593029997
113.5,龍崎區,3421,53.38522566610592
113.5,永康區,235309,5842.513898096352
113.5,東區,181990,13565.55055308745
113.5,南區,120816,4430.671737304762
113.5,北區,126358,12110.216599578303
113.5,安南區,202801,1891.7721377292876
113.5,安平區,69555,6285.2986092912715
113.5,中西區,77689,12410.38338658147
113.4,總計,1859788,848.5777242757989
113.4,新營區,74927,1944.2065876809224
113.4,鹽水區,24166,462.5470136183978
113.4,白河區,25688,203.2204524202442
113.4,柳營區,20196,329.4998278756593
113.4,後壁區,21500,297.7060021684074
113.4,東山區,19034,152.37219995869285
113.4,麻豆區,43030,797.2297978300824
113.4,下營區,22327,665.8991741502158
113.4,六甲區,21140,312.96680390423865
113.4,官田區,20792,293.6918128745835
113.4,大內區,8685,123.52
113.4,佳里區,58355,1498.5029094401445
113.4,學甲區,24650,456.5499639760779
113.4,西港區,24999,740.346970082863
113.4,七股區,21108,191.63098778747374
113.4,將軍區,18137,432.0431828793033
113.4,北門區,9905,224.6016467008161
113.4,新化區,42658,687.3903241972416
113.4,善化區,52646,951.840273948331
113.4,新市區,37786,790.3433620026103
113.4,安定區,29850,954.5890629996802
113.4,山上區,6988,250.66360571059616
113.4,玉井區,12986,170.0490531151216
113.4,楠西區,8644,78.84588020242339
113.4,南化區,7927,46.21623859169612
113.4,左鎮區,4200,56.072894763192146
113.4,仁德區,77455,1525.713857984809
113.4,歸仁區,68926,1235.4255950300494
113.4,關廟區,33160,618.1803945840238
113.4,龍崎區,3424,53.432041122697065
113.4,永康區,235288,5841.992486710216
113.4,東區,182069,13571.439220012524
113.4,南區,120903,4433.862278633274
113.4,北區,126411,12115.296147211042
113.4,安南區,202649,1890.3542484440532
113.4,安平區,69435,6274.454876516993
113.4,中西區,77744,12419.169329073482
113.3,總計,1860072,848.7073068269791
113.3,新營區,75000,1946.1007924522426
113.3,鹽水區,24180,462.8149792805122
113.3,白河區,25743,203.65556316779612
113.3,柳營區,20210,329.72823932298843
113.3,後壁區,21523,298.0244783567736
113.3,東山區,19033,152.36419469443106
113.3,麻豆區,43013,796.9148336989388
113.3,下營區,22346,666.4658460859373
113.3,六甲區,21182,313.58859225636627
113.3,官田區,20795,293.7341885690152
113.3,大內區,8686,123.53422222222223
113.3,佳里區,58339,1498.0920441063936
113.3,學甲區,24665,456.8277834267733
113.3,西港區,24990,740.0804345122103
113.3,七股區,21147,191.98505300083886
113.3,將軍區,18171,432.8531000771804
113.3,北門區,9920,224.9417804414029
113.3,新化區,42699,688.0509975361718
113.3,善化區,52632,951.5871537903839
113.3,新市區,37762,789.8413707707239
113.3,安定區,29861,954.9408378637672
113.3,山上區,6990,250.73534686849845
113.3,玉井區,12998,170.20619069693134
113.3,楠西區,8660,78.99182352533393
113.3,南化區,7932,46.245389745090655
113.3,左鎮區,4204,56.126297520109475
113.3,仁德區,77425,1525.1229159444042
113.3,歸仁區,68860,1234.2426148879842
113.3,關廟區,33194,618.8142345543453
113.3,龍崎區,3440,53.68172355784986
113.3,永康區,235376,5844.177448709258
113.3,東區,182020,13567.786755717225
113.3,南區,120977,4436.576072406951
113.3,北區,126464,12120.37569484378
113.3,安南區,202440,1888.4046506768557
113.3,安平區,69367,6268.310094611568
113.3,中西區,77828,12432.58785942492
113.2,總計,1859906,848.6315649132612
113.2,新營區,74959,1945.0369240190353
113.2,鹽水區,24198,463.15950656037364
113.2,白河區,25811,204.1935182738603
113.2,柳營區,20250,330.38084345821454
113.2,後壁區,21555,298.4675756623266
113.2,東山區,19072,152.67640000064043
113.2,麻豆區,43010,796.8592517934428
113.2,下營區,22371,667.2114670539919
113.2,六甲區,21170,313.4109384414727
113.2,官田區,20820,294.08731935594597
113.2,大內區,8696,123.67644444444444
113.2,佳里區,58253,1495.8836429374817
113.2,學甲區,24643,456.4203148990867
113.2,西港區,24997,740.2877399560513
113.2,七股區,21192,192.39358978549097
113.2,將軍區,18191,433.32952195828454
113.2,北門區,9959,225.82612816692858
113.2,新化區,42727,688.5021890847096
113.2,善化區,52586,950.7554732714153
113.2,新市區,37728,789.1302165255513
113.2,安定區,29874,955.3565717940518
113.2,山上區,7000,251.0940526580099
113.2,玉井區,13001,170.2454750923838
113.2,楠西區,8675,79.12864539056257
113.2,南化區,7967,46.4494478188524
113.2,左鎮區,4211,56.21975234471479
113.2,仁德區,77384,1524.3152951558511
113.2,歸仁區,68764,1232.521916499526
113.2,關廟區,33225,619.3921474684618
113.2,龍崎區,3448,53.80656477542625
113.2,永康區,235235,5840.676543688067
113.2,東區,181958,13563.165270282358
113.2,南區,121036,4438.739772848126
113.2,北區,126492,12123.05922944221
113.2,安南區,202237,1886.511022223549
113.2,安平區,69261,6258.731463994289
113.2,中西區,77950,12452.076677316294
113.1,總計,1859800,848.5831995948629
113.1,新營區,74965,1945.1926120824314
113.1,鹽水區,24239,463.9442631422802
113.1,白河區,25818,204.2488960053669
113.1,柳營區,20257,330.4950491818791
113.1,後壁區,21572,298.7029711059016
113.1,東山區,19114,153.0126210996351
113.1,麻豆區,43034,797.3039070374103
113.1,下營區,22396,667.9570880220465
113.1,六甲區,21174,313.4701563797706
113.1,官田區,20836,294.31332305958165
113.1,大內區,8712,123.904
113.1,佳里區,58226,1495.1903076867768
113.1,學甲區,24648,456.5129213826518
113.1,西港區,25001,740.4062002096747
113.1,七股區,21234,192.77489078449958
113.1,將軍區,18226,434.1632602502168
113.1,北門區,9975,226.18893749022118
113.1,新化區,42784,689.4206861656614
113.1,善化區,52471,948.6762719739937
113.1,新市區,37677,788.0634851577926
113.1,安定區,29905,956.3479373201152
113.1,山上區,7003,251.20166439486334
113.1,玉井區,13017,170.45499186813012
113.1,楠西區,8681,79.18337413665402
113.1,南化區,7986,46.560222201751635
113.1,左鎮區,4217,56.29985648009078
113.1,仁德區,77383,1524.2955970878377
113.1,歸仁區,68722,1231.7691109545754
113.1,關廟區,33204,619.000658075028
113.1,龍崎區,3456,53.93140599300265
113.1,永康區,235126,5837.97017030289
113.1,東區,181923,13560.556367214289
113.1,南區,121076,4440.206688401466
113.1,北區,126541,12127.755414989459
113.1,安南區,202003,1884.3282189818062
113.1,安平區,69168,6250.327571094223
113.1,中西區,78030,12464.85623003195
112.12,總計,1859946,848.6498159768076
112.12,新營區,74921,1944.0508996175263
112.12,鹽水區,24251,464.17394799552113
112.12,白河區,25862,204.59698460340843
112.12,柳營區,20306,331.2944892475311
112.12,後壁區,21616,299.31222990103697
112.12,東山區,19156,153.34884219862982
112.12,麻豆區,43056,797.7115076777138
112.12,下營區,22420,668.672884151379
112.12,六甲區,21189,313.69222364838754
112.12,官田區,20835,294.2991978281044
112.12,大內區,8728,124.13155555555555
112.12,佳里區,58232,1495.3443821869334
112.12,學甲區,24672,456.95743250376444
112.12,西港區,24990,740.0804345122103
112.12,七股區,21210,192.5570044993518
112.12,將軍區,18255,434.8540719778178
112.12,北門區,9994,226.61977356163112
112.12,新化區,42793,689.5657120205486
112.12,善化區,52444,948.1881116693817
112.12,新市區,37624,786.9549211873765
112.12,安定區,29926,957.0195075151903
112.12,山上區,7018,251.7397230791305
112.12,玉井區,13043,170.79545662871791
112.12,楠西區,8708,79.42965349406558
112.12,南化區,7996,46.6185245085407
112.12,左鎮區,4231,56.48676612930142
112.12,仁德區,77312,1522.89703425888
112.12,歸仁區,68726,1231.840806720761
112.12,關廟區,33270,620.2310533115342
112.12,龍崎區,3476,54.243509036943635
112.12,永康區,234953,5833.674733645684
112.12,東區,182034,13568.830316944453
112.12,南區,121189,4444.350724839648
112.12,北區,126575,12131.013992716122
112.12,安南區,201824,1882.6584677840629
112.12,安平區,69015,6236.5018118070175
112.12,中西區,78096,12475.399361022364
112.11,總計,1859776,848.5722489567349
112.11,新營區,74864,1942.5718630152626
112.11,鹽水區,24286,464.84386215080724
112.11,白河區,25900,204.89760657444427
112.11,柳營區,20319,331.50658559147956
112.11,後壁區,21654,299.8384079513811
112.11,東山區,19171,153.46892116255648
112.11,麻豆區,43065,797.8782533942017
112.11,下營區,22441,669.2992057645448
112.11,六甲區,21216,314.0919447318982
112.11,官田區,20851,294.5252015317401
112.11,大內區,8732,124.18844444444444
112.11,佳里區,58220,1495.0362331866202
112.11,學甲區,24715,457.7538482624245
112.11,西港區,24955,739.0439072930055
112.11,七股區,21236,192.79304797492856
112.11,將軍區,18299,435.90220011624695
112.11,北門區,10013,227.05060963304106
112.11,新化區,42840,690.3230692627369
112.11,善化區,52404,947.4649112181046
112.11,新市區,37584,786.1182691342324
112.11,安定區,29907,956.4118963863127
112.11,山上區,7037,252.42126407920225
112.11,玉井區,13059,171.00497340446427
112.11,楠西區,8718,79.52086807088467
112.11,南化區,8004,46.66516635397196
112.11,左鎮區,4240,56.60692233236541
112.11,仁德區,77347,1523.586466639352
112.11,歸仁區,68652,1230.5144350463245
112.11,關廟區,33294,620.6784697611728
112.11,龍崎區,3475,54.22790388474659
112.11,永康區,235002,5834.891360213332
112.11,東區,181877,13557.127523181967
112.11,南區,121168,4443.580594174145
112.11,北區,126523,12126.030285604755
112.11,安南區,201669,1881.212593841883
112.11,安平區,68966,6232.07395425752
112.11,中西區,78073,12471.725239616613
112.10,總計,1859927,848.641146721623
112.10,新營區,74901,1943.5319394062055
112.10,鹽水區,24298,465.0735470040482
112.10,白河區,25931,205.14285081397355
112.10,柳營區,20346,331.9470933827572
112.10,後壁區,21671,300.07380339495614
112.10,東山區,19209,153.7731212045041
112.10,麻豆區,43077,798.1005810161854
112.10,下營區,22482,670.5220241521544
112.10,六甲區,21225,314.2251850930684
112.10,官田區,20834,294.2850725966272
112.10,大內區,8757,124.544
112.10,佳里區,58187,1494.1888234357586
112.10,學甲區,24739,458.19835938353714
112.10,西港區,24950,738.8958319759763
112.10,七股區,21279,193.18342756915166
112.10,將軍區,18326,436.54536965573755
112.10,北門區,10029,227.41341895633366
112.10,新化區,42860,690.645348940264
112.10,善化區,52379,947.0129109360564
112.10,新市區,37565,785.720859408989
112.10,安定區,29919,956.7956507834986
112.10,山上區,7041,252.5647463950068
112.10,玉井區,13076,171.22758497869475
112.10,楠西區,8724,79.57559681697612
112.10,南化區,8013,46.717638430082125
112.10,左鎮區,4246,56.6870264677414
112.10,仁德區,77341,1523.4682782312711
112.10,歸仁區,68599,1229.564466144363
112.10,關廟區,33300,620.7903238735825
112.10,龍崎區,3480,54.30592964573183
112.10,永康區,235151,5838.590898143527
112.10,東區,181708,13544.530248367573
112.10,南區,121214,4445.2675470604845
112.10,北區,126529,12126.605328732989
112.10,安南區,201479,1879.4402322353399
112.10,安平區,68979,6233.248691974734
112.10,中西區,78083,12473.32268370607
112.9,總計,1859842,848.6023632115867
112.9,新營區,74914,1943.869263543564
112.9,鹽水區,24282,464.7673005330603
112.9,白河區,25945,205.25360627698674
112.9,柳營區,20353,332.06129910642176
112.9,後壁區,21678,300.17073093054586
112.9,東山區,19230,153.94123175400142
112.9,麻豆區,43079,798.1376356198493
112.9,下營區,22478,670.4027247972657
112.9,六甲區,21250,314.59529720743006
112.9,官田區,20832,294.2568221336727
112.9,大內區,8765,124.65777777777778
112.9,佳里區,58192,1494.317218852556
112.9,學甲區,24737,458.1613167901111
112.9,西港區,24950,738.8958319759763
112.9,七股區,21320,193.5556499729458
112.9,將軍區,18345,436.99797044278654
112.9,北門區,10056,228.02565968938987
112.9,新化區,42854,690.5486650370058
112.9,善化區,52344,946.380110541189
112.9,新市區,37568,785.7836083129747
112.9,安定區,29940,957.4672209785738
112.9,山上區,7042,252.60061697395795
112.9,玉井區,13099,171.52876534383012
112.9,楠西區,8746,79.77626888597813
112.9,南化區,8025,46.787601198229005
112.9,左鎮區,4260,56.87393611695204
112.9,仁德區,77357,1523.783447319487
112.9,歸仁區,68581,1229.241835196527
112.9,關廟區,33325,621.2563826752894
112.9,龍崎區,3489,54.44637601550528
112.9,永康區,235114,5837.672220939385
112.9,東區,181607,13537.001699514
112.9,南區,121199,4444.7174537279825
112.9,北區,126535,12127.180371861225
112.9,安南區,201399,1878.6939747167953
112.9,安平區,68950,6230.62812322095
112.9,中西區,78002,12460.38338658147
112.8,總計,1859728,848.5503476804791
112.8,新營區,74952,1944.855287945073
112.8,鹽水區,24294,464.9969853863012
112.8,白河區,25970,205.45138388951034
112.8,柳營區,20368,332.30602565713156
112.8,後壁區,21703,300.5169007005091
112.8,東山區,19257,154.15737388906945
112.8,麻豆區,43060,797.7856168850418
112.8,下營區,22529,671.9237915720971
112.8,六甲區,21257,314.69892859945134
112.8,官田區,20849,294.4969510687857
112.8,大內區,8778,124.84266666666667
112.8,佳里區,58269,1496.2945082712329
112.8,學甲區,24747,458.34652975724134
112.8,西港區,24890,737.1189281716253
112.8,七股區,21300,193.374078068656
112.8,將軍區,18375,437.71260326444275
112.8,北門區,10081,228.59254925703453
112.8,新化區,42768,689.1628624236399
112.8,善化區,52256,944.7890695483794
112.8,新市區,37584,786.1182691342324
112.8,安定區,29998,959.3220338983051
112.8,山上區,7028,252.09842886864195
112.8,玉井區,13111,171.68590292563985
112.8,楠西區,8757,79.87660492047912
112.8,南化區,8032,46.828412812981355
112.8,左鎮區,4270,57.00744300924535
112.8,仁德區,77279,1522.246998014435
112.8,歸仁區,68560,1228.8654324240517
112.8,關廟區,33321,621.1818132670163
112.8,龍崎區,3510,54.77408421164331
112.8,永康區,235220,5840.3041069836845
112.8,東區,181646,13539.908762932706
112.8,南區,121216,4445.340892838151
112.8,北區,126428,12116.925436074373
112.8,安南區,201195,1876.791018044507
112.8,安平區,68877,6224.031519116597
112.8,中西區,77993,12458.94568690096
112.7,總計,1859229,848.3226656627365
112.7,新營區,75006,1946.2564805156387
112.7,鹽水區,24328,465.64775913715056
112.7,白河區,26041,206.01307230907736
112.7,柳營區,20383,332.55075220784136
112.7,後壁區,21709,300.59998144530033
112.7,東山區,19289,154.41354234544636
112.7,麻豆區,43000,796.673978775123
112.7,下營區,22550,672.550113185263
112.7,六甲區,21276,314.98021380636624
112.7,官田區,20868,294.765330466853
112.7,大內區,8789,124.9991111111111
112.7,佳里區,58273,1496.3972246046706
112.7,學甲區,24731,458.05018900983293
112.7,西港區,24837,735.5493298111152
112.7,七股區,21285,193.23789914043863
112.7,將軍區,18424,438.87983687314795
112.7,北門區,10099,229.0007097457387
112.7,新化區,42573,686.020635567752
112.7,善化區,52187,943.5415487699264
112.7,新市區,37604,786.5365951608045
112.7,安定區,30018,959.9616245602814
112.7,山上區,6997,250.98644092115646
112.7,玉井區,13123,171.84304050744962
112.7,楠西區,8761,79.91309075120677
112.7,南化區,8048,46.92169650384387
112.7,左鎮區,4279,57.127599212309335
112.7,仁德區,77248,1521.6363579060167
112.7,歸仁區,68575,1229.1342915472485
112.7,關廟區,33339,621.5173756042452
112.7,龍崎區,3539,55.22663362535775
112.7,永康區,235110,5837.572904484882
112.7,東區,181567,13534.020096007633
112.7,南區,121250,4446.587771058489
112.7,北區,126397,12113.954379911827
112.7,安南區,200961,1874.6082148027642
112.7,安平區,68763,6213.729972981033
112.7,中西區,78002,12460.38338658147
112.6,總計,1858444,847.9644885406362
112.6,新營區,75035,1947.0089728220537
112.6,鹽水區,24346,465.992286417012
112.6,白河區,26075,206.28204986210943
112.6,柳營區,20398,332.79547875855116
112.6,後壁區,21736,300.97384479686065
112.6,東山區,19306,154.5496318378966
112.6,麻豆區,42986,796.4145965494753
112.6,下營區,22570,673.1466099597067
112.6,六甲區,21289,315.1726721058343
112.6,官田區,20845,294.4404501428767
112.6,大內區,8799,125.14133333333334
112.6,佳里區,58254,1495.909322020841
112.6,學甲區,24728,457.99462511969386
112.6,西港區,24811,734.779338162563
112.6,七股區,21325,193.60104294901825
112.6,將軍區,18466,439.88032282346666
112.6,北門區,10097,228.95535858032713
112.6,新化區,42616,686.713536874435
112.6,善化區,52124,942.402508059165
112.6,新市區,37574,785.9091061209464
112.6,安定區,29983,958.8423409018228
112.6,山上區,6995,250.9146997632542
112.6,玉井區,13130,171.93470409683863
112.6,楠西區,8785,80.13200573557259
112.6,南化區,8055,46.96250811859622
112.6,左鎮區,4282,57.16765127999733
112.6,仁德區,77199,1520.6711525733556
112.6,歸仁區,68522,1228.184322645287
112.6,關廟區,33350,621.7224414769962
112.6,龍崎區,3549,55.38268514732824
112.6,永康區,234939,5833.327126054926
112.6,東區,181407,13522.09368198217
112.6,南區,121213,4445.230874171651
112.6,北區,126333,12107.820586543992
112.6,安南區,200776,1872.88249429113
112.6,安平區,68714,6209.302115431536
112.6,中西區,77832,12433.226837060703
112.5,總計,1858092,847.8038791814271
112.5,新營區,75073,1947.9949972235627
112.5,鹽水區,24367,466.3942349101836
112.5,白河區,26139,206.78836055016984
112.5,柳營區,20413,333.0402053092609
112.5,後壁區,21760,301.30616777602535
112.5,東山區,19327,154.71774238739394
112.5,麻豆區,43003,796.7295606806189
112.5,下營區,22588,673.683457056706
112.5,六甲區,21300,315.33552143615344
112.5,官田區,20848,294.48282583730844
112.5,大內區,8803,125.19822222222223
112.5,佳里區,58273,1496.3972246046706
112.5,學甲區,24730,458.03166771311993
112.5,西港區,24792,734.2166519578519
112.5,七股區,21360,193.91879378152544
112.5,將軍區,18500,440.6902400213437
112.5,北門區,10111,229.27281673820815
112.5,新化區,42631,686.9552466325803
112.5,善化區,52048,941.0284272017386
112.5,新市區,37554,785.4907800943743
112.5,安定區,29989,959.0342181004157
112.5,山上區,6967,249.91032355262215
112.5,玉井區,13128,171.90851449987034
112.5,楠西區,8798,80.2505846854374
112.5,南化區,8076,47.08494296285327
112.5,左鎮區,4291,57.28780748306131
112.5,仁德區,77175,1520.1983989410319
112.5,歸仁區,68439,1226.6966354969322
112.5,關廟區,33359,621.8902226456107
112.5,龍崎區,3562,55.58555212588988
112.5,永康區,234879,5831.837379237399
112.5,東區,181327,13516.13047496944
112.5,南區,121232,4445.927659059487
112.5,北區,126348,12109.258194364578
112.5,安南區,200600,1871.240727750332
112.5,安平區,68629,6201.621138049754
112.5,中西區,77673,12407.82747603834
112.4,總計,1857292,847.4388579104968
112.4,新營區,75053,1947.4760370122422
112.4,鹽水區,24372,466.48993693236736
112.4,白河區,26175,207.0731603122038
112.4,柳營區,20426,333.25230165320943
112.4,後壁區,21779,301.56925680119747
112.4,東山區,19346,154.86984240836773
112.4,麻豆區,42983,796.3590146439793
112.4,下營區,22611,674.3694283473162
112.4,六甲區,21331,315.7944604579619
112.4,官田區,20844,294.4263249113995
112.4,大內區,8815,125.36888888888889
112.4,佳里區,58246,1495.7038893539657
112.4,學甲區,24734,458.105752899972
112.4,西港區,24756,733.1505096752413
112.4,七股區,21391,194.20023023317466
112.4,將軍區,18512,440.9760931500062
112.4,北門區,10129,229.6809772269123
112.4,新化區,42604,686.5201690679189
112.4,善化區,51981,939.8170664458495
112.4,新市區,37537,785.1352029717881
112.4,安定區,29956,957.9788935081548
112.4,山上區,6972,250.08967644737785
112.4,玉井區,13126,171.88232490290204
112.4,楠西區,8815,80.40564946602986
112.4,南化區,8077,47.09077319353217
112.4,左鎮區,4302,57.43466506458395
112.4,仁德區,77166,1520.0211163289105
112.4,歸仁區,68342,1224.9580131669275
112.4,關廟區,33365,622.0020767580204
112.4,龍崎區,3566,55.64797273467808
112.4,永康區,234799,5829.85105014736
112.4,東區,181256,13510.83812874564
112.4,南區,121233,4445.96433194832
112.4,北區,126356,12110.024918535557
112.4,安南區,200222,1867.7146609752094
112.4,安平區,68527,6192.403965191618
112.4,中西區,77587,12394.08945686901
112.3,總計,1856642,847.1422781278661
112.3,新營區,75023,1946.6975966952612
112.3,鹽水區,24368,466.4133753146204
112.3,白河區,26198,207.25511571572554
112.3,柳營區,20442,333.51334330729986
112.3,後壁區,21789,301.70772470918274
112.3,東山區,19327,154.71774238739394
112.3,麻豆區,42980,796.3034327384834
112.3,下營區,22623,674.7273264119824
112.3,六甲區,21321,315.64641561221725
112.3,官田區,20841,294.3839492169678
112.3,大內區,8816,125.3831111111111
112.3,佳里區,58193,1494.3428979359153
112.3,學甲區,24722,457.8834973394157
112.3,西港區,24746,732.8543590411828
112.3,七股區,21441,194.65415999389919
112.3,將軍區,18530,441.40487284299996
112.3,北門區,10142,229.97575980208754
112.3,新化區,42587,686.2462313420209
112.3,善化區,51952,939.2927461186736
112.3,新市區,37551,785.4280311903885
112.3,安定區,29961,958.1387911736489
112.3,山上區,6978,250.3048999210847
112.3,玉井區,13146,172.14422087258498
112.3,楠西區,8823,80.47862112748514
112.3,南化區,8079,47.102433654889985
112.3,左鎮區,4317,57.63492540302393
112.3,仁德區,77111,1518.9377225881685
112.3,歸仁區,68230,1222.950531713726
112.3,關廟區,33386,622.3935661514541
112.3,龍崎區,3579,55.85083971323972
112.3,永康區,234772,5829.180664079473
112.3,東區,181079,13497.644533229972
112.3,南區,121259,4446.9178270579905
112.3,北區,126332,12107.724746022619
112.3,安南區,200032,1865.9422993686662
112.3,安平區,68465,6186.801369924907
112.3,中西區,77501,12380.35143769968
112.2,總計,1855655,846.6919331348561
112.2,新營區,75005,1946.2305325050727
112.2,鹽水區,24397,466.968447043286
112.2,白河區,26224,207.46080443275008
112.2,柳營區,20432,333.35019227349335
112.2,後壁區,21823,302.1785155963328
112.2,東山區,19348,154.8858529368913
112.2,麻豆區,42966,796.0440505128357
112.2,下營區,22638,675.1746989928153
112.2,六甲區,21323,315.67602458136616
112.2,官田區,20849,294.4969510687857
112.2,大內區,8831,125.59644444444444
112.2,佳里區,58185,1494.1374652690397
112.2,學甲區,24745,458.3094871638153
112.2,西港區,24727,732.2916728364717
112.2,七股區,21458,194.80849611254555
112.2,將軍區,18564,442.214790040877
112.2,北門區,10162,230.42927145620325
112.2,新化區,42542,685.5211020675853
112.2,善化區,51921,938.7322657689339
112.2,新市區,37530,784.9887888624878
112.2,安定區,29916,956.6997121842021
112.2,山上區,6966,249.874452973671
112.2,玉井區,13135,172.00017808925938
112.2,楠西區,8838,80.61544299271378
112.2,南化區,8100,47.224868499147036
112.2,左鎮區,4338,57.91528987683989
112.2,仁德區,77028,1517.3027829430491
112.2,歸仁區,68175,1221.9647149286716
112.2,關廟區,33410,622.8409826010928
112.2,龍崎區,3595,56.100522148392514
112.2,永康區,234467,5821.607784423703
112.2,東區,180870,13482.065654909211
112.2,南區,121229,4445.8176403929865
112.2,北區,126267,12101.49511213341
112.2,安南區,199741,1863.2277876449605
112.2,安平區,68359,6177.222739307627
112.2,中西區,77551,12388.338658146966
112.1,總計,1855092,846.4350494154389
112.1,新營區,74972,1945.3742481563938
112.1,鹽水區,24447,467.9254672651233
112.1,白河區,26210,207.35004896973686
112.1,柳營區,20408,332.95862979235767
112.1,後壁區,21865,302.76008080987106
112.1,東山區,19367,155.0379529578651
112.1,麻豆區,42956,795.8587774945158
112.1,下營區,22649,675.5027722187592
112.1,六甲區,21360,316.2237905106215
112.1,官田區,20866,294.7370800038986
112.1,大內區,8845,125.79555555555555
112.1,佳里區,58124,1492.571041184114
112.1,學甲區,24747,458.34652975724134
112.1,西港區,24716,731.9659071390073
112.1,七股區,21471,194.9265178503339
112.1,將軍區,18620,443.54877130796865
112.1,北門區,10191,231.08686335467107
112.1,新化區,42523,685.2149363739347
112.1,善化區,51900,938.3525855320133
112.1,新市區,37534,785.0724540678023
112.1,安定區,29914,956.6357531180045
112.1,山上區,6975,250.1972881842313
112.1,玉井區,13121,171.81685091048132
112.1,楠西區,8853,80.75226485794241
112.1,南化區,8112,47.29483126729392
112.1,左鎮區,4361,58.22235572911451
112.1,仁德區,76983,1516.416369882442
112.1,歸仁區,68140,1221.3373769745463
112.1,關廟區,33436,623.325683754868
112.1,龍崎區,3600,56.178547909377755
112.1,永康區,234351,5818.727607243149
112.1,東區,180828,13478.934971227527
112.1,南區,121212,4445.194201282818
112.1,北區,126229,12097.853172321258
112.1,安南區,199502,1860.998343308309
112.1,安平區,68217,6164.390988858065
112.1,中西區,77487,12378.115015974441
111.12,總計,1852997,845.4791499621906
111.12,新營區,74908,1943.7135754801677
111.12,鹽水區,24452,468.02116928730703
111.12,白河區,26203,207.29467123823025
111.12,柳營區,20407,332.94231468897704
111.12,後壁區,21891,303.1200973706329
111.12,東山區,19366,155.0299476936033
111.12,麻豆區,42933,795.4326495523803
111.12,下營區,22635,675.0852244766487
111.12,六甲區,21342,315.95730978828107
111.12,官田區,20849,294.4969510687857
111.12,大內區,8847,125.824
111.12,佳里區,58063,1491.004617099188
111.12,學甲區,24749,458.3835723506674
111.12,西港區,24713,731.8770619487897
111.12,七股區,21439,194.6360028034702
111.12,將軍區,18618,443.50112911985826
111.12,北門區,10183,230.90545869302477
111.12,新化區,42467,684.3125532768593
111.12,善化區,51842,937.3039448776616
111.12,新市區,37482,783.9848063987148
111.12,安定區,29904,956.3159577870164
111.12,山上區,6976,250.23315876318244
111.12,玉井區,13118,171.7775665150289
111.12,楠西區,8870,80.90732963853488
111.12,南化區,8114,47.306491728651736
111.12,左鎮區,4366,58.28910917526117
111.12,仁德區,76896,1514.7026379652684
111.12,歸仁區,68044,1219.6166785860878
111.12,關廟區,33424,623.1019755300487
111.12,龍崎區,3601,56.19415306157481
111.12,永康區,234130,5813.240373131919
111.12,東區,180511,13455.30576343958
111.12,南區,121035,4438.7030999592935
111.12,北區,126068,12082.422848380296
111.12,安南區,199118,1857.4163072192953
111.12,安平區,68025,6147.041016419219
111.12,中西區,77408,12365.495207667733
111.11,總計,1851545,844.8166363554524
111.11,新營區,74818,1941.3782545292252
111.11,鹽水區,24461,468.1934329272378
111.11,白河區,26240,207.58738210476517
111.11,柳營區,20411,333.00757510249963
111.11,後壁區,21918,303.4939607221932
111.11,東山區,19400,155.30212667850378
111.11,麻豆區,42943,795.6179225707001
111.11,下營區,22636,675.1150493153708
111.11,六甲區,21334,315.8388739116853
111.11,官田區,20874,294.85008185571644
111.11,大內區,8860,126.00888888888889
111.11,佳里區,58059,1490.9019007657503
111.11,學甲區,24781,458.9762538454842
111.11,西港區,24728,732.3212878998775
111.11,七股區,21450,194.7358673508296
111.11,將軍區,18648,444.2157619415145
111.11,北門區,10201,231.31361918172894
111.11,新化區,42424,683.6196519701763
111.11,善化區,51792,936.3999443135652
111.11,新市區,37432,782.9389913322847
111.11,安定區,29907,956.4118963863127
111.11,山上區,6987,250.627735131645
111.11,玉井區,13136,172.0132728877435
111.11,楠西區,8878,80.98030129999015
111.11,南化區,8142,47.46973818766113
111.11,左鎮區,4368,58.315810553719835
111.11,仁德區,76790,1512.6146427558385
111.11,歸仁區,67960,1218.1110674961867
111.11,關廟區,33436,623.325683754868
111.11,龍崎區,3604,56.24096851816596
111.11,永康區,233872,5806.834461816547
111.11,東區,180233,13434.583619070336
111.11,南區,120957,4435.842614630282
111.11,北區,125951,12071.20950737972
111.11,安南區,198817,1854.6085133057716
111.11,安平區,67854,6131.588697215871
111.11,中西區,77243,12339.137380191694
111.10,總計,1850955,844.5474331681414
111.10,新營區,74850,1942.208590867338
111.10,鹽水區,24464,468.250854140548
111.10,白河區,26271,207.83262634429443
111.10,柳營區,20406,332.92599958559634
111.10,後壁區,21941,303.8124369105594
111.10,東山區,19436,155.59031619192783
111.10,麻豆區,42944,795.6364498725321
111.10,下營區,22672,676.1887435093695
111.10,六甲區,21347,316.0313322111534
111.10,官田區,20875,294.8642070871937
111.10,大內區,8879,126.2791111111111
111.10,佳里區,58070,1491.1843706827042
111.10,學甲區,24765,458.6799130980758
111.10,西港區,24707,731.6993715683546
111.10,七股區,21453,194.7631031364731
111.10,將軍區,18693,445.28771117399884
111.10,北門區,10213,231.58572617419838
111.10,新化區,42454,684.1030714864667
111.10,善化區,51740,935.459783726905
111.10,新市區,37467,783.6710618787858
111.10,安定區,29936,957.3393028461785
111.10,山上區,7001,251.12992323696105
111.10,玉井區,13153,172.235884461974
111.10,楠西區,8886,81.05327296144542
111.10,南化區,8143,47.47556841834004
111.10,左鎮區,4374,58.395914689095825
111.10,仁德區,76782,1512.4570582117308
111.10,歸仁區,67903,1217.0894028280395
111.10,關廟區,33464,623.8476696127797
111.10,龍崎區,3611,56.3502045835453
111.10,永康區,233801,5805.071594749139
111.10,東區,179965,13414.606875577687
111.10,南區,120892,4433.458876856106
111.10,北區,125974,12073.413839371287
111.10,安南區,198627,1852.8361516992284
111.10,安平區,67775,6124.449906472805
111.10,中西區,77021,12303.674121405751
111.9,總計,1850687,844.4251510423799
111.9,新營區,74800,1940.9111903390367
111.9,鹽水區,24487,468.69108344259314
111.9,白河區,26320,208.22027046484067
111.9,柳營區,20425,333.23598654982874
111.9,後壁區,21978,304.324768170105
111.9,東山區,19449,155.69438462733092
111.9,麻豆區,42953,795.80319558902
111.9,下營區,22683,676.5168167353135
111.9,六甲區,21343,315.97211427285555
111.9,官田區,20883,294.9772089390115
111.9,大內區,8889,126.42133333333334
111.9,佳里區,58082,1491.4925196830175
111.9,學甲區,24767,458.7169556915019
111.9,西港區,24699,731.4624510611078
111.9,七股區,21476,194.97191082640637
111.9,將軍區,18705,445.57356430266134
111.9,北門區,10230,231.97121108019675
111.9,新化區,42446,683.974159615456
111.9,善化區,51722,935.1343435238304
111.9,新市區,37462,783.5664803721428
111.9,安定區,29957,958.0108730412536
111.9,山上區,7007,251.3451467106679
111.9,玉井區,13156,172.27516885742645
111.9,楠西區,8881,81.00766567303587
111.9,南化區,8153,47.53387072512911
111.9,左鎮區,4387,58.56947364907713
111.9,仁德區,76690,1510.6448359544897
111.9,歸仁區,67860,1216.3186733415425
111.9,關廟區,33513,624.7611448641252
111.9,龍崎區,3614,56.39702004013645
111.9,永康區,233741,5803.58184793161
111.9,東區,179879,13408.196428039
111.9,南區,120924,4434.632409298778
111.9,北區,126006,12076.480736055206
111.9,安南區,198523,1851.8660169251204
111.9,安平區,67666,6114.600182536168
111.9,中西區,76931,12289.29712460064
111.8,總計,1850880,844.5132124239917
111.8,新營區,74890,1943.2465112899793
111.8,鹽水區,24505,469.0356107224546
111.8,白河區,26367,208.59209237638504
111.8,柳營區,20444,333.54597351406113
111.8,後壁區,22011,304.78171226645657
111.8,東山區,19467,155.83847938404296
111.8,麻豆區,42978,796.2663781348194
111.8,下營區,22693,676.8150651225353
111.8,六甲區,21363,316.2682039643449
111.8,官田區,20895,295.14671171673825
111.8,大內區,8902,126.60622222222223
111.8,佳里區,58138,1492.9305483511462
111.8,學甲區,24779,458.93921125205816
111.8,西港區,24676,730.7813046027733
111.8,七股區,21485,195.0536181833368
111.8,將軍區,18721,445.95470180754467
111.8,北門區,10244,232.28866923807777
111.8,新化區,42463,684.2480973413539
111.8,善化區,51649,933.8145027002497
111.8,新市區,37433,782.9599076336133
111.8,安定區,29964,958.2347297729453
111.8,山上區,7005,251.2734055527656
111.8,玉井區,13180,172.58944402104595
111.8,楠西區,8900,81.18097336899214
111.8,南化區,8162,47.586342801239276
111.8,左鎮區,4389,58.59617502753579
111.8,仁德區,76599,1508.8523117652621
111.8,歸仁區,67916,1217.3224140681432
111.8,關廟區,33553,625.5068389468562
111.8,龍崎區,3620,56.49065095331875
111.8,永康區,233816,5805.444031453521
111.8,東區,179977,13415.501356629597
111.8,南區,121018,4438.079660849124
111.8,北區,126098,12085.298064021468
111.8,安南區,198085,1847.7802570110894
111.8,安平區,67560,6105.021551918889
111.8,中西區,76935,12289.936102236423
111.7,總計,1850735,844.4470523186357
111.7,新營區,74925,1944.1546916597904
111.7,鹽水區,24530,469.5141208333732
111.7,白河區,26399,208.84524772041524
111.7,柳營區,20486,334.23120785604857
111.7,後壁區,22036,305.1278820364198
111.7,東山區,19505,156.14267942599054
111.7,麻豆區,43002,796.711033378787
111.7,下營區,22756,678.694029962033
111.7,六甲區,21358,316.1941815414725
111.7,官田區,20907,295.31621449446504
111.7,大內區,8908,126.69155555555555
111.7,佳里區,58128,1492.6737575175516
111.7,學甲區,24783,459.0132964389103
111.7,西港區,24646,729.8928527005977
111.7,七股區,21527,195.43491918234542
111.7,將軍區,18732,446.21673384215194
111.7,北門區,10262,232.6968297267819
111.7,新化區,42494,684.7476308415206
111.7,善化區,51563,932.2596217300039
111.7,新市區,37421,782.7089120176701
111.7,安定區,29985,958.9062999680204
111.7,山上區,7002,251.1657938159122
111.7,玉井區,13192,172.7465816028557
111.7,楠西區,8914,81.30867377653888
111.7,南化區,8180,47.6912869534596
111.7,左鎮區,4401,58.75638329828777
111.7,仁德區,76483,1506.5673358756974
111.7,歸仁區,67888,1216.820543704843
111.7,關廟區,33574,625.89832834029
111.7,龍崎區,3621,56.506256105515796
111.7,永康區,233701,5802.588683386592
111.7,東區,180053,13421.16640329169
111.7,南區,121029,4438.483062626292
111.7,北區,126177,12092.869465209891
111.7,安南區,197703,1844.2168773600395
111.7,安平區,67456,6095.623650181181
111.7,中西區,77008,12301.597444089457
111.6,總計,1850865,844.5063682751618
111.6,新營區,74980,1945.581832240922
111.6,鹽水區,24541,469.7246652821774
111.6,白河區,26441,209.17751410945488
111.6,柳營區,20494,334.36172868309376
111.6,後壁區,22060,305.46020501558456
111.6,東山區,19519,156.25475312565544
111.6,麻豆區,43022,797.0815794154265
111.6,下營區,22802,680.0659725432535
111.6,六甲區,21361,316.23859499519597
111.6,官田區,20896,295.1608369482155
111.6,大內區,8924,126.9191111111111
111.6,佳里區,58106,1492.108817683644
111.6,學甲區,24824,459.7726696041443
111.6,西港區,24649,729.9816978908152
111.6,七股區,21585,195.9614777047859
111.6,將軍區,18749,446.62169244109043
111.6,北門區,10278,233.0596390500745
111.6,新化區,42522,685.1988223900584
111.6,善化區,51543,931.8980215043654
111.6,新市區,37410,782.4788327030554
111.6,安定區,29961,958.1387911736489
111.6,山上區,6978,250.3048999210847
111.6,玉井區,13225,173.17870995283252
111.6,楠西區,8930,81.45461709944942
111.6,南化區,8189,47.743759029569766
111.6,左鎮區,4402,58.7697339875171
111.6,仁德區,76409,1505.1096788426992
111.6,歸仁區,67873,1216.5516845816462
111.6,關廟區,33576,625.9356130444265
111.6,龍崎區,3627,56.59988701869809
111.6,永康區,233659,5801.545860614322
111.6,東區,180212,13433.018277229494
111.6,南區,121065,4439.8032866242975
111.6,北區,126257,12100.536706919687
111.6,安南區,197499,1842.3139206877509
111.6,安平區,67337,6084.870281846687
111.6,中西區,76960,12293.929712460063
111.5,總計,1851483,844.7883472069553
111.5,新營區,75014,1946.464064600167
111.5,鹽水區,24566,470.20317539309605
111.5,白河區,26481,209.49395828949264
111.5,柳營區,20503,334.50856461351964
111.5,後壁區,22108,306.124850973914
111.5,東山區,19560,156.58296896038834
111.5,麻豆區,43071,797.9894172051935
111.5,下營區,22825,680.7519438338637
111.5,六甲區,21392,316.69753401700444
111.5,官田區,20874,294.85008185571644
111.5,大內區,8948,127.26044444444445
111.5,佳里區,58162,1493.5468463517727
111.5,學甲區,24857,460.38387239567413
111.5,西港區,24611,728.8563254813929
111.5,七股區,21606,196.1521282042902
111.5,將軍區,18745,446.5264080648696
111.5,北門區,10307,233.71723094854232
111.5,新化區,42514,685.0699105190475
111.5,善化區,51526,931.5906613125727
111.5,新市區,37435,783.0017402362705
111.5,安定區,29983,958.8423409018228
111.5,山上區,6966,249.874452973671
111.5,玉井區,13236,173.32275273615812
111.5,楠西區,8951,81.64616771076952
111.5,南化區,8209,47.860363643147906
111.5,左鎮區,4410,58.87653950135176
111.5,仁德區,76370,1504.3414541901732
111.5,歸仁區,67924,1217.4658056005148
111.5,關廟區,33566,625.7491895237438
111.5,龍崎區,3634,56.70912308407744
111.5,永康區,233730,5803.3087276817305
111.5,東區,180409,13447.702674498345
111.5,南區,121133,4442.297043064973
111.5,北區,126446,12118.650565459076
111.5,安南區,197165,1839.1982955478277
111.5,安平區,67263,6078.183313302549
111.5,中西區,76983,12297.603833865815
111.4,總計,1852429,845.2199848598302
111.4,新營區,75134,1949.5778258680905
111.4,鹽水區,24595,470.7582471217617
111.4,白河區,26513,209.74711363352282
111.4,柳營區,20531,334.9653875081779
111.4,後壁區,22099,306.00022985672723
111.4,東山區,19578,156.72706371710038
111.4,麻豆區,43099,798.508181656489
111.4,下營區,22848,681.437915124474
111.4,六甲區,21387,316.6235115941321
111.4,官田區,20901,295.2314631056017
111.4,大內區,8952,127.31733333333334
111.4,佳里區,58243,1495.6268521038874
111.4,學甲區,24869,460.60612795623047
111.4,西港區,24618,729.0636309252338
111.4,七股區,21682,196.8421014405915
111.4,將軍區,18758,446.8360822875873
111.4,北門區,10324,234.1027158545407
111.4,新化區,42527,685.2793923094401
111.4,善化區,51445,930.1261803987366
111.4,新市區,37411,782.4997490043841
111.4,安定區,29974,958.5545251039335
111.4,山上區,6966,249.874452973671
111.4,玉井區,13240,173.3751319300947
111.4,楠西區,8972,81.83771832208961
111.4,南化區,8213,47.88368456586353
111.4,左鎮區,4412,58.90324087981042
111.4,仁德區,76367,1504.2823599861326
111.4,歸仁區,67918,1217.358261951236
111.4,關廟區,33598,626.3457447899286
111.4,龍崎區,3644,56.86517460604793
111.4,永康區,233750,5803.805309954239
111.4,東區,180793,13476.326068159457
111.4,南區,121225,4445.670948837653
111.4,北區,126579,12131.397354801611
111.4,安南區,197078,1838.3867404964105
111.4,安平區,67172,6069.960149282055
111.4,中西區,77014,12302.555910543131
111.3,總計,1855449,846.5979401575916
111.3,新營區,75337,1954.8452720129947
111.3,鹽水區,24665,472.09807543233387
111.3,白河區,26553,210.06355781356058
111.3,柳營區,20556,335.3732650926942
111.3,後壁區,22148,306.6787226058552
111.3,東山區,19632,157.1593479872364
111.3,麻豆區,43163,799.6939289737356
111.3,下營區,22891,682.7203831895279
111.3,六甲區,21401,316.8307743781746
111.3,官田區,20930,295.64109481844133
111.3,大內區,8966,127.51644444444445
111.3,佳里區,58348,1498.3231558566285
111.3,學甲區,24913,461.42106501160356
111.3,西港區,24530,726.457505345519
111.3,七股區,21700,197.00551615445232
111.3,將軍區,18776,447.2648619805811
111.3,北門區,10332,234.284120516187
111.3,新化區,42622,686.8102207776931
111.3,善化區,51316,927.793858943368
111.3,新市區,37467,783.6710618787858
111.3,安定區,30016,959.8976654940838
111.3,山上區,6974,250.16141760528015
111.3,玉井區,13254,173.55845910887277
111.3,楠西區,8977,81.88332561049916
111.3,南化區,8226,47.95947756468932
111.3,左鎮區,4420,59.01004639364507
111.3,仁德區,76481,1506.5279397396705
111.3,歸仁區,67920,1217.3941098343291
111.3,關廟區,33690,628.06084118021
111.3,龍崎區,3647,56.91199006263908
111.3,永康區,234097,5812.421012382279
111.3,東區,181417,13522.839082858762
111.3,南區,121530,4456.856179931861
111.3,北區,126935,12165.516580410198
111.3,安南區,197151,1839.0677004820823
111.3,安平區,67253,6077.279668904693
111.3,中西區,77215,12334.664536741215
111.2,總計,1858650,848.0584815179008
111.2,新營區,75425,1957.1286969428052
111.2,鹽水區,24736,473.45704414734286
111.2,白河區,26627,210.64897954663041
111.2,柳營區,20582,335.79745778059123
111.2,後壁區,22238,307.92493377772297
111.2,東山區,19680,157.54360067180178
111.2,麻豆區,43235,801.0278947056382
111.2,下營區,22963,684.8677715775252
111.2,六甲區,21428,317.2304954616853
111.2,官田區,20973,296.24847977196225
111.2,大內區,9011,128.15644444444445
111.2,佳里區,58398,1499.6071100246006
111.2,學甲區,24921,461.56923538530776
111.2,西港區,24515,726.0132793944313
111.2,七股區,21768,197.62286062903772
111.2,將軍區,18801,447.86038933196124
111.2,北門區,10351,234.71495658759693
111.2,新化區,42681,687.7609458263977
111.2,善化區,51345,928.3181792705439
111.2,新市區,37551,785.4280311903885
111.2,安定區,30060,961.3047649504317
111.2,山上區,6988,250.66360571059616
111.2,玉井區,13275,173.83344987703984
111.2,楠西區,9020,82.27554829082125
111.2,南化區,8240,48.04110079419402
111.2,左鎮區,4421,59.0233970828744
111.2,仁德區,76532,1507.5325412083585
111.2,歸仁區,67949,1217.9139041391759
111.2,關廟區,33798,630.0742152035838
111.2,龍崎區,3649,56.94320036703318
111.2,永康區,234384,5819.546967992789
111.2,東區,181826,13553.325978711351
111.2,南區,121911,4470.828550577415
111.2,北區,127402,12210.274103891126
111.2,安南區,197214,1839.655378277936
111.2,安平區,67321,6083.424450810117
111.2,中西區,77431,12369.169329073482
111.1,總計,1860379,848.8473837396986
111.1,新營區,75479,1958.5298895133708
111.1,鹽水區,24758,473.87813304495126
111.1,白河區,26669,210.98124593567005
111.1,柳營區,20600,336.09112964144293
111.1,後壁區,22263,308.27110354768627
111.1,東山區,19716,157.8317901852258
111.1,麻豆區,43300,802.2321693247169
111.1,下營區,23026,686.7467364170228
111.1,六甲區,21448,317.5265851531746
111.1,官田區,20999,296.61573579037025
111.1,大內區,9018,128.256
111.1,佳里區,58451,1500.968101442651
111.1,學甲區,24959,462.2730446604028
111.1,西港區,24521,726.1909697748664
111.1,七股區,21769,197.63193922425222
111.1,將軍區,18842,448.8370541882248
111.1,北門區,10369,235.12311707630107
111.1,新化區,42716,688.3249352620699
111.1,善化區,51347,928.3543392931077
111.1,新市區,37559,785.5953616010173
111.1,安定區,30089,962.2321714102974
111.1,山上區,6998,251.0223115001076
111.1,玉井區,13309,174.2786730255008
111.1,楠西區,9031,82.37588432532226
111.1,南化區,8253,48.11689379301981
111.1,左鎮區,4433,59.183605353626376
111.1,仁德區,76490,1506.705222351792
111.1,歸仁區,67949,1217.9139041391759
111.1,關廟區,33806,630.22335402013
111.1,龍崎區,3662,57.14606734559482
111.1,永康區,234549,5823.643771740993
111.1,東區,182082,13572.408241152092
111.1,南區,122118,4478.419838565943
111.1,北區,127629,12232.02990224267
111.1,安南區,197172,1839.2635930807003
111.1,安平區,67371,6087.9426727994
111.1,中西區,77629,12400.798722044728
110.12,總計,1862059,849.6139284086519
110.12,新營區,75506,1959.2304857986537
110.12,鹽水區,24777,474.2418007292494
110.12,白河區,26693,211.17111244369272
110.12,柳營區,20618,336.3848015022947
110.12,後壁區,22322,309.08806420479954
110.12,東山區,19788,158.40816921207386
110.12,麻豆區,43373,803.5846623584514
110.12,下營區,23062,687.8204306110215
110.12,六甲區,21488,318.11876453615326
110.12,官田區,21035,297.12424412355057
110.12,大內區,9048,128.68266666666668
110.12,佳里區,58482,1501.7641530267936
110.12,學甲區,24981,462.6805131880893
110.12,西港區,24495,725.4209781263143
110.12,七股區,21757,197.52299608167831
110.12,將軍區,18843,448.86087528228
110.12,北門區,10397,235.7580333920631
110.12,新化區,42809,689.8235357625701
110.12,善化區,51265,926.8717783679897
110.12,新市區,37546,785.3234496837455
110.12,安定區,30105,962.7438439398785
110.12,山上區,6996,250.9505703422053
110.12,玉井區,13342,174.71080137547762
110.12,楠西區,9031,82.37588432532226
110.12,南化區,8264,48.18102633048779
110.12,左鎮區,4428,59.11685190747972
110.12,仁德區,76497,1506.8431088278862
110.12,歸仁區,68001,1218.8459490995908
110.12,關廟區,33860,631.2300410318169
110.12,龍崎區,3668,57.23969825877712
110.12,永康區,234624,5825.505955262903
110.12,東區,182489,13602.746056829363
110.12,南區,122345,4486.744584331142
110.12,北區,127913,12259.248610312441
110.12,安南區,197061,1838.2281607737198
110.12,安平區,67446,6094.720005783324
110.12,中西區,77704,12412.779552715656
110.11,總計,1863435,850.2417649946517
110.11,新營區,75580,1961.1506385805399
110.11,鹽水區,24799,474.6628896268578
110.11,白河區,26739,211.53502325073612
110.11,柳營區,20635,336.6621582597658
110.11,後壁區,22376,309.8357909079202
110.11,東山區,19828,158.728379782545
110.11,麻豆區,43420,804.4554455445544
110.11,下營區,23115,689.4011470632972
110.11,六甲區,21509,318.4296587122171
110.11,官田區,21061,297.49150014195857
110.11,大內區,9063,128.896
110.11,佳里區,58507,1502.4061301107795
110.11,學甲區,25024,463.4769289467494
110.11,西港區,24524,726.2798149650839
110.11,七股區,21780,197.7318037716116
110.11,將軍區,18854,449.1229073168873
110.11,北門區,10413,236.1208427153557
110.11,新化區,42897,691.2415663436888
110.11,善化區,51199,925.6784976233826
110.11,新市區,37587,786.1810180382182
110.11,安定區,30125,963.3834346018548
110.11,山上區,7006,251.30927613171676
110.11,玉井區,13369,175.06436093454957
110.11,楠西區,9036,82.4214916137318
110.11,南化區,8279,48.2684797906714
110.11,左鎮區,4442,59.30376155669036
110.11,仁德區,76522,1507.3355605282234
110.11,歸仁區,67968,1218.2544590285581
110.11,關廟區,33880,631.6028880731824
110.11,龍崎區,3678,57.39574978074761
110.11,永康區,234715,5827.765404602821
110.11,東區,182613,13611.989027699097
110.11,南區,122514,4492.942302543998
110.11,北區,128135,12280.525206057122
110.11,安南區,197022,1837.8643602334294
110.11,安平區,67471,6096.979116777966
110.11,中西區,77750,12420.127795527156
110.10,總計,1864799,850.8641262615877
110.10,新營區,75655,1963.0967393729923
110.10,鹽水區,24829,475.2371017599602
110.10,白河區,26798,212.0017784162918
110.10,柳營區,20671,337.2495019814693
110.10,後壁區,22416,310.38966253986143
110.10,東山區,19872,159.08061141006326
110.10,麻豆區,43457,805.1409557123377
110.10,下營區,23145,690.2958922249628
110.10,六甲區,21524,318.6517259808341
110.10,官田區,21083,297.8022552344577
110.10,大內區,9065,128.92444444444445
110.10,佳里區,58546,1503.4076143617976
110.10,學甲區,25025,463.4954502434624
110.10,西港區,24558,727.2867271208828
110.10,七股區,21792,197.8407469141855
110.10,將軍區,18875,449.62315029204666
110.10,北門區,10421,236.30224737700198
110.10,新化區,42938,691.902239682619
110.10,善化區,51157,924.9191371495416
110.10,新市區,37605,786.5575114621331
110.10,安定區,30166,964.6945954589063
110.10,山上區,7029,252.1342994475931
110.10,玉井區,13391,175.35244650120077
110.10,楠西區,9064,82.67689242882525
110.10,南化區,8287,48.31512163610265
110.10,左鎮區,4464,59.59747671973565
110.10,仁德區,76534,1507.5719373443853
110.10,歸仁區,67984,1218.5412420933012
110.10,關廟區,33895,631.8825233542066
110.10,龍崎區,3684,57.4893806939299
110.10,永康區,234860,5831.365626078515
110.10,東區,182860,13630.400429350906
110.10,南區,122676,4498.88331053502
110.10,北區,128381,12304.10197431474
110.10,安南區,196856,1836.3158758824495
110.10,安平區,67485,6098.244218934965
110.10,中西區,77751,12420.287539936102
110.9,總計,1866073,851.4454226355439
110.9,新營區,75738,1965.2504242499726
110.9,鹽水區,24860,475.83045429749933
110.9,白河區,26830,212.25493376032202
110.9,柳營區,20688,337.5268587389404
110.9,後壁區,22448,310.8327598454144
110.9,東山區,19882,159.16066405268106
110.9,麻豆區,43484,805.6411928618011
110.9,下營區,23176,691.2204622253505
110.9,六甲區,21538,318.85898876487664
110.9,官田區,21097,298.0000084751389
110.9,大內區,9074,129.05244444444443
110.9,佳里區,58563,1503.8441587789082
110.9,學甲區,25062,464.18073822184436
110.9,西港區,24556,727.2274969940711
110.9,七股區,21871,198.55795593613027
110.9,將軍區,18900,450.2186776434268
110.9,北門區,10423,236.34759854241355
110.9,新化區,42962,692.2889752956513
110.9,善化區,51125,924.3405767885199
110.9,新市區,37635,787.1850005019912
110.9,安定區,30213,966.1976335145507
110.9,山上區,7034,252.3136523423488
110.9,玉井區,13416,175.67981646330443
110.9,楠西區,9081,82.83195720941772
110.9,南化區,8294,48.355933250855
110.9,左鎮區,4460,59.54407396281833
110.9,仁德區,76537,1507.6310315484259
110.9,歸仁區,68026,1219.2940476382519
110.9,關廟區,33915,632.2553703955721
110.9,龍崎區,3695,57.661037368097446
110.9,永康區,234967,5834.02234123644
110.9,東區,183066,13645.75568740869
110.9,南區,122821,4504.200879415874
110.9,北區,128528,12318.19053095649
110.9,安南區,196792,1835.7188698676139
110.9,安平區,67476,6097.430938976894
110.9,中西區,77840,12434.504792332269
110.8,總計,1867554,852.1211682633534
110.8,新營區,75905,1969.5837420144996
110.8,鹽水區,24863,475.8878755108095
110.8,白河區,26896,212.7770666573843
110.8,柳營區,20715,337.967366530218
110.8,後壁區,22498,311.5250993853409
110.8,東山區,19892,159.24071669529883
110.8,麻豆區,43550,806.8639947827118
110.8,下營區,23210,692.2345067419049
110.8,六甲區,21553,319.08105603349367
110.8,官田區,21127,298.42376541945583
110.8,大內區,9087,129.23733333333334
110.8,佳里區,58615,1505.1794711135992
110.8,學甲區,25084,464.5882067495309
110.8,西港區,24541,726.7832710429834
110.8,七股區,21973,199.48397264800835
110.8,將軍區,18934,451.0285948413039
110.8,北門區,10444,236.82378577923507
110.8,新化區,43010,693.0624465217161
110.8,善化區,51089,923.6896963823706
110.8,新市區,37685,788.2308155684213
110.8,安定區,30218,966.3575311800448
110.8,山上區,7046,252.74409928976254
110.8,玉井區,13444,176.04647082086052
110.8,楠西區,9109,83.08735802451118
110.8,南化區,8304,48.41423555764407
110.8,左鎮區,4475,59.7443343012583
110.8,仁德區,76324,1503.4353430615527
110.8,歸仁區,68061,1219.9213855923774
110.8,關廟區,33965,633.1874879989858
110.8,龍崎區,3701,57.75466828127975
110.8,永康區,235222,5840.353765210935
110.8,東區,183336,13665.881511076657
110.8,南區,122992,4510.471943406398
110.8,北區,128811,12345.313398504888
110.8,安南區,196605,1833.9744929180163
110.8,安平區,67335,6084.6895529671165
110.8,中西區,77935,12449.680511182109
110.7,總計,1868739,852.6618560209187
110.7,新營區,76027,1972.7493993035553
110.7,鹽水區,24892,476.4429472394752
110.7,白河區,26978,213.4257772264617
110.7,柳營區,20733,338.26103839106975
110.7,後壁區,22532,311.99589027249095
110.7,東山區,19922,159.48087462315218
110.7,麻豆區,43610,807.9756328926305
110.7,下營區,23214,692.3538060967935
110.7,六甲區,21572,319.36234124040857
110.7,官田區,21123,298.3672644935469
110.7,大內區,9096,129.36533333333333
110.7,佳里區,58600,1504.7942848632076
110.7,學甲區,25121,465.27349472791286
110.7,西港區,24521,726.1909697748664
110.7,七股區,21996,199.69278033794163
110.7,將軍區,18966,451.79086985107057
110.7,北門區,10460,237.18659510252766
110.7,新化區,43049,693.6908918928937
110.7,善化區,51052,923.0207359649393
110.7,新市區,37721,788.983802416251
110.7,安定區,30286,968.5321394307643
110.7,山上區,7053,252.99519334242055
110.7,玉井區,13483,176.5571679617422
110.7,楠西區,9115,83.14208677060263
110.7,南化區,8305,48.42006578832298
110.7,左鎮區,4475,59.7443343012583
110.7,仁德區,76229,1501.564026600271
110.7,歸仁區,68074,1220.154396832481
110.7,關廟區,33986,633.5789773924197
110.7,龍崎區,3720,58.05116617302368
110.7,永康區,235327,5842.96082214161
110.7,東區,183689,13692.194162020334
110.7,南區,123057,4512.855681180574
110.7,北區,129057,12368.890166762509
110.7,安南區,196238,1830.5510365516932
110.7,安平區,67297,6081.255704255262
110.7,中西區,78163,12486.102236421726
110.6,總計,1869610,853.0592729296438
110.6,新營區,76078,1974.0727478424228
110.6,鹽水區,24910,476.78747451933657
110.6,白河區,27021,213.76595472000227
110.6,柳營區,20776,338.9625878364378
110.6,後壁區,22559,312.3697536240513
110.6,東山區,19951,159.71302728674377
110.6,麻豆區,43661,808.9205252860615
110.6,下營區,23261,693.7555735167363
110.6,六甲區,21590,319.62882196274893
110.6,官田區,21138,298.5791429657054
110.6,大內區,9106,129.50755555555557
110.6,佳里區,58594,1504.640210363051
110.6,學甲區,25154,465.88469751944274
110.6,西港區,24520,726.1613547114605
110.6,七股區,22038,200.07408133695026
110.6,將軍區,18963,451.7194065689049
110.6,北門區,10477,237.57208000852603
110.6,新化區,43090,694.3515652318239
110.6,善化區,51022,922.4783356264815
110.6,新市區,37728,789.1302165255513
110.6,安定區,30286,968.5321394307643
110.6,山上區,7061,253.2821579740297
110.6,玉井區,13499,176.76668473748856
110.6,楠西區,9116,83.15120822828455
110.6,南化區,8320,48.50751924850658
110.6,左鎮區,4487,59.90454257201028
110.6,仁德區,76085,1498.7275048063286
110.6,歸仁區,68072,1220.1185489493882
110.6,關廟區,33989,633.6349044486244
110.6,龍崎區,3738,58.332058912570574
110.6,永康區,235385,5844.400910731888
110.6,東區,183925,13709.785622707892
110.6,南區,123052,4512.672316736406
110.6,北區,129247,12387.099865823271
110.6,安南區,196168,1829.8980612229668
110.6,安平區,67218,6074.1169135121945
110.6,中西區,78325,12511.980830670927
110.5,總計,1870343,853.3937236691336
110.5,新營區,76108,1974.8511881594036
110.5,鹽水區,24932,477.208563416945
110.5,白河區,27059,214.06657669103814
110.5,柳營區,20784,339.093108663483
110.5,後壁區,22601,312.9513188375896
110.5,東山區,19959,159.777069400838
110.5,麻豆區,43681,809.2910713227011
110.5,下營區,23285,694.4713696460686
110.5,六甲區,21584,319.53999505530214
110.5,官田區,21151,298.76277097490936
110.5,大內區,9122,129.7351111111111
110.5,佳里區,58664,1506.4377461982117
110.5,學甲區,25188,466.51442160768556
110.5,西港區,24504,725.6875136969669
110.5,七股區,22041,200.10131712259374
110.5,將軍區,18978,452.07672297973306
110.5,北門區,10486,237.7761602528781
110.5,新化區,43121,694.8510987319906
110.5,善化區,50990,921.8997752654598
110.5,新市區,37708,788.7118904989792
110.5,安定區,30301,969.0118324272465
110.5,山上區,7066,253.4615108687854
110.5,玉井區,13506,176.85834832687758
110.5,楠西區,9121,83.19681551669409
110.5,南化區,8324,48.530840171222216
110.5,左鎮區,4506,60.158205667367575
110.5,仁德區,76072,1498.4714299221532
110.5,歸仁區,68095,1220.5307996049564
110.5,關廟區,33983,633.5230503362149
110.5,龍崎區,3741,58.37887436916172
110.5,永康區,235385,5844.400910731888
110.5,東區,184117,13724.097319538449
110.5,南區,123057,4512.855681180574
110.5,北區,129418,12403.488594977958
110.5,安南區,196123,1829.4782913687854
110.5,安平區,67198,6072.309624716481
110.5,中西區,78384,12521.405750798722
110.4,總計,1871224,853.7957033437455
110.4,新營區,76209,1977.4719372265727
110.4,鹽水區,24943,477.4191078657492
110.4,白河區,27095,214.3513764530721
110.4,柳營區,20780,339.0278482499604
110.4,後壁區,22628,313.3251821891499
110.4,東山區,19993,160.04924838573845
110.4,麻豆區,43666,809.0131617952214
110.4,下營區,23326,695.6941880336782
110.4,六甲區,21590,319.62882196274893
110.4,官田區,21164,298.9463989841134
110.4,大內區,9154,130.19022222222222
110.4,佳里區,58706,1507.5162676993082
110.4,學甲區,25202,466.77371976166796
110.4,西港區,24519,726.1317396480547
110.4,七股區,22072,200.38275357424294
110.4,將軍區,18973,451.957617509457
110.4,北門區,10511,238.34304982052277
110.4,新化區,43162,695.5117720709209
110.4,善化區,50961,921.3754549382838
110.4,新市區,37695,788.4399785817074
110.4,安定區,30294,968.7879756955549
110.4,山上區,7074,253.74847550039456
110.4,玉井區,13518,177.01548590868734
110.4,楠西區,9124,83.22417988973982
110.4,南化區,8329,48.559991324616746
110.4,左鎮區,4526,60.425219451954206
110.4,仁德區,76127,1499.5548236628952
110.4,歸仁區,68122,1221.0147460267103
110.4,關廟區,33995,633.7467585610341
110.4,龍崎區,3736,58.30084860817647
110.4,永康區,235451,5846.039632231169
110.4,東區,184310,13738.483556456662
110.4,南區,123166,4516.853026063422
110.4,北區,129444,12405.98044853364
110.4,安南區,196034,1828.6480798794048
110.4,安平區,67237,6075.833837868122
110.4,中西區,78388,12522.044728434505
110.3,總計,1871961,854.1319791895899
110.3,新營區,76283,1979.392090008459
110.3,鹽水區,24971,477.9550391899781
110.3,白河區,27134,214.65990952860892
110.3,柳營區,20781,339.04416335334105
110.3,後壁區,22648,313.60211800512053
110.3,東山區,20027,160.32142737063893
110.3,麻豆區,43657,808.8464160787336
110.3,下營區,23366,696.8871815825656
110.3,六甲區,21611,319.93971613881274
110.3,官田區,21158,298.86164759524996
110.3,大內區,9164,130.33244444444443
110.3,佳里區,58743,1508.4663937836076
110.3,學甲區,25208,466.8848475419461
110.3,西港區,24505,725.7171287603727
110.3,七股區,22105,200.68234721632115
110.3,將軍區,19013,452.9104612716653
110.3,北門區,10535,238.88726380546166
110.3,新化區,43207,696.2369013453565
110.3,善化區,50904,920.3448942952141
110.3,新市區,37687,788.2726481710786
110.3,安定區,30315,969.45954589063
110.3,山上區,7094,254.46588707941746
110.3,玉井區,13546,177.38214026624343
110.3,楠西區,9143,83.39748758569608
110.3,南化區,8339,48.61829363140582
110.3,左鎮區,4534,60.53202496578886
110.3,仁德區,76201,1501.0124806958934
110.3,歸仁區,68147,1221.4628445653714
110.3,關廟區,33943,632.7773562534837
110.3,龍崎區,3746,58.45690013014697
110.3,永康區,235395,5844.649201868142
110.3,東區,184429,13747.3538268881
110.3,南區,123278,4520.960389612771
110.3,北區,129606,12421.506612995976
110.3,安南區,195928,1827.6592886673334
110.3,安平區,67206,6073.032540234767
110.3,中西區,78404,12524.600638977636
110.2,總計,1873043,854.6256704585228
110.2,新營區,76307,1980.0148422620437
110.2,鹽水區,25003,478.56753213195395
110.2,白河區,27185,215.06337585815706
110.2,柳營區,20788,339.15836907700566
110.2,後壁區,22680,314.0452153106735
110.2,東山區,20062,160.6016116198012
110.2,麻豆區,43656,808.8278887769015
110.2,下營區,23408,698.1398248088974
110.2,六甲區,21643,320.4134596451957
110.2,官田區,21198,299.4266568543392
110.2,大內區,9184,130.6168888888889
110.2,佳里區,58749,1508.6204682837642
110.2,學甲區,25231,467.3108373663457
110.2,西港區,24498,725.5098233165318
110.2,七股區,22163,201.20890573876162
110.2,將軍區,19038,453.5059886230455
110.2,北門區,10563,239.52218012122367
110.2,新化區,43262,697.1231704585557
110.2,善化區,50892,920.1279341598309
110.2,新市區,37660,787.7079080352063
110.2,安定區,30328,969.8752798209147
110.2,山上區,7098,254.60936939522205
110.2,玉井區,13565,177.6309414374422
110.2,楠西區,9174,83.68025277383528
110.2,南化區,8369,48.79320055177303
110.2,左鎮區,4543,60.65218116885284
110.2,仁德區,76241,1501.800403416433
110.2,歸仁區,68132,1221.1939854421746
110.2,關廟區,33960,633.0942762386445
110.2,龍崎區,3758,58.64416195651156
110.2,永康區,235420,5845.269929708779
110.2,東區,184639,13763.007245296521
110.2,南區,123436,4526.754706048459
110.2,北區,129829,12442.879049262028
110.2,安南區,195703,1825.560439396427
110.2,安平區,67167,6069.5083270831265
110.2,中西區,78511,12541.693290734825
110.1,總計,1873755,854.9505393896507
110.1,新營區,76323,1980.4300104311
110.1,鹽水區,24983,478.18472404321903
110.1,白河區,27214,215.29279788868442
110.1,柳營區,20822,339.71308259194785
110.1,後壁區,22708,314.43292545303234
110.1,東山區,20099,160.897806397487
110.1,麻豆區,43668,809.0502163988854
110.1,下營區,23431,698.8257960995076
110.1,六甲區,21666,320.7539627904085
110.1,官田區,21186,299.25715407661244
110.1,大內區,9181,130.57422222222223
110.1,佳里區,58797,1509.8530642850174
110.1,學甲區,25261,467.86647626773646
110.1,西港區,24496,725.45059318972
110.1,七股區,22154,201.1271983818312
110.1,將軍區,19036,453.4583464349351
110.1,北門區,10581,239.93034060992784
110.1,新化區,43291,697.5904759909697
110.1,善化區,50839,919.1696935618888
110.1,新市區,37655,787.6033265285632
110.1,安定區,30339,970.2270546850016
110.1,山上區,7113,255.1474280794892
110.1,玉井區,13583,177.86664781015685
110.1,楠西區,9167,83.61640257006191
110.1,南化區,8382,48.86899355059882
110.1,左鎮區,4562,60.90584426421014
110.1,仁德區,76321,1503.376248857512
110.1,歸仁區,68107,1220.7458869035136
110.1,關廟區,33944,632.7959986055521
110.1,龍崎區,3765,58.7533980218909
110.1,永康區,235351,5843.556720868622
110.1,東區,184763,13772.250216166254
110.1,南區,123577,4531.925583373979
110.1,北區,129947,12454.188230783977
110.1,安南區,195693,1825.4671572066088
110.1,安平區,67211,6073.484362433695
110.1,中西區,78539,12546.166134185303
109.12,總計,1874917,855.4807327856768
109.12,新營區,76331,1980.6375945156283
109.12,鹽水區,25001,478.5292513230805
109.12,白河區,27245,215.53804212821368
109.12,柳營區,20826,339.77834300547045
109.12,後壁區,22755,315.0837246205633
109.12,東山區,20152,161.32208540336126
109.12,麻豆區,43713,809.8839449813245
109.12,下營區,23452,699.4521177126735
109.12,六甲區,21668,320.7835717595574
109.12,官田區,21212,299.62441009502044
109.12,大內區,9200,130.84444444444443
109.12,佳里區,58785,1509.544915284704
109.12,學甲區,25293,468.4591577625533
109.12,西港區,24522,726.2205848382722
109.12,七股區,22142,201.01825523925731
109.12,將軍區,19073,454.3397269149778
109.12,北門區,10601,240.38385226404358
109.12,新化區,43317,698.0094395717548
109.12,善化區,50814,918.7176932798407
109.12,新市區,37660,787.7079080352063
109.12,安定區,30374,971.3463383434602
109.12,山上區,7128,255.68548676375636
109.12,玉井區,13602,178.1154489813556
109.12,楠西區,9178,83.71673860456292
109.12,南化區,8398,48.96227724146134
109.12,左鎮區,4569,60.999299088815455
109.12,仁德區,76385,1504.6369252103755
109.12,歸仁區,68164,1221.7675515716608
109.12,關廟區,33941,632.7400715493472
109.12,龍崎區,3768,58.80021347848206
109.12,永康區,235415,5845.145784140652
109.12,東區,184958,13786.785533259788
109.12,南區,123789,4539.700235806675
109.12,北區,130094,12468.276787425724
109.12,安南區,195623,1824.8141818778824
109.12,安平區,67213,6073.665091313266
109.12,中西區,78556,12548.88178913738
109.11,總計,1875378,855.6910762930502
109.11,新營區,76332,1980.6635425261943
109.11,鹽水區,25033,479.14174426505633
109.11,白河區,27294,215.92568624875994
109.11,柳營區,20860,340.33305652041264
109.11,後壁區,22783,315.4714347629222
109.11,東山區,20179,161.53822753842928
109.11,麻豆區,43722,810.0506906978122
109.11,下營區,23468,699.9293151322285
109.11,六甲區,21658,320.6355269138127
109.11,官田區,21249,300.147043659678
109.11,大內區,9225,131.2
109.11,佳里區,58795,1509.8017061182984
109.11,學甲區,25337,469.27409481792637
109.11,西港區,24514,725.9836643310254
109.11,七股區,22148,201.07272681054425
109.11,將軍區,19121,455.4831394296277
109.11,北門區,10628,240.99609299709982
109.11,新化區,43332,698.2511493299
109.11,善化區,50685,916.385371824472
109.11,新市區,37660,787.7079080352063
109.11,安定區,30385,971.6981132075472
109.11,山上區,7136,255.9724513953655
109.11,玉井區,13630,178.4821033389117
109.11,楠西區,9206,83.97213941965637
109.11,南化區,8416,49.06722139368166
109.11,左鎮區,4566,60.95924702112746
109.11,仁德區,76397,1504.8733020265374
109.11,歸仁區,68181,1222.0722585779504
109.11,關廟區,33927,632.4790786203914
109.11,龍崎區,3775,58.9094495438614
109.11,永康區,235368,5843.978815800255
109.11,東區,185072,13795.28310325293
109.11,南區,123956,4545.824608241865
109.11,北區,130224,12480.736055204141
109.11,安南區,195414,1822.864584110685
109.11,安平區,67235,6075.653108988551
109.11,中西區,78467,12534.664536741215
109.10,總計,1875909,855.93335916163
109.10,新營區,76405,1982.5577472975147
109.10,鹽水區,25059,479.6393947804117
109.10,白河區,27334,216.24213042879768
109.10,柳營區,20867,340.4472622440772
109.10,後壁區,22785,315.4991283445192
109.10,東山區,20190,161.62628544530884
109.10,麻豆區,43748,810.5324005454437
109.10,下營區,23475,700.1380890032838
109.10,六甲區,21702,321.2869242350893
109.10,官田區,21262,300.33067166888196
109.10,大內區,9234,131.328
109.10,佳里區,58814,1510.2896087021277
109.10,學甲區,25373,469.9408614995953
109.10,西港區,24528,726.3982752187073
109.10,七股區,22146,201.05456962011527
109.10,將軍區,19135,455.81663474640067
109.10,北門區,10636,241.1774976587461
109.10,新化區,43350,698.5412010396743
109.10,善化區,50663,915.9876115762696
109.10,新市區,37639,787.2686657073056
109.10,安定區,30385,971.6981132075472
109.10,山上區,7156,256.6898629743884
109.10,玉井區,13645,178.6785253161739
109.10,楠西區,9214,84.04511108111164
109.10,南化區,8425,49.11969346979183
109.10,左鎮區,4584,61.19955942725543
109.10,仁德區,76375,1504.4399445302406
109.10,歸仁區,68192,1222.2694219349612
109.10,關廟區,33933,632.590932732801
109.10,龍崎區,3777,58.9406598482555
109.10,永康區,235400,5844.773347436269
109.10,東區,185103,13797.593845970363
109.10,南區,124031,4548.5750749043755
109.10,北區,130373,12495.016292888635
109.10,安南區,195289,1821.698556737959
109.10,安平區,67249,6076.91821114555
109.10,中西區,78433,12529.233226837061
109.9,總計,1876364,856.1409650094716
109.9,新營區,76481,1984.5297961005328
109.9,鹽水區,25065,479.7542372070322
109.9,白河區,27376,216.5743968178373
109.9,柳營區,20891,340.8388247252129
109.9,後壁區,22802,315.73452378809424
109.9,東山區,20223,161.89045916594753
109.9,麻豆區,43750,810.5694551491077
109.9,下營區,23507,701.0924838423937
109.9,六甲區,21713,321.4497735654084
109.9,官田區,21293,300.76855384467615
109.9,大內區,9244,131.47022222222222
109.9,佳里區,58835,1510.828869452676
109.9,學甲區,25388,470.21868095029066
109.9,西港區,24504,725.6875136969669
109.9,七股區,22178,201.34508466697898
109.9,將軍區,19154,456.2692355334496
109.9,北門區,10658,241.6763604782734
109.9,新化區,43391,699.2018743786045
109.9,善化區,50620,915.2101710911468
109.9,新市區,37604,786.5365951608045
109.9,安定區,30392,971.9219699392389
109.9,山上區,7168,257.1203099218021
109.9,玉井區,13631,178.49519813739585
109.9,楠西區,9223,84.12720420024883
109.9,南化區,8431,49.15467485386527
109.9,左鎮區,4586,61.22626080571409
109.9,仁德區,76382,1504.577831006335
109.9,歸仁區,68192,1222.2694219349612
109.9,關廟區,33960,633.0942762386445
109.9,龍崎區,3789,59.12792167462009
109.9,永康區,235472,5846.561043617304
109.9,東區,185072,13795.28310325293
109.9,南區,124109,4551.435560233386
109.9,北區,130434,12500.862564692352
109.9,安南區,195241,1821.2508022268325
109.9,安平區,67222,6074.478371271337
109.9,中西區,78383,12521.246006389776
109.8,總計,1876829,856.3531336231998
109.8,新營區,76549,1986.2942608190228
109.8,鹽水區,25073,479.90736044252617
109.8,白河區,27412,216.8591965798713
109.8,柳營區,20914,341.21407210296786
109.8,後壁區,22796,315.65144304330306
109.8,東山區,20250,162.10660130101556
109.8,麻豆區,43755,810.6620916582676
109.8,下營區,23522,701.5398564232264
109.8,六甲區,21716,321.49418701913186
109.8,官田區,21308,300.9804323168346
109.8,大內區,9274,131.8968888888889
109.8,佳里區,58911,1512.7804797879935
109.8,學甲區,25417,470.7557985549684
109.8,西港區,24475,724.8286768581972
109.8,七股區,22208,201.6174425234137
109.8,將軍區,19174,456.74565741455376
109.8,北門區,10686,242.31127679403542
109.8,新化區,43374,698.9279366527066
109.8,善化區,50515,913.3117699065444
109.8,新市區,37567,785.7626920116461
109.8,安定區,30386,971.730092740646
109.8,山上區,7164,256.9768276059976
109.8,玉井區,13642,178.63924092072145
109.8,楠西區,9234,84.22754023474982
109.8,南化區,8450,49.2654492367645
109.8,左鎮區,4598,61.38646907646607
109.8,仁德區,76373,1504.4005483942135
109.8,歸仁區,68175,1221.9647149286716
109.8,關廟區,33989,633.6349044486244
109.8,龍崎區,3795,59.221552587802385
109.8,永康區,235528,5847.95147398033
109.8,東區,185229,13806.985897015415
109.8,南區,124204,4554.919484672566
109.8,北區,130602,12516.963772282923
109.8,安南區,195094,1819.879554036507
109.8,安平區,67156,6068.514318245484
109.8,中西區,78314,12510.223642172525
109.7,總計,1877294,856.5653022369279
109.7,新營區,76642,1988.7074258016637
109.7,鹽水區,25056,479.5819735671015
109.7,白河區,27469,217.3101295364251
109.7,柳營區,20935,341.5566892739616
109.7,後壁區,22807,315.8037577420869
109.7,東山區,20277,162.32274343608356
109.7,麻豆區,43806,811.6069840516985
109.7,下營區,23537,701.9872290040591
109.7,六甲區,21737,321.80508119519567
109.7,官田區,21312,301.03693324274354
109.7,大內區,9298,132.23822222222222
109.7,佳里區,58980,1514.5523365397949
109.7,學甲區,25429,470.97805411552474
109.7,西港區,24428,723.4367688781223
109.7,七股區,22224,201.76270004684557
109.7,將軍區,19176,456.79329960266415
109.7,北門區,10708,242.81013961356274
109.7,新化區,43316,697.9933255878784
109.7,善化區,50447,912.0823291393734
109.7,新市區,37505,784.4658813292727
109.7,安定區,30400,972.1778062040295
109.7,山上區,7180,257.5507568692159
109.7,玉井區,13665,178.94042128585681
109.7,楠西區,9252,84.39172647302419
109.7,南化區,8468,49.37039338898483
109.7,左鎮區,4622,61.70688561797002
109.7,仁德區,76312,1503.1989662453907
109.7,歸仁區,68228,1222.914683830633
109.7,關廟區,34057,634.9025843892672
109.7,龍崎區,3803,59.34639380537878
109.7,永康區,235558,5848.696347389095
109.7,東區,185319,13813.694504904739
109.7,南區,124254,4556.7531291142395
109.7,北區,130680,12524.439332949973
109.7,安南區,194998,1818.9840450142535
109.7,安平區,67119,6065.170833973415
109.7,中西區,78290,12506.389776357828
109.6,總計,1877891,856.8376993603596
109.6,新營區,76743,1991.3281748688328
109.6,鹽水區,25052,479.5054119493545
109.6,白河區,27492,217.4920849399468
109.6,柳營區,20931,341.49142886043893
109.6,後壁區,22834,316.1776210936472
109.6,東山區,20303,162.5308803068898
109.6,麻豆區,43822,811.9034208810102
109.6,下營區,23568,702.9117990044468
109.6,六甲區,21761,322.1603888249829
109.6,官田區,21319,301.13580986308415
109.6,大內區,9312,132.43733333333333
109.6,佳里區,58981,1514.5780156231542
109.6,學甲區,25466,471.6633420939067
109.6,西港區,24455,724.2363755900802
109.6,七股區,22259,202.08045087935275
109.6,將軍區,19194,457.2220792956579
109.6,北門區,10721,243.10492218873796
109.6,新化區,43298,697.7032738781041
109.6,善化區,50359,910.4912881465638
109.6,新市區,37487,784.0893879053579
109.6,安定區,30384,971.6661336744484
109.6,山上區,7163,256.9409570270464
109.6,玉井區,13696,179.34636003886536
109.6,楠西區,9270,84.55591271129856
109.6,南化區,8479,49.43452592645281
109.6,左鎮區,4625,61.74693768565802
109.6,仁德區,76277,1502.5095338649187
109.6,歸仁區,68282,1223.8825766741409
109.6,關廟區,34068,635.1076502620183
109.6,龍崎區,3820,59.61168139272862
109.6,永康區,235636,5850.633018251881
109.6,東區,185472,13825.099138316587
109.6,南區,124362,4560.713801108254
109.6,北區,130736,12529.806402146829
109.6,安南區,194862,1817.7154072327278
109.6,安平區,67169,6069.689055962697
109.6,中西區,78233,12497.284345047923
109.5,總計,1878253,857.0028714854554
109.5,新營區,76775,1992.1585112069456
109.5,鹽水區,25076,479.96478165583636
109.5,白河區,27533,217.8164402244855
109.5,柳營區,20944,341.70352520438746
109.5,後壁區,22846,316.3437825832296
109.5,東山區,20316,162.63494874229292
109.5,麻豆區,43824,811.9404754846742
109.5,下營區,23582,703.3293467465575
109.5,六甲區,21779,322.4268695473233
109.5,官田區,21350,301.5736920388783
109.5,大內區,9321,132.56533333333334
109.5,佳里區,59016,1515.4767835407347
109.5,學甲區,25478,471.88559765446297
109.5,西港區,24465,724.5325262241387
109.5,七股區,22260,202.08952947456723
109.5,將軍區,19221,457.8652488351485
109.5,北門區,10736,243.44505592932475
109.5,新化區,43300,697.7355018458569
109.5,善化區,50288,909.207607345547
109.5,新市區,37438,783.0644891402563
109.5,安定區,30393,971.9539494723377
109.5,山上區,7165,257.0126981849487
109.5,玉井區,13714,179.58206641157997
109.5,楠西區,9283,84.67449166116339
109.5,南化區,8501,49.56279100138876
109.5,左鎮區,4627,61.77363906411668
109.5,仁德區,76261,1502.1943647767027
109.5,歸仁區,68257,1223.4344781354798
109.5,關廟區,34076,635.2567890785645
109.5,龍崎區,3828,59.736522610305016
109.5,永康區,235696,5852.12276506941
109.5,東區,185566,13832.105906556546
109.5,南區,124488,4565.334585101272
109.5,北區,130842,12539.965497412306
109.5,安南區,194665,1815.877748093312
109.5,安平區,67143,6067.339580528271
109.5,中西區,78200,12492.012779552717
109.4,總計,1878845,857.2729872259438
109.4,新營區,76848,1994.0527159782657
109.4,鹽水區,25122,480.8452402599267
109.4,白河區,27576,218.15661771802607
109.4,柳營區,20949,341.7851007212907
109.4,後壁區,22879,316.8007266795811
109.4,東山區,20327,162.7230066491725
109.4,麻豆區,43880,812.9780043872651
109.4,下營區,23580,703.2696970691131
109.4,六甲區,21807,322.8413951154084
109.4,官田區,21368,301.82794620546844
109.4,大內區,9326,132.63644444444444
109.4,佳里區,59019,1515.553820790813
109.4,學甲區,25463,471.60777820376757
109.4,西港區,24495,725.4209781263143
109.4,七股區,22258,202.07137228413825
109.4,將軍區,19223,457.91289102325896
109.4,北門區,10737,243.46773151203055
109.4,新化區,43260,697.090942490803
109.4,善化區,50200,907.6165663527374
109.4,新市區,37385,781.9559251698403
109.4,安定區,30386,971.730092740646
109.4,山上區,7158,256.7616041322907
109.4,玉井區,13718,179.63444560551656
109.4,楠西區,9286,84.70185603420911
109.4,南化區,8508,49.60360261614111
109.4,左鎮區,4633,61.85374319949267
109.4,仁德區,76194,1500.874594219799
109.4,歸仁區,68330,1224.74292586837
109.4,關廟區,34111,635.9092714009541
109.4,龍崎區,3836,59.86136382788141
109.4,永康區,235869,5856.418201726617
109.4,東區,185749,13845.74674259817
109.4,南區,124532,4566.948192209945
109.4,北區,130902,12545.715928694653
109.4,安南區,194546,1814.767690034477
109.4,安平區,67124,6065.622656172343
109.4,中西區,78261,12501.757188498403
109.3,總計,1879115,857.3961819048827
109.3,新營區,76901,1995.4279605382653
109.3,鹽水區,25141,481.20890794422485
109.3,白河區,27602,218.3623064350506
109.3,柳營區,20978,342.25823871932965
109.3,後壁區,22886,316.8976542151708
109.3,東山區,20353,162.93114351997875
109.3,麻豆區,43909,813.5152961403925
109.3,下營區,23595,703.7170696499459
109.3,六甲區,21815,322.9598309920041
109.3,官田區,21350,301.5736920388783
109.3,大內區,9341,132.84977777777777
109.3,佳里區,59055,1516.4782677917528
109.3,學甲區,25451,471.3855226432113
109.3,西港區,24498,725.5098233165318
109.3,七股區,22291,202.37096592621646
109.3,將軍區,19258,458.7466293151912
109.3,北門區,10760,243.98926991426364
109.3,新化區,43276,697.3487662328246
109.3,善化區,50139,906.5136856645398
109.3,新市區,37298,780.1362069542519
109.3,安定區,30361,970.9306044131756
109.3,山上區,7165,257.0126981849487
109.3,玉井區,13728,179.76539359035803
109.3,楠西區,9294,84.77482769566438
109.3,南化區,8522,49.68522584564581
109.3,左鎮區,4653,62.1207569840793
109.3,仁德區,76130,1499.6139178669357
109.3,歸仁區,68318,1224.527838569813
109.3,關廟區,34143,636.5058266671389
109.3,龍崎區,3848,60.048625654246
109.3,永康區,235812,5855.002942249965
109.3,東區,185767,13847.088464176035
109.3,南區,124512,4566.214734433275
109.3,北區,131060,12560.858731071497
109.3,安南區,194428,1813.666960194624
109.3,安平區,67082,6061.827349701345
109.3,中西區,78395,12523.162939297124
109.2,總計,1879647,857.6389210500512
109.2,新營區,76952,1996.7513090771329
109.2,鹽水區,25177,481.8979625039477
109.2,白河區,27628,218.56799515207516
109.2,柳營區,20999,342.6008558903233
109.2,後壁區,22929,317.4930662195076
109.2,東山區,20383,163.1713014478321
109.2,麻豆區,43937,814.0340605916879
109.2,下營區,23602,703.9258435210012
109.2,六甲區,21828,323.1522892914722
109.2,官田區,21342,301.46069018706044
109.2,大內區,9359,133.10577777777777
109.2,佳里區,59095,1517.5054311261306
109.2,學甲區,25448,471.3299587530722
109.2,西港區,24527,726.3686601553014
109.2,七股區,22349,202.89752444865692
109.2,將軍區,19290,459.5089043249579
109.2,北門區,10776,244.3520792375562
109.2,新化區,43225,696.5269530551308
109.2,善化區,50110,905.989365337364
109.2,新市區,37296,780.0943743515946
109.2,安定區,30392,971.9219699392389
109.2,山上區,7164,256.9768276059976
109.2,玉井區,13738,179.89634157519947
109.2,楠西區,9285,84.6927345765272
109.2,南化區,8561,49.91260484212318
109.2,左鎮區,4658,62.187510430225956
109.2,仁德區,76075,1498.5305241261938
109.2,歸仁區,68204,1222.4845092335186
109.2,關廟區,34164,636.8973160605727
109.2,龍崎區,3862,60.267097785004694
109.2,永康區,235800,5854.704992886459
109.2,東區,185836,13852.231730224516
109.2,南區,124615,4569.992041983123
109.2,北區,131231,12577.247460226185
109.2,安南區,194276,1812.2490709093895
109.2,安平區,67072,6060.9237053034885
109.2,中西區,78462,12533.865814696486
109.1,總計,1880216,857.8985424290003
109.1,新營區,76966,1997.1145812250575
109.1,鹽水區,25201,482.3573322104296
109.1,白河區,27656,218.7895060781016
109.1,柳營區,21022,342.97610326807836
109.1,後壁區,22980,318.1992525502327
109.1,東山區,20405,163.34741726159123
109.1,麻豆區,43960,814.4601885338234
109.1,下營區,23643,705.1486619086107
109.1,六甲區,21855,323.5520103749828
109.1,官田區,21364,301.77144527955954
109.1,大內區,9373,133.30488888888888
109.1,佳里區,59085,1517.248640292536
109.1,學甲區,25474,471.8115124676109
109.1,西港區,24553,727.1386518038536
109.1,七股區,22308,202.5253020448628
109.1,將軍區,19321,460.2473582406693
109.1,北門區,10796,244.80559089167195
109.1,新化區,43228,696.5752950067598
109.1,善化區,50039,904.7056845363471
109.1,新市區,37282,779.8015461329942
109.1,安定區,30375,971.378317876559
109.1,山上區,7177,257.4431451323624
109.1,玉井區,13750,180.05347915700924
109.1,楠西區,9305,84.87516373016538
109.1,南化區,8576,50.00005830230679
109.1,左鎮區,4668,62.321017322519275
109.1,仁德區,76088,1498.7865990103692
109.1,歸仁區,68157,1221.6420839808357
109.1,關廟區,34199,637.5497983829624
109.1,龍崎區,3875,60.46996476356634
109.1,永康區,235798,5854.655334659208
109.1,東區,185903,13857.225916097677
109.1,南區,124676,4572.229088201965
109.1,北區,131370,12590.569292696953
109.1,安南區,194189,1811.4375158579724
109.1,安平區,67105,6063.905731816416
109.1,中西區,78494,12538.977635782749
108.12,總計,1880906,858.2133732751776
108.12,新營區,76969,1997.1924252567555
108.12,鹽水區,25223,482.778421108038
108.12,白河區,27688,219.04266142213177
108.12,柳營區,21068,343.72659802358834
108.12,後壁區,23001,318.49003515700184
108.12,東山區,20449,163.69964888910948
108.12,麻豆區,43993,815.0715894942788
108.12,下營區,23686,706.4311299736647
108.12,六甲區,21886,324.01094939679126
108.12,官田區,21371,301.87032189990015
108.12,大內區,9391,133.56088888888888
108.12,佳里區,59089,1517.351356625974
108.12,學甲區,25501,472.3115874788626
108.12,西港區,24554,727.1682668672594
108.12,七股區,22299,202.44359468793238
108.12,將軍區,19353,461.00963325043597
108.12,北門區,10830,245.5765607036687
108.12,新化區,43254,696.9942585875449
108.12,善化區,50018,904.3260042994267
108.12,新市區,37269,779.5296342157224
108.12,安定區,30413,972.593540134314
108.12,山上區,7199,258.2322978692876
108.12,玉井區,13769,180.302280328208
108.12,楠西區,9319,85.00286413771211
108.12,南化區,8583,50.04086991705914
108.12,左鎮區,4676,62.427822836353926
108.12,仁德區,76094,1498.90478741845
108.12,歸仁區,68135,1221.247757266814
108.12,關廟區,34202,637.6057254391671
108.12,龍崎區,3900,60.86009356849257
108.12,永康區,235699,5852.197252410286
108.12,東區,186009,13865.127165389547
108.12,南區,124696,4572.962545978634
108.12,北區,131480,12601.111750047921
108.12,安南區,194228,1811.8013163982628
108.12,安平區,67119,6065.170833973415
108.12,中西區,78493,12538.817891373803
108.11,總計,1881156,858.3274424223432
108.11,新營區,77005,1998.1265536371325
108.11,鹽水區,25234,482.98896555684223
108.11,白河區,27717,219.27208345265916
108.11,柳營區,21095,344.167105814866
108.11,後壁區,23047,319.1269875337342
108.11,東山區,20482,163.96382260974818
108.11,麻豆區,43976,814.7566253631351
108.11,下營區,23703,706.9381522319418
108.11,六甲區,21891,324.0849718196636
108.11,官田區,21363,301.7573200480823
108.11,大內區,9400,133.6888888888889
108.11,佳里區,59055,1516.4782677917528
108.11,學甲區,25499,472.2745448854365
108.11,西港區,24554,727.1682668672594
108.11,七股區,22315,202.58885221136424
108.11,將軍區,19385,461.7719082602026
108.11,北門區,10848,245.98472119237286
108.11,新化區,43261,697.1070564746793
108.11,善化區,49988,903.7836039609689
108.11,新市區,37244,779.0067266825072
108.11,安定區,30425,972.9772945314999
108.11,山上區,7195,258.088815553483
108.11,玉井區,13794,180.62965029031167
108.11,楠西區,9331,85.11232162989502
108.11,南化區,8598,50.128323377242744
108.11,左鎮區,4684,62.53462835018858
108.11,仁德區,76066,1498.3532415140724
108.11,歸仁區,68118,1220.9430502605244
108.11,關廟區,34226,638.0531418888058
108.11,龍崎區,3918,61.14098630803946
108.11,永康區,235720,5852.7186637964205
108.11,東區,185960,13861.474701094248
108.11,南區,124794,4576.556489084314
108.11,北區,131518,12604.753689860074
108.11,安南區,194134,1810.924463813973
108.11,安平區,67129,6066.074478371272
108.11,中西區,78484,12537.380191693292
108.10,總計,1881204,858.349343698599
108.10,新營區,77072,1999.8650703450564
108.10,鹽水區,25266,483.6014584988181
108.10,白河區,27744,219.48568327418465
108.10,柳營區,21103,344.2976266419112
108.10,後壁區,23055,319.2377618601225
108.10,東山區,20501,164.11592263072197
108.10,麻豆區,43987,814.9604256832869
108.10,下營區,23700,706.8486777157752
108.10,六甲區,21917,324.46988841859974
108.10,官田區,21343,301.4748154185377
108.10,大內區,9416,133.91644444444444
108.10,佳里區,59033,1515.9133279578452
108.10,學甲區,25511,472.4968004459928
108.10,西港區,24553,727.1386518038536
108.10,七股區,22351,202.9156816390859
108.10,將軍區,19420,462.6056465521349
108.10,北門區,10859,246.2341526021365
108.10,新化區,43279,697.3971081844536
108.10,善化區,49933,902.7892033404629
108.10,新市區,37236,778.8393962718784
108.10,安定區,30440,973.456987527982
108.10,山上區,7190,257.9094626587273
108.10,玉井區,13820,180.97011505089947
108.10,楠西區,9334,85.13968600294075
108.10,南化區,8599,50.13415360792165
108.10,左鎮區,4697,62.70818731016988
108.10,仁德區,76030,1497.6441110655867
108.10,歸仁區,68087,1220.3874080725848
108.10,關廟區,34230,638.1277112970789
108.10,龍崎區,3930,61.328248134404056
108.10,永康區,235684,5851.824815705904
108.10,東區,185996,13864.158144249977
108.10,南區,124744,4574.722844642641
108.10,北區,131549,12607.724746022619
108.10,安南區,194111,1810.7099147773913
108.10,安平區,67069,6060.652611984132
108.10,中西區,78415,12526.357827476038
108.9,總計,1881494,858.4816639093112
108.9,新營區,77114,2000.9548867888298
108.9,鹽水區,25284,483.9459857786795
108.9,白河區,27767,219.66763867770635
108.9,柳營區,21112,344.44446257233705
108.9,後壁區,23071,319.459310512899
108.9,東山區,20528,164.33206476579
108.9,麻豆區,43990,815.0160075887828
108.9,下營區,23707,707.0574515868306
108.9,六甲區,21936,324.75117362551464
108.9,官田區,21316,301.09343416865244
108.9,大內區,9426,134.05866666666665
108.9,佳里區,59063,1516.6837004586284
108.9,學甲區,25524,472.7375773032621
108.9,西港區,24567,727.5532626915355
108.9,七股區,22382,203.19711809073513
108.9,將軍區,19463,463.6299535965088
108.9,北門區,10879,246.68766425625225
108.9,新化區,43314,697.9610976201258
108.9,善化區,49872,901.6863226522653
108.9,新市區,37208,778.2537398346775
108.9,安定區,30454,973.9047009913655
108.9,山上區,7204,258.4116507640433
108.9,玉井區,13835,181.16653702816166
108.9,楠西區,9353,85.31299369889703
108.9,南化區,8599,50.13415360792165
108.9,左鎮區,4699,62.734888688628544
108.9,仁德區,76041,1497.8607898137352
108.9,歸仁區,68112,1220.8355066112458
108.9,關廟區,34225,638.0344995367375
108.9,龍崎區,3934,61.39066874319225
108.9,永康區,235667,5851.402720774271
108.9,東區,185967,13861.996481707863
108.9,南區,124807,4577.033236639149
108.9,北區,131632,12615.679509296531
108.9,安南區,194065,1810.2808167042283
108.9,安平區,67046,6058.574229869062
108.9,中西區,78331,12512.939297124602
108.8,總計,1881730,858.5893451842356
108.8,新營區,77137,2001.5516910318483
108.8,鹽水區,25279,483.8502837564958
108.8,白河區,27818,220.0711050072545
108.8,柳營區,21132,344.77076463995013
108.8,後壁區,23089,319.7085527472725
108.8,東山區,20563,164.61224901495223
108.8,麻豆區,44043,815.9979545858777
108.8,下營區,23714,707.2662254578859
108.8,六甲區,21987,325.50620233881244
108.8,官田區,21287,300.6838024558128
108.8,大內區,9436,134.2008888888889
108.8,佳里區,59086,1517.2743193758956
108.8,學甲區,25568,473.5525143586353
108.8,西港區,24573,727.7309530719706
108.8,七股區,22413,203.47855454238433
108.8,將軍區,19479,464.01109110139214
108.8,北門區,10898,247.1185003276622
108.8,新化區,43335,698.2994912815291
108.8,善化區,49731,899.1370410615136
108.8,新市區,37214,778.3792376426492
108.8,安定區,30439,973.4250079948833
108.8,山上區,7218,258.9138388693593
108.8,玉井區,13868,181.5986653781385
108.8,楠西區,9375,85.51366576789903
108.8,南化區,8623,50.27407914421542
108.8,左鎮區,4711,62.895096959380524
108.8,仁德區,76058,1498.1956569699644
108.8,歸仁區,68162,1221.731703688568
108.8,關廟區,34232,638.1649960012155
108.8,龍崎區,3944,61.54672026516275
108.8,永康區,235469,5846.486556276427
108.8,東區,186048,13868.034228808254
108.8,南區,124858,4578.903553969657
108.8,北區,131728,12624.880199348285
108.8,安南區,193975,1809.4412769958658
108.8,安平區,66989,6053.42345680128
108.8,中西區,78251,12500.159744408946
108.7,總計,1881796,858.6194594390873
108.7,新營區,77208,2003.3939997820366
108.7,鹽水區,25311,484.46277669847166
108.7,白河區,27859,220.39546029179317
108.7,柳營區,21101,344.2649964351499
108.7,後壁區,23150,320.55320698598285
108.7,東山區,20581,164.75634377166423
108.7,麻豆區,44045,816.0350091895417
108.7,下營區,23722,707.5048241676633
108.7,六甲區,22010,325.8467054840252
108.7,官田區,21280,300.5849258354721
108.7,大內區,9460,134.54222222222222
108.7,佳里區,59042,1516.1444397080802
108.7,學甲區,25593,474.0155467764609
108.7,西港區,24559,727.3163421842887
108.7,七股區,22476,204.05050604089726
108.7,將軍區,19509,464.72572392304835
108.7,北門區,10919,247.5946875644837
108.7,新化區,43362,698.7345688461904
108.7,善化區,49655,897.7629602040872
108.7,新市區,37198,778.0445768213915
108.7,安定區,30445,973.6168851934762
108.7,山上區,7237,259.5953798694311
108.7,玉井區,13883,181.79508735540068
108.7,楠西區,9389,85.64136617544577
108.7,南化區,8642,50.38485352711465
108.7,左鎮區,4730,63.14876005473782
108.7,仁德區,76013,1497.3092439093575
108.7,歸仁區,68177,1222.0005628117647
108.7,關廟區,34234,638.202280705352
108.7,龍崎區,3947,61.593535721753895
108.7,永康區,235287,5841.967657596591
108.7,東區,186013,13865.425325740183
108.7,南區,124886,4579.930394856994
108.7,北區,131762,12628.138777074948
108.7,安南區,193869,1808.4524857837944
108.7,安平區,66965,6051.254710246424
108.7,中西區,78277,12504.313099041534
108.6,總計,1882313,858.855354435426
108.6,新營區,77336,2006.7153451344884
108.6,鹽水區,25322,484.67332114727583
108.6,白河區,27909,220.79101551684036
108.6,柳營區,21092,344.118160504724
108.6,後壁區,23173,320.8716831743491
108.6,東山區,20616,165.0365280208265
108.6,麻豆區,44102,817.0910653939645
108.6,下營區,23741,708.0714961033848
108.6,六甲區,22044,326.3500579595571
108.6,官田區,21265,300.3730473633137
108.6,大內區,9471,134.69866666666667
108.6,佳里區,59080,1517.120244875739
108.6,學甲區,25614,474.40449400743444
108.6,西港區,24576,727.8197982621881
108.6,七股區,22538,204.61337894419572
108.6,將軍區,19524,465.08304033387645
108.6,北門區,10941,248.093550384011
108.6,新化區,43409,699.4919260883788
108.6,善化區,49570,896.2261592451234
108.6,新市區,37159,777.2288410695759
108.6,安定區,30406,972.3696834026223
108.6,山上區,7245,259.8823445010402
108.6,玉井區,13898,181.99150933266287
108.6,楠西區,9412,85.85115970212968
108.6,南化區,8652,50.443155833903724
108.6,左鎮區,4736,63.22886419011381
108.6,仁德區,75985,1496.7576980049798
108.6,歸仁區,68233,1223.0043035383653
108.6,關廟區,34259,638.6683395070589
108.6,龍崎區,3962,61.82761300470963
108.6,永康區,235157,5838.73987282528
108.6,東區,186057,13868.705089597186
108.6,南區,125011,4584.514505961178
108.6,北區,131776,12629.480544374162
108.6,安南區,193786,1807.6782436083045
108.6,安平區,66980,6052.610176843209
108.6,中西區,78276,12504.153354632588
108.5,總計,1882624,858.9972564545001
108.5,新營區,77363,2007.4159414197711
108.5,鹽水區,25320,484.63504033840235
108.5,白河區,27940,221.03625975636962
108.5,柳營區,21102,344.28131153853053
108.5,後壁區,23206,321.32862727070057
108.5,東山區,20639,165.2206490988474
108.5,麻豆區,44116,817.3504476196122
108.5,下營區,23756,708.5188686842176
108.5,六甲區,22082,326.91262837338684
108.5,官田區,21259,300.2882959744503
108.5,大內區,9488,134.94044444444444
108.5,佳里區,59078,1517.06888670902
108.5,學甲區,25633,474.7563986449819
108.5,西港區,24578,727.8790283889998
108.5,七股區,22583,205.0219157288478
108.5,將軍區,19564,466.03588409608477
108.5,北門區,10956,248.43368412459782
108.5,新化區,43423,699.7175218626477
108.5,善化區,49491,894.7978383538511
108.5,新市區,37138,776.7895987416753
108.5,安定區,30417,972.7214582667093
108.5,山上區,7261,260.4562737642585
108.5,玉井區,13902,182.04388852659946
108.5,楠西區,9432,86.03358885576786
108.5,南化區,8664,50.51311860205061
108.5,左鎮區,4749,63.40242315009512
108.5,仁德區,75963,1496.324340508683
108.5,歸仁區,68309,1224.366523095895
108.5,關廟區,34249,638.4819159863762
108.5,龍崎區,3970,61.95245422228603
108.5,永康區,235105,5837.448758916756
108.5,東區,186157,13876.1590983631
108.5,南區,124977,4583.26762774084
108.5,北區,131831,12634.751773049646
108.5,安南區,193756,1807.3983970388501
108.5,安平區,66953,6050.170336968996
108.5,中西區,78214,12494.249201277955
108.4,總計,1883078,859.2044060257529
108.4,新營區,77434,2009.2582501699594
108.4,鹽水區,25348,485.17097166263125
108.4,白河區,27965,221.2340373688932
108.4,柳營區,21094,344.15079071148534
108.4,後壁區,23213,321.4255548062903
108.4,東山區,20658,165.3727491198212
108.4,麻豆區,44170,818.3509219185391
108.4,下營區,23778,709.1750151361057
108.4,六甲區,22094,327.09028218828047
108.4,官田區,21268,300.4154230577454
108.4,大內區,9509,135.2391111111111
108.4,佳里區,59079,1517.0945657923794
108.4,學甲區,25646,474.99717550225125
108.4,西港區,24628,729.3597815592924
108.4,七股區,22611,205.27611639485355
108.4,將軍區,19588,466.60759035340976
108.4,北門區,10973,248.81916903059619
108.4,新化區,43429,699.8142057659057
108.4,善化區,49361,892.4474368872006
108.4,新市區,37093,775.8483651818881
108.4,安定區,30434,973.2651103293892
108.4,山上區,7278,261.066073606428
108.4,玉井區,13934,182.46292207809213
108.4,楠西區,9450,86.19777509404223
108.4,南化區,8670,50.54809998612405
108.4,左鎮區,4756,63.49587797470044
108.4,仁德區,75920,1495.477323584103
108.4,歸仁區,68371,1225.4778074717742
108.4,關廟區,34259,638.6683395070589
108.4,龍崎區,3980,62.10850574425652
108.4,永康區,235013,5835.1644804632115
108.4,東區,186263,13884.06034765497
108.4,南區,125008,4584.404487294678
108.4,北區,131913,12642.610695802186
108.4,安南區,193788,1807.696900046268
108.4,安平區,66902,6045.561750539928
108.4,中西區,78200,12492.012779552717
108.3,總計,1883356,859.3312509174011
108.3,新營區,77524,2011.593571120902
108.3,鹽水區,25369,485.5729201558029
108.3,白河區,28007,221.56630375793284
108.3,柳營區,21092,344.118160504724
108.3,後壁區,23229,321.6471034590668
108.3,東山區,20692,165.64492810472166
108.3,麻豆區,44203,818.9623228789944
108.3,下營區,23821,710.4574832011596
108.3,六甲區,22108,327.297544972323
108.3,官田區,21255,300.23179504854136
108.3,大內區,9530,135.5377777777778
108.3,佳里區,59055,1516.4782677917528
108.3,學甲區,25676,475.552814403642
108.3,西港區,24667,730.5147690321205
108.3,七股區,22657,205.6937317747201
108.3,將軍區,19610,467.13165442262436
108.3,北門區,10987,249.13662718847718
108.3,新化區,43416,699.6047239755133
108.3,善化區,49272,890.8383158831091
108.3,新市區,37072,775.4091228539875
108.3,安定區,30439,973.4250079948833
108.3,山上區,7296,261.7117440275486
108.3,玉井區,13957,182.76410244322747
108.3,楠西區,9470,86.38020424768041
108.3,南化區,8672,50.559760447481864
108.3,左鎮區,4769,63.66943693468175
108.3,仁德區,75896,1495.004569951779
108.3,歸仁區,68387,1225.7645905365173
108.3,關廟區,34277,639.0039018442878
108.3,龍崎區,3989,62.24895211402997
108.3,永康區,234893,5832.184986828155
108.3,東區,186348,13890.396255105996
108.3,南區,124952,4582.350805520003
108.3,北區,131922,12643.473260494538
108.3,安南區,193782,1807.6409307323772
108.3,安平區,66852,6041.043528550645
108.3,中西區,78213,12494.08945686901
108.2,總計,1883448,859.373228363558
108.2,新營區,77563,2012.6055435329772
108.2,鹽水區,25375,485.6877625824234
108.2,白河區,28033,221.7719924749574
108.2,柳營區,21127,344.68918912304684
108.2,後壁區,23269,322.200975091008
108.2,東山區,20708,165.77301233291013
108.2,麻豆區,44221,819.29581431197
108.2,下營區,23838,710.9645054594367
108.2,六甲區,22115,327.4011763643443
108.2,官田區,21279,300.5708006039949
108.2,大內區,9558,135.936
108.2,佳里區,59073,1516.9404912922228
108.2,學甲區,25675,475.534293106929
108.2,西港區,24657,730.2186183980621
108.2,七股區,22717,206.23844748758958
108.2,將軍區,19626,467.5127919275077
108.2,北門區,11013,249.72619233882764
108.2,新化區,43418,699.6369519432659
108.2,善化區,49143,888.5059944277406
108.2,新市區,37017,774.2587262809143
108.2,安定區,30447,973.6808442596738
108.2,山上區,7300,261.8552263433532
108.2,玉井區,13959,182.79029204019577
108.2,楠西區,9490,86.56263340131859
108.2,南化區,8686,50.641383676986564
108.2,左鎮區,4767,63.64273555622309
108.2,仁德區,75911,1495.3000409719816
108.2,歸仁區,68398,1225.961753893528
108.2,關廟區,34285,639.1530406608341
108.2,龍崎區,3986,62.20213665743882
108.2,永康區,234814,5830.223486851743
108.2,東區,186403,13894.49595992725
108.2,南區,124906,4580.663852633664
108.2,北區,131980,12649.03201073414
108.2,安南區,193704,1806.9133296517962
108.2,安平區,66835,6039.507333074289
108.2,中西區,78152,12484.345047923323
108.1,總計,1883723,859.4987044254403
108.1,新營區,77622,2014.136476156373
108.1,鹽水區,25377,485.72604339129686
108.1,白河區,28073,222.08843665499515
108.1,柳營區,21173,345.4396838785569
108.1,後壁區,23305,322.6994595597551
108.1,東山區,20746,166.0772123748577
108.1,麻豆區,44221,819.29581431197
108.1,下營區,23876,712.0978493308797
108.1,六甲區,22120,327.47519878721664
108.1,官田區,21299,300.8533052335395
108.1,大內區,9576,136.192
108.1,佳里區,59114,1517.9933337099599
108.1,學甲區,25658,475.2194310628076
108.1,西港區,24680,730.8997648563966
108.1,七股區,22713,206.20213310673162
108.1,將軍區,19640,467.8462872442806
108.1,北門區,11038,250.2930819064723
108.1,新化區,43439,699.9753456046692
108.1,善化區,49040,886.643753265702
108.1,新市區,37007,774.0495632676282
108.1,安定區,30463,974.1925167892549
108.1,山上區,7305,262.0345792381089
108.1,玉井區,13971,182.94742962200553
108.1,楠西區,9519,86.82715567409396
108.1,南化區,8711,50.78713944395924
108.1,左鎮區,4776,63.76289175928707
108.1,仁德區,75925,1495.5758139241705
108.1,歸仁區,68396,1225.9259060104353
108.1,關廟區,34321,639.824165335292
108.1,龍崎區,3989,62.24895211402997
108.1,永康區,234817,5830.297974192619
108.1,東區,186362,13891.439816333224
108.1,南區,124841,4578.280114859488
108.1,北區,132049,12655.645006708837
108.1,安南區,193628,1806.204385009179
108.1,安平區,66721,6029.205786938724
108.1,中西區,78212,12493.929712460063
107.12,總計,1883831,859.5479822970159
107.12,新營區,77617,2014.0067361035428
107.12,鹽水區,25395,486.0705706711583
107.12,白河區,28105,222.34159199902535
107.12,柳營區,21205,345.96176718673775
107.12,後壁區,23346,323.26717798249484
107.12,東山區,20788,166.4134334738524
107.12,麻豆區,44260,820.0183790834172
107.12,下營區,23916,713.2908428797672
107.12,六甲區,22148,327.8897243553017
107.12,官田區,21314,301.06518370569796
107.12,大內區,9605,136.60444444444445
107.12,佳里區,59083,1517.1972821258173
107.12,學甲區,25665,475.34908013979873
107.12,西港區,24690,731.1959154904551
107.12,七股區,22732,206.37462641580694
107.12,將軍區,19664,468.41799350160557
107.12,北門區,11051,250.58786448164753
107.12,新化區,43456,700.2492833305671
107.12,善化區,48968,885.3419924534033
107.12,新市區,36898,771.7696864228104
107.12,安定區,30483,974.8321074512312
107.12,山上區,7317,262.4650261855226
107.12,玉井區,13997,183.28789438259332
107.12,楠西區,9537,86.99134191236833
107.12,南化區,8724,50.86293244278503
107.12,左鎮區,4781,63.82964520543373
107.12,仁德區,75878,1494.6500047275365
107.12,歸仁區,68403,1226.0513736012604
107.12,關廟區,34353,640.4207206014769
107.12,龍崎區,3995,62.342583027212264
107.12,永康區,234891,5832.135328600904
107.12,東區,186250,13883.091326515401
107.12,南區,124824,4577.656675749318
107.12,北區,132112,12661.6829595553
107.12,安南區,193438,1804.4320234026359
107.12,安平區,66775,6034.085466687149
107.12,中西區,78167,12486.741214057509
107.11,總計,1883760,859.5155866592208
107.11,新營區,77632,2014.3959562620332
107.11,鹽水區,25393,486.0322898622848
107.11,白河區,28140,222.61848065655838
107.11,柳營區,21215,346.12491822054426
107.11,後壁區,23397,323.9733643132199
107.11,東山區,20836,166.79768615841778
107.11,麻豆區,44295,820.6668346475366
107.11,下營區,23919,713.3803173959337
107.11,六甲區,22172,328.24503198508893
107.11,官田區,21315,301.0793089371752
107.11,大內區,9631,136.9742222222222
107.11,佳里區,59065,1516.7350586253474
107.11,學甲區,25704,476.07141071160675
107.11,西港區,24713,731.8770619487897
107.11,七股區,22755,206.58343410574022
107.11,將軍區,19679,468.77530991243367
107.11,北門區,11064,250.88264705682275
107.11,新化區,43477,700.5876769919704
107.11,善化區,48919,884.4560719005889
107.11,新市區,36868,771.1421973829523
107.11,安定區,30510,975.6955548448993
107.11,山上區,7319,262.5367673434249
107.11,玉井區,14020,183.5890747477287
107.11,楠西區,9554,87.14640669296078
107.11,南化區,8742,50.96787659500536
107.11,左鎮區,4787,63.90974934080972
107.11,仁德區,75849,1494.0787607551451
107.11,歸仁區,68406,1226.1051454258998
107.11,關廟區,34386,641.03591821973
107.11,龍崎區,4002,62.451819092591606
107.11,永康區,234940,5833.351955168552
107.11,東區,186082,13870.568591788664
107.11,南區,124770,4575.676339752311
107.11,北區,132035,12654.303239409623
107.11,安南區,193313,1803.26599602991
107.11,安平區,66730,6030.019066896794
107.11,中西區,78126,12480.191693290735
107.10,總計,1883804,859.535662829122
107.10,新營區,77651,2014.888968462788
107.10,鹽水區,25397,486.1088514800318
107.10,白河區,28152,222.7134139105697
107.10,柳營區,21212,346.07597291040236
107.10,後壁區,23424,324.34722766478023
107.10,東山區,20870,167.06986514331825
107.10,麻豆區,44306,820.8706349676884
107.10,下營區,23938,713.9469893316552
107.10,六甲區,22196,328.60033961487613
107.10,官田區,21329,301.27706217785646
107.10,大內區,9643,137.1448888888889
107.10,佳里區,59087,1517.299998459255
107.10,學甲區,25725,476.4603579425803
107.10,西港區,24724,732.202827646254
107.10,七股區,22810,207.08275684253724
107.10,將軍區,19691,469.06116304109617
107.10,北門區,11099,251.67629245152528
107.10,新化區,43516,701.216122363148
107.10,善化區,48870,883.5701513477744
107.10,新市區,36824,770.2218801244937
107.10,安定區,30522,976.0793092420851
107.10,山上區,7328,262.8596025539852
107.10,玉井區,14021,183.60216954621285
107.10,楠西區,9572,87.31059293123515
107.10,南化區,8741,50.96204636432645
107.10,左鎮區,4801,64.09665899002036
107.10,仁德區,75797,1493.0544612184437
107.10,歸仁區,68391,1225.8362863027032
107.10,關廟區,34387,641.0545605717982
107.10,龍崎區,3999,62.40500363600046
107.10,永康區,234921,5832.880202009668
107.10,東區,186117,13873.177494856734
107.10,南區,124790,4576.409797528981
107.10,北區,132020,12652.865631589037
107.10,安南區,193163,1801.866763182639
107.10,安平區,66677,6025.229751588155
107.10,中西區,78093,12474.920127795527
107.9,總計,1884036,859.6415189976917
107.9,新營區,77666,2015.2781886212783
107.9,鹽水區,25427,486.68306361313415
107.9,白河區,28175,222.89536931409143
107.9,柳營區,21219,346.1901786340669
107.9,後壁區,23470,324.9841800415127
107.9,東山區,20883,167.17393357872137
107.9,麻豆區,44337,821.4449813244797
107.9,下營區,23969,714.8715593320429
107.9,六甲區,22202,328.6891665223229
107.9,官田區,21355,301.64431819626446
107.9,大內區,9652,137.2728888888889
107.9,佳里區,59128,1518.352840876992
107.9,學甲區,25743,476.7937412834147
107.9,西港區,24735,732.5285933437184
107.9,七股區,22849,207.43682205590238
107.9,將軍區,19697,469.20408960542744
107.9,北門區,11100,251.6989680342311
107.9,新化區,43539,701.586743992304
107.9,善化區,48857,883.3351112011094
107.9,新市區,36821,770.159131220508
107.9,安定區,30545,976.8148385033579
107.9,山上區,7337,263.1824377645455
107.9,玉井區,14038,183.82478112044333
107.9,楠西區,9595,87.52038645791906
107.9,南化區,8747,50.997027748399894
107.9,左鎮區,4813,64.25686726077234
107.9,仁德區,75773,1492.58170758612
107.9,歸仁區,68404,1226.069297542807
107.9,關廟區,34391,641.1291299800713
107.9,龍崎區,4000,62.42060878819751
107.9,永康區,234907,5832.532594418912
107.9,東區,186114,13872.953874593757
107.9,南區,124845,4578.426806414822
107.9,北區,131940,12645.198389879242
107.9,安南區,193102,1801.297741824749
107.9,安平區,66669,6024.50683606987
107.9,中西區,77992,12458.785942492013
107.8,總計,1884327,859.7742954849925
107.8,新營區,77728,2016.8869652763722
107.8,鹽水區,25461,487.3338373639835
107.8,白河區,28194,223.04568029960936
107.8,柳營區,21254,346.76120725238974
107.8,後壁區,23475,325.0534139955053
107.8,東山區,20905,167.35004939248049
107.8,麻豆區,44383,822.2972372087507
107.8,下營區,24013,716.183852235819
107.8,六甲區,22235,329.17771451328036
107.8,官田區,21340,301.43243972410596
107.8,大內區,9663,137.42933333333335
107.8,佳里區,59154,1519.0204970443376
107.8,學甲區,25758,477.0715607341101
107.8,西港區,24745,732.824743977777
107.8,七股區,22872,207.64562974583566
107.8,將軍區,19706,469.41847945192427
107.8,北門區,11120,252.1524796883468
107.8,新化區,43542,701.6350859439331
107.8,善化區,48826,882.7746308513697
107.8,新市區,36773,769.155148756735
107.8,安定區,30587,978.1579788935081
107.8,山上區,7325,262.7519908171318
107.8,玉井區,14046,183.92953950831648
107.8,楠西區,9608,87.63896540778389
107.8,南化區,8750,51.01451844043661
107.8,左鎮區,4814,64.27021795000167
107.8,仁德區,75703,1491.2028428251758
107.8,歸仁區,68430,1226.5353200230143
107.8,關廟區,34401,641.315553500754
107.8,龍崎區,4001,62.43621394039456
107.8,永康區,234739,5828.3613033298325
107.8,東區,186253,13883.314946778379
107.8,南區,124940,4581.9107308540015
107.8,北區,131972,12648.265286563159
107.8,安南區,193009,1800.4302174594409
107.8,安平區,66660,6023.693556111799
107.8,中西區,77942,12450.798722044728
107.7,總計,1884596,859.8970338873429
107.7,新營區,77792,2018.547637952598
107.7,鹽水區,25515,488.36741920356775
107.7,白河區,28246,223.45705773365842
107.7,柳營區,21260,346.85909787267366
107.7,後壁區,23495,325.3303498114759
107.7,東山區,20932,167.5661915275485
107.7,麻豆區,44420,822.982747376534
107.7,下營區,24033,716.7803490102627
107.7,六甲區,22254,329.45899972019527
107.7,官田區,21339,301.4183144926288
107.7,大內區,9668,137.50044444444444
107.7,佳里區,59230,1520.972107379655
107.7,學甲區,25801,477.8679764927702
107.7,西港區,24745,732.824743977777
107.7,七股區,22882,207.73641569798056
107.7,將軍區,19703,469.34701616975866
107.7,北門區,11141,252.62866692516832
107.7,新化區,43582,702.2796452989869
107.7,善化區,48702,880.5327094524107
107.7,新市區,36770,769.0923998527492
107.7,安定區,30586,978.1259993604093
107.7,山上區,7318,262.5008967644738
107.7,玉井區,14089,184.4926158431348
107.7,楠西區,9627,87.81227310374015
107.7,南化區,8765,51.10197190062022
107.7,左鎮區,4825,64.41707553152432
107.7,仁德區,75615,1489.4694128399888
107.7,歸仁區,68463,1227.126810094047
107.7,關廟區,34419,641.6511158379831
107.7,龍崎區,4006,62.51423970137981
107.7,永康區,234449,5821.160860378445
107.7,東區,186396,13893.974179313635
107.7,南區,125004,4584.257795739344
107.7,北區,132042,12654.97412305923
107.7,安南區,192887,1799.2921747436606
107.7,安平區,66613,6019.446427441873
107.7,中西區,77982,12457.188498402556
107.6,總計,1884717,859.952243354571
107.6,新營區,77858,2020.260206649956
107.6,鹽水區,25487,487.8314878793389
107.6,白河區,28294,223.83679074970374
107.6,柳營區,21271,347.0385640098608
107.6,後壁區,23532,325.84268107102156
107.6,東山區,20942,167.6462441701663
107.6,麻豆區,44440,823.3532934131736
107.6,下營區,24056,717.466320300873
107.6,六甲區,22260,329.54782662764205
107.6,官田區,21322,301.17818555751586
107.6,大內區,9688,137.7848888888889
107.6,佳里區,59317,1523.2061876319262
107.6,學甲區,25828,478.3680515040219
107.6,西港區,24747,732.8839741045887
107.6,七股區,22892,207.8272016501255
107.6,將軍區,19715,469.63286929842116
107.6,北門區,11146,252.74204483869727
107.6,新化區,43606,702.6663809120193
107.6,善化區,48656,879.7010289334421
107.6,新市區,36757,768.8204879354773
107.6,安定區,30544,976.7828589702591
107.6,山上區,7325,262.7519908171318
107.6,玉井區,14097,184.59737423100793
107.6,楠西區,9638,87.91260913824117
107.6,南化區,8761,51.07865097790459
107.6,左鎮區,4829,64.47047828844164
107.6,仁德區,75520,1487.5980963787072
107.6,歸仁區,68464,1227.1447340355933
107.6,關廟區,34411,641.5019770214368
107.6,龍崎區,4003,62.46742424478866
107.6,永康區,234313,5817.784100925381
107.6,東區,186563,13906.422373952711
107.6,南區,125034,4585.357982404348
107.6,北區,132144,12664.74985623922
107.6,安南區,192759,1798.0981627139893
107.6,安平區,66653,6023.061005033299
107.6,中西區,77845,12435.303514376998
107.5,總計,1884935,860.0517116508995
107.5,新營區,77916,2021.7651912627857
107.5,鹽水區,25516,488.3865596080045
107.5,白河區,28324,224.07412388473205
107.5,柳營區,21273,347.07119421662213
107.5,後壁區,23571,326.3827059121642
107.5,東山區,20953,167.73430207704587
107.5,麻豆區,44468,823.8720578644691
107.5,下營區,24063,717.6750941719283
107.5,六甲區,22284,329.90313425742926
107.5,官田區,21312,301.03693324274354
107.5,大內區,9712,138.12622222222222
107.5,佳里區,59312,1523.0777922151292
107.5,學甲區,25872,479.182988559395
107.5,西港區,24735,732.5285933437184
107.5,七股區,22935,208.2175812443486
107.5,將軍區,19728,469.9425435211389
107.5,北門區,11149,252.81007158681462
107.5,新化區,43614,702.79529278303
107.5,善化區,48617,878.9959084934469
107.5,新市區,36764,768.9669020447776
107.5,安定區,30532,976.3991045730733
107.5,山上區,7320,262.5726379223761
107.5,玉井區,14110,184.76760661130183
107.5,楠西區,9652,88.04030954578789
107.5,南化區,8765,51.10197190062022
107.5,左鎮區,4840,64.61733586996428
107.5,仁德區,75539,1487.9723596709634
107.5,歸仁區,68476,1227.3598213341506
107.5,關廟區,34403,641.3528382048906
107.5,龍崎區,4010,62.576660310168
107.5,永康區,234231,5815.748113608092
107.5,東區,186575,13907.316855004621
107.5,南區,125055,4586.128113069851
107.5,北區,132403,12689.57255127468
107.5,安南區,192535,1796.0086416620647
107.5,安平區,66671,6024.687564949441
107.5,中西區,77700,12412.140575079873
107.4,總計,1885478,860.2994698385434
107.4,新營區,78005,2024.0745642031625
107.4,鹽水區,25540,488.8459293144864
107.4,白河區,28356,224.32727922876225
107.4,柳營區,21281,347.2017150436674
107.4,後壁區,23597,326.74272247292606
107.4,東山區,20982,167.96645474063743
107.4,麻豆區,44523,824.891059465228
107.4,下營區,24096,718.6593138497603
107.4,六甲區,22278,329.81430734998247
107.4,官田區,21343,301.4748154185377
107.4,大內區,9712,138.12622222222222
107.4,佳里區,59381,1524.8496489669305
107.4,學甲區,25920,480.07201080162025
107.4,西港區,24733,732.4693632169067
107.4,七股區,22915,208.03600934005877
107.4,將軍區,19738,470.1807544616909
107.4,北門區,11161,253.08217857928406
107.4,新化區,43644,703.2787122993205
107.4,善化區,48598,878.6523882790902
107.4,新市區,36702,767.6700913624042
107.4,安定區,30552,977.0386952350495
107.4,山上區,7320,262.5726379223761
107.4,玉井區,14134,185.08188177492136
107.4,楠西區,9662,88.13152412260698
107.4,南化區,8767,51.113632361978034
107.4,左鎮區,4851,64.76419345148693
107.4,仁德區,75545,1488.0905480790445
107.4,歸仁區,68535,1228.4173338853907
107.4,關廟區,34391,641.1291299800713
107.4,龍崎區,4008,62.5454500057739
107.4,永康區,234211,5815.2515313355825
107.4,東區,186596,13908.882196845463
107.4,南區,125120,4588.511850844026
107.4,北區,132524,12701.169254360744
107.4,安南區,192346,1794.2456082745034
107.4,安平區,66625,6020.530800719301
107.4,中西區,77786,12425.878594249201
107.3,總計,1885882,860.4838055803631
107.3,新營區,78018,2024.4118883405208
107.3,鹽水區,25540,488.8459293144864
107.3,白河區,28399,224.66745672230283
107.3,柳營區,21309,347.65853793832565
107.3,後壁區,23636,327.28274731406873
107.3,東山區,21007,168.16658634718192
107.3,麻豆區,44538,825.1689689927076
107.3,下營區,24126,719.5540590114259
107.3,六甲區,22269,329.68106698881223
107.3,官田區,21347,301.5313163444466
107.3,大內區,9711,138.112
107.3,佳里區,59355,1524.181992799585
107.3,學甲區,25936,480.36835154902866
107.3,西港區,24764,733.3874301824881
107.3,七股區,22947,208.32652438692247
107.3,將軍區,19753,470.5380708725191
107.3,北門區,11169,253.26358324093036
107.3,新化區,43671,703.7137898639819
107.3,善化區,48536,877.5314275796109
107.3,新市區,36668,766.9589371172316
107.3,安定區,30540,976.6549408378638
107.3,山上區,7319,262.5367673434249
107.3,玉井區,14138,185.13426096885794
107.3,楠西區,9670,88.20449578406226
107.3,南化區,8758,51.06116028586787
107.3,左鎮區,4856,64.83094689763358
107.3,仁德區,75490,1487.0071543383026
107.3,歸仁區,68536,1228.4352578269372
107.3,關廟區,34390,641.110487628003
107.3,龍崎區,4016,62.6702912233503
107.3,永康區,234127,5813.165885791043
107.3,東區,186703,13916.857986224992
107.3,南區,125199,4591.409009061871
107.3,北區,132613,12709.699060762892
107.3,安南區,192401,1794.7586603185027
107.3,安平區,66615,6019.627156321444
107.3,中西區,77812,12430.03194888179
107.2,總計,1886074,860.5714106853864
107.2,新營區,78023,2024.541628393351
107.2,鹽水區,25560,489.2287374032213
107.2,白河區,28438,224.97598979783965
107.2,柳營區,21334,348.06641552284196
107.2,後壁區,23650,327.47660238524816
107.2,東山區,21026,168.3186863681557
107.2,麻豆區,44574,825.8359518586589
107.2,下營區,24176,721.0453009475351
107.2,六甲區,22276,329.7846983808335
107.2,官田區,21380,301.9974489831952
107.2,大內區,9738,138.496
107.2,佳里區,59335,1523.6684111323962
107.2,學甲區,25965,480.9054691537064
107.2,西港區,24752,733.0320494216179
107.2,七股區,22983,208.65335381464416
107.2,將軍區,19817,472.06262089205234
107.2,北門區,11178,253.46766348528243
107.2,新化區,43640,703.2142563638151
107.2,善化區,48452,876.012706631929
107.2,新市區,36639,766.3523643787021
107.2,安定區,30555,977.134633834346
107.2,山上區,7319,262.5367673434249
107.2,玉井區,14135,185.0949765734055
107.2,楠西區,9700,88.47813951451953
107.2,南化區,8767,51.113632361978034
107.2,左鎮區,4857,64.84429758686292
107.2,仁德區,75524,1487.6768886507612
107.2,歸仁區,68460,1227.0730382694076
107.2,關廟區,34428,641.8188970065975
107.2,龍崎區,4027,62.84194789751784
107.2,永康區,234038,5810.956094678376
107.2,東區,186762,13921.255851396882
107.2,南區,125312,4595.5530455000535
107.2,北區,132577,12706.248801993484
107.2,安南區,192363,1794.4041879971942
107.2,安平區,66521,6011.132898981593
107.2,中西區,77793,12426.996805111821
107.1,總計,1886251,860.6521716415796
107.1,新營區,78005,2024.0745642031625
107.1,鹽水區,25562,489.2670182120948
107.1,白河區,28496,225.43483385889436
107.1,柳營區,21334,348.06641552284196
107.1,後壁區,23703,328.2104822975703
107.1,東山區,21036,168.39873901077348
107.1,麻豆區,44579,825.9285883678187
107.1,下營區,24213,722.148819980256
107.1,六甲區,22260,329.54782662764205
107.1,官田區,21418,302.53420777933
107.1,大內區,9750,138.66666666666666
107.1,佳里區,59362,1524.361746383101
107.1,學甲區,25995,481.46110805509716
107.1,西港區,24759,733.2393548654588
107.1,七股區,22986,208.68058960028762
107.1,將軍區,19837,472.5390427731565
107.1,北門區,11186,253.64906814692873
107.1,新化區,43622,702.9242046540409
107.1,善化區,48407,875.1991061242422
107.1,新市區,36613,765.8085405441584
107.1,安定區,30541,976.6869203709626
107.1,山上區,7321,262.6085085013272
107.1,玉井區,14136,185.10807137188965
107.1,楠西區,9714,88.60583992206627
107.1,南化區,8791,51.2535578982718
107.1,左鎮區,4864,64.93775241146824
107.1,仁德區,75485,1486.9086639982352
107.1,歸仁區,68444,1226.7862552046645
107.1,關廟區,34423,641.7256852462561
107.1,龍崎區,4029,62.87315820191194
107.1,永康區,233974,5809.367031406346
107.1,東區,186813,13925.057395867498
107.1,南區,125349,4596.909942386892
107.1,北區,132602,12708.644815027794
107.1,安南區,192327,1794.0683721138491
107.1,安平區,66542,6013.030552217091
107.1,中西區,77773,12423.801916932907
106.12,總計,1886522,860.7758225971072
106.12,新營區,77966,2023.0625917910872
106.12,鹽水區,25583,489.6689667052665
106.12,白河區,28520,225.624700366917
106.12,柳營區,21365,348.5721837276422
106.12,後壁區,23718,328.4181841595482
106.12,東山區,21049,168.5028074461766
106.12,麻豆區,44603,826.3732436117863
106.12,下營區,24239,722.9242657870327
106.12,六甲區,22275,329.7698938962591
106.12,官田區,21448,302.9579647236469
106.12,大內區,9761,138.8231111111111
106.12,佳里區,59380,1524.823969883571
106.12,學甲區,26078,482.99837568227827
106.12,西港區,24758,733.209739802053
106.12,七股區,22974,208.57164645771374
106.12,將軍區,19849,472.824895901819
106.12,北門區,11188,253.6944193123403
106.12,新化區,43630,703.0531165250517
106.12,善化區,48386,874.8194258873218
106.12,新市區,36574,764.9928047923429
106.12,安定區,30564,977.4224496322354
106.12,山上區,7314,262.3574144486692
106.12,玉井區,14151,185.30449334915184
106.12,楠西區,9717,88.633204295112
106.12,南化區,8787,51.230236975556174
106.12,左鎮區,4876,65.09796068222022
106.12,仁德區,75518,1487.5587002426803
106.12,歸仁區,68424,1226.4277763737357
106.12,關廟區,34433,641.9121087669389
106.12,龍崎區,4038,63.013604571685384
106.12,永康區,233905,5807.653822566188
106.12,東區,186841,13927.144518321955
106.12,南區,125394,4598.560222384398
106.12,北區,132726,12720.529039677976
106.12,安南區,192224,1793.107565558723
106.12,安平區,66496,6008.873787986951
106.12,中西區,77770,12423.32268370607
106.11,總計,1886465,860.7498148315534
106.11,新營區,78019,2024.4378363510868
106.11,鹽水區,25588,489.7646687274502
106.11,白河區,28564,225.97278896495854
106.11,柳營區,21369,348.6374441411648
106.11,後壁區,23750,328.86128146510123
106.11,東山區,21075,168.71094431698285
106.11,麻豆區,44623,826.7437896484258
106.11,下營區,24258,723.4909377227543
106.11,六甲區,22296,330.0807880723229
106.11,官田區,21462,303.1557179643282
106.11,大內區,9773,138.99377777777778
106.11,佳里區,59386,1524.9780443837276
106.11,學甲區,26106,483.51697199024295
106.11,西港區,24739,732.6470535973418
106.11,七股區,22987,208.68966819550212
106.11,將軍區,19877,473.4918865353648
106.11,北門區,11191,253.76244606045765
106.11,新化區,43624,702.9564326217935
106.11,善化區,48322,873.6623051652784
106.11,新市區,36538,764.2398179445132
106.11,安定區,30577,977.83818356252
106.11,山上區,7310,262.2139321328646
106.11,玉井區,14172,185.5794841173189
106.11,楠西區,9714,88.60583992206627
106.11,南化區,8789,51.24189743691399
106.11,左鎮區,4878,65.12466206067889
106.11,仁德區,75512,1487.4405118345994
106.11,歸仁區,68402,1226.033449659714
106.11,關廟區,34458,642.3781675686458
106.11,龍崎區,4038,63.013604571685384
106.11,永康區,233777,5804.4756960221275
106.11,東區,186821,13925.653716568771
106.11,南區,125419,4599.477044605234
106.11,北區,132747,12722.541690626798
106.11,安南區,192219,1793.060924463814
106.11,安平區,66439,6003.723014919169
106.11,中西區,77646,12403.514376996805
106.10,總計,1886387,860.7142252576377
106.10,新營區,77952,2022.6993196431629
106.10,鹽水區,25606,490.10919600731165
106.10,白河區,28596,226.22594430898874
106.10,柳營區,21378,348.7842800715907
106.10,後壁區,23776,329.221298025863
106.10,東山區,21091,168.83902854517132
106.10,麻豆區,44647,827.1884448923934
106.10,下營區,24286,724.3260332069755
106.10,六甲區,22303,330.18441946434416
106.10,官田區,21473,303.3110955105777
106.10,大內區,9795,139.30666666666667
106.10,佳里區,59380,1524.823969883571
106.10,學甲區,26110,483.5910571770951
106.10,西港區,24778,733.80204107017
106.10,七股區,23026,209.04373340886727
106.10,將軍區,19868,473.2774966888679
106.10,北門區,11209,254.17060654916182
106.10,新化區,43678,703.8265877511163
106.10,善化區,48284,872.9752647365652
106.10,新市區,36489,763.2149191794116
106.10,安定區,30565,977.4544291653342
106.10,山上區,7319,262.5367673434249
106.10,玉井區,14165,185.48782052792987
106.10,楠西區,9704,88.51462534524717
106.10,南化區,8792,51.25938812895071
106.10,左鎮區,4883,65.19141550682554
106.10,仁德區,75477,1486.7510794541272
106.10,歸仁區,68387,1225.7645905365173
106.10,關廟區,34450,642.2290287520996
106.10,龍崎區,4043,63.09163033267063
106.10,永康區,233748,5803.755651726989
106.10,東區,186908,13932.138704195117
106.10,南區,125488,4602.007473934744
106.10,北區,132687,12716.791259344453
106.10,安南區,192152,1792.435933792033
106.10,安平區,66353,5995.951673097603
106.10,中西區,77541,12386.741214057509
106.9,總計,1886088,860.5777985576276
106.9,新營區,77976,2023.3220718967475
106.9,鹽水區,25593,489.86037074963394
106.9,白河區,28605,226.29714424949725
106.9,柳營區,21381,348.83322538173263
106.9,後壁區,23811,329.7059357038116
106.9,東山區,21103,168.93509171631266
106.9,麻豆區,44645,827.1513902887294
106.9,下營區,24304,724.8628803039747
106.9,六甲區,22324,330.49531364040797
106.9,官田區,21477,303.3675964364866
106.9,大內區,9815,139.5911111111111
106.9,佳里區,59437,1526.2876776350593
106.9,學甲區,26112,483.62809977052115
106.9,西港區,24763,733.3578151190823
106.9,七股區,23046,209.22530531315707
106.9,將軍區,19867,473.25367559481276
106.9,北門區,11199,253.94385072210395
106.9,新化區,43686,703.9554996221271
106.9,善化區,48239,872.1616642288785
106.9,新市區,36448,762.3573508249389
106.9,安定區,30581,977.9661016949153
106.9,山上區,7325,262.7519908171318
106.9,玉井區,14159,185.40925173702502
106.9,楠西區,9729,88.74266178729489
106.9,南化區,8781,51.195255591482734
106.9,左鎮區,4894,65.33827308834819
106.9,仁德區,75410,1485.4313088972235
106.9,歸仁區,68340,1224.9221652838346
106.9,關廟區,34438,642.0053205272802
106.9,龍崎區,4048,63.16965609365588
106.9,永康區,233555,5798.963632797272
106.9,東區,186959,13935.940248665733
106.9,南區,125596,4605.968145928759
106.9,北區,132702,12718.228867165039
106.9,安南區,192024,1791.2419217623617
106.9,安平區,66319,5992.879282144891
106.9,中西區,77397,12363.73801916933
106.8,總計,1886145,860.6038063231814
106.8,新營區,77985,2023.5556039918417
106.8,鹽水區,25613,490.24317883836886
106.8,白河區,28642,226.58985511603217
106.8,柳營區,21385,348.8984857952552
106.8,後壁區,23819,329.81671003019983
106.8,東山區,21117,169.04716541597756
106.8,麻豆區,44675,827.7072093436888
106.8,下營區,24339,725.9067496592512
106.8,六甲區,22354,330.93944817764196
106.8,官田區,21505,303.7631029178491
106.8,大內區,9836,139.88977777777777
106.8,佳里區,59474,1527.2378037193585
106.8,學甲區,26153,484.38747293575517
106.8,西港區,24773,733.6539657531407
106.8,七股區,23048,209.24346250358604
106.8,將軍區,19879,473.53952872347526
106.8,北門區,11208,254.14793096645602
106.8,新化區,43711,704.3583492190359
106.8,善化區,48147,870.4983031909412
106.8,新市區,36411,761.5834476757806
106.8,安定區,30553,977.0706747681484
106.8,山上區,7323,262.6802496592295
106.8,玉井區,14169,185.54019972186646
106.8,楠西區,9745,88.88860511020545
106.8,南化區,8790,51.2477276675929
106.8,左鎮區,4892,65.31157170988952
106.8,仁德區,75344,1484.131236408333
106.8,歸仁區,68385,1225.7287426534244
106.8,關廟區,34429,641.8375393586658
106.8,龍崎區,4054,63.263287006838176
106.8,永康區,233387,5794.792341708193
106.8,東區,187091,13945.77954023674
106.8,南區,125644,4607.728444592766
106.8,北區,132733,12721.199923327584
106.8,安南區,191960,1790.6449157475263
106.8,安平區,66252,5986.824864679252
106.8,中西區,77320,12351.437699680511
106.7,總計,1886267,860.6594720669982
106.7,新營區,78097,2026.461781175237
106.7,鹽水區,25661,491.1619182513327
106.7,白河區,28653,226.67687726554254
106.7,柳營區,21412,349.33899358653287
106.7,後壁區,23874,330.578283524119
106.7,東山區,21131,169.15923911564244
106.7,麻豆區,44718,828.5038833224639
106.7,下營區,24373,726.9207941758056
106.7,六甲區,22369,331.161515446259
106.7,官田區,21482,303.43822259387275
106.7,大內區,9869,140.3591111111111
106.7,佳里區,59510,1528.1622507202983
106.7,學甲區,26170,484.7023349798766
106.7,西港區,24786,734.0389615774168
106.7,七股區,23033,209.10728357536868
106.7,將軍區,19910,474.2779826391867
106.7,北門區,11220,254.42003795892546
106.7,新化區,43710,704.3422352351595
106.7,善化區,48044,868.6360620289028
106.7,新市區,36363,760.5794652120076
106.7,安定區,30529,976.3031659737768
106.7,山上區,7329,262.8954731329364
106.7,玉井區,14178,185.65805290822377
106.7,楠西區,9785,89.25346341748181
106.7,南化區,8779,51.183595130124914
106.7,左鎮區,4906,65.49848135910015
106.7,仁德區,75224,1481.7674682467145
106.7,歸仁區,68412,1226.2126890751783
106.7,關廟區,34434,641.9307511190071
106.7,龍崎區,4061,63.37252307221752
106.7,永康區,233248,5791.341094914253
106.7,東區,187262,13958.525895226454
106.7,南區,125646,4607.801790370433
106.7,北區,132761,12723.883457926013
106.7,安南區,191821,1789.3482933090552
106.7,安平區,66107,5973.722020910332
106.7,中西區,77400,12364.217252396167
106.6,總計,1886502,860.7666970653339
106.6,新營區,78153,2027.9148697669348
106.6,鹽水區,25699,491.889253619929
106.6,白河區,28713,227.1515435355992
106.6,柳營區,21420,349.46951441357805
106.6,後壁區,23901,330.9521468756793
106.6,東山區,21176,169.51947600742247
106.6,麻豆區,44732,828.7632655481117
106.6,下營區,24385,727.2786922404717
106.6,六甲區,22356,330.96905714679093
106.6,官田區,21482,303.43822259387275
106.6,大內區,9882,140.544
106.6,佳里區,59510,1528.1622507202983
106.6,學甲區,26225,485.721006299093
106.6,西港區,24803,734.5424176553163
106.6,七股區,23058,209.33424845573097
106.6,將軍區,19947,475.15936311922934
106.6,北門區,11228,254.60144262057176
106.6,新化區,43694,704.0844114931378
106.6,善化區,47926,866.5026206976353
106.6,新市區,36387,761.081456443894
106.6,安定區,30507,975.5996162456029
106.6,山上區,7336,263.1465671855944
106.6,玉井區,14194,185.86756968397012
106.6,楠西區,9806,89.4450140288019
106.6,南化區,8773,51.148613746051474
106.6,左鎮區,4925,65.75214445445746
106.6,仁德區,75167,1480.6446783699455
106.6,歸仁區,68406,1226.1051454258998
106.6,關廟區,34455,642.322240512441
106.6,龍崎區,4077,63.62220550737031
106.6,永康區,233112,5787.964335461188
106.6,東區,187444,13972.092191180418
106.6,南區,125731,4610.918985921277
106.6,北區,132837,12731.167337550318
106.6,安南區,191694,1788.1636094983658
106.6,安平區,66003,5964.324119172623
106.6,中西區,77358,12357.507987220448
106.5,總計,1886473,860.7534650442627
106.5,新營區,78157,2028.0186618091989
106.5,鹽水區,25727,492.4251849441579
106.5,白河區,28710,227.12781022209634
106.5,柳營區,21402,349.1758425527263
106.5,後壁區,23922,331.24292948244846
106.5,東山區,21196,169.67958129265804
106.5,麻豆區,44762,829.319084603071
106.5,下營區,24408,727.964663531082
106.5,六甲區,22369,331.161515446259
106.5,官田區,21484,303.4664730568272
106.5,大內區,9891,140.672
106.5,佳里區,59496,1527.802743553266
106.5,學甲區,26243,486.0543896399275
106.5,西港區,24819,735.0162586698099
106.5,七股區,23081,209.54305614566425
106.5,將軍區,19958,475.42139515383667
106.5,北門區,11234,254.73749611680648
106.5,新化區,43690,704.0199555576326
106.5,善化區,47896,865.9602203591775
106.5,新市區,36345,760.2029717880927
106.5,安定區,30478,974.6722097857371
106.5,山上區,7343,263.3976612382524
106.5,玉井區,14207,186.037802064264
106.5,楠西區,9813,89.50886423257528
106.5,南化區,8799,51.30019974370306
106.5,左鎮區,4932,65.84559927906278
106.5,仁德區,75097,1479.2658136090013
106.5,歸仁區,68384,1225.7108187118781
106.5,關廟區,34479,642.7696569620796
106.5,龍崎區,4077,63.62220550737031
106.5,永康區,232937,5783.619240576731
106.5,東區,187633,13986.180267747995
106.5,南區,125725,4610.698948588277
106.5,北區,132810,12728.579643473262
106.5,安南區,191688,1788.1076401844748
106.5,安平區,66007,5964.685576931765
106.5,中西區,77274,12344.08945686901
106.4,總計,1886636,860.8278381282147
106.4,新營區,78188,2028.823050136746
106.4,鹽水區,25755,492.9611162683868
106.4,白河區,28709,227.1198991175954
106.4,柳營區,21397,349.09426703582307
106.4,後壁區,23955,331.6998735788
106.4,東山區,21210,169.79165499232295
106.4,麻豆區,44786,829.7637398470386
106.4,下營區,24411,728.0541380472486
106.4,六甲區,22393,331.5168230760462
106.4,官田區,21490,303.5512244456906
106.4,大內區,9912,140.97066666666666
106.4,佳里區,59499,1527.8797808033444
106.4,學甲區,26259,486.3507303873359
106.4,西港區,24827,735.2531791770567
106.4,七股區,23126,209.95159293031634
106.4,將軍區,19961,475.4928584360023
106.4,北門區,11249,255.07762985739328
106.4,新化區,43698,704.1488674286433
106.4,善化區,47853,865.1827798740546
106.4,新市區,36333,759.9519761721494
106.4,安定區,30462,974.1605372561561
106.4,山上區,7335,263.1106966066432
106.4,玉井區,14233,186.3782668248518
106.4,楠西區,9825,89.61832172475819
106.4,南化區,8811,51.37016251184994
106.4,左鎮區,4929,65.80554721137479
106.4,仁德區,74999,1477.3354029436794
106.4,歸仁區,68336,1224.850469517649
106.4,關廟區,34527,643.6644898613569
106.4,龍崎區,4082,63.70023126835556
106.4,永康區,232795,5780.093506441914
106.4,東區,187885,14004.964369838099
106.4,南區,125759,4611.9458268086155
106.4,北區,132899,12737.109449875408
106.4,安南區,191603,1787.3147415710214
106.4,安平區,65929,5957.637150628485
106.4,中西區,77216,12334.82428115016
106.3,總計,1886368,860.7055560024531
106.3,新營區,78185,2028.7452061050478
106.3,鹽水區,25777,493.3822051659952
106.3,白河區,28717,227.18318795360295
106.3,柳營區,21404,349.2084727594876
106.3,後壁區,23980,332.04604334876325
106.3,東山區,21228,169.93574974903495
106.3,麻豆區,44794,829.9119582616944
106.3,下營區,24426,728.5015106280813
106.3,六甲區,22375,331.2503423537058
106.3,官田區,21505,303.7631029178491
106.3,大內區,9937,141.3262222222222
106.3,佳里區,59477,1527.3148409694368
106.3,學甲區,26266,486.48037946432703
106.3,西港區,24873,736.6154720937258
106.3,七股區,23179,210.43275847668437
106.3,將軍區,19972,475.75489047060955
106.3,北門區,11277,255.7125461731553
106.3,新化區,43692,704.0521835253852
106.3,善化區,47836,864.8754196822618
106.3,新市區,36291,759.0734915163481
106.3,安定區,30446,973.648864726575
106.3,山上區,7343,263.3976612382524
106.3,玉井區,14217,186.16875004910548
106.3,楠西區,9836,89.71865775925919
106.3,南化區,8819,51.4168043572812
106.3,左鎮區,4940,65.95240479289743
106.3,仁德區,74951,1476.389895679032
106.3,歸仁區,68274,1223.7391851417694
106.3,關廟區,34530,643.7204169175617
106.3,龍崎區,4087,63.77825702934081
106.3,永康區,232685,5777.362303943111
106.3,東區,187838,14001.46098571812
106.3,南區,125781,4612.752630362951
106.3,北區,132842,12731.646540157179
106.3,安南區,191478,1786.1487141982955
106.3,安平區,65957,5960.167354942483
106.3,中西區,77153,12324.760383386581
106.2,總計,1886160,860.6106504720113
106.2,新營區,78195,2029.004686210708
106.2,鹽水區,25803,493.87985568135053
106.2,白河區,28747,227.42052108863126
106.2,柳營區,21441,349.8121315845718
106.2,後壁區,24001,332.3368259555324
106.2,東山區,21254,170.1438866198412
106.2,麻豆區,44788,829.8007944507025
106.2,下營區,24448,729.1576570799693
106.2,六甲區,22411,331.7833037983866
106.2,官田區,21514,303.8902300011442
106.2,大內區,9948,141.48266666666666
106.2,佳里區,59484,1527.4945945529528
106.2,學甲區,26276,486.6655924314573
106.2,西港區,24857,736.1416310792322
106.2,七股區,23189,210.52354442882927
106.2,將軍區,20000,476.4218811041554
106.2,北門區,11304,256.32478690621156
106.2,新化區,43676,703.7943597833637
106.2,善化區,47759,863.4832588135536
106.2,新市區,36285,758.9479937083765
106.2,安定區,30422,972.8813559322034
106.2,山上區,7346,263.5052729751058
106.2,玉井區,14240,186.46993041424085
106.2,楠西區,9868,90.01054440508028
106.2,南化區,8823,51.44012527999683
106.2,左鎮區,4949,66.07256099596141
106.2,仁德區,74793,1473.2776009329007
106.2,歸仁區,68231,1222.9684556552725
106.2,關廟區,34546,644.018694550654
106.2,龍崎區,4091,63.840677638129
106.2,永康區,232540,5773.762082467418
106.2,東區,187874,14004.14442887385
106.2,南區,125826,4614.402910360458
106.2,北區,132948,12741.805635422657
106.2,安南區,191363,1785.075969015388
106.2,安平區,65873,5952.576742000488
106.2,中西區,77047,12307.82747603834
106.1,總計,1886075,860.5718669619749
106.1,新營區,78165,2028.2262458937273
106.1,鹽水區,25827,494.33922538783247
106.1,白河區,28778,227.66576532816052
106.1,柳營區,21460,350.12211854880417
106.1,後壁區,24030,332.7383828886898
106.1,東山區,21291,170.44008139752702
106.1,麻豆區,44782,829.6896306397107
106.1,下營區,24481,730.1418767578015
106.1,六甲區,22422,331.94615312870576
106.1,官田區,21519,303.9608561585303
106.1,大內區,9950,141.51111111111112
106.1,佳里區,59469,1527.1094083025612
106.1,學甲區,26340,487.85095542109093
106.1,西港區,24851,735.9639406987972
106.1,七股區,23166,210.314736738896
106.1,將軍區,20042,477.4223670544741
106.1,北門區,11305,256.3474624889173
106.1,新化區,43706,704.2777792996541
106.1,善化區,47687,862.1814980012548
106.1,新市區,36269,758.6133328871189
106.1,安定區,30427,973.0412535976975
106.1,山上區,7354,263.792237606715
106.1,玉井區,14271,186.87586916724936
106.1,楠西區,9885,90.16560918567274
106.1,南化區,8825,51.45178574135464
106.1,左鎮區,4975,66.41967891592404
106.1,仁德區,74692,1471.2880960635382
106.1,歸仁區,68181,1222.0722585779504
106.1,關廟區,34584,644.7271039292485
106.1,龍崎區,4101,63.9967291600995
106.1,永康區,232385,5769.913569855469
106.1,東區,187924,14007.871433256805
106.1,南區,125830,4614.549601915792
106.1,北區,132963,12743.243243243243
106.1,安南區,191287,1784.3670243727706
106.1,安平區,65846,5950.136902126275
106.1,中西區,77005,12301.11821086262
105.12,總計,1886033,860.5527033452511
105.12,新營區,78101,2026.5655732175012
105.12,鹽水區,25871,495.18140318304927
105.12,白河區,28819,227.99012061269923
105.12,柳營區,21520,351.1010247516433
105.12,後壁區,24066,333.2368673574369
105.12,東山區,21320,170.6722340611186
105.12,麻豆區,44812,830.24544969467
105.12,下營區,24508,730.9471474033004
105.12,六甲區,22406,331.70928137551425
105.12,官田區,21535,304.186859862166
105.12,大內區,9962,141.68177777777777
105.12,佳里區,59458,1526.8269383856075
105.12,學甲區,26377,488.5362433994729
105.12,西港區,24870,736.5266269035083
105.12,七股區,23172,210.36920831018293
105.12,將軍區,20051,477.63675690097097
105.12,北門區,11333,256.98237880467934
105.12,新化區,43727,704.6161729610574
105.12,善化區,47660,861.6933376966427
105.12,新市區,36268,758.5924165857903
105.12,安定區,30447,973.6808442596738
105.12,山上區,7359,263.9715905014707
105.12,玉井區,14281,187.00681715209083
105.12,楠西區,9898,90.28418813553756
105.12,南化區,8838,51.52757874018043
105.12,左鎮區,4980,66.48643236207069
105.12,仁德區,74637,1470.2047023227963
105.12,歸仁區,68170,1221.8750952209396
105.12,關廟區,34601,645.0440239144092
105.12,龍崎區,4107,64.09036007328179
105.12,永康區,232210,5765.568474971012
105.12,東區,187834,14001.162825367483
105.12,南區,125768,4612.275882808116
105.12,北區,133091,12755.510829978915
105.12,安南區,191196,1783.5181564454263
105.12,安平區,65813,5947.154875613349
105.12,中西區,76967,12295.047923322683
105.11,總計,1885653,860.3793182415593
105.11,新營區,78109,2026.7731573020296
105.11,鹽水區,25895,495.64077288953115
105.11,白河區,28856,228.28283147923415
105.11,柳營區,21539,351.4110117158757
105.11,後壁區,24101,333.72150503538546
105.11,東山區,21354,170.94441304601906
105.11,麻豆區,44804,830.0972312800142
105.11,下營區,24541,731.9313670811325
105.11,六甲區,22436,332.1534159127483
105.11,官田區,21525,304.0456075473937
105.11,大內區,9974,141.85244444444444
105.11,佳里區,59452,1526.6728638854509
105.11,學甲區,26411,489.16596748771576
105.11,西港區,24874,736.6450871571317
105.11,七股區,23172,210.36920831018293
105.11,將軍區,20077,478.2561053464064
105.11,北門區,11339,257.1184323009141
105.11,新化區,43754,705.0512505257187
105.11,善化區,47585,860.3373368504982
105.11,新市區,36246,758.1322579565609
105.11,安定區,30465,974.2564758554525
105.11,山上區,7363,264.1150728172753
105.11,玉井區,14282,187.01991195057496
105.11,楠西區,9922,90.50310311990339
105.11,南化區,8829,51.47510666407027
105.11,左鎮區,4988,66.59323787590534
105.11,仁德區,74629,1470.0471177786883
105.11,歸仁區,68107,1220.7458869035136
105.11,關廟區,34650,645.9574991657547
105.11,龍崎區,4109,64.1215703776759
105.11,永康區,232040,5761.347525654682
105.11,東區,187681,13989.758191955634
105.11,南區,125768,4612.275882808116
105.11,北區,133051,12751.677209124018
105.11,安南區,191134,1782.9398068685541
105.11,安平區,65738,5940.377542629424
105.11,中西區,76853,12276.837060702876
105.10,總計,1885603,860.3565044121261
105.10,新營區,78143,2027.6553896612745
105.10,鹽水區,25901,495.75561531615165
105.10,白河區,28892,228.56763124126812
105.10,柳營區,21547,351.54153254292095
105.10,後壁區,24122,334.0122876421546
105.10,東山區,21392,171.24861308796665
105.10,麻豆區,44798,829.9860674690223
105.10,下營區,24584,733.2138351461864
105.10,六甲區,22462,332.5383325116844
105.10,官田區,21540,304.2574860195522
105.10,大內區,9971,141.80977777777778
105.10,佳里區,59468,1527.0837292192018
105.10,學甲區,26435,489.6104786088284
105.10,西港區,24891,737.1485432350312
105.10,七股區,23161,210.26934376282352
105.10,將軍區,20093,478.6372428512897
105.10,北門區,11365,257.70799745126453
105.10,新化區,43771,705.3251882516166
105.10,善化區,47548,859.6683764330669
105.10,新市區,36173,756.605367959573
105.10,安定區,30473,974.5123121202431
105.10,山上區,7377,264.6172609225913
105.10,玉井區,14282,187.01991195057496
105.10,楠西區,9923,90.51222457758529
105.10,南化區,8818,51.41097412660229
105.10,左鎮區,4993,66.659991322052
105.10,仁德區,74611,1469.6925525544455
105.10,歸仁區,68088,1220.4053320141313
105.10,關廟區,34668,646.2930615029837
105.10,龍崎區,4114,64.19959613866114
105.10,永康區,231872,5757.176234565602
105.10,東區,187864,14003.399027997257
105.10,南區,125784,4612.862649029452
105.10,北區,133042,12750.814644431666
105.10,安南區,190999,1781.6804973060105
105.10,安平區,65701,5937.034058357355
105.10,中西區,76737,12258.306709265176
105.9,總計,1885499,860.3090516469052
105.9,新營區,78147,2027.7591817035386
105.9,鹽水區,25941,496.5212314936215
105.9,白河區,28924,228.82078658529832
105.9,柳營區,21552,351.6231080598242
105.9,後壁區,24135,334.1922959225355
105.9,東山區,21401,171.32066046632266
105.9,麻豆區,44808,830.1713404873421
105.9,下營區,24585,733.2436599849086
105.9,六甲區,22464,332.5679414808334
105.9,官田區,21537,304.21511032512046
105.9,大內區,9978,141.90933333333334
105.9,佳里區,59514,1528.264967053736
105.9,學甲區,26457,490.0179471365149
105.9,西港區,24914,737.8296896933657
105.9,七股區,23165,210.30565814368148
105.9,將軍區,20103,478.8754537918418
105.9,北門區,11373,257.88940211291083
105.9,新化區,43762,705.1801623967295
105.9,善化區,47476,858.3666156207681
105.9,新市區,36133,755.7687159064288
105.9,安定區,30462,974.1605372561561
105.9,山上區,7390,265.0835784489562
105.9,玉井區,14287,187.0853859429957
105.9,楠西區,9947,90.73113956195111
105.9,南化區,8822,51.43429504931792
105.9,左鎮區,5005,66.82019959280397
105.9,仁德區,74589,1469.2591950581489
105.9,歸仁區,68098,1220.5845714295956
105.9,關廟區,34679,646.4981273757347
105.9,龍崎區,4136,64.54290948699622
105.9,永康區,231785,5755.016101680186
105.9,東區,187872,14003.99534869853
105.9,南區,125752,4611.689116586781
105.9,北區,132951,12742.093156986775
105.9,安南區,190851,1780.299920896703
105.9,安平區,65677,5934.8653118024995
105.9,中西區,76827,12272.683706070287
105.8,總計,1885601,860.3555918589489
105.8,新營區,78170,2028.3559859465574
105.8,鹽水區,25974,497.15286484003406
105.8,白河區,28934,228.89989763030775
105.8,柳營區,21543,351.47627212939835
105.8,後壁區,24165,334.6076996464914
105.8,東山區,21445,171.67289209384091
105.8,麻豆區,44842,830.8012687496295
105.8,下營區,24587,733.3033096623531
105.8,六甲區,22503,333.1453163792376
105.8,官田區,21548,304.37048787137
105.8,大內區,9978,141.90933333333334
105.8,佳里區,59519,1528.3933624705332
105.8,學甲區,26474,490.33280918063633
105.8,西港區,24924,738.1258403274242
105.8,七股區,23206,210.6778805474756
105.8,將軍區,20120,479.2804123907803
105.8,北門區,11404,258.5923451767902
105.8,新化區,43804,705.8569497195361
105.8,善化區,47423,857.408375022826
105.8,新市區,36109,755.2667246745423
105.8,安定區,30458,974.0326191237608
105.8,山上區,7385,264.9042255542004
105.8,玉井區,14302,187.2818079202579
105.8,楠西區,9939,90.65816790049584
105.8,南化區,8816,51.39931366524448
105.8,左鎮區,5010,66.88695303895064
105.8,仁德區,74530,1468.097009045353
105.8,歸仁區,68067,1220.028929241656
105.8,關廟區,34703,646.9455438253733
105.8,龍崎區,4132,64.48048887820802
105.8,永康區,231680,5752.409044749511
105.8,東區,187983,14012.269298428695
105.8,南區,125723,4610.62560281061
105.8,北區,132872,12734.521755798352
105.8,安南區,190725,1779.1245653049955
105.8,安平區,65661,5933.419480765929
105.8,中西區,76943,12291.214057507988
105.7,總計,1885629,860.3683676034314
105.7,新營區,78220,2029.6533864748587
105.7,鹽水區,25998,497.612234546516
105.7,白河區,28977,229.24007512384833
105.7,柳營區,21531,351.2804908888305
105.7,後壁區,24199,335.07849053364146
105.7,東山區,21449,171.70491315088802
105.7,麻豆區,44861,831.153287484437
105.7,下營區,24594,733.5120835334083
105.7,六甲區,22531,333.5598419473227
105.7,官田區,21544,304.31398694546107
105.7,大內區,9973,141.8382222222222
105.7,佳里區,59540,1528.9326232210815
105.7,學甲區,26530,491.37000179656576
105.7,西港區,24930,738.3035307078593
105.7,七股區,23236,210.95023840391033
105.7,將軍區,20144,479.8521186481053
105.7,北門區,11404,258.5923451767902
105.7,新化區,43798,705.7602658162781
105.7,善化區,47346,856.0162141541176
105.7,新市區,36055,754.1372444027977
105.7,安定區,30429,973.1052126638951
105.7,山上區,7384,264.8683549752493
105.7,玉井區,14313,187.4258507035835
105.7,楠西區,9952,90.77674685036065
105.7,南化區,8829,51.47510666407027
105.7,左鎮區,5020,67.02045993124395
105.7,仁德區,74458,1466.6787481483816
105.7,歸仁區,68044,1219.6166785860878
105.7,關廟區,34708,647.0387555857147
105.7,龍崎區,4138,64.57411979139032
105.7,永康區,231552,5749.2309182054505
105.7,東區,188211,14029.26443841498
105.7,南區,125704,4609.928817922774
105.7,北區,132884,12735.671842054822
105.7,安南區,190556,1777.5480962970703
105.7,安平區,65608,5928.630165457289
105.7,中西區,76979,12296.964856230032
105.6,總計,1885388,860.2584049455637
105.6,新營區,78202,2029.1863222846703
105.6,鹽水區,25979,497.2485668622178
105.6,白河區,29023,229.60398593089175
105.6,柳營區,21497,350.7257773738883
105.6,後壁區,24208,335.20311165082825
105.6,東山區,21466,171.84100264333827
105.6,麻豆區,44887,831.6349973320685
105.6,下營區,24607,733.8998064367967
105.6,六甲區,22520,333.39699261700355
105.6,官田區,21532,304.14448416773433
105.6,大內區,9966,141.73866666666666
105.6,佳里區,59556,1529.3434885548324
105.6,學甲區,26527,491.3144379064267
105.6,西港區,24919,737.9777650103949
105.6,七股區,23259,211.15904609384364
105.6,將軍區,20171,480.4952881875959
105.6,北門區,11418,258.9098033346712
105.6,新化區,43797,705.7441518324017
105.6,善化區,47314,855.4376537930959
105.6,新市區,36021,753.4260901576251
105.6,安定區,30443,973.5529261272785
105.6,山上區,7390,265.0835784489562
105.6,玉井區,14341,187.7925050611396
105.6,楠西區,9950,90.75850393499684
105.6,南化區,8837,51.52174850950153
105.6,左鎮區,5029,67.14061613430793
105.6,仁德區,74348,1464.511960666898
105.6,歸仁區,68054,1219.7959180015523
105.6,關廟區,34699,646.8709744171002
105.6,龍崎區,4138,64.57411979139032
105.6,永康區,231384,5745.059627116371
105.6,東區,188295,14035.525805778349
105.6,南區,125691,4609.452070367939
105.6,北區,132916,12738.738738738739
105.6,安南區,190329,1775.4305905882002
105.6,安平區,65554,5923.750485708863
105.6,中西區,77121,12319.64856230032
105.5,總計,1885199,860.1721686703064
105.5,新營區,78241,2030.1982946967455
105.5,鹽水區,25998,497.612234546516
105.5,白河區,29072,229.991630051438
105.5,柳營區,21514,351.0031341313594
105.5,後壁區,24219,335.35542634961206
105.5,東山區,21481,171.96108160726493
105.5,麻豆區,44897,831.8202703503883
105.5,下營區,24632,734.6454274048513
105.5,六甲區,22521,333.41179710157803
105.5,官田區,21557,304.4976149546651
105.5,大內區,9989,142.06577777777778
105.5,佳里區,59554,1529.2921303881137
105.5,學甲區,26537,491.49965087355696
105.5,西港區,24879,736.7931624741609
105.5,七股區,23271,211.26798923641752
105.5,將軍區,20177,480.63821475192714
105.5,北門區,11421,258.97783008278856
105.5,新化區,43822,706.1470014293104
105.5,善化區,47219,853.7200527213129
105.5,新市區,36021,753.4260901576251
105.5,安定區,30415,972.6574992005117
105.5,山上區,7399,265.4064136595165
105.5,玉井區,14357,188.00202183688594
105.5,楠西區,9962,90.86796142717975
105.5,南化區,8843,51.55672989357497
105.5,左鎮區,5038,67.26077233737192
105.5,仁德區,74269,1462.9558132938323
105.5,歸仁區,68011,1219.0251885150553
105.5,關廟區,34681,646.5354120798713
105.5,龍崎區,4152,64.79259192214901
105.5,永康區,231224,5741.086968936295
105.5,東區,188321,14037.463848057485
105.5,南區,125693,4609.525416145606
105.5,北區,132888,12736.055204140312
105.5,安南區,190174,1773.9847166460202
105.5,安平區,65532,5921.762468033579
105.5,中西區,77218,12335.143769968052
105.4,總計,1885252,860.1963513295055
105.4,新營區,78245,2030.3020867390096
105.4,鹽水區,26010,497.84191939975693
105.4,白河區,29129,230.4425630079918
105.4,柳營區,21544,351.492587232779
105.4,後壁區,24234,335.56312821159
105.4,東山區,21517,172.24927112068897
105.4,麻豆區,44924,832.3205074998517
105.4,下營區,24666,735.6594719214056
105.4,六甲區,22543,333.73749576221627
105.4,官田區,21570,304.68124296386907
105.4,大內區,9991,142.09422222222221
105.4,佳里區,59579,1529.9341074720996
105.4,學甲區,26538,491.51817217026996
105.4,西港區,24868,736.4673967766965
105.4,七股區,23313,211.64929023542615
105.4,將軍區,20201,481.2099210092521
105.4,北門區,11445,259.52204406772745
105.4,新化區,43846,706.5337370423428
105.4,善化區,47150,852.47253194286
105.4,新市區,35978,752.5266892004953
105.4,安定區,30385,971.6981132075472
105.4,山上區,7391,265.1194490279073
105.4,玉井區,14355,187.97583223991765
105.4,楠西區,9973,90.96829746168075
105.4,南化區,8859,51.65001358443748
105.4,左鎮區,5048,67.39427922966523
105.4,仁德區,74126,1460.1389895679033
105.4,歸仁區,67986,1218.577089976394
105.4,關廟區,34669,646.311703855052
105.4,龍崎區,4165,64.99545890071066
105.4,永康區,231191,5740.267608186655
105.4,東區,188470,14048.570321118697
105.4,南區,125661,4608.351883702935
105.4,北區,132799,12727.525397738165
105.4,安南區,190024,1772.5854837987492
105.4,安平區,65508,5919.593721478724
105.4,中西區,77351,12356.389776357828
105.3,總計,1885157,860.1530050535827
105.3,新營區,78237,2030.0945026544814
105.3,鹽水區,26035,498.3204295106756
105.3,白河區,29178,230.83020712853804
105.3,柳營區,21560,351.7536288868694
105.3,後壁區,24221,335.38311993120914
105.3,東山區,21523,172.29730270625964
105.3,麻豆區,44946,832.7281081401553
105.3,下營區,24686,736.2559686958493
105.3,六甲區,22552,333.8707361233865
105.3,官田區,21589,304.94962236193646
105.3,大內區,10022,142.53511111111112
105.3,佳里區,59524,1528.5217578873305
105.3,學甲區,26567,492.0552897749477
105.3,西港區,24874,736.6450871571317
105.3,七股區,23357,212.04874842486373
105.3,將軍區,20237,482.0674803952396
105.3,北門區,11468,260.04358246996054
105.3,新化區,43825,706.1953433809394
105.3,善化區,47089,851.3696512546624
105.3,新市區,35937,751.6691208460225
105.3,安定區,30360,970.8986248800768
105.3,山上區,7398,265.3705430805653
105.3,玉井區,14360,188.04130623233837
105.3,楠西區,9987,91.09599786922747
105.3,南化區,8863,51.67333450715311
105.3,左鎮區,5056,67.50108474349987
105.3,仁德區,74038,1458.4055595827163
105.3,歸仁區,67972,1218.326154794744
105.3,關廟區,34675,646.4235579674616
105.3,龍崎區,4186,65.32316709684869
105.3,永康區,231047,5736.692215824587
105.3,東區,188590,14057.515131637796
105.3,南區,125700,4609.7821263674405
105.3,北區,132692,12717.270461951313
105.3,安南區,189881,1771.251548484351
105.3,安平區,65515,5920.226272557224
105.3,中西區,77410,12365.814696485624
105.2,總計,1885453,860.2880629238267
105.2,新營區,78249,2030.4058787812737
105.2,鹽水區,26067,498.93292245265144
105.2,白河區,29207,231.05962915906542
105.2,柳營區,21568,351.88414971391467
105.2,後壁區,24246,335.7292897011724
105.2,東山區,21541,172.44139746297165
105.2,麻豆區,44967,833.1171814786269
105.2,下營區,24736,737.7472106319585
105.2,六甲區,22564,334.0483899382801
105.2,官田區,21626,305.472255926594
105.2,大內區,10054,142.99022222222223
105.2,佳里區,59527,1528.5987951374088
105.2,學甲區,26593,492.5368434894864
105.2,西港區,24881,736.8523926009726
105.2,七股區,23384,212.293870495655
105.2,將軍區,20258,482.567723370399
105.2,北門區,11504,260.8599034473689
105.2,新化區,43814,706.0180895582996
105.2,善化區,46972,849.2542899346769
105.2,新市區,35898,750.8533850942069
105.2,安定區,30322,969.6834026223218
105.2,山上區,7412,265.8727311858813
105.2,玉井區,14384,188.35558139595787
105.2,楠西區,10006,91.26930556518376
105.2,南化區,8864,51.67916473783202
105.2,左鎮區,5055,67.48773405427055
105.2,仁德區,73974,1457.144883229853
105.2,歸仁區,67965,1218.200687203919
105.2,關廟區,34702,646.9269014733051
105.2,龍崎區,4189,65.36998255343984
105.2,永康區,230997,5735.450760143313
105.2,東區,188772,14071.08142759176
105.2,南區,125768,4612.275882808116
105.2,北區,132744,12722.25416906268
105.2,安南區,189788,1770.384024119043
105.2,安平區,65478,5916.882788285154
105.2,中西區,77377,12360.543130990416
105.1,總計,1885550,860.3323217529271
105.1,新營區,78185,2028.7452061050478
105.1,鹽水區,26087,499.31573054138636
105.1,白河區,29236,231.28905118959278
105.1,柳營區,21601,352.42254812547617
105.1,後壁區,24279,336.18623379752387
105.1,東山區,21568,172.65753959803968
105.1,麻豆區,44963,833.0430722712989
105.1,下營區,24755,738.31388256768
105.1,六甲區,22582,334.3148706606205
105.1,官田區,21659,305.9383885653426
105.1,大內區,10057,143.0328888888889
105.1,佳里區,59544,1529.0353395545192
105.1,學甲區,26621,493.0554397974511
105.1,西港區,24898,737.3558486788721
105.1,七股區,23378,212.23939892436806
105.1,將軍區,20286,483.2347140039448
105.1,北門區,11517,261.15468602254407
105.1,新化區,43830,706.2759133003212
105.1,善化區,46931,848.5130094721179
105.1,新市區,35883,750.5396405742779
105.1,安定區,30327,969.8433002878159
105.1,山上區,7422,266.2314369753928
105.1,玉井區,14387,188.39486579141033
105.1,楠西區,10020,91.39700597273048
105.1,南化區,8881,51.778278659373434
105.1,左鎮區,5065,67.62124094656386
105.1,仁德區,73951,1456.6918276655426
105.1,歸仁區,67922,1217.429957717422
105.1,關廟區,34693,646.7591203046906
105.1,龍崎區,4195,65.46361346662214
105.1,永康區,230957,5734.457595598295
105.1,東區,188797,14072.944929783238
105.1,南區,125734,4611.029004587778
105.1,北區,132713,12719.283112900135
105.1,安南區,189724,1769.7870181042074
105.1,安平區,65430,5912.545295175442
105.1,中西區,77472,12375.718849840256
104.12,總計,1885541,860.3282152636291
104.12,新營區,78165,2028.2262458937273
104.12,鹽水區,26085,499.2774497325129
104.12,白河區,29271,231.5659398471258
104.12,柳營區,21629,352.87937102013444
104.12,後壁區,24329,336.8785733374504
104.12,東山區,21603,172.9377238472019
104.12,麻豆區,44987,833.4877275152664
104.12,下營區,24786,739.2384525680677
104.12,六甲區,22586,334.3740885989184
104.12,官田區,21685,306.3056445837506
104.12,大內區,10054,142.99022222222223
104.12,佳里區,59555,1529.317809471473
104.12,學甲區,26652,493.6295999955549
104.12,西港區,24921,738.0369951372066
104.12,七股區,23365,212.12137718657968
104.12,將軍區,20309,483.7825991672146
104.12,北門區,11527,261.38144184960197
104.12,新化區,43828,706.2436853325685
104.12,善化區,46933,848.5491694946818
104.12,新市區,35853,749.9121515344198
104.12,安定區,30331,969.9712184202111
104.12,山上區,7437,266.7694956596599
104.12,玉井區,14388,188.40796058989446
104.12,楠西區,10032,91.5064634649134
104.12,南化區,8893,51.84824142752032
104.12,左鎮區,5071,67.70134508193985
104.12,仁德區,73887,1455.4311513126793
104.12,歸仁區,67906,1217.143174652679
104.12,關廟區,34719,647.2438214584657
104.12,龍崎區,4196,65.47921861881919
104.12,永康區,230806,5730.708399440849
104.12,東區,188865,14078.01365574406
104.12,南區,125738,4611.175696143112
104.12,北區,132651,12713.341000575045
104.12,安南區,189620,1768.8168833300995
104.12,安平區,65380,5908.02707318616
104.12,中西區,77498,12379.872204472844
104.11,總計,1885390,860.259317498741
104.11,新營區,78144,2027.6813376718405
104.11,鹽水區,26132,500.1770487410399
104.11,白河區,29315,231.91402844516733
104.11,柳營區,21647,353.1730428809862
104.11,後壁區,24359,337.29397706140634
104.11,東山區,21649,173.30596600324373
104.11,麻豆區,44966,833.0986541767949
104.11,下營區,24816,740.1331977297333
104.11,六甲區,22592,334.46291550636516
104.11,官田區,21716,306.7435267595448
104.11,大內區,10073,143.26044444444443
104.11,佳里區,59577,1529.882749305381
104.11,學甲區,26688,494.2963666772238
104.11,西港區,24921,738.0369951372066
104.11,七股區,23361,212.08506280572172
104.11,將軍區,20317,483.97316791965625
104.11,北門區,11536,261.585522093954
104.11,新化區,43831,706.2920272841975
104.11,善化區,46905,848.0429291787879
104.11,新市區,35844,749.7239048224624
104.11,安定區,30307,969.2037096258395
104.11,山上區,7447,267.1282014491714
104.11,玉井區,14390,188.43415018686275
104.11,楠西區,10034,91.52470638027721
104.11,南化區,8902,51.900713503630485
104.11,左鎮區,5069,67.6746437034812
104.11,仁德區,73817,1454.052286551735
104.11,歸仁區,67894,1216.9280873541215
104.11,關廟區,34725,647.3556755708754
104.11,龍崎區,4209,65.68208559738083
104.11,永康區,230698,5728.026855169297
104.11,東區,188775,14071.305047854737
104.11,南區,125786,4612.935994807119
104.11,北區,132741,12721.966647498562
104.11,安南區,189403,1766.7926598110475
104.11,安平區,65359,5906.129419950661
104.11,中西區,77445,12371.405750798722
104.10,總計,1885175,860.1612180321786
104.10,新營區,78157,2028.0186618091989
104.10,鹽水區,26128,500.1004871232929
104.10,白河區,29325,231.9931394901768
104.10,柳營區,21636,352.993576743799
104.10,後壁區,24384,337.6401468313696
104.10,東山區,21654,173.34599232455264
104.10,麻豆區,44971,833.1912906859548
104.10,下營區,24874,741.86303837562
104.10,六甲區,22603,334.6257648366843
104.10,官田區,21708,306.6305249077269
104.10,大內區,10091,143.51644444444443
104.10,佳里區,59608,1530.6788008895235
104.10,學甲區,26709,494.6853139081973
104.10,西港區,24933,738.3923758980769
104.10,七股區,23373,212.1940059482956
104.10,將軍區,20333,484.3543054245396
104.10,北門區,11547,261.83495350371766
104.10,新化區,43788,705.5991259775146
104.10,善化區,46861,847.247408682383
104.10,新市區,35843,749.7029885211338
104.10,安定區,30305,969.1397505596418
104.10,山上區,7455,267.4151660807805
104.10,玉井區,14399,188.55200337322006
104.10,楠西區,10050,91.67064970318776
104.10,南化區,8917,51.98816696381409
104.10,左鎮區,5074,67.74139714962784
104.10,仁德區,73740,1452.5355353146965
104.10,歸仁區,67828,1215.7451072120564
104.10,關廟區,34745,647.7285226122409
104.10,龍崎區,4208,65.66648044518378
104.10,永康區,230519,5723.582443830337
104.10,東區,188797,14072.944929783238
104.10,南區,125782,4612.789303251785
104.10,北區,132703,12718.32470768641
104.10,安南區,189279,1765.6359606573037
104.10,安平區,65396,5909.47290422273
104.10,中西區,77452,12372.523961661342
104.9,總計,1885037,860.0982518629431
104.9,新營區,78162,2028.148401862029
104.9,鹽水區,26155,500.61727804308504
104.9,白河區,29372,232.36496140172113
104.9,柳營區,21638,353.0262069505603
104.9,後壁區,24407,337.9586230197358
104.9,東山區,21668,173.45806602421752
104.9,麻豆區,44970,833.1727633841228
104.9,下營區,24885,742.191111601564
104.9,六甲區,22626,334.9662679818971
104.9,官田區,21702,306.54577351886354
104.9,大內區,10098,143.616
104.9,佳里區,59624,1531.0896662232744
104.9,學甲區,26713,494.75939909504945
104.9,西港區,24920,738.0073800738008
104.9,七股區,23409,212.52083537601726
104.9,將軍區,20360,484.9974749640302
104.9,北門區,11544,261.7669267556003
104.9,新化區,43795,705.7119238646491
104.9,善化區,46815,846.4157281634144
104.9,新市區,35790,748.5944245507178
104.9,安定區,30287,968.5641189638632
104.9,山上區,7465,267.773871870292
104.9,玉井區,14386,188.38177099292616
104.9,楠西區,10066,91.8165930260983
104.9,南化區,8933,52.0814506546766
104.9,左鎮區,5081,67.83485197423316
104.9,仁德區,73668,1451.1172744177252
104.9,歸仁區,67766,1214.633822836177
104.9,關廟區,34764,648.0827273015382
104.9,龍崎區,4221,65.86934742374542
104.9,永康區,230359,5719.609785650262
104.9,東區,188837,14075.926533289603
104.9,南區,125839,4614.879657915293
104.9,北區,132723,12720.241518113859
104.9,安南區,189176,1764.6751541021777
104.9,安平區,65369,5907.033064348518
104.9,中西區,77444,12371.246006389776
104.8,總計,1885079,860.1174154796669
104.8,新營區,78195,2029.004686210708
104.8,鹽水區,26202,501.5168770516121
104.8,白河區,29399,232.57856122324662
104.8,柳營區,21630,352.8956861235151
104.8,後壁區,24420,338.1386313001167
104.8,東山區,21679,173.5461239310971
104.8,麻豆區,44960,832.987490365803
104.8,下營區,24918,743.1753312793961
104.8,六甲區,22644,335.2327487042375
104.8,官田區,21694,306.4327716670457
104.8,大內區,10115,143.85777777777778
104.8,佳里區,59657,1531.937075974136
104.8,學甲區,26729,495.05573984245785
104.8,西港區,24910,737.7112294397423
104.8,七股區,23437,212.775036042023
104.8,將軍區,20378,485.4262546570239
104.8,北門區,11565,262.24311399242185
104.8,新化區,43761,705.1640484128532
104.8,善化區,46736,844.9874072721421
104.8,新市區,35764,748.0506007161741
104.8,安定區,30304,969.107771026543
104.8,山上區,7484,268.4554128703637
104.8,玉井區,14386,188.38177099292616
104.8,楠西區,10063,91.78922865305258
104.8,南化區,8940,52.12226226942895
104.8,左鎮區,5089,67.94165748806782
104.8,仁德區,73557,1448.9307888682279
104.8,歸仁區,67783,1214.9385298424666
104.8,關廟區,34784,648.4555743429037
104.8,龍崎區,4228,65.97858348912477
104.8,永康區,230202,5715.711614811063
104.8,東區,189031,14090.387310295477
104.8,南區,125838,4614.842985026459
104.8,北區,132590,12707.494728771326
104.8,安南區,189103,1763.9941941165057
104.8,安平區,65348,5905.135411113019
104.8,中西區,77556,12389.137380191694
104.7,總計,1885077,860.1165029264896
104.7,新營區,78191,2028.900894168444
104.7,鹽水區,26202,501.5168770516121
104.7,白河區,29447,232.95829423929192
104.7,柳營區,21672,353.5809204655025
104.7,後壁區,24446,338.4986478608785
104.7,東山區,21709,173.78628185895045
104.7,麻豆區,44978,833.3209817987787
104.7,下營區,24939,743.801652892562
104.7,六甲區,22653,335.3659890654077
104.7,官田區,21640,305.6700091672752
104.7,大內區,10122,143.95733333333334
104.7,佳里區,59627,1531.1667034733528
104.7,學甲區,26749,495.42616577671834
104.7,西港區,24883,736.9116227277843
104.7,七股區,23466,213.03831530324325
104.7,將軍區,20395,485.83121325596244
104.7,北門區,11577,262.5152209848913
104.7,新化區,43781,705.4863280903802
104.7,善化區,46628,843.034766053694
104.7,新市區,35661,745.8962216793279
104.7,安定區,30315,969.45954589063
104.7,山上區,7483,268.4195422914126
104.7,玉井區,14424,188.87937333532372
104.7,楠西區,10072,91.87132177218976
104.7,南化區,8943,52.139752961465675
104.7,左鎮區,5099,68.07516438036113
104.7,仁德區,73509,1447.9852816035805
104.7,歸仁區,67746,1214.2753440052481
104.7,關廟區,34793,648.6233555115182
104.7,龍崎區,4234,66.07221440230707
104.7,永康區,230072,5712.483830039751
104.7,東區,189260,14107.456990369421
104.7,南區,125844,4615.06302235946
104.7,北區,132607,12709.124017634656
104.7,安南區,188921,1762.296458261817
104.7,安平區,65293,5900.165366924808
104.7,中西區,77696,12411.50159744409
104.6,總計,1885376,860.2529296264997
104.6,新營區,78216,2029.5495944325946
104.6,鹽水區,26221,501.8805447359103
104.6,白河區,29500,233.37758277784195
104.6,柳營區,21691,353.8909074297349
104.6,後壁區,24448,338.52634144247554
104.6,東山區,21731,173.96239767270959
104.6,麻豆區,45020,834.0991284757217
104.6,下營區,24948,744.0700764410617
104.6,六甲區,22687,335.86934154093956
104.6,官田區,21593,305.0061232878454
104.6,大內區,10153,144.39822222222222
104.6,佳里區,59618,1530.9355917231178
104.6,學甲區,26733,495.1298250293099
104.6,西港區,24879,736.7931624741609
104.6,七股區,23518,213.51040225439678
104.6,將軍區,20412,486.236171854901
104.6,北門區,11580,262.58324773300865
104.6,新化區,43755,705.0673645095951
104.6,善化區,46577,842.1126854783157
104.6,新市區,35682,746.3354640072287
104.6,安定區,30276,968.2123440997761
104.6,山上區,7489,268.6347657651194
104.6,玉井區,14455,189.28531208833226
104.6,楠西區,10086,91.9990221797365
104.6,南化區,8948,52.168904114860204
104.6,左鎮區,5105,68.15526851573712
104.6,仁德區,73374,1445.3260424217594
104.6,歸仁區,67686,1213.1999075124616
104.6,關廟區,34783,648.4369319908354
104.6,龍崎區,4246,66.25947622867166
104.6,永康區,229999,5710.671304745092
104.6,東區,189708,14140.850949640717
104.6,南區,125824,4614.329564582791
104.6,北區,132638,12712.095073797202
104.6,安南區,188741,1760.617378845092
104.6,安平區,65219,5893.478398380669
104.6,中西區,77837,12434.025559105432
104.5,總計,1885240,860.1908760104416
104.5,新營區,78260,2030.6913068975
104.5,鹽水區,26244,502.3207740379554
104.5,白河區,29528,233.59909370386836
104.5,柳營區,21702,354.0703735669221
104.5,後壁區,24454,338.6094221872668
104.5,東山區,21766,174.24258192187182
104.5,麻豆區,45024,834.1732376830497
104.5,下營區,24963,744.5174490218944
104.5,六甲區,22724,336.4171074701949
104.5,官田區,21606,305.1897512970494
104.5,大內區,10168,144.61155555555555
104.5,佳里區,59646,1531.6546060571823
104.5,學甲區,26777,495.9447620846831
104.5,西港區,24889,737.0893131082195
104.5,七股區,23536,213.67381696825763
104.5,將軍區,20406,486.0932452905697
104.5,北門區,11593,262.87803030818384
104.5,新化區,43764,705.2123903644822
104.5,善化區,46512,840.9374847449905
104.5,新市區,35659,745.8543890766707
104.5,安定區,30296,968.8519347617525
104.5,山上區,7496,268.88585981777743
104.5,玉井區,14492,189.76981963224566
104.5,楠西區,10088,92.01726509510031
104.5,南化區,8939,52.11643203875004
104.5,左鎮區,5126,68.43563298955308
104.5,仁德區,73300,1443.8683853887612
104.5,歸仁區,67672,1212.9489723308113
104.5,關廟區,34789,648.5487861032451
104.5,龍崎區,4253,66.36871229405101
104.5,永康區,229777,5705.159241520237
104.5,東區,189829,14149.870300247474
104.5,南區,125862,4615.723134358463
104.5,北區,132641,12712.38259536132
104.5,安南區,188494,1758.3133087565857
104.5,安平區,65123,5884.803412161246
104.5,中西區,77842,12434.82428115016
104.4,總計,1885287,860.2123210101088
104.4,新營區,78349,2033.0006798378768
104.4,鹽水區,26238,502.20593161133496
104.4,白河區,29568,233.91553788390613
104.4,柳營區,21700,354.0377433601608
104.4,後壁區,24480,338.96943874802855
104.4,東山區,21781,174.3626608857985
104.4,麻豆區,45037,834.4140926068654
104.4,下營區,24993,745.4121941835599
104.4,六甲區,22745,336.7280016462587
104.4,官田區,21620,305.38750453773065
104.4,大內區,10205,145.13777777777779
104.4,佳里區,59644,1531.6032478904633
104.4,學甲區,26800,496.3707519090826
104.4,西港區,24889,737.0893131082195
104.4,七股區,23527,213.5921096113272
104.4,將軍區,20446,487.04608905277803
104.4,北門區,11597,262.968732639007
104.4,新化區,43784,705.5346700420092
104.4,善化區,46431,839.4730038311544
104.4,新市區,35658,745.8334727753421
104.4,安定區,30307,969.2037096258395
104.4,山上區,7492,268.7423775019729
104.4,玉井區,14509,189.99243120647614
104.4,楠西區,10100,92.12672258728323
104.4,南化區,8942,52.133922730786765
104.4,左鎮區,5132,68.51573712492907
104.4,仁德區,73242,1442.7258974439787
104.4,歸仁區,67630,1212.196166785861
104.4,關廟區,34802,648.7911366801327
104.4,龍崎區,4260,66.47794835943034
104.4,永康區,229558,5699.721665636258
104.4,東區,190025,14164.480157428665
104.4,南區,125833,4614.659620582292
104.4,北區,132614,12709.794901284264
104.4,安南區,188396,1757.3991432963687
104.4,安平區,65104,5883.086487805319
104.4,中西區,77849,12435.94249201278
104.3,總計,1885106,860.1297349475608
104.3,新營區,78346,2032.9228358061787
104.3,鹽水區,26235,502.1485103980247
104.3,白河區,29635,234.44558188546935
104.3,柳營區,21723,354.4129907379158
104.3,後壁區,24494,339.163293819208
104.3,東山區,21828,174.7389083061021
104.3,麻豆區,45070,835.0254935673207
104.3,下營區,25013,746.0086909580036
104.3,六甲區,22750,336.802024069131
104.3,官田區,21633,305.5711325469346
104.3,大內區,10235,145.56444444444443
104.3,佳里區,59593,1530.2936146391319
104.3,學甲區,26823,496.79674173348224
104.3,西港區,24881,736.8523926009726
104.3,七股區,23545,213.75552432518802
104.3,將軍區,20468,487.57015312199263
104.3,北門區,11616,263.39956871041693
104.3,新化區,43757,705.0995924773478
104.3,善化區,46350,838.0085229173183
104.3,新市區,35661,745.8962216793279
104.3,安定區,30278,968.2763031659738
104.3,山上區,7496,268.88585981777743
104.3,玉井區,14524,190.18885318373833
104.3,楠西區,10113,92.24530153714804
104.3,南化區,8949,52.174734345539115
104.3,左鎮區,5137,68.58249057107572
104.3,仁德區,73195,1441.8000882473448
104.3,歸仁區,67613,1211.8914597795713
104.3,關廟區,34806,648.8657060884058
104.3,龍崎區,4266,66.57157927261264
104.3,永康區,229330,5694.06062772965
104.3,東區,190086,14169.027102775874
104.3,南區,125798,4613.376069473121
104.3,北區,132620,12710.369944412498
104.3,安南區,188225,1755.8040178504798
104.3,安平區,65093,5882.0924789676765
104.3,中西區,77921,12447.444089456869
104.2,總計,1884863,860.0188597365158
104.2,新營區,78288,2031.417851193349
104.2,鹽水區,26284,503.08639021542524
104.2,白河區,29671,234.73038164750332
104.2,柳營區,21776,355.27769121709036
104.2,後壁區,24498,339.2186809824021
104.2,東山區,21865,175.0351030837879
104.2,麻豆區,45053,834.7105294361771
104.2,下營區,25056,747.2911590230576
104.2,六甲區,22771,337.1129182451948
104.2,官田區,21673,306.13614180602383
104.2,大內區,10234,145.55022222222223
104.2,佳里區,59522,1528.4703997206116
104.2,學甲區,26883,497.90801953626374
104.2,西港區,24886,737.0004679180018
104.2,七股區,23587,214.13682532419665
104.2,將軍區,20509,488.5468179782561
104.2,北門區,11658,264.35194318405996
104.2,新化區,43741,704.8417687353262
104.2,善化區,46230,835.838921563487
104.2,新市區,35592,744.4529968876543
104.2,安定區,30292,968.7240166293573
104.2,山上區,7498,268.9576009756797
104.2,玉井區,14534,190.3198011685798
104.2,楠西區,10112,92.23618007946614
104.2,南化區,8976,52.332150573869605
104.2,左鎮區,5167,68.98301124795567
104.2,仁德區,73215,1442.1940496076145
104.2,歸仁區,67573,1211.1745021177137
104.2,關廟區,34834,649.3876919463174
104.2,龍崎區,4277,66.74323594678019
104.2,永康區,229010,5686.115311369499
104.2,東區,190158,14174.393989087332
104.2,南區,125758,4611.909153919782
104.2,北區,132666,12714.77860839563
104.2,安南區,188042,1754.0969537768094
104.2,安平區,65046,5877.845350297751
104.2,中西區,77928,12448.562300319489
104.1,總計,1884641,859.9175663338327
104.1,新營區,78248,2030.3799307707077
104.1,鹽水區,26304,503.46919830416016
104.1,白河區,29710,235.03891472304014
104.1,柳營區,21825,356.07713128274236
104.1,後壁區,24545,339.86948014993305
104.1,東山區,21894,175.26725574737947
104.1,麻豆區,45057,834.784638643505
104.1,下營區,25054,747.2315093456132
104.1,六甲區,22801,337.55705278242885
104.1,官田區,21670,306.0937661115922
104.1,大內區,10241,145.64977777777779
104.1,佳里區,59530,1528.6758323874872
104.1,學甲區,26913,498.46365843765454
104.1,西港區,24885,736.970852854596
104.1,七股區,23613,214.3728687997734
104.1,將軍區,20548,489.4758406464092
104.1,北門區,11666,264.53334784570626
104.1,新化區,43773,705.3574162193694
104.1,善化區,46181,834.9530010106727
104.1,新市區,35524,743.0306883973093
104.1,安定區,30275,968.1803645666773
104.1,山上區,7499,268.9934715546309
104.1,玉井區,14537,190.35908556403223
104.1,楠西區,10114,92.25442299482995
104.1,南化區,8991,52.41960403405321
104.1,左鎮區,5175,69.08981676179033
104.1,仁德區,73179,1441.484919159129
104.1,歸仁區,67509,1210.0273698587414
104.1,關廟區,34874,650.1333860290486
104.1,龍崎區,4283,66.83686685996248
104.1,永康區,228818,5681.348121553408
104.1,東區,190243,14180.729896538358
104.1,南區,125726,4610.735621477111
104.1,北區,132597,12708.165612420933
104.1,安南區,187922,1752.9775674989926
104.1,安平區,64992,5872.965670549325
104.1,中西區,77925,12448.083067092652
103.12,總計,1884284,859.7546755916801
103.12,新營區,78231,2029.9388145910852
103.12,鹽水區,26322,503.8137255840216
103.12,白河區,29731,235.20504791755997
103.12,柳營區,21828,356.1260765928843
103.12,後壁區,24589,340.47873894506836
103.12,東山區,21920,175.4753926181857
103.12,麻豆區,45067,834.9699116618248
103.12,下營區,25068,747.6490570877238
103.12,六甲區,22832,338.01599180423733
103.12,官田區,21706,306.6022744447725
103.12,大內區,10248,145.74933333333334
103.12,佳里區,59533,1528.7528696375655
103.12,學甲區,26949,499.13042511932343
103.12,西港區,24896,737.2966185520604
103.12,七股區,23608,214.32747582370095
103.12,將軍區,20568,489.95226252751337
103.12,北門區,11691,265.10023741335095
103.12,新化區,43782,705.5024420742565
103.12,善化區,46100,833.4885200968365
103.12,新市區,35482,742.152203741508
103.12,安定區,30298,968.9158938279501
103.12,山上區,7500,269.029342133582
103.12,玉井區,14561,190.67336072765175
103.12,楠西區,10116,92.27266591019377
103.12,南化區,9001,52.47790634084228
103.12,左鎮區,5181,69.1699208971663
103.12,仁德區,73099,1439.9090737180497
103.12,歸仁區,67504,1209.9377501510091
103.12,關廟區,34865,649.965604860434
103.12,龍崎區,4292,66.97731322973593
103.12,永康區,228651,5677.201659577954
103.12,東區,190233,14179.984495661767
103.12,南區,125691,4609.452070367939
103.12,北區,132558,12704.427832087407
103.12,安南區,187775,1751.606319308667
103.12,安平區,64898,5864.471413209474
103.12,中西區,77910,12445.686900958466
103.11,總計,1883844,859.5539138926686
103.11,新營區,78206,2029.2901143269344
103.11,鹽水區,26325,503.87114679733185
103.11,白河區,29789,235.66389197861469
103.11,柳營區,21844,356.38711824697475
103.11,後壁區,24636,341.12953811259933
103.11,東山區,21942,175.65150843194485
103.11,麻豆區,45052,834.6920021343451
103.11,下營區,25107,748.812225797889
103.11,六甲區,22859,338.41571288774793
103.11,官田區,21744,307.1390332409072
103.11,大內區,10268,146.03377777777777
103.11,佳里區,59532,1528.727190554206
103.11,學甲區,26938,498.92669085548016
103.11,西港區,24913,737.8000746299599
103.11,七股區,23613,214.3728687997734
103.11,將軍區,20600,490.71453753728
103.11,北門區,11709,265.5083979020551
103.11,新化區,43795,705.7119238646491
103.11,善化區,45998,831.64435894608
103.11,新市區,35455,741.5874636056357
103.11,安定區,30289,968.6280780300608
103.11,山上區,7497,268.9217303967286
103.11,玉井區,14605,191.24953186095416
103.11,楠西區,10119,92.3000302832395
103.11,南化區,8983,52.372962188621955
103.11,左鎮區,5190,69.29007710023029
103.11,仁德區,73072,1439.3772258816855
103.11,歸仁區,67456,1209.07740095678
103.11,關廟區,34874,650.1333860290486
103.11,龍崎區,4296,67.03973383852413
103.11,永康區,228500,5673.452463420508
103.11,東區,190236,14180.208115924745
103.11,南區,125641,4607.618425926265
103.11,北區,132561,12704.715353651525
103.11,安南區,187438,1748.4627095117983
103.11,安平區,64823,5857.694080225549
103.11,中西區,77939,12450.319488817891
103.10,總計,1883562,859.4252438946656
103.10,新營區,78196,2029.030634221274
103.10,鹽水區,26343,504.2156740771932
103.10,白河區,29826,235.95660284514963
103.10,柳營區,21857,356.5992145909232
103.10,後壁區,24634,341.10184453100226
103.10,東山區,21950,175.71555054603908
103.10,麻豆區,45054,834.729056738009
103.10,下營區,25134,749.617496443388
103.10,六甲區,22872,338.60817118721604
103.10,官田區,21746,307.1672837038617
103.10,大內區,10267,146.01955555555554
103.10,佳里區,59534,1528.7785487209248
103.10,學甲區,26948,499.11190382261043
103.10,西港區,24899,737.3854637422779
103.10,七股區,23602,214.273004252414
103.10,將軍區,20601,490.73835863133525
103.10,北門區,11721,265.78050489452454
103.10,新化區,43790,705.6313539452673
103.10,善化區,45942,830.6318783142921
103.10,新市區,35470,741.9012081255647
103.10,安定區,30291,968.6920370962584
103.10,山上區,7512,269.4597890809958
103.10,玉井區,14623,191.4852382336688
103.10,楠西區,10112,92.23618007946614
103.10,南化區,8972,52.30882965115398
103.10,左鎮區,5204,69.47698674944094
103.10,仁德區,73006,1438.0771533927953
103.10,歸仁區,67451,1208.9877812490479
103.10,關廟區,34872,650.096101324912
103.10,龍崎區,4299,67.08654929511528
103.10,永康區,228379,5670.448140671826
103.10,東區,190316,14186.171322937476
103.10,南區,125622,4606.92164103843
103.10,北區,132472,12696.185547249377
103.10,安南區,187313,1747.2966821390726
103.10,安平區,64793,5854.98314703198
103.10,中西區,77939,12450.319488817891
103.9,總計,1883493,859.3937608100479
103.9,新營區,78267,2030.8729429714622
103.9,鹽水區,26348,504.31137609937696
103.9,白河區,29858,236.2097581891798
103.9,柳營區,21861,356.6644750044459
103.9,後壁區,24633,341.0879977402037
103.9,東山區,21963,175.8196189814422
103.9,麻豆區,45072,835.0625481709848
103.9,下營區,25167,750.6017161212201
103.9,六甲區,22895,338.94867433242877
103.9,官田區,21754,307.28028555567954
103.9,大內區,10263,145.96266666666668
103.9,佳里區,59522,1528.4703997206116
103.9,學甲區,26951,499.1674677127495
103.9,西港區,24913,737.8000746299599
103.9,七股區,23632,214.54536210884874
103.9,將軍區,20597,490.6430742551144
103.9,北門區,11721,265.78050489452454
103.9,新化區,43806,705.8891776872888
103.9,善化區,45893,829.7459577614776
103.9,新市區,35463,741.7547940162644
103.9,安定區,30281,968.3722417652702
103.9,山上區,7515,269.5674008178492
103.9,玉井區,14636,191.6554706139627
103.9,楠西區,10123,92.33651611396714
103.9,南化區,8908,51.935694887703924
103.9,左鎮區,5199,69.41023330329428
103.9,仁德區,72956,1437.0922499921207
103.9,歸仁區,67399,1208.0557362886327
103.9,關廟區,34898,650.5808024786871
103.9,龍崎區,4297,67.05533899072117
103.9,永康區,228264,5667.592792604896
103.9,東區,190360,14189.45108679448
103.9,南區,125650,4607.948481925767
103.9,北區,132459,12694.939620471536
103.9,安南區,187160,1745.8694646348563
103.9,安平區,64745,5850.645653922268
103.9,中西區,78064,12470.287539936102
103.8,總計,1883451,859.3745971933241
103.8,新營區,78318,2032.1962915103297
103.8,鹽水區,26365,504.6367629748017
103.8,白河區,29875,236.34424696569587
103.8,柳營區,21881,356.9907770720589
103.8,後壁區,24660,341.46186109176404
103.8,東山區,21974,175.90767688832176
103.8,麻豆區,45095,835.4886761131203
103.8,下營區,25189,751.2578625731081
103.8,六甲區,22954,339.8221389223223
103.8,官田區,21754,307.28028555567954
103.8,大內區,10258,145.89155555555556
103.8,佳里區,59512,1528.2136088870172
103.8,學甲區,26967,499.4638084601579
103.8,西港區,24895,737.2670034886545
103.8,七股區,23622,214.45457615670384
103.8,將軍區,20609,490.9289273837769
103.8,北門區,11746,266.34739446216923
103.8,新化區,43824,706.1792293970631
103.8,善化區,45769,827.5040363625187
103.8,新市區,35477,742.0476222348649
103.8,安定區,30283,968.4362008314679
103.8,山上區,7531,270.1413300810675
103.8,玉井區,14646,191.78641859880418
103.8,楠西區,10123,92.33651611396714
103.8,南化區,8901,51.894883272951574
103.8,左鎮區,5197,69.38353192483562
103.8,仁德區,72864,1435.28002773488
103.8,歸仁區,67369,1207.5180180422396
103.8,關廟區,34916,650.916364815916
103.8,龍崎區,4296,67.03973383852413
103.8,永康區,228060,5662.5276534253
103.8,東區,190641,14210.396851426698
103.8,南區,125648,4607.8751361481
103.8,北區,132469,12695.898025685261
103.8,安南區,186906,1743.5000970134774
103.8,安平區,64710,5847.482898529771
103.8,中西區,78147,12483.546325878595
103.7,總計,1882946,859.1441775160495
103.7,新營區,78343,2032.8449917744806
103.7,鹽水區,26398,505.26839632121425
103.7,白河區,29896,236.51038016021568
103.7,柳營區,21881,356.9907770720589
103.7,後壁區,24664,341.5172482549582
103.7,東山區,21997,176.09179796634265
103.7,麻豆區,45115,835.8592221497598
103.7,下營區,25193,751.3771619279969
103.7,六甲區,22993,340.39951382072655
103.7,官田區,21748,307.1955341668162
103.7,大內區,10283,146.2471111111111
103.7,佳里區,59479,1527.3661991361557
103.7,學甲區,27015,500.35283070238313
103.7,西港區,24857,736.1416310792322
103.7,七股區,23629,214.51812632320525
103.7,將軍區,20644,491.7626656757092
103.7,北門區,11749,266.4154212102866
103.7,新化區,43836,706.3725972035793
103.7,善化區,45628,824.9547547717669
103.7,新市區,35431,741.0854723737492
103.7,安定區,30283,968.4362008314679
103.7,山上區,7537,270.3565535547744
103.7,玉井區,14642,191.7340394048676
103.7,楠西區,10135,92.44597360615005
103.7,南化區,8889,51.824920504804695
103.7,左鎮區,5201,69.43693468175294
103.7,仁德區,72739,1432.8177692331938
103.7,歸仁區,67334,1206.890680088114
103.7,關廟區,34943,651.4197083217596
103.7,龍崎區,4299,67.08654929511528
103.7,永康區,227703,5653.663659861007
103.7,東區,190855,14226.348430185755
103.7,南區,125605,4606.298201928261
103.7,北區,132438,12692.926969522716
103.7,安南區,186739,1741.9422844435157
103.7,安平區,64611,5838.5368189909905
103.7,中西區,78214,12494.249201277955
103.6,總計,1883042,859.187980068561
103.6,新營區,78384,2033.9088602076877
103.6,鹽水區,26424,505.76604683656967
103.6,白河區,29956,236.98504643027232
103.6,柳營區,21879,356.9581468652976
103.6,後壁區,24681,341.7526436985332
103.6,東山區,22021,176.28392430862536
103.6,麻豆區,45139,836.3038773937274
103.6,下營區,25210,751.8841841862741
103.6,六甲區,23041,341.110129080301
103.6,官田區,21764,307.42153787045186
103.6,大內區,10318,146.74488888888888
103.6,佳里區,59445,1526.4931103019346
103.6,學甲區,27052,501.0381186807651
103.6,西港區,24850,735.9343256353912
103.6,七股區,23641,214.62706946577916
103.6,將軍區,20644,491.7626656757092
103.6,北門區,11764,266.7555549508734
103.6,新化區,43844,706.5015090745901
103.6,善化區,45510,822.8213134404996
103.6,新市區,35412,740.6880626485057
103.6,安定區,30255,967.540773904701
103.6,山上區,7536,270.3206829758232
103.6,玉井區,14669,192.08759896393954
103.6,楠西區,10144,92.52806672528723
103.6,南化區,8892,51.84241119684141
103.6,左鎮區,5208,69.53038950635826
103.6,仁德區,72714,1432.3253175328564
103.6,歸仁區,67300,1206.281266075535
103.6,關廟區,34968,651.8857671234664
103.6,龍崎區,4304,67.16457505610052
103.6,永康區,227598,5651.056602930332
103.6,東區,191047,14240.66012701631
103.6,南區,125616,4606.701603705428
103.6,北區,132337,12683.2470768641
103.6,安南區,186533,1740.0206713332636
103.6,安平區,64549,5832.93422372428
103.6,中西區,78393,12522.843450479233
103.5,總計,1882865,859.1072191123677
103.5,新營區,78483,2036.4777132537247
103.5,鹽水區,26416,505.6129236010757
103.5,白河區,29987,237.23029066980158
103.5,柳營區,21856,356.5828994875426
103.5,後壁區,24713,342.1957410040862
103.5,東山區,22037,176.4120085368138
103.5,麻豆區,45151,836.5262050157111
103.5,下營區,25219,752.1526077347737
103.5,六甲區,23065,341.4654367100882
103.5,官田區,21775,307.5769154167014
103.5,大內區,10327,146.8728888888889
103.5,佳里區,59476,1527.2891618860774
103.5,學甲區,27075,501.46410850516463
103.5,西港區,24858,736.1712461426381
103.5,七股區,23649,214.69969822749508
103.5,將軍區,20674,492.47729849736544
103.5,北門區,11772,266.9369596125197
103.5,新化區,43851,706.6143069617245
103.5,善化區,45457,821.8630728425575
103.5,新市區,35386,740.144238813962
103.5,安定區,30254,967.5087943716022
103.5,山上區,7530,270.1054595021164
103.5,玉井區,14684,192.28402094120173
103.5,楠西區,10159,92.66488859051587
103.5,南化區,8890,51.8307507354836
103.5,左鎮區,5203,69.4636360602116
103.5,仁德區,72640,1430.8676604998582
103.5,歸仁區,67273,1205.7973196537812
103.5,關廟區,35008,652.6314612061974
103.5,龍崎區,4308,67.22699566488872
103.5,永康區,227386,5645.792830841731
103.5,東區,191207,14252.586541041774
103.5,南區,125560,4604.647921930754
103.5,北區,132286,12678.359210274104
103.5,安南區,186294,1737.791226996612
103.5,安平區,64516,5829.952197211353
103.5,中西區,78440,12530.35143769968
103.4,總計,1883102,859.2153566638808
103.4,新營區,78528,2037.645373729196
103.4,鹽水區,26384,505.00043065909983
103.4,白河區,30013,237.43597938682612
103.4,柳營區,21829,356.14239169626495
103.4,後壁區,24723,342.33420891207146
103.4,東山區,22056,176.5641085577876
103.4,麻豆區,45211,837.6378431256298
103.4,下營區,25212,751.9438338637184
103.4,六甲區,23078,341.6578950095563
103.4,官田區,21775,307.5769154167014
103.4,大內區,10333,146.95822222222222
103.4,佳里區,59471,1527.1607664692801
103.4,學甲區,27101,501.9456622197033
103.4,西港區,24864,736.3489365230731
103.4,七股區,23672,214.90850591742839
103.4,將軍區,20688,492.8107938141383
103.4,北門區,11800,267.57187592828166
103.4,新化區,43880,707.0816124941385
103.4,善化區,45425,821.2845124815358
103.4,新市區,35378,739.9769084033331
103.4,安定區,30237,966.9651423089223
103.4,山上區,7543,270.5717770284812
103.4,玉井區,14730,192.88638167147244
103.4,楠西區,10161,92.68313150587969
103.4,南化區,8882,51.784108890052345
103.4,左鎮區,5198,69.39688261406495
103.4,仁德區,72669,1431.4389044722495
103.4,歸仁區,67259,1205.546384472131
103.4,關廟區,35054,653.4890094013381
103.4,龍崎區,4299,67.08654929511528
103.4,永康區,227296,5643.558210615439
103.4,東區,191366,14264.438414979577
103.4,南區,125512,4602.887623266747
103.4,北區,132285,12678.263369752733
103.4,安南區,186090,1735.8882703243235
103.4,安平區,64532,5831.398028247924
103.4,中西區,78568,12550.798722044728
103.3,總計,1883077,859.2039497491643
103.3,新營區,78586,2039.1503583420258
103.3,鹽水區,26387,505.0578518724101
103.3,白河區,30069,237.87900123887897
103.3,柳營區,21857,356.5992145909232
103.3,後壁區,24753,342.7496126360274
103.3,東山區,22085,176.79626122137918
103.3,麻豆區,45182,837.1005513725024
103.3,下營區,25238,752.7192796704952
103.3,六甲區,23106,342.07242057764137
103.3,官田區,21766,307.44978833340633
103.3,大內區,10359,147.328
103.3,佳里區,59444,1526.4674312185753
103.3,學甲區,27134,502.5568650112331
103.3,西港區,24854,736.0527858890147
103.3,七股區,23775,215.84360122452094
103.3,將軍區,20713,493.40632116551853
103.3,北門區,11808,267.75328058992795
103.3,新化區,43825,706.1953433809394
103.3,善化區,45367,820.235871827184
103.3,新市區,35418,740.8135604564773
103.3,安定區,30227,966.6453469779341
103.3,山上區,7555,271.002223975895
103.3,玉井區,14739,193.00423485782974
103.3,楠西區,10147,92.55543109833296
103.3,南化區,8877,51.75495773665781
103.3,左鎮區,5197,69.38353192483562
103.3,仁德區,72559,1429.2721169907657
103.3,歸仁區,67199,1204.4709479793444
103.3,關廟區,35068,653.750002330294
103.3,龍崎區,4302,67.13336475170642
103.3,永康區,227228,5641.869830888907
103.3,東區,191498,14274.277706550583
103.3,南區,125430,4599.880446382403
103.3,北區,132208,12670.883649607054
103.3,安南區,185913,1734.2371755645438
103.3,安平區,64564,5834.289690321065
103.3,中西區,78640,12562.300319488819
103.2,總計,1883033,859.183873579263
103.2,新營區,78563,2038.5535540990072
103.2,鹽水區,26367,504.67504378367516
103.2,白河區,30085,238.00557891089406
103.2,柳營區,21873,356.86025624501366
103.2,後壁區,24787,343.2204035231774
103.2,東山區,22096,176.88431912825874
103.2,麻豆區,45211,837.6378431256298
103.2,下營區,25245,752.9280535415505
103.2,六甲區,23117,342.2352699079605
103.2,官田區,21791,307.8029191203371
103.2,大內區,10375,147.55555555555554
103.2,佳里區,59403,1525.4145888008381
103.2,學甲區,27146,502.77912057178946
103.2,西港區,24879,736.7931624741609
103.2,七股區,23820,216.25213800917302
103.2,將軍區,20745,494.1685961752852
103.2,北門區,11826,268.16144107863215
103.2,新化區,43822,706.1470014293104
103.2,善化區,45287,818.7894709246299
103.2,新市區,35426,740.9808908671062
103.2,安定區,30235,966.9011832427246
103.2,山上區,7550,270.8228710811392
103.2,玉井區,14765,193.34469961841756
103.2,楠西區,10161,92.68313150587969
103.2,南化區,8883,51.78993912073125
103.2,左鎮區,5206,69.5036881278996
103.2,仁德區,72474,1427.5977812096191
103.2,歸仁區,67177,1204.0766212653227
103.2,關廟區,35070,653.7872870344305
103.2,龍崎區,4305,67.18018020829757
103.2,永康區,227120,5639.1882866173555
103.2,東區,191541,14277.482930319926
103.2,南區,125512,4602.887623266747
103.2,北區,132291,12678.838412880967
103.2,安南區,185680,1732.063700541783
103.2,安平區,64558,5833.747503682351
103.2,中西區,78641,12562.460063897764
103.1,總計,1883251,859.2833418755915
103.1,新營區,78560,2038.475710067309
103.1,鹽水區,26394,505.1918347034673
103.1,白河區,30134,238.3932230314403
103.1,柳營區,21899,357.28444893291066
103.1,後壁區,24865,344.3004532054628
103.1,東山區,22163,177.4206718337979
103.1,麻豆區,45199,837.4155155036461
103.1,下營區,25298,754.5087699938263
103.1,六甲區,23131,342.44253269200306
103.1,官田區,21800,307.9300462036322
103.1,大內區,10385,147.6977777777778
103.1,佳里區,59403,1525.4145888008381
103.1,學甲區,27137,502.61242890137225
103.1,西港區,24899,737.3854637422779
103.1,七股區,23840,216.43370991346285
103.1,將軍區,20795,495.35965087804556
103.1,北門區,11846,268.6149527327479
103.1,新化區,43850,706.5981929778482
103.1,善化區,45247,818.0662704733528
103.1,新市區,35394,740.3115692245908
103.1,安定區,30233,966.837224176527
103.1,山上區,7563,271.2891886075041
103.1,玉井區,14807,193.89468115475168
103.1,楠西區,10171,92.77434608269878
103.1,南化區,8887,51.81326004344688
103.1,左鎮區,5213,69.59714295250492
103.1,仁德區,72418,1426.4946894008635
103.1,歸仁區,67107,1202.8219453570719
103.1,關廟區,35107,654.4770540609568
103.1,龍崎區,4309,67.24260081708577
103.1,永康區,227002,5636.25845120955
103.1,東區,191542,14277.557470407586
103.1,南區,125586,4605.601417040424
103.1,北區,132339,12683.438757906844
103.1,安南區,185585,1731.1775197385114
103.1,安平區,64579,5835.64515691785
103.1,中西區,78564,12550.159744408946
102.12,總計,1883208,859.2637219822791
102.12,新營區,78521,2037.463737655234
102.12,鹽水區,26426,505.80432764544315
102.12,白河區,30178,238.74131162948183
102.12,柳營區,21932,357.82284734447217
102.12,後壁區,24910,344.9235587913967
102.12,東山區,22195,177.67684029017482
102.12,麻豆區,45230,837.9898618604375
102.12,下營區,25333,755.5526393491027
102.12,六甲區,23151,342.7386223834924
102.12,官田區,21823,308.25492652760846
102.12,大內區,10408,148.02488888888888
102.12,佳里區,59372,1524.6185372166956
102.12,學甲區,27167,503.168067802763
102.12,西港區,24914,737.8296896933657
102.12,七股區,23871,216.71514636511205
102.12,將軍區,20808,495.6693251007633
102.12,北門區,11876,269.2952202139215
102.12,新化區,43836,706.3725972035793
102.12,善化區,45167,816.6198695707986
102.12,新市區,35336,739.0984237475318
102.12,安定區,30215,966.2615925807484
102.12,山上區,7570,271.5402826601621
102.12,玉井區,14821,194.07800833352974
102.12,楠西區,10186,92.91116794792742
102.12,南化區,8894,51.854071658199224
102.12,左鎮區,5211,69.57044157404626
102.12,仁德區,72444,1427.0068391692143
102.12,歸仁區,67101,1202.714401707793
102.12,關廟區,35105,654.4397693568202
102.12,龍崎區,4310,67.25820596928281
102.12,永康區,226875,5633.105153779115
102.12,東區,191576,14280.091833387996
102.12,南區,125611,4606.518239261261
102.12,北區,132336,12683.151236342726
102.12,安南區,185412,1729.563737854659
102.12,安平區,64589,5836.548801315706
102.12,中西區,78498,12539.616613418531
102.11,總計,1883114,859.2208319829448
102.11,新營區,78462,2035.9328050318381
102.11,鹽水區,26451,506.2828377563618
102.11,白河區,30212,239.01028918251393
102.11,柳營區,21964,358.3449306526531
102.11,後壁區,24969,345.74051944851
102.11,東山區,22231,177.96502980359884
102.11,麻豆區,45239,838.1566075769254
102.11,下營區,25336,755.6421138652693
102.11,六甲區,23186,343.25677934359874
102.11,官田區,21817,308.1701751387451
102.11,大內區,10434,148.39466666666667
102.11,佳里區,59371,1524.592858133336
102.11,學甲區,27221,504.16821782526637
102.11,西港區,24916,737.8889198201774
102.11,七股區,23894,216.92395405504536
102.11,將軍區,20828,496.14574698186743
102.11,北門區,11886,269.5219760409793
102.11,新化區,43857,706.7109908649826
102.11,善化區,45058,814.6491483410686
102.11,新市區,35320,738.7637629262741
102.11,安定區,30239,967.0291013751199
102.11,山上區,7576,271.755506133869
102.11,玉井區,14838,194.30061990776022
102.11,楠西區,10180,92.85643920183597
102.11,南化區,8869,51.708315891226555
102.11,左鎮區,5227,69.78405260171556
102.11,仁德區,72406,1426.2583125847018
102.11,歸仁區,67136,1203.3417396619186
102.11,關廟區,35130,654.9058281585271
102.11,龍崎區,4311,67.27381112147987
102.11,永康區,226729,5629.480103189796
102.11,東區,191525,14276.29028891738
102.11,南區,125633,4607.325042815598
102.11,北區,132347,12684.205482077823
102.11,安南區,185205,1727.632796525425
102.11,安平區,64576,5835.374063598492
102.11,中西區,78535,12545.52715654952
102.10,總計,1882777,859.0670667725655
102.10,新營區,78425,2034.972728640895
102.10,鹽水區,26469,506.62736503622324
102.10,白河區,30252,239.32673336255166
102.10,柳營區,21990,358.76912334055004
102.10,後壁區,24985,345.9620681012865
102.10,東山區,22253,178.14114561735798
102.10,麻豆區,45243,838.2307167842532
102.10,下營區,25357,756.2684354784352
102.10,六甲區,23220,343.76013181913066
102.10,官田區,21798,307.9017957406777
102.10,大內區,10447,148.57955555555554
102.10,佳里區,59338,1523.7454483824745
102.10,學甲區,27255,504.79794191350925
102.10,西港區,24923,738.0962252640184
102.10,七股區,23880,216.79685372204247
102.10,將軍區,20833,496.26485245214343
102.10,北門區,11906,269.97548769509507
102.10,新化區,43830,706.2759133003212
102.10,善化區,44981,813.2569874723602
102.10,新市區,35297,738.2826879957163
102.10,安定區,30262,967.7646306363927
102.10,山上區,7585,272.0783413444293
102.10,玉井區,14852,194.48394708653828
102.10,楠西區,10176,92.81995337110833
102.10,南化區,8872,51.72580658326327
102.10,左鎮區,5230,69.82410466940355
102.10,仁德區,72323,1424.6233729395822
102.10,歸仁區,67116,1202.9832608309898
102.10,關廟區,35145,655.1854634395512
102.10,龍崎區,4326,67.5078884044356
102.10,永康區,226510,5624.042527305817
102.10,東區,191620,14283.371597244999
102.10,南區,125666,4608.535248147102
102.10,北區,132285,12678.263369752733
102.10,安南區,185038,1726.0749839554633
102.10,安平區,64561,5834.018597001708
102.10,中西區,78528,12544.4089456869
102.9,總計,1882803,859.0789299638707
102.9,新營區,78479,2036.3739212114606
102.9,鹽水區,26488,506.9910327205214
102.9,白河區,30291,239.63526643808848
102.9,柳營區,22013,359.144370718305
102.9,後壁區,25002,346.1974635448615
102.9,東山區,22270,178.2772351098082
102.9,麻豆區,45264,838.6197901227248
102.9,下營區,25374,756.7754577367123
102.9,六甲區,23249,344.18946187179023
102.9,官田區,21808,308.04304805545
102.9,大內區,10451,148.63644444444444
102.9,佳里區,59334,1523.6427320490368
102.9,學甲區,27274,505.1498465510567
102.9,西港區,24927,738.2146855176418
102.9,七股區,23889,216.8785610789729
102.9,將軍區,20852,496.7174532391924
102.9,北門區,11915,270.17956793944717
102.9,新化區,43858,706.727104848859
102.9,善化區,44916,812.0817867390349
102.9,新市區,35314,738.6382651183026
102.9,安定區,30278,968.2763031659738
102.9,山上區,7601,272.6522706076476
102.9,玉井區,14862,194.61489507137972
102.9,楠西區,10175,92.81083191342641
102.9,南化區,8857,51.63835312307967
102.9,左鎮區,5229,69.81075398017423
102.9,仁德區,72260,1423.3823946547323
102.9,歸仁區,67103,1202.7502495908861
102.9,關廟區,35141,655.1108940312781
102.9,龍崎區,4337,67.67954507860316
102.9,永康區,226309,5619.0518754670975
102.9,東區,191790,14296.043412147053
102.9,南區,125640,4607.581753037432
102.9,北區,132253,12675.196473068814
102.9,安南區,184854,1724.358591662811
102.9,安平區,64584,5836.096979116778
102.9,中西區,78562,12549.840255591054
102.8,總計,1882774,859.0656979427995
102.8,新營區,78548,2038.1643339405166
102.8,鹽水區,26503,507.2781387870726
102.8,白河區,30331,239.95171061812624
102.8,柳營區,21999,358.9159592709759
102.8,後壁區,25024,346.50209294242916
102.8,東山區,22296,178.48537198061445
102.8,麻豆區,45299,839.2682456868441
102.8,下營區,25416,758.028100963044
102.8,六甲區,23274,344.55957398615186
102.8,官田區,21797,307.88767050920046
102.8,大內區,10447,148.57955555555554
102.8,佳里區,59337,1523.7197692991151
102.8,學甲區,27305,505.72400674916054
102.8,西港區,24967,739.3992880538758
102.8,七股區,23918,217.14184034019314
102.8,將軍區,20849,496.64598995702676
102.8,北門區,11916,270.2022435221529
102.8,新化區,43895,707.3233222522838
102.8,善化區,44839,810.6896258703265
102.8,新市區,35297,738.2826879957163
102.8,安定區,30312,969.3636072913336
102.8,山上區,7607,272.8674940813545
102.8,玉井區,14889,194.96845463045167
102.8,楠西區,10190,92.94765377865505
102.8,南化區,8839,51.53340897085934
102.8,左鎮區,5228,69.79740329094489
102.8,仁德區,72071,1419.659459800183
102.8,歸仁區,67103,1202.7502495908861
102.8,關廟區,35138,655.0549669750733
102.8,龍崎區,4337,67.67954507860316
102.8,永康區,226197,5616.271014741044
102.8,東區,192015,14312.81493187036
102.8,南區,125611,4606.518239261261
102.8,北區,132272,12677.017442974891
102.8,安南區,184462,1720.701929821943
102.8,安平區,64556,5833.56677480278
102.8,中西區,78690,12570.287539936102
102.7,總計,1882620,858.9954313481454
102.7,新營區,78542,2038.0086458771204
102.7,鹽水區,26525,507.699227684681
102.7,白河區,30377,240.31562142516964
102.7,柳營區,22033,359.4706727859181
102.7,後壁區,25055,346.93134345718363
102.7,東山區,22338,178.82159307960916
102.7,麻豆區,45348,840.1760834766111
102.7,下營區,25414,757.9684512855997
102.7,六甲區,23291,344.81125022391785
102.7,官田區,21818,308.18430037022233
102.7,大內區,10459,148.75022222222222
102.7,佳里區,59360,1524.3103882163823
102.7,學甲區,27335,506.2796456505513
102.7,西港區,24959,739.162367546629
102.7,七股區,23927,217.22354769712356
102.7,將軍區,20879,497.360622778683
102.7,北門區,11950,270.97321333414965
102.7,新化區,43886,707.1782963973967
102.7,善化區,44779,809.6048251934109
102.7,新市區,35252,737.3414544359291
102.7,安定區,30292,968.7240166293573
102.7,山上區,7625,273.5131645024751
102.7,玉井區,14922,195.4005829804285
102.7,楠西區,10200,93.03886835547415
102.7,南化區,8838,51.52757874018043
102.7,左鎮區,5240,69.95761156169687
102.7,仁德區,71938,1417.0396167543888
102.7,歸仁區,67079,1202.3200749937714
102.7,關廟區,35180,655.8379457619409
102.7,龍崎區,4332,67.6015193176179
102.7,永康區,225846,5607.555995858504
102.7,東區,192241,14329.660991681327
102.7,南區,125573,4605.124669485589
102.7,北區,132345,12684.013801035078
102.7,安南區,184159,1717.8754794704557
102.7,安平區,64489,5827.512357337141
102.7,中西區,78794,12586.900958466455
102.6,總計,1882526,858.9525413488111
102.6,新營區,78589,2039.228202373724
102.6,鹽水區,26565,508.4648438621508
102.6,白河區,30414,240.60833229170456
102.6,柳營區,22017,359.2096311318276
102.6,後壁區,25081,347.2913600179454
102.6,東山區,22372,179.0937720645096
102.6,麻豆區,45350,840.213138080275
102.6,下營區,25448,758.982495802154
102.6,六甲區,23317,345.19616682285397
102.6,官田區,21827,308.3114274535174
102.6,大內區,10451,148.63644444444444
102.6,佳里區,59398,1525.2861933840409
102.6,學甲區,27347,506.50190121110757
102.6,西港區,24971,739.5177483074992
102.6,七股區,23989,217.786420600422
102.6,將軍區,20885,497.50354934301424
102.6,北門區,11970,271.4267249882654
102.6,新化區,43908,707.5328040426763
102.6,善化區,44775,809.5325051482832
102.6,新市區,35254,737.3832870385863
102.6,安定區,30310,969.2996482251359
102.6,山上區,7640,274.0512231867422
102.6,玉井區,14959,195.8850905243419
102.6,楠西區,10227,93.2851477128857
102.6,南化區,8827,51.463446202712454
102.6,左鎮區,5239,69.94426087246754
102.6,仁德區,71747,1413.2772857638124
102.6,歸仁區,67011,1201.1012469686134
102.6,關廟區,35194,656.0989386908967
102.6,龍崎區,4323,67.46107294784446
102.6,永康區,225597,5601.373546565761
102.6,東區,192425,14343.37636781061
102.6,南區,125639,4607.545080148599
102.6,北區,132297,12679.4134560092
102.6,安南區,183842,1714.918434053223
102.6,安平區,64445,5823.536321986572
102.6,中西區,78876,12600.0
102.5,總計,1882352,858.8731492223837
102.5,新營區,78622,2040.084486722403
102.5,鹽水區,26579,508.73280952426524
102.5,白河區,30438,240.79819879972723
102.5,柳營區,22040,359.58487850958267
102.5,後壁區,25104,347.6098362063116
102.5,東山區,22387,179.2138510284363
102.5,麻豆區,45354,840.287247287603
102.5,下營區,25461,759.3702187055424
102.5,六甲區,23313,345.1369488845561
102.5,官田區,21837,308.4526797682897
102.5,大內區,10469,148.89244444444444
102.5,佳里區,59370,1524.5671790499766
102.5,學甲區,27383,507.1686678927765
102.5,西港區,24982,739.8435140049636
102.5,七股區,24027,218.13140721857263
102.5,將軍區,20891,497.6464759073455
102.5,北門區,11988,271.8348854769696
102.5,新化區,43938,708.0162235589668
102.5,善化區,44828,810.4907457462253
102.5,新市區,35248,737.2577892306148
102.5,安定區,30323,969.7153821554206
102.5,山上區,7642,274.1229643446445
102.5,玉井區,14981,196.1731760909931
102.5,楠西區,10238,93.3854837473867
102.5,南化區,8833,51.4984275867859
102.5,左鎮區,5234,69.87750742632088
102.5,仁德區,71627,1410.9135176021937
102.5,歸仁區,66959,1200.1692020081985
102.5,關廟區,35215,656.4904280843306
102.5,龍崎區,4320,67.41425749125331
102.5,永康區,225432,5597.2767428175575
102.5,東區,192571,14354.259220608845
102.5,南區,125672,4608.755285480103
102.5,北區,132127,12663.120567375887
102.5,安南區,183690,1713.5005447679885
102.5,安平區,64363,5816.126437924148
102.5,中西區,78866,12598.402555910543
102.4,總計,1882475,858.9292712427892
102.4,新營區,78664,2041.174303166176
102.4,鹽水區,26606,509.24960044405736
102.4,白河區,30451,240.9010431582395
102.4,柳營區,22069,360.0580165076216
102.4,後壁區,25128,347.9421591854763
102.4,東山區,22423,179.50204054186034
102.4,麻豆區,45391,840.9727574553862
102.4,下營區,25456,759.2210945119315
102.4,六甲區,23341,345.5514744526412
102.4,官田區,21840,308.4950554627214
102.4,大內區,10479,149.03466666666668
102.4,佳里區,59313,1523.1034712984886
102.4,學甲區,27405,507.57613642046306
102.4,西港區,24980,739.7842838781519
102.4,七股區,24160,219.33886038209994
102.4,將軍區,20917,498.2658243527809
102.4,北門區,12000,272.106992469439
102.4,新化區,43947,708.1612494138539
102.4,善化區,44775,809.5325051482832
102.4,新市區,35221,736.6930490947424
102.4,安定區,30302,969.0438119603454
102.4,山上區,7656,274.6251524499605
102.4,玉井區,14998,196.3957876652236
102.4,楠西區,10243,93.43109103579624
102.4,南化區,8809,51.35850205049213
102.4,左鎮區,5244,70.0110143186142
102.4,仁德區,71556,1409.514954773236
102.4,歸仁區,66881,1198.771134567576
102.4,關廟區,35230,656.7700633653546
102.4,龍崎區,4313,67.30502142587396
102.4,永康區,225220,5592.012970728958
102.4,東區,192750,14367.601896299831
102.4,南區,125722,4610.588929921777
102.4,北區,132176,12667.816752923136
102.4,安南區,183455,1711.3084133072641
102.4,安平區,64358,5815.67461572522
102.4,中西區,78996,12619.169329073482
102.3,總計,1882369,858.8809059243911
102.3,新營區,78703,2042.1862755782513
102.3,鹽水區,26617,509.4601448928616
102.3,白河區,30509,241.35988721929422
102.3,柳營區,22073,360.12327692114417
102.3,後壁區,25153,348.2883289554396
102.3,東山區,22430,179.5580773916928
102.3,麻豆區,45402,841.176557775538
102.3,下營區,25486,760.115839673597
102.3,六甲區,23328,345.3590161531731
102.3,官田區,21855,308.7069339348799
102.3,大內區,10504,149.39022222222223
102.3,佳里區,59303,1522.8466804648942
102.3,學甲區,27413,507.72430679416726
102.3,西港區,24980,739.7842838781519
102.3,七股區,24190,219.61121823853466
102.3,將軍區,20940,498.81370951605066
102.3,北門區,12001,272.1296680521448
102.3,新化區,43915,707.6456019298107
102.3,善化區,44736,808.827384708288
102.3,新市區,35217,736.609383889428
102.3,安定區,30286,968.5321394307643
102.3,山上區,7667,275.0197288184231
102.3,玉井區,15004,196.47435645612848
102.3,楠西區,10248,93.47669832420578
102.3,南化區,8822,51.43429504931792
102.3,左鎮區,5265,70.29137879243015
102.3,仁德區,71441,1407.2496769516847
102.3,歸仁區,66797,1197.2655234776748
102.3,關廟區,35265,657.4225456877443
102.3,龍崎區,4328,67.5390987088297
102.3,永康區,224966,5585.706375868088
102.3,東區,192962,14383.40439488357
102.3,南區,125781,4612.752630362951
102.3,北區,132156,12665.899942495687
102.3,安南區,183224,1709.1535947224668
102.3,安平區,64370,5816.7589890026475
102.3,中西區,79032,12624.920127795527
102.2,總計,1882118,858.7663805006367
102.2,新營區,78587,2039.1763063525918
102.2,鹽水區,26633,509.7663913638495
102.2,白河區,30544,241.63677587682727
102.2,柳營區,22086,360.3353732650927
102.2,後壁區,25201,348.9529749137691
102.2,東山區,22492,180.05440377592305
102.2,麻豆區,45401,841.158030473706
102.2,下營區,25553,762.1141038679833
102.2,六甲區,23348,345.65510584466244
102.2,官田區,21894,309.25781796249186
102.2,大內區,10504,149.39022222222223
102.2,佳里區,59294,1522.6155687146593
102.2,學甲區,27417,507.7983919810194
102.2,西港區,25012,740.731965907139
102.2,七股區,24215,219.83818311889692
102.2,將軍區,20979,499.74273218420376
102.2,北門區,12029,272.7645843679068
102.2,新化區,43887,707.194410381273
102.2,善化區,44679,807.7968240652182
102.2,新市區,35218,736.6303001907567
102.2,安定區,30299,968.9478733610489
102.2,山上區,7682,275.5577875026903
102.2,玉井區,15031,196.82791601520043
102.2,楠西區,10281,93.7777064277088
102.2,南化區,8836,51.51591827882262
102.2,左鎮區,5279,70.4782884416408
102.2,仁德區,71398,1406.4026600271045
102.2,歸仁區,66735,1196.1542391017954
102.2,關廟區,35294,657.9631738977243
102.2,龍崎區,4330,67.5703090132238
102.2,永康區,224625,5577.239648121801
102.2,東區,192966,14383.702555234206
102.2,南區,125890,4616.7499752458
102.2,北區,132209,12670.979490128428
102.2,安南區,183052,1707.5491410575962
102.2,安平區,64375,5817.210811201576
102.2,中西區,78863,12597.923322683706
102.1,總計,1881905,858.6691935872516
102.1,新營區,78535,2037.8270098031583
102.1,鹽水區,26662,510.32146309251516
102.1,白河區,30557,241.73962023533954
102.1,柳營區,22147,361.3305945713125
102.1,後壁區,25224,349.2714511021353
102.1,東山區,22509,180.19049326837327
102.1,麻豆區,45380,840.7689571352345
102.1,下營區,25571,762.6509509649827
102.1,六甲區,23335,345.4626475451944
102.1,官田區,21917,309.5826982864682
102.1,大內區,10514,149.53244444444445
102.1,佳里區,59306,1522.9237177149726
102.1,學甲區,27440,508.22438180541894
102.1,西港區,25021,740.9985014777917
102.1,七股區,24223,219.91081188061287
102.1,將軍區,20993,500.0762275009767
102.1,北門區,12054,273.33147393555146
102.1,新化區,43902,707.4361201394182
102.1,善化區,44628,806.87474348984
102.1,新市區,35209,736.4420534787992
102.1,安定區,30278,968.2763031659738
102.1,山上區,7702,276.2751990817132
102.1,玉井區,15033,196.85410561216872
102.1,楠西區,10290,93.85979954684598
102.1,南化區,8836,51.51591827882262
102.1,左鎮區,5287,70.58509395547544
102.1,仁德區,71363,1405.7132276466325
102.1,歸仁區,66680,1195.168422316741
102.1,關廟區,35315,658.3546632911581
102.1,龍崎區,4330,67.5703090132238
102.1,永康區,224399,5571.628268442445
102.1,東區,192953,14382.733534094637
102.1,南區,125979,4620.013862351979
102.1,北區,132285,12678.263369752733
102.1,安南區,182947,1706.5696780645064
102.1,安平區,64346,5814.590242447792
102.1,中西區,78755,12580.670926517572
101.12,總計,1881645,858.5505616741992
101.12,新營區,78475,2036.2701291691965
101.12,鹽水區,26695,510.95309643892773
101.12,白河區,30602,242.095619937882
101.12,柳營區,22160,361.54269091526095
101.12,後壁區,25280,350.046871386853
101.12,東山區,22529,180.35059855360885
101.12,麻豆區,45377,840.7133752297385
101.12,下營區,25612,763.8737693525923
101.12,六甲區,23346,345.62549687551353
101.12,官田區,21912,309.512072129082
101.12,大內區,10537,149.85955555555554
101.12,佳里區,59289,1522.487173297862
101.12,學甲區,27414,507.74282809088027
101.12,西港區,25034,741.3834973020678
101.12,七股區,24225,219.92896907104185
101.12,將軍區,21005,500.3620806296392
101.12,北門區,12083,273.9890658340193
101.12,新化區,43940,708.0484515267194
101.12,善化區,44619,806.7120233883026
101.12,新市區,35187,735.9818948495699
101.12,安定區,30298,968.9158938279501
101.12,山上區,7696,276.0599756080063
101.12,玉井區,15058,197.18147557427238
101.12,楠西區,10272,93.69561330857161
101.12,南化區,8814,51.387653203886664
101.12,左鎮區,5294,70.67854878008077
101.12,仁德區,71270,1403.881307321378
101.12,歸仁區,66655,1194.72032377808
101.12,關廟區,35353,659.0630726697526
101.12,龍崎區,4325,67.49228325223855
101.12,永康區,224303,5569.244673534399
101.12,東區,192972,14384.14979576016
101.12,南區,126018,4621.444105016484
101.12,北區,132233,12673.279662641366
101.12,安南區,182749,1704.7226907061088
101.12,安平區,64348,5814.770971327363
101.12,中西區,78666,12566.453674121407
101.11,總計,1881026,858.2681264658171
101.11,新營區,78481,2036.4258172325926
101.11,鹽水區,26717,511.3741853365362
101.11,白河區,30608,242.14308656488765
101.11,柳營區,22185,361.95056849977726
101.11,後壁區,25278,350.01917780525594
101.11,東山區,22544,180.47067751753553
101.11,麻豆區,45407,841.2691942846978
101.11,下營區,25620,764.1123680623697
101.11,六甲區,23368,345.95119553615183
101.11,官田區,21920,309.62507398089986
101.11,大內區,10542,149.93066666666667
101.11,佳里區,59249,1521.4600099634843
101.11,學甲區,27416,507.77987068430633
101.11,西港區,25041,741.5908027459087
101.11,七股區,24212,219.81094733325347
101.11,將軍區,21044,501.2911032977923
101.11,北門區,12081,273.9437146686077
101.11,新化區,43917,707.6778298975635
101.11,善化區,44566,805.7537827903604
101.11,新市區,35184,735.9191459455841
101.11,安定區,30280,968.3402622321714
101.11,山上區,7703,276.3110696606643
101.11,玉井區,15061,197.2207599697248
101.11,楠西區,10292,93.87804246220979
101.11,南化區,8798,51.29436951302415
101.11,左鎮區,5299,70.74530222622742
101.11,仁德區,71167,1401.8524063159887
101.11,歸仁區,66579,1193.3581042205506
101.11,關廟區,35383,659.6223432318009
101.11,龍崎區,4323,67.46107294784446
101.11,永康區,224060,5563.211198923409
101.11,東區,192909,14379.453770237635
101.11,南區,126068,4623.277749458158
101.11,北區,132241,12674.046386812344
101.11,安南區,182565,1703.0062984134565
101.11,安平區,64360,5815.855344604791
101.11,中西區,78558,12549.201277955272
101.10,總計,1880360,857.9642462577677
101.10,新營區,78498,2036.866933412215
101.10,鹽水區,26702,511.087079269985
101.10,白河區,30622,242.25384202790087
101.10,柳營區,22192,362.0647742234419
101.10,後壁區,25315,350.5315090648016
101.10,東山區,22549,180.51070383884442
101.10,麻豆區,45431,841.7138495286654
101.10,下營區,25628,764.3509667721472
101.10,六甲區,23354,345.7439327521093
101.10,官田區,21911,309.4979468976048
101.10,大內區,10536,149.84533333333334
101.10,佳里區,59245,1521.3572936300466
101.10,學甲區,27396,507.40944475004585
101.10,西港區,25018,740.9096562875742
101.10,七股區,24235,220.01975502318675
101.10,將軍區,21071,501.9342728372829
101.10,北門區,12102,274.41990190542924
101.10,新化區,43916,707.6617159136871
101.10,善化區,44546,805.3921825647219
101.10,新市區,35164,735.5008199190121
101.10,安定區,30266,967.892548768788
101.10,山上區,7703,276.3110696606643
101.10,玉井區,15063,197.2469495666931
101.10,楠西區,10301,93.96013558134698
101.10,南化區,8782,51.20108582216164
101.10,左鎮區,5296,70.70525015853943
101.10,仁德區,71088,1400.296258942923
101.10,歸仁區,66522,1192.3364395524034
101.10,關廟區,35391,659.771482048347
101.10,龍崎區,4309,67.24260081708577
101.10,永康區,223806,5556.904604062539
101.10,東區,192964,14383.553475058887
101.10,南區,126005,4620.967357461649
101.10,北區,132219,12671.937895342151
101.10,安南區,182354,1701.0380442082953
101.10,安平區,64332,5813.325140290793
101.10,中西區,78528,12544.4089456869
101.9,總計,1879644,857.6375522202852
101.9,新營區,78543,2038.0345938876865
101.9,鹽水區,26730,511.62301059421384
101.9,白河區,30615,242.19846429639426
101.9,柳營區,22171,361.72215705244815
101.9,後壁區,25331,350.7530577175781
101.9,東山區,22577,180.73485123817423
101.9,麻豆區,45433,841.7509041323293
101.9,下營區,25654,765.126412578924
101.9,六甲區,23354,345.7439327521093
101.9,官田區,21885,309.1306908791968
101.9,大內區,10538,149.87377777777778
101.9,佳里區,59254,1521.5884053802815
101.9,學甲區,27411,507.6872642007412
101.9,西港區,25030,741.2650370484444
101.9,七股區,24241,220.07422659447369
101.9,將軍區,21090,502.3868736243318
101.9,北門區,12103,274.44257748813504
101.9,新化區,43894,707.3072082684074
101.9,善化區,44486,804.3073818878063
101.9,新市區,35121,734.6014189618821
101.9,安定區,30253,967.4768148385034
101.9,山上區,7715,276.74151660807803
101.9,玉井區,15076,197.417181946987
101.9,楠西區,10298,93.93277120830125
101.9,南化區,8785,51.21857651419836
101.9,左鎮區,5311,70.9055104969794
101.9,仁德區,70981,1398.1885656654797
101.9,歸仁區,66461,1191.2430791180705
101.9,關廟區,35386,659.6782702880057
101.9,龍崎區,4297,67.05533899072117
101.9,永康區,223459,5548.288901634501
101.9,東區,193037,14388.994901458005
101.9,南區,126039,4622.214235681988
101.9,北區,132180,12668.200115008627
101.9,安南區,182116,1698.8179280906256
101.9,安平區,64289,5809.4394693800095
101.9,中西區,78500,12539.936102236423
101.8,總計,1879506,857.5745860510498
101.8,新營區,78584,2039.0984623208938
101.8,鹽水區,26754,512.0823803006957
101.8,白河區,30659,242.5465528944358
101.8,柳營區,22184,361.9342533963966
101.8,後壁區,25326,350.6838237635854
101.8,東山區,22580,180.75886703095955
101.8,麻豆區,45463,842.3067231872888
101.8,下營區,25679,765.8720335469786
101.8,六甲區,23372,346.0104134744497
101.8,官田區,21881,309.0741899532879
101.8,大內區,10569,150.31466666666665
101.8,佳里區,59221,1520.74099562942
101.8,學甲區,27426,507.9650836514366
101.8,西港區,25027,741.1761918582268
101.8,七股區,24307,220.6734138786301
101.8,將軍區,21111,502.8871165994912
101.8,北門區,12120,274.8280623941334
101.8,新化區,43885,707.1621824135203
101.8,善化區,44388,802.5355407821775
101.8,新市區,35112,734.4131722499246
101.8,安定區,30244,967.188999040614
101.8,山上區,7713,276.6697754501758
101.8,玉井區,15085,197.5350351333443
101.8,楠西區,10322,94.15168619266707
101.8,南化區,8780,51.189425360803824
101.8,左鎮區,5313,70.93221187543807
101.8,仁德區,70936,1397.3021526048726
101.8,歸仁區,66469,1191.3864706504419
101.8,關廟區,35399,659.9206208648933
101.8,龍崎區,4288,66.91489262094773
101.8,永康區,223261,5543.372737136657
101.8,東區,193143,14396.896150749873
101.8,南區,126046,4622.470945903821
101.8,北區,132190,12669.15852022235
101.8,安南區,181913,1696.9242996373189
101.8,安平區,64180,5799.589745443373
101.8,中西區,78576,12552.076677316294
101.7,總計,1879022,857.353748182137
101.7,新營區,78648,2040.7591349971196
101.7,鹽水區,26750,512.0058186829488
101.7,白河區,30691,242.799708238466
101.7,柳營區,22213,362.40739139443554
101.7,後壁區,25328,350.7115173451825
101.7,東山區,22619,181.0710723371689
101.7,麻豆區,45475,842.5290508092725
101.7,下營區,25699,766.4685303214223
101.7,六甲區,23390,346.27689419679007
101.7,官田區,21889,309.1871918051057
101.7,大內區,10577,150.42844444444444
101.7,佳里區,59213,1520.5355629625444
101.7,學甲區,27441,508.242903102132
101.7,西港區,25005,740.5246604632981
101.7,七股區,24335,220.92761454463584
101.7,將軍區,21112,502.91093769354643
101.7,北門區,12123,274.89608914225073
101.7,新化區,43926,707.8228557524506
101.7,善化區,44275,800.4924995073197
101.7,新市區,35090,733.9530136206954
101.7,安定區,30252,967.4448353054046
101.7,山上區,7732,277.3513164502475
101.7,玉井區,15126,198.07192187119432
101.7,楠西區,10336,94.2793866002138
101.7,南化區,8785,51.21857651419836
101.7,左鎮區,5309,70.87880911852073
101.7,仁德區,70755,1393.736802294431
101.7,歸仁區,66417,1190.454425690027
101.7,關廟區,35418,660.2748255541906
101.7,龍崎區,4283,66.83686685996248
101.7,永康區,222764,5531.0326676647965
101.7,東區,193363,14413.294970034885
101.7,南區,126048,4622.544291681488
101.7,北區,132194,12669.54188230784
101.7,安南區,181639,1694.368367636304
101.7,安平區,64093,5791.728039182021
101.7,中西區,78709,12573.32268370607
101.6,總計,1878795,857.2501733965106
101.6,新營區,78648,2040.7591349971196
101.6,鹽水區,26789,512.7522944559819
101.6,白河區,30735,243.14779683650752
101.6,柳營區,22259,363.15788614994557
101.6,後壁區,25350,351.01614674275015
101.6,東山區,22620,181.0790776014307
101.6,麻豆區,45527,843.4924705045354
101.6,下營區,25706,766.6773041924775
101.6,六甲區,23403,346.4693524962582
101.6,官田區,21897,309.30019365692357
101.6,大內區,10585,150.54222222222222
101.6,佳里區,59247,1521.4086517967655
101.6,學甲區,27447,508.35403088241014
101.6,西港區,25015,740.8208110973567
101.6,七股區,24386,221.39062290057487
101.6,將軍區,21115,502.98240097571204
101.6,北門區,12148,275.4629787098954
101.6,新化區,43959,708.3546172203701
101.6,善化區,44215,799.4076988304041
101.6,新市區,35100,734.1621766339814
101.6,安定區,30267,967.9245283018868
101.6,山上區,7724,277.06435181863833
101.6,玉井區,15139,198.24215425148822
101.6,楠西區,10346,94.3706011770329
101.6,南化區,8789,51.24189743691399
101.6,左鎮區,5324,71.07906945696071
101.6,仁德區,70654,1391.7472974250686
101.6,歸仁區,66359,1189.4148370803334
101.6,關廟區,35432,660.5358184831464
101.6,龍崎區,4294,67.00852353413002
101.6,永康區,222494,5524.328806985919
101.6,東區,193610,14431.706371686694
101.6,南區,126102,4624.5246276784965
101.6,北區,132138,12664.174813110983
101.6,安南區,181263,1690.8609572991447
101.6,安平區,63991,5782.510866323884
101.6,中西區,78718,12574.760383386581
101.5,總計,1878314,857.0307043573639
101.5,新營區,78651,2040.8369790288177
101.5,鹽水區,26789,512.7522944559819
101.5,白河區,30771,243.4325965985415
101.5,柳營區,22288,363.6310241479845
101.5,後壁區,25371,351.3069293495193
101.5,東山區,22621,181.08708286569248
101.5,麻豆區,45526,843.4739432027035
101.5,下營區,25717,767.0053774184216
101.5,六甲區,23409,346.55817940370497
101.5,官田區,21882,309.0883151847651
101.5,大內區,10598,150.7271111111111
101.5,佳里區,59266,1521.8965543805948
101.5,學甲區,27474,508.8541058936618
101.5,西港區,25002,740.4358152730806
101.5,七股區,24393,221.4541730670763
101.5,將軍區,21156,503.9590658319756
101.5,北門區,12178,276.143246191069
101.5,新化區,43947,708.1612494138539
101.5,善化區,44174,798.666418367845
101.5,新市區,35075,733.6392691007663
101.5,安定區,30259,967.6686920370963
101.5,山上區,7717,276.8132577659803
101.5,玉井區,15148,198.36000743784552
101.5,楠西區,10359,94.48918012689771
101.5,南化區,8776,51.1661044380882
101.5,左鎮區,5330,71.1591735923367
101.5,仁德區,70656,1391.7866935610955
101.5,歸仁區,66346,1189.1818258402295
101.5,關廟區,35469,661.2255855096726
101.5,龍崎區,4299,67.08654929511528
101.5,永康區,222225,5517.649775420667
101.5,東區,193636,14433.64441396583
101.5,南區,126106,4624.67131923383
101.5,北區,132048,12655.549166187466
101.5,安南區,180994,1688.3516663930388
101.5,安平區,63951,5778.896288732458
101.5,中西區,78707,12573.003194888179
101.4,總計,1878077,856.9225668058508
101.4,新營區,78668,2041.2780952084402
101.4,鹽水區,26803,513.0202601180963
101.4,白河區,30820,243.82024071908776
101.4,柳營區,22299,363.8104902851717
101.4,後壁區,25399,351.69463949187815
101.4,東山區,22637,181.21516709388095
101.4,麻豆區,45516,843.2886701843837
101.4,下營區,25714,766.9159029022551
101.4,六甲區,23428,346.83946461061987
101.4,官田區,21891,309.2154422680602
101.4,大內區,10627,151.13955555555555
101.4,佳里區,59168,1519.3800042113696
101.4,學甲區,27491,509.16896793778324
101.4,西港區,24999,740.346970082863
101.4,七股區,24555,222.92490549182384
101.4,將軍區,21164,504.14963458441724
101.4,北門區,12198,276.59675784518475
101.4,新化區,43965,708.4513011236281
101.4,善化區,44130,797.8708978714403
101.4,新市區,35134,734.873330879154
101.4,安定區,30244,967.188999040614
101.4,山上區,7727,277.1719635554918
101.4,玉井區,15174,198.70047219843332
101.4,楠西區,10372,94.60775907676253
101.4,南化區,8782,51.20108582216164
101.4,左鎮區,5325,71.09242014619005
101.4,仁德區,70540,1389.5017176715307
101.4,歸仁區,66293,1188.2318569382683
101.4,關廟區,35487,661.5611478469016
101.4,龍崎區,4305,67.18018020829757
101.4,永康區,221933,5510.399674242029
101.4,東區,193715,14439.533080890904
101.4,南區,126125,4625.368104121666
101.4,北區,132104,12660.916235384322
101.4,安南區,180732,1685.9076730198058
101.4,安平區,63859,5770.582760272177
101.4,中西區,78754,12580.511182108627
101.3,總計,1877778,856.7861401058407
101.3,新營區,78601,2039.5395785005162
101.3,鹽水區,26839,513.7093146778192
101.3,白河區,30857,244.11295158562268
101.3,柳營區,22329,364.2999433865912
101.3,後壁區,25402,351.7361798642737
101.3,東山區,22663,181.42330396468716
101.3,麻豆區,45554,843.9927076539989
101.3,下營區,25741,767.721173547754
101.3,六甲區,23452,347.1947722404071
101.3,官田區,21897,309.30019365692357
101.3,大內區,10634,151.2391111111111
101.3,佳里區,59166,1519.328646044651
101.3,學甲區,27509,509.5023512786177
101.3,西港區,24999,740.346970082863
101.3,七股區,24606,223.38791384776286
101.3,將軍區,21173,504.36402443091407
101.3,北門區,12223,277.1636474128294
101.3,新化區,43962,708.4029591719991
101.3,善化區,44110,797.5092976458018
101.3,新市區,35102,734.2040092366386
101.3,安定區,30247,967.2849376399105
101.3,山上區,7743,277.7458928187101
101.3,玉井區,15176,198.7266617954016
101.3,楠西區,10395,94.81755260344644
101.3,南化區,8803,51.32352066641869
101.3,左鎮區,5340,71.29268048463001
101.3,仁德區,70455,1387.8273818903842
101.3,歸仁區,66260,1187.6403668672356
101.3,關廟區,35502,661.8407831279256
101.3,龍崎區,4298,67.07094414291822
101.3,永康區,221613,5502.4543578818775
101.3,東區,193771,14443.707325799816
101.3,南區,126159,4626.614982342004
101.3,北區,132120,12662.44968372628
101.3,安南區,180508,1683.818151967881
101.3,安平區,63812,5766.335631602252
101.3,中西區,78757,12580.990415335464
101.2,總計,1877397,856.6122987255602
101.2,新營區,78521,2037.463737655234
101.2,鹽水區,26869,514.2835268109216
101.2,白河區,30891,244.38192913865475
101.2,柳營區,22352,364.67519076434627
101.2,後壁區,25465,352.60852768458113
101.2,東山區,22685,181.5994197784463
101.2,麻豆區,45578,844.4373628979664
101.2,下營區,25756,768.1685461285869
101.2,六甲區,23454,347.224381209556
101.2,官田區,21950,310.0488309252168
101.2,大內區,10655,151.5377777777778
101.2,佳里區,59171,1519.457041461448
101.2,學甲區,27559,510.428416114269
101.2,西港區,25032,741.3242671752561
101.2,七股區,24615,223.46962120469328
101.2,將軍區,21186,504.6736986536318
101.2,北門區,12237,277.48110557071044
101.2,新化區,43979,708.676896897897
101.2,善化區,44044,796.3160169011945
101.2,新市區,35076,733.660185402095
101.2,安定區,30244,967.188999040614
101.2,山上區,7752,278.0687280292704
101.2,玉井區,15205,199.10641095144186
101.2,楠西區,10412,94.9726173840389
101.2,南化區,8808,51.352671819813224
101.2,左鎮區,5355,71.49294082306999
101.2,仁德區,70379,1386.3303287213591
101.2,歸仁區,66206,1186.6724740237278
101.2,關廟區,35526,662.2881995775643
101.2,龍崎區,4312,67.28941627367692
101.2,永康區,221262,5493.739338999337
101.2,東區,193751,14442.216524046633
101.2,南區,126145,4626.101561898336
101.2,北區,132119,12662.353843204908
101.2,安南區,180357,1682.4095909016282
101.2,安平區,63695,5755.76299214733
101.2,中西區,78794,12586.900958466455
101.1,總計,1877115,856.4836287275573
101.1,新營區,78467,2036.0625450846683
101.1,鹽水區,26892,514.7237561129666
101.1,白河區,30907,244.50850681066987
101.1,柳營區,22412,365.6540969671854
101.1,後壁區,25537,353.60549662207535
101.1,東山區,22727,181.93564087744102
101.1,麻豆區,45593,844.7152724254461
101.1,下營區,25788,769.1229409676968
101.1,六甲區,23491,347.7721471388113
101.1,官田區,21953,310.0912066196485
101.1,大內區,10666,151.6942222222222
101.1,佳里區,59148,1518.866422544181
101.1,學甲區,27583,510.8729272353816
101.1,西港區,25061,742.1831040140257
101.1,七股區,24630,223.60580013291064
101.1,將軍區,21226,505.6265424158401
101.1,北門區,12249,277.7532125631799
101.1,新化區,44012,709.2086583658165
101.1,善化區,44012,795.7374565401728
101.1,新市區,35046,733.0326963622368
101.1,安定區,30251,967.4128557723058
101.1,山上區,7754,278.1404691871727
101.1,玉井區,15220,199.30283292870405
101.1,楠西區,10438,95.20977528376854
101.1,南化區,8829,51.47510666407027
101.1,左鎮區,5348,71.39948599846467
101.1,仁德區,70288,1384.5378045321315
101.1,歸仁區,66168,1185.9913642449628
101.1,關廟區,35568,663.0711783644318
101.1,龍崎區,4313,67.30502142587396
101.1,永康區,220969,5486.464408707074
101.1,東區,193787,14444.899967202362
101.1,南區,126183,4627.495131674007
101.1,北區,132062,12656.890933486678
101.1,安南區,180117,1680.1708183459948
101.1,安平區,63662,5752.780965634403
101.1,中西區,78758,12581.15015974441
100.12,總計,1876960,856.4129058563145
100.12,新營區,78473,2036.2182331480644
100.12,鹽水區,26891,514.7046157085299
100.12,白河區,30947,244.8249509907076
100.12,柳營區,22443,366.15986517198564
100.12,後壁區,25569,354.04859392762836
100.12,東山區,22771,182.28787250495927
100.12,麻豆區,45609,845.0117092547578
100.12,下營區,25803,769.5703135485295
100.12,六甲區,23509,348.0386278611517
100.12,官田區,21965,310.26070939737525
100.12,大內區,10674,151.808
100.12,佳里區,59155,1519.046176127697
100.12,學甲區,27583,510.8729272353816
100.12,西港區,25069,742.4200245212726
100.12,七股區,24649,223.77829344198597
100.12,將軍區,21261,506.46028070777237
100.12,北門區,12254,277.8665904767088
100.12,新化區,44023,709.3859121884564
100.12,善化區,43995,795.4300963483802
100.12,新市區,35035,732.8026170476222
100.12,安定區,30263,967.7966101694915
100.12,山上區,7757,278.2480809240261
100.12,玉井區,15223,199.34211732415648
100.12,楠西區,10445,95.2736254875419
100.12,南化區,8840,51.539239201538244
100.12,左鎮區,5359,71.54634357998731
100.12,仁德區,70232,1383.4347127233762
100.12,歸仁區,66104,1184.8442319859907
100.12,關廟區,35593,663.5372371661388
100.12,龍崎區,4311,67.27381112147987
100.12,永康區,220825,5482.889016345005
100.12,東區,193782,14444.527266764066
100.12,南區,126129,4625.514795677
100.12,北區,132098,12660.341192256086
100.12,安南區,179987,1678.95814987836
100.12,安平區,63593,5746.545819289193
100.12,中西區,78741,12578.434504792333
100.11,總計,1876706,856.2970116027942
100.11,新營區,78442,2035.4138448205174
100.11,鹽水區,26899,514.8577389440239
100.11,白河區,30996,245.21259511125385
100.11,柳營區,22455,366.3556464125535
100.11,後壁區,25596,354.4224572791887
100.11,東山區,22782,182.37593041183882
100.11,麻豆區,45601,844.8634908401019
100.11,下營區,25840,770.6738325812503
100.11,六甲區,23524,348.2606951297687
100.11,官田區,21986,310.5573392583971
100.11,大內區,10691,152.0497777777778
100.11,佳里區,59196,1520.099018545434
100.11,學甲區,27602,511.2248318729291
100.11,西港區,25079,742.716175155331
100.11,七股區,24655,223.83276501327293
100.11,將軍區,21280,506.9128814948213
100.11,北門區,12252,277.82123931129723
100.11,新化區,44032,709.5309380433434
100.11,善化區,43990,795.3396962919705
100.11,新市區,35005,732.1751280077641
100.11,安定區,30284,968.4681803645667
100.11,山上區,7757,278.2480809240261
100.11,玉井區,15224,199.35521212264064
100.11,楠西區,10453,95.34659714899718
100.11,南化區,8804,51.32935089709759
100.11,左鎮區,5369,71.67985047228063
100.11,仁德區,70152,1381.858867282297
100.11,歸仁區,66072,1184.2706658565046
100.11,關廟區,35653,664.6557782902353
100.11,龍崎區,4324,67.47667810004151
100.11,永康區,220606,5477.451440461027
100.11,東區,193645,14434.315274754763
100.11,南區,126189,4627.715169007008
100.11,北區,132129,12663.312248418631
100.11,安南區,179858,1677.754809629707
100.11,安平區,63557,5743.29269945691
100.11,中西區,78727,12576.198083067093
100.10,總計,1876312,856.1172386268612
100.10,新營區,78394,2034.1683403133482
100.10,鹽水區,26937,515.5850743126202
100.10,白河區,31023,245.42619493277934
100.10,柳營區,22469,366.5840578598826
100.10,後壁區,25605,354.5470783963754
100.10,東山區,22811,182.60808307543041
100.10,麻豆區,45614,845.1043457639176
100.10,下營區,25860,771.270329355694
100.10,六甲區,23530,348.34952203721554
100.10,官田區,22009,310.8822195823734
100.10,大內區,10702,152.2062222222222
100.10,佳里區,59210,1520.458525712466
100.10,學甲區,27621,511.57673651047656
100.10,西港區,25077,742.6569450285194
100.10,七股區,24641,223.70566468027005
100.10,將軍區,21288,507.10345024726297
100.10,北門區,12266,278.1386974691782
100.10,新化區,44034,709.5631660110961
100.10,善化區,43954,794.6888158858211
100.10,新市區,34995,731.9659649944781
100.10,安定區,30281,968.3722417652702
100.10,山上區,7758,278.28395150297723
100.10,玉井區,15218,199.27664333173576
100.10,楠西區,10471,95.51078338727154
100.10,南化區,8819,51.4168043572812
100.10,左鎮區,5375,71.75995460765661
100.10,仁德區,70096,1380.7557754735417
100.10,歸仁區,66016,1183.2669251299037
100.10,關廟區,35704,665.6065382457174
100.10,龍崎區,4330,67.5703090132238
100.10,永康區,220329,5470.573775986771
100.10,東區,193734,14440.949342556427
100.10,南區,126137,4625.808178787667
100.10,北區,132115,12661.970481119419
100.10,安南區,179665,1675.9544633662185
100.10,安平區,63501,5738.232290828913
100.10,中西區,78723,12575.55910543131
100.9,總計,1876031,855.989024905447
100.9,新營區,78396,2034.2202363344802
100.9,鹽水區,26935,515.5467935037467
100.9,白河區,31036,245.5290392912916
100.9,柳營區,22478,366.73089379030847
100.9,後壁區,25632,354.9209417479358
100.9,東山區,22814,182.63209886821573
100.9,麻豆區,45634,845.4748918005572
100.9,下營區,25859,771.2405045169718
100.9,六甲區,23536,348.4383489446623
100.9,官田區,22013,310.93872050828236
100.9,大內區,10731,152.61866666666666
100.9,佳里區,59176,1519.5854368782452
100.9,學甲區,27643,511.9842050381631
100.9,西港區,25108,743.5750119941008
100.9,七股區,24679,224.0506512984207
100.9,將軍區,21293,507.222555717539
100.9,北門區,12281,278.478831209765
100.9,新化區,44036,709.5953939788488
100.9,善化區,43905,793.8028953330067
100.9,新市區,34992,731.9032160904923
100.9,安定區,30252,967.4448353054046
100.9,山上區,7760,278.3556926608795
100.9,玉井區,15253,199.73496127868086
100.9,楠西區,10459,95.40132589508863
100.9,南化區,8812,51.37599274252885
100.9,左鎮區,5389,71.94686425686726
100.9,仁德區,70032,1379.4950991206783
100.9,歸仁區,66003,1183.0339138898
100.9,關廟區,35743,666.3335899763802
100.9,龍崎區,4341,67.74196568739134
100.9,永康區,220063,5463.969231762395
100.9,東區,193767,14443.409165449179
100.9,南區,126219,4628.815355672013
100.9,北區,132064,12657.082614529423
100.9,安南區,179490,1674.3220250444024
100.9,安平區,63436,5732.358602242845
100.9,中西區,78771,12583.226837060703
100.8,總計,1875637,855.8092519295138
100.8,新營區,78462,2035.9328050318381
100.8,鹽水區,26939,515.6233551214938
100.8,白河區,31074,245.82966126232748
100.8,柳營區,22461,366.4535370328374
100.8,後壁區,25639,355.0178692835255
100.8,東山區,22834,182.7922041534513
100.8,麻豆區,45686,846.4383114958202
100.8,下營區,25881,771.89665096886
100.8,六甲區,23585,349.1637686888112
100.8,官田區,21991,310.62796541578325
100.8,大內區,10752,152.91733333333335
100.8,佳里區,59226,1520.8693910462173
100.8,學甲區,27664,512.3731522691367
100.8,西港區,25133,744.315388579247
100.8,七股區,24743,224.63168139214812
100.8,將軍區,21314,507.7227986926984
100.8,北門區,12260,278.00264397294353
100.8,新化區,44007,709.1280884464347
100.8,善化區,43845,792.7180946560911
100.8,新市區,34934,730.6900706134332
100.8,安定區,30241,967.0930604413176
100.8,山上區,7778,279.0013630820001
100.8,玉井區,15274,200.00995204684793
100.8,楠西區,10477,95.565512133363
100.8,南化區,8821,51.428464818639014
100.8,左鎮區,5393,72.00026701378458
100.8,仁德區,69938,1377.6434807274104
100.8,歸仁區,65996,1182.908446298975
100.8,關廟區,35761,666.6691523136091
100.8,龍崎區,4343,67.77317599178545
100.8,永康區,219640,5453.46651669882
100.8,東區,193871,14451.16133456573
100.8,南區,126209,4628.448626783677
100.8,北區,132076,12658.232700785893
100.8,安南區,179180,1671.4302771600424
100.8,安平區,63372,5726.575278096563
100.8,中西區,78837,12593.769968051118
100.7,總計,1875491,855.7426355475691
100.7,新營區,78498,2036.866933412215
100.7,鹽水區,26947,515.7764783569877
100.7,白河區,31108,246.09863881535955
100.7,柳營區,22464,366.50248234297936
100.7,後壁區,25665,355.3778858442873
100.7,東山區,22848,182.9042778531162
100.7,麻豆區,45770,847.9946048497064
100.7,下營區,25924,773.1791190339138
100.7,六甲區,23573,348.9861148739176
100.7,官田區,22043,311.36247745259925
100.7,大內區,10781,153.32977777777776
100.7,佳里區,59228,1520.920749212936
100.7,學甲區,27683,512.7250569066841
100.7,西港區,25105,743.4861668038832
100.7,七股區,24768,224.85864627251038
100.7,將軍區,21347,508.5088947965202
100.7,北門區,12284,278.54685795788237
100.7,新化區,44069,710.1271554467683
100.7,善化區,43748,790.9643335617442
100.7,新市區,34899,729.9580000669321
100.7,安定區,30254,967.5087943716022
100.7,山上區,7770,278.714398450391
100.7,玉井區,15268,199.93138325594305
100.7,楠西區,10505,95.82091294845647
100.7,南化區,8831,51.48676712542808
100.7,左鎮區,5412,72.25393010914188
100.7,仁德區,69853,1375.9691449462637
100.7,歸仁區,65971,1182.4603477603139
100.7,關廟區,35773,666.8928605384284
100.7,龍崎區,4349,67.86680690496775
100.7,永康區,219156,5441.449225704091
100.7,東區,193986,14459.733444646532
100.7,南區,126262,4630.392289891852
100.7,北區,132031,12653.919877324133
100.7,安南區,179072,1670.4228295100074
100.7,安平區,63273,5717.629198557784
100.7,中西區,78973,12615.495207667733
100.6,總計,1874724,855.3926714040648
100.6,新營區,78528,2037.645373729196
100.6,鹽水區,26977,516.3506904900901
100.6,白河區,31154,246.46254962240297
100.6,柳營區,22457,366.38827661931475
100.6,後壁區,25683,355.6271280786608
100.6,東山區,22871,183.0883989311371
100.6,麻豆區,45753,847.6796407185628
100.6,下營區,25945,773.8054406470798
100.6,六甲區,23579,349.07494178136443
100.6,官田區,22045,311.3907279155537
100.6,大內區,10797,153.55733333333333
100.6,佳里區,59227,1520.8950701295767
100.6,學甲區,27682,512.7065356099711
100.6,西港區,25090,743.0419408527954
100.6,七股區,24800,225.1491613193741
100.6,將軍區,21365,508.937674489514
100.6,北門區,12310,279.13642310823286
100.6,新化區,44050,709.8209897531177
100.6,善化區,43710,790.2772931330309
100.6,新市區,34849,728.912185000502
100.6,安定區,30227,966.6453469779341
100.6,山上區,7779,279.0372336609513
100.6,玉井區,15289,200.20637402411012
100.6,楠西區,10522,95.97597772904892
100.6,南化區,8834,51.504257817464804
100.6,左鎮區,5418,72.33403424451787
100.6,仁德區,69672,1372.4037946358221
100.6,歸仁區,65928,1181.689618273817
100.6,關廟區,35812,667.6199122690912
100.6,龍崎區,4364,68.10088418792348
100.6,永康區,218664,5429.233301800359
100.6,東區,194093,14467.70923402606
100.6,南區,126246,4629.805523670516
100.6,北區,131944,12645.581751964732
100.6,安南區,178923,1669.0329248817181
100.6,安平區,63051,5697.568292925368
100.6,中西區,79086,12633.546325878595
100.5,總計,1873368,854.7739603498383
100.5,新營區,78493,2036.737193359385
100.5,鹽水區,26989,516.580375343331
100.5,白河區,31193,246.7710826979398
100.5,柳營區,22473,366.64931827340524
100.5,後壁區,25685,355.6548216602579
100.5,東山區,22902,183.33656212325226
100.5,麻豆區,45754,847.6981680203949
100.5,下營區,25944,773.7756158083575
100.5,六甲區,23563,348.8380700281729
100.5,官田區,22051,311.4754793044171
100.5,大內區,10798,153.57155555555556
100.5,佳里區,59247,1521.4086517967655
100.5,學甲區,27666,512.4101948625627
100.5,西港區,25061,742.1831040140257
100.5,七股區,24789,225.04929677201469
100.5,將軍區,21384,509.39027527656293
100.5,北門區,12324,279.45388126611385
100.5,新化區,44053,709.8693317047467
100.5,善化區,43618,788.6139320950937
100.5,新市區,34756,726.9669689769419
100.5,安定區,30202,965.8458586504637
100.5,山上區,7779,279.0372336609513
100.5,玉井區,15293,200.2587532180467
100.5,楠西區,10536,96.10367813659565
100.5,南化區,8837,51.52174850950153
100.5,左鎮區,5431,72.50759320449917
100.5,仁德區,69579,1370.5718743105676
100.5,歸仁區,65847,1180.2377790085552
100.5,關廟區,35802,667.4334887484084
100.5,龍崎區,4376,68.28814601428807
100.5,永康區,218085,5414.857245011211
100.5,東區,194102,14468.380094814993
100.5,南區,126077,4623.607805457659
100.5,北區,131928,12644.048303622772
100.5,安南區,178717,1667.111311771466
100.5,安平區,62917,5685.45945799409
100.5,中西區,79117,12638.498402555912
100.4,總計,1873193,854.6941119468222
100.4,新營區,78501,2036.9447774439132
100.4,鹽水區,27024,517.2502894986171
100.4,白河區,31193,246.7710826979398
100.4,柳營區,22506,367.18771668496674
100.4,後壁區,25717,356.0979189658109
100.4,東山區,22943,183.66477795798517
100.4,麻豆區,45756,847.7352226240588
100.4,下營區,25970,774.5510616151344
100.4,六甲區,23579,349.07494178136443
100.4,官田區,22075,311.8144848598707
100.4,大內區,10815,153.81333333333333
100.4,佳里區,59251,1521.5113681302032
100.4,學甲區,27700,513.0399189508056
100.4,西港區,25097,743.2492462966364
100.4,七股區,24797,225.12192553373063
100.4,將軍區,21425,510.36694013282647
100.4,北門區,12347,279.97541966834694
100.4,新化區,44046,709.7565338176123
100.4,善化區,43583,787.9811317002262
100.4,新市區,34714,726.0884843211405
100.4,安定區,30167,964.7265749920051
100.4,山上區,7788,279.3600688715116
100.4,玉井區,15325,200.67778676953938
100.4,楠西區,10567,96.38644332473483
100.4,南化區,8860,51.65584381511639
100.4,左鎮區,5430,72.49424251526985
100.4,仁德區,69458,1368.1884080809355
100.4,歸仁區,65872,1180.6858775472163
100.4,關廟區,35859,668.4961028163001
100.4,龍崎區,4384,68.41298723186448
100.4,永康區,217750,5406.539491946677
100.4,東區,194231,14477.995766123022
100.4,南區,126023,4621.627469460652
100.4,北區,131871,12638.585393904545
100.4,安南區,178556,1665.6094685153953
100.4,安平區,62775,5672.627707544527
100.4,中西區,79238,12657.82747603834
100.3,總計,1872933,854.57548003377
100.3,新營區,78433,2035.1803127254232
100.3,鹽水區,27033,517.4225531385479
100.3,白河區,31236,247.11126019148037
100.3,柳營區,22549,367.8892661303348
100.3,後壁區,25745,356.48562910816975
100.3,東山區,22951,183.7288200720794
100.3,麻豆區,45754,847.6981680203949
100.3,下營區,26002,775.5054564542443
100.3,六甲區,23611,349.5486852877474
100.3,官田區,22125,312.5207464337322
100.3,大內區,10842,154.19733333333335
100.3,佳里區,59267,1521.9222334639542
100.3,學甲區,27747,513.9104198963178
100.3,西港區,25121,743.9600078183768
100.3,七股區,24782,224.98574660551327
100.3,將軍區,21455,511.0815729544827
100.3,北門區,12377,280.65568714952053
100.3,新化區,44010,709.1764303980638
100.3,善化區,43588,788.0715317566359
100.3,新市區,34701,725.8165724038686
100.3,安定區,30155,964.3428205948193
100.3,山上區,7811,280.1850921873879
100.3,玉井區,15347,200.9658723361906
100.3,楠西區,10582,96.52326518996347
100.3,南化區,8877,51.75495773665781
100.3,左鎮區,5452,72.78795767831514
100.3,仁德區,69406,1367.164108544234
100.3,歸仁區,65850,1180.2915508331944
100.3,關廟區,35853,668.3842487038904
100.3,龍崎區,4389,68.49101299284972
100.3,永康區,217420,5398.345884450271
100.3,東區,194234,14478.219386386
100.3,南區,126049,4622.580964570322
100.3,北區,131812,12632.93080314357
100.3,安南區,178452,1664.6393337412874
100.3,安平區,62633,5659.795957094964
100.3,中西區,79282,12664.85623003195
100.2,總計,1873176,854.686355244815
100.2,新營區,78253,2030.5096708235378
100.2,鹽水區,27089,518.4944157870056
100.2,白河區,31275,247.41979326701718
100.2,柳營區,22611,368.9008025399353
100.2,後壁區,25814,357.44105767326835
100.2,東山區,23017,184.2571675133568
100.2,麻豆區,45763,847.8649137368826
100.2,下營區,26030,776.3405519384654
100.2,六甲區,23643,350.0224287941303
100.2,官田區,22180,313.2976341649799
100.2,大內區,10849,154.2968888888889
100.2,佳里區,59288,1522.4614942145026
100.2,學甲區,27776,514.4475375009955
100.2,西港區,25144,744.6411542767114
100.2,七股區,24789,225.04929677201469
100.2,將軍區,21499,512.1297010929118
100.2,北門區,12413,281.47200812692887
100.2,新化區,44069,710.1271554467683
100.2,善化區,43517,786.787850955619
100.2,新市區,34698,725.7538234998829
100.2,安定區,30165,964.6626159258075
100.2,山上區,7831,280.9025037664108
100.2,玉井區,15377,201.358716290715
100.2,楠西區,10609,96.76954454737502
100.2,南化區,8892,51.84241119684141
100.2,左鎮區,5476,73.1083742198191
100.2,仁德區,69407,1367.1838066122475
100.2,歸仁區,65836,1180.0406156515442
100.2,關廟區,35922,669.6705709966014
100.2,龍崎區,4399,68.64706451482022
100.2,永康區,217194,5392.734504770914
100.2,東區,194212,14476.579504457497
100.2,南區,126055,4622.801001903323
100.2,北區,131856,12637.147786083957
100.2,安南區,178288,1663.1095058282713
100.2,安平區,62574,5654.46445514761
100.2,中西區,79366,12678.274760383387
100.1,總計,1873406,854.7912988602073
100.1,新營區,78159,2028.070557830331
100.1,鹽水區,27132,519.3174531777856
100.1,白河區,31337,247.9102817460757
100.1,柳營區,22635,369.29236502107096
100.1,後壁區,25836,357.745687070836
100.1,東山區,23068,184.6654359907075
100.1,麻豆區,45783,848.2354597735222
100.1,下營區,26079,777.8019690358525
100.1,六甲區,23665,350.3481274547686
100.1,官田區,22203,313.6225144889562
100.1,大內區,10864,154.5102222222222
100.1,佳里區,59302,1522.8210013815346
100.1,學甲區,27816,515.1883893695165
100.1,西港區,25171,745.4407609886694
100.1,七股區,24804,225.18547570023208
100.1,將軍區,21524,512.725228444292
100.1,北門區,12430,281.8574930329272
100.1,新化區,44098,710.5944609791824
100.1,善化區,43498,786.4443307412624
100.1,新市區,34705,725.900237609183
100.1,安定區,30185,965.3022065877839
100.1,山上區,7850,281.5840447664825
100.1,玉井區,15409,201.77774984220767
100.1,楠西區,10644,97.08879556624184
100.1,南化區,8917,51.98816696381409
100.1,左鎮區,5475,73.09502353058976
100.1,仁德區,69353,1366.1201109395192
100.1,歸仁區,65813,1179.628364995976
100.1,關廟區,35976,670.6772580082884
100.1,龍崎區,4382,68.38177692747037
100.1,永康區,217001,5387.942485841198
100.1,東區,194162,14472.852500074541
100.1,南區,126100,4624.451281900829
100.1,北區,131956,12646.731838221202
100.1,安南區,178197,1662.260637900927
100.1,安平區,62586,5655.548828425038
100.1,中西區,79291,12666.293929712461
99.12,總計,1873794,854.9683341766086
99.12,新營區,78105,2026.6693652597653
99.12,鹽水區,27160,519.8533845020145
99.12,白河區,31395,248.36912580713044
99.12,柳營區,22726,370.77703942871034
99.12,後壁區,25884,358.4103330291655
99.12,東山區,23117,185.05769393953463
99.12,麻豆區,45795,848.457787395506
99.12,下營區,26119,778.9949625847398
99.12,六甲區,23694,350.77745750742815
99.12,官田區,22212,313.7496415722513
99.12,大內區,10899,155.008
99.12,佳里區,59269,1521.9735916306731
99.12,學甲區,27864,516.0774116117417
99.12,西港區,25200,746.299597827439
99.12,七股區,24815,225.28534024759145
99.12,將軍區,21579,514.0353886173284
99.12,北門區,12468,282.7191651757471
99.12,新化區,44096,710.5622330114297
99.12,善化區,43477,786.0646505043419
99.12,新市區,34740,726.6323081556842
99.12,安定區,30232,966.8052446434282
99.12,山上區,7864,282.08623287179853
99.12,玉井區,15413,201.83012903614426
99.12,楠西區,10663,97.26210326219812
99.12,南化區,8925,52.03480880924535
99.12,左鎮區,5492,73.3219852474884
99.12,仁德區,69343,1365.9231302593842
99.12,歸仁區,65819,1179.7359086452548
99.12,關廟區,36026,671.6093756117021
99.12,龍崎區,4382,68.38177692747037
99.12,永康區,216748,5381.660720093953
99.12,東區,194183,14474.417841915383
99.12,南區,126173,4627.128402785673
99.12,北區,131925,12643.760782058655
99.12,安南區,178119,1661.533036820346
99.12,安平區,62602,5656.9946594616085
99.12,中西區,79271,12663.099041533547
