測站代碼,日期,平均氣溫(℃),最高氣溫(℃),最低氣溫(℃),平均相對溼度(%),日累積降水量(mm),降水時數(小時),日照時數(小時),平均風速(m/s)
467410,2010-01-01,17.3,22.7,13.1,68,0.0,0.0,5.0,2.9
467410,2010-01-02,18.5,24.0,15.1,75,6.0,2.6,2.2,4.1
467410,2010-01-03,18.2,22.1,16.6,73,1.5,2.5,4.7,3.6
467410,2010-01-04,18.9,23.9,15.8,70,0.0,0.0,7.1,3.4
467410,2010-01-05,17.9,23.1,15.1,71,0.0,0.0,4.2,4.1
467410,2010-01-06,16.5,19.6,14.9,73,0.0,0.0,0.1,4.7
467410,2010-01-07,17.1,21.8,14.7,71,0.0,0.0,3.1,3.5
467410,2010-01-08,15.6,19.3,13.3,76,4.0,3.3,1.7,4.5
467410,2010-01-09,16.2,21.8,12.9,75,0.0,0.0,5.2,3.5
467410,2010-01-10,18.4,27.4,14.7,67,0.0,0.0,9.3,4.4
467410,2010-01-11,18.1,23.8,14.9,71,0.0,0.0,8.3,4.5
467410,2010-01-12,13.6,17.2,9.7,71,0.0,0.2,5.3,6.9
467410,2010-01-13,13.5,20.3,9.1,48,0.0,0.0,8.8,4.3
467410,2010-01-14,14.8,19.7,9.5,57,0.0,0.0,9.1,2.6
467410,2010-01-15,16.2,21.8,12.3,68,0.0,0.0,8.9,2.5
467410,2010-01-16,17.2,23.1,13.5,70,0.0,0.0,9.3,3.2
467410,2010-01-17,17.9,24.3,13.6,73,0.0,0.0,8.9,2.6
467410,2010-01-18,18.4,24.0,15.3,75,0.0,0.0,9.2,3.2
467410,2010-01-19,19.8,26.0,16.3,73,0.0,0.0,7.6,2.8
467410,2010-01-20,22.3,27.7,17.7,63,0.0,0.0,8.2,1.5
467410,2010-01-21,22.8,28.2,18.6,64,0.0,0.0,6.0,2.9
467410,2010-01-22,18.9,24.3,16.2,71,0.0,0.0,5.3,4.5
467410,2010-01-23,17.9,22.3,15.3,71,0.0,0.0,5.6,4.3
467410,2010-01-24,19.6,25.6,16.1,73,0.0,0.0,8.1,3.9
467410,2010-01-25,19.2,24.6,15.2,77,0.0,0.0,1.0,4.8
467410,2010-01-26,17.1,21.7,14.5,73,0.0,0.0,0.2,3.6
467410,2010-01-27,19.8,25.6,16.1,73,0.0,0.0,8.1,2.8
467410,2010-01-28,21.4,27.2,18.1,73,0.0,0.0,2.5,3.5
467410,2010-01-29,20.5,26.6,17.9,77,0.0,0.0,6.0,3.6
467410,2010-01-30,21.0,26.2,17.5,74,0.0,0.0,7.3,2.7
467410,2010-01-31,23.2,27.9,19.2,70,0.0,0.0,9.8,1.6
467410,2010-02-01,23.1,27.9,20.4,71,0.0,0.0,8.7,3.2
467410,2010-02-02,20.9,25.6,17.7,74,0.0,0.0,6.4,3.3
467410,2010-02-03,19.5,24.0,16.8,74,0.0,0.0,7.9,5.4
467410,2010-02-04,19.8,24.7,17.2,73,0.0,0.0,8.6,4.7
467410,2010-02-05,19.6,24.0,16.8,73,0.0,0.0,6.5,4.5
467410,2010-02-06,19.7,24.5,17.4,76,0.0,0.0,3.0,4.1
467410,2010-02-07,21.3,26.2,17.8,73,0.0,0.0,5.8,4.1
467410,2010-02-08,22.0,27.0,19.4,73,0.0,0.0,3.4,1.9
467410,2010-02-09,22.9,27.9,18.9,77,0.0,0.0,6.9,2.2
467410,2010-02-10,25.4,30.2,22.1,72,0.0,0.0,10.2,3.5
467410,2010-02-11,26.2,30.5,23.2,70,0.0,0.0,10.6,2.4
467410,2010-02-12,18.4,24.6,13.2,76,11.0,2.8,0.7,4.4
467410,2010-02-13,15.5,19.5,12.9,75,0.0,0.0,1.3,4.0
467410,2010-02-14,19.5,25.4,15.6,72,0.0,0.0,7.1,3.6
467410,2010-02-15,19.3,26.0,15.8,71,1.5,1.7,8.0,4.7
467410,2010-02-16,14.1,15.9,13.1,80,2.0,3.5,0.0,4.9
467410,2010-02-17,13.9,16.2,12.3,79,1.5,2.1,0.0,5.4
467410,2010-02-18,12.7,15.1,11.0,79,2.0,5.9,0.0,5.0
467410,2010-02-19,11.8,12.9,10.6,87,14.0,12.2,0.0,4.0
467410,2010-02-20,16.1,21.5,11.8,74,0.0,0.0,7.0,3.3
467410,2010-02-21,18.2,23.7,14.8,73,0.0,0.0,3.0,2.3
467410,2010-02-22,18.5,22.0,15.4,73,0.0,0.0,1.8,3.6
467410,2010-02-23,20.3,26.8,14.8,69,0.0,0.0,10.4,2.2
467410,2010-02-24,23.3,28.1,18.2,63,0.0,0.0,10.5,3.6
467410,2010-02-25,25.4,29.0,23.1,67,0.0,0.0,5.3,4.3
467410,2010-02-26,25.6,29.2,23.2,73,0.0,0.0,7.1,2.7
467410,2010-02-27,25.5,28.6,23.2,75,0.0,0.0,5.6,1.7
467410,2010-02-28,25.9,29.8,23.5,73,0.0,0.0,7.8,1.9
467410,2010-03-01,25.6,30.1,21.9,70,0.0,0.0,10.2,2.0
467410,2010-03-02,25.9,30.8,23.1,72,0.0,0.0,3.9,2.0
467410,2010-03-03,24.6,29.0,22.0,69,0.0,0.0,5.5,2.3
467410,2010-03-04,26.2,30.6,22.5,71,0.0,0.0,10.3,2.7
467410,2010-03-05,26.1,29.3,23.1,73,0.0,0.0,8.8,2.4
467410,2010-03-06,26.8,32.4,23.5,67,0.0,0.0,10.7,1.8
467410,2010-03-07,23.1,28.8,18.0,67,0.0,0.0,9.1,4.1
467410,2010-03-08,21.4,27.4,17.0,65,0.0,0.0,6.6,4.0
467410,2010-03-09,15.9,20.0,12.9,67,0.3,0.5,0.2,7.9
467410,2010-03-10,13.7,18.3,11.2,53,0.0,0.0,3.4,5.9
467410,2010-03-11,16.9,23.3,10.2,58,0.0,0.0,9.6,2.8
467410,2010-03-12,20.5,25.4,15.9,62,0.0,0.0,1.0,1.9
467410,2010-03-13,24.3,29.1,19.3,64,0.0,0.0,6.9,1.6
467410,2010-03-14,26.4,30.7,22.4,67,0.0,0.0,9.1,2.5
467410,2010-03-15,26.5,30.4,24.3,73,0.0,0.0,8.7,2.6
467410,2010-03-16,21.1,25.2,18.2,67,0.0,0.0,3.6,5.1
467410,2010-03-17,21.4,26.4,18.3,65,0.0,0.0,4.7,3.8
467410,2010-03-18,22.3,28.9,18.5,66,0.0,0.0,8.4,3.5
467410,2010-03-19,24.0,28.6,19.7,68,0.0,0.0,7.6,1.6
467410,2010-03-20,25.7,30.4,22.3,71,0.0,0.0,9.5,2.8
467410,2010-03-21,25.0,29.0,22.6,72,0.0,0.0,2.1,3.1
467410,2010-03-22,24.9,28.9,21.9,67,0.0,0.0,3.5,2.9
467410,2010-03-23,26.4,31.2,22.0,70,0.0,0.0,10.5,3.3
467410,2010-03-24,26.5,29.8,24.4,75,0.0,0.0,6.6,2.1
467410,2010-03-25,18.8,24.7,14.2,67,0.0,0.0,1.1,7.4
467410,2010-03-26,17.9,23.1,14.6,60,0.0,0.0,0.6,2.8
467410,2010-03-27,19.7,25.9,14.8,62,0.0,0.0,9.4,3.3
467410,2010-03-28,20.6,25.8,16.7,62,0.0,0.0,5.9,3.8
467410,2010-03-29,21.8,27.6,16.7,57,0.0,0.0,8.2,2.5
467410,2010-03-30,22.1,26.7,19.4,68,0.0,0.0,5.8,2.7
467410,2010-03-31,23.7,28.3,19.5,61,0.0,0.0,8.5,2.2
467410,2010-04-01,25.3,29.7,21.7,67,0.0,0.0,9.9,2.2
467410,2010-04-02,23.6,28.5,18.9,72,0.0,0.0,2.9,3.9
467410,2010-04-03,21.6,27.2,17.9,70,0.0,0.0,3.1,3.6
467410,2010-04-04,22.7,27.7,19.6,74,0.0,0.0,5.0,3.5
467410,2010-04-05,23.8,28.3,20.6,73,0.0,0.0,5.7,3.0
467410,2010-04-06,24.5,28.6,21.7,76,0.0,0.1,0.4,2.5
467410,2010-04-07,22.4,27.9,19.4,70,2.0,2.1,3.8,4.0
467410,2010-04-08,19.8,23.3,17.6,71,0.1,0.3,0.0,3.0
467410,2010-04-09,21.9,28.0,17.3,71,0.0,0.0,11.1,4.2
467410,2010-04-10,24.0,31.3,19.3,67,0.0,0.0,10.3,2.8
467410,2010-04-11,26.8,31.6,23.1,66,0.0,0.0,9.0,3.8
467410,2010-04-12,27.8,33.0,23.6,66,0.0,0.0,10.8,2.2
467410,2010-04-13,26.5,33.9,21.0,67,0.0,0.0,9.8,4.3
467410,2010-04-14,23.0,28.4,19.4,67,0.0,0.0,10.1,4.9
467410,2010-04-15,20.3,24.5,15.9,72,1.0,1.8,2.4,5.4
467410,2010-04-16,19.2,23.6,15.5,68,0.0,1.0,0.6,3.8
467410,2010-04-17,21.6,25.3,18.1,67,0.0,0.0,0.7,3.1
467410,2010-04-18,23.1,27.0,19.7,71,0.4,0.6,0.3,3.1
467410,2010-04-19,26.3,31.0,21.6,70,0.0,0.0,10.6,3.3
467410,2010-04-20,27.0,30.9,24.7,70,0.0,0.0,9.7,2.7
467410,2010-04-21,28.1,31.9,24.5,65,0.0,0.0,10.0,4.0
467410,2010-04-22,28.2,31.7,25.5,64,0.0,0.0,11.4,2.5
467410,2010-04-23,20.6,27.3,17.4,75,20.5,7.3,0.0,4.0
467410,2010-04-24,20.4,22.8,17.7,72,0.0,0.4,0.0,1.2
467410,2010-04-25,23.3,28.0,19.6,67,0.0,0.0,7.6,2.4
467410,2010-04-26,24.7,30.6,20.7,69,0.0,0.0,7.7,3.2
467410,2010-04-27,24.3,27.4,22.1,69,0.0,0.0,0.2,3.2
467410,2010-04-28,24.2,25.3,23.0,80,0.6,3.0,0.0,1.6
467410,2010-04-29,24.6,28.3,22.4,78,0.5,1.3,0.2,2.6
467410,2010-04-30,22.5,26.2,18.3,74,3.0,4.1,0.9,2.9
467410,2010-05-01,24.7,29.5,20.7,65,0.0,0.0,8.3,2.4
467410,2010-05-02,25.6,30.4,22.1,66,0.0,0.0,7.0,2.6
467410,2010-05-03,26.3,30.2,23.3,69,0.0,0.0,8.8,2.2
467410,2010-05-04,26.7,30.7,23.9,68,0.0,0.0,10.0,2.5
467410,2010-05-05,27.9,32.3,24.5,70,0.0,0.0,9.3,3.3
467410,2010-05-06,27.8,30.5,26.0,76,0.0,0.0,4.3,2.4
467410,2010-05-07,28.2,31.3,26.2,73,0.0,0.0,1.1,2.3
467410,2010-05-08,28.2,32.5,25.6,76,0.0,0.0,4.2,2.2
467410,2010-05-09,29.3,34.2,26.7,68,0.0,0.0,9.1,2.2
467410,2010-05-10,29.1,34.8,25.7,65,0.0,0.0,9.8,3.0
467410,2010-05-11,27.4,31.9,24.0,67,0.0,0.0,7.9,2.9
467410,2010-05-12,27.6,32.1,23.7,66,0.0,0.0,9.7,3.0
467410,2010-05-13,28.1,32.7,25.0,66,0.0,0.0,8.8,2.3
467410,2010-05-14,27.3,33.4,24.0,70,0.0,0.0,10.3,3.6
467410,2010-05-15,26.3,30.7,23.3,72,0.0,0.0,2.9,3.8
467410,2010-05-16,25.9,32.0,22.8,74,0.0,0.0,7.7,4.6
467410,2010-05-17,27.6,31.9,24.5,71,0.0,0.0,9.4,1.9
467410,2010-05-18,28.1,32.1,26.2,71,0.0,0.0,11.7,1.9
467410,2010-05-19,28.1,31.6,25.6,71,0.0,0.0,11.6,2.2
467410,2010-05-20,28.6,31.6,25.5,68,0.0,0.0,7.0,2.3
467410,2010-05-21,29.3,32.8,27.2,68,0.0,0.0,11.1,2.0
467410,2010-05-22,29.6,32.7,26.7,69,0.0,0.0,10.0,3.4
467410,2010-05-23,27.3,29.1,24.6,83,72.0,11.8,0.0,4.5
467410,2010-05-24,27.2,31.1,25.1,74,0.0,0.1,1.3,2.1
467410,2010-05-25,28.9,32.4,25.5,65,0.0,0.0,8.2,2.0
467410,2010-05-26,28.9,33.2,25.7,69,0.0,0.0,2.3,2.3
467410,2010-05-27,29.9,33.6,27.2,65,0.0,0.0,7.2,3.3
467410,2010-05-28,27.3,29.8,25.6,83,5.5,7.5,0.0,5.3
467410,2010-05-29,27.2,30.8,24.8,81,20.0,4.5,1.1,1.9
467410,2010-05-30,26.0,28.3,23.5,87,16.5,11.0,0.0,2.2
467410,2010-05-31,26.2,30.4,23.2,71,0.0,0.8,3.8,3.1
467410,2010-06-01,27.3,31.2,24.7,68,0.0,0.0,7.1,2.2
467410,2010-06-02,25.7,30.3,22.5,70,0.5,1.9,0.9,3.5
467410,2010-06-03,23.6,25.0,22.3,87,8.5,14.0,0.0,3.2
467410,2010-06-04,25.1,28.1,23.4,80,0.0,0.0,2.1,4.8
467410,2010-06-05,25.4,29.6,22.5,73,0.0,0.0,1.9,4.2
467410,2010-06-06,26.3,31.6,22.7,71,0.0,0.0,10.1,3.7
467410,2010-06-07,27.1,31.0,23.7,70,0.0,0.0,11.0,1.8
467410,2010-06-08,28.0,32.5,25.8,67,0.0,0.0,5.4,1.7
467410,2010-06-09,29.0,32.6,26.2,65,0.0,0.0,8.8,2.6
467410,2010-06-10,28.3,31.5,26.4,76,2.5,0.6,1.0,3.1
467410,2010-06-11,26.9,28.5,25.5,83,8.0,6.6,0.1,2.1
467410,2010-06-12,27.8,31.9,26.5,80,1.0,0.8,2.1,2.1
467410,2010-06-13,25.8,27.4,24.5,90,97.5,12.7,0.0,2.4
467410,2010-06-14,27.1,31.8,24.8,83,32.5,9.3,1.9,3.0
467410,2010-06-15,27.6,32.3,25.4,80,12.5,2.4,0.4,2.8
467410,2010-06-16,29.2,32.7,26.1,75,0.0,0.0,8.6,3.2
467410,2010-06-17,30.1,33.5,27.1,72,0.0,0.0,10.2,3.2
467410,2010-06-18,30.3,33.5,28.0,70,0.0,0.0,8.6,2.5
467410,2010-06-19,30.2,33.6,27.6,70,0.0,0.0,10.4,2.2
467410,2010-06-20,30.1,33.2,27.3,73,0.0,0.0,8.0,2.5
467410,2010-06-21,30.1,33.2,28.0,74,0.0,0.0,9.9,2.9
467410,2010-06-22,30.4,34.7,27.8,71,0.0,0.0,11.1,3.5
467410,2010-06-23,29.3,33.2,27.3,73,7.9,1.1,4.4,2.2
467410,2010-06-24,27.4,31.6,25.4,80,37.5,5.0,2.0,3.0
467410,2010-06-25,26.5,27.7,25.5,84,63.0,8.7,0.0,3.7
467410,2010-06-26,28.6,31.4,26.4,79,12.0,0.8,1.3,3.4
467410,2010-06-27,29.6,32.4,26.7,76,0.0,0.7,10.2,3.7
467410,2010-06-28,30.1,33.3,28.0,73,0.0,0.0,8.3,3.6
467410,2010-06-29,30.1,33.0,27.5,72,0.0,0.5,10.4,2.6
467410,2010-06-30,30.7,34.2,28.3,71,0.0,0.0,9.2,1.9
467410,2010-07-01,30.9,34.6,28.9,72,0.0,0.0,8.3,2.1
467410,2010-07-02,30.6,34.3,29.0,71,0.0,0.0,7.8,2.3
467410,2010-07-03,30.6,34.1,28.4,70,0.0,0.0,11.6,2.5
467410,2010-07-04,30.8,33.9,29.0,71,0.0,0.5,9.6,2.6
467410,2010-07-05,30.3,32.8,28.6,75,6.4,0.8,4.9,2.9
467410,2010-07-06,30.9,34.4,29.2,68,0.0,0.0,8.7,3.1
467410,2010-07-07,30.5,33.9,28.1,70,0.0,0.0,9.2,3.0
467410,2010-07-08,30.4,33.7,28.2,70,0.0,0.0,8.6,3.0
467410,2010-07-09,30.2,32.8,28.0,70,0.0,0.0,5.7,2.6
467410,2010-07-10,30.6,34.0,28.6,69,0.0,0.0,9.9,2.1
467410,2010-07-11,30.8,33.7,27.7,66,0.0,0.0,11.2,2.6
467410,2010-07-12,30.7,33.7,29.0,69,0.0,0.0,7.1,3.5
467410,2010-07-13,30.1,34.1,26.7,69,0.0,1.1,7.4,2.8
467410,2010-07-14,29.7,36.3,25.3,67,46.0,1.4,8.2,2.5
467410,2010-07-15,29.0,35.0,24.0,69,29.0,3.3,-99.5,2.3
467410,2010-07-16,29.3,35.3,25.7,70,8.0,3.3,-99.5,2.0
467410,2010-07-17,28.6,34.3,25.1,73,29.0,2.6,-99.5,2.0
467410,2010-07-18,30.1,34.5,26.3,67,0.0,0.0,-99.5,3.1
467410,2010-07-19,30.0,34.3,27.1,68,0.0,0.0,4.3,2.2
467410,2010-07-20,30.4,33.8,27.2,67,0.0,0.0,9.5,2.4
467410,2010-07-21,28.2,34.2,24.3,74,82.5,6.6,3.4,2.2
467410,2010-07-22,28.8,32.9,25.8,71,0.0,1.4,4.7,2.1
467410,2010-07-23,29.2,33.2,26.7,71,0.0,0.0,4.2,1.9
467410,2010-07-24,28.6,32.7,25.2,75,14.5,2.3,1.6,1.9
467410,2010-07-25,29.6,34.0,26.5,68,0.0,0.0,4.9,1.9
467410,2010-07-26,27.4,32.2,24.8,78,86.5,12.0,0.8,4.1
467410,2010-07-27,25.4,27.0,24.2,88,121.0,16.0,0.0,4.2
467410,2010-07-28,25.6,27.4,24.5,86,31.0,12.2,0.1,2.7
467410,2010-07-29,26.5,30.1,24.9,82,26.5,3.8,1.2,2.5
467410,2010-07-30,26.5,31.2,25.3,82,21.0,5.3,1.0,2.7
467410,2010-07-31,29.2,33.0,25.7,74,0.0,0.0,7.9,2.4
467410,2010-08-01,29.7,33.6,27.1,71,0.5,2.1,9.9,2.1
467410,2010-08-02,29.8,33.5,27.1,70,0.5,2.0,9.2,2.0
467410,2010-08-03,29.6,33.7,27.1,70,0.0,0.0,9.4,1.9
467410,2010-08-04,30.3,33.9,26.7,68,0.0,0.0,11.2,1.6
467410,2010-08-05,29.6,34.6,24.9,69,7.5,2.3,8.2,2.0
467410,2010-08-06,30.1,35.4,26.8,67,0.0,0.0,7.7,1.7
467410,2010-08-07,30.7,34.2,27.9,69,0.0,0.0,5.4,1.7
467410,2010-08-08,29.9,33.6,27.5,75,4.5,2.8,4.5,2.6
467410,2010-08-09,29.8,34.3,27.1,74,0.0,0.0,6.5,2.9
467410,2010-08-10,30.0,33.6,27.6,73,3.5,0.5,10.6,3.8
467410,2010-08-11,29.4,32.6,27.4,76,7.5,1.5,1.3,2.5
467410,2010-08-12,29.6,33.6,27.4,73,0.5,1.0,5.5,2.4
467410,2010-08-13,30.2,34.0,27.1,70,0.0,0.0,9.4,2.9
467410,2010-08-14,30.5,34.3,27.6,68,0.0,0.0,8.9,3.0
467410,2010-08-15,29.2,33.8,25.3,71,63.0,1.9,7.8,3.2
467410,2010-08-16,29.3,33.4,26.8,69,0.0,0.0,-99.5,3.2
467410,2010-08-17,29.4,34.1,25.5,70,15.0,3.0,5.9,2.2
467410,2010-08-18,30.1,35.1,26.7,65,0.0,0.0,5.9,1.9
467410,2010-08-19,30.3,33.8,27.3,67,1.0,1.0,4.6,1.7
467410,2010-08-20,30.0,33.7,27.7,71,5.5,1.6,6.2,1.5
467410,2010-08-21,30.2,33.8,27.7,69,0.0,0.0,9.4,2.0
467410,2010-08-22,30.0,32.7,27.9,72,0.0,0.0,3.3,1.9
467410,2010-08-23,28.7,32.2,25.5,76,7.0,3.8,3.9,2.3
467410,2010-08-24,28.8,33.2,25.3,75,30.5,5.0,4.5,2.6
467410,2010-08-25,28.6,33.3,25.1,70,2.0,1.5,8.0,2.4
467410,2010-08-26,29.6,33.6,25.8,64,0.0,0.0,9.4,2.5
467410,2010-08-27,30.0,33.2,27.6,67,0.0,0.0,10.0,2.5
467410,2010-08-28,28.9,33.2,26.7,73,38.5,1.1,2.7,1.6
467410,2010-08-29,27.9,32.7,26.0,78,17.5,3.9,2.3,2.1
467410,2010-08-30,29.1,33.4,25.9,70,0.0,0.0,7.5,1.9
467410,2010-08-31,28.6,31.7,26.7,73,5.5,1.2,3.5,2.5
467410,2010-09-01,26.5,28.3,25.4,83,86.5,13.2,0.0,5.0
467410,2010-09-02,27.4,30.4,25.3,78,4.0,5.8,1.0,5.5
467410,2010-09-03,29.5,33.7,26.3,69,0.0,0.0,8.9,3.3
467410,2010-09-04,28.2,31.7,25.1,74,9.5,4.0,3.6,2.1
467410,2010-09-05,27.6,32.7,25.4,76,2.5,0.6,4.0,2.1
467410,2010-09-06,28.4,34.0,26.0,76,2.0,1.0,4.2,2.2
467410,2010-09-07,28.9,31.8,26.5,76,1.5,1.2,2.2,2.7
467410,2010-09-08,29.0,32.5,26.0,73,0.0,0.0,3.9,3.0
467410,2010-09-09,25.7,27.4,24.4,84,89.5,13.4,0.0,4.9
467410,2010-09-10,27.9,31.9,25.4,79,12.5,6.6,4.5,6.2
467410,2010-09-11,29.2,33.1,26.8,72,0.0,0.0,10.8,5.1
467410,2010-09-12,28.5,32.6,26.2,75,4.0,0.9,6.3,2.4
467410,2010-09-13,29.3,33.8,25.6,67,0.0,0.0,10.5,2.6
467410,2010-09-14,28.6,30.7,26.6,74,0.0,0.0,0.7,1.5
467410,2010-09-15,29.6,34.0,26.3,68,0.0,0.0,10.2,2.8
467410,2010-09-16,29.6,33.1,27.1,71,0.0,0.0,8.4,2.8
467410,2010-09-17,28.8,33.1,25.4,74,15.0,2.3,4.6,2.1
467410,2010-09-18,28.8,32.5,26.0,69,0.0,0.0,5.9,5.2
467410,2010-09-19,26.5,28.5,23.3,86,160.0,17.0,0.0,9.8
467410,2010-09-20,25.1,27.5,23.5,83,72.0,14.7,0.0,7.0
467410,2010-09-21,28.5,33.5,24.6,67,0.0,0.0,10.6,3.0
467410,2010-09-22,29.2,34.2,25.0,66,0.0,0.0,9.5,2.1
467410,2010-09-23,28.7,31.9,26.6,72,0.0,0.0,5.4,1.6
467410,2010-09-24,28.5,31.7,26.0,71,0.0,0.0,7.4,2.4
467410,2010-09-25,28.1,31.3,25.0,72,0.0,0.0,3.5,2.0
467410,2010-09-26,29.0,32.7,27.0,70,0.0,0.0,6.0,1.9
467410,2010-09-27,29.2,32.9,26.7,69,0.0,0.0,8.2,1.8
467410,2010-09-28,29.2,32.3,27.0,70,0.0,0.0,6.7,1.5
467410,2010-09-29,29.2,32.5,27.3,71,2.0,0.8,7.7,1.7
467410,2010-09-30,29.2,33.0,26.6,72,0.0,0.0,5.7,1.6
467410,2010-10-01,28.9,33.2,26.2,76,0.0,0.0,5.6,2.1
467410,2010-10-02,29.1,32.9,26.5,72,0.0,0.0,8.4,1.7
467410,2010-10-03,29.1,32.5,26.2,70,0.0,0.0,8.5,1.9
467410,2010-10-04,27.3,32.3,24.2,67,0.0,0.0,6.8,2.9
467410,2010-10-05,26.3,30.5,22.8,67,0.0,0.0,1.6,2.6
467410,2010-10-06,26.7,31.4,24.3,73,2.5,2.1,1.0,1.4
467410,2010-10-07,27.3,32.1,24.3,73,0.0,0.0,6.3,2.4
467410,2010-10-08,27.2,30.1,25.2,76,0.0,0.0,0.5,2.1
467410,2010-10-09,27.2,31.4,24.2,74,0.0,0.0,5.7,2.0
467410,2010-10-10,28.4,32.5,24.7,69,0.0,0.0,8.7,1.6
467410,2010-10-11,28.6,32.1,25.8,73,0.0,0.0,9.9,2.2
467410,2010-10-12,28.9,33.1,26.0,74,0.0,0.0,8.2,2.2
467410,2010-10-13,28.9,32.9,26.3,75,0.0,0.0,8.4,1.8
467410,2010-10-14,29.2,33.7,26.3,71,0.0,0.0,9.0,2.8
467410,2010-10-15,27.5,32.6,23.7,72,0.0,0.0,6.4,3.4
467410,2010-10-16,27.1,32.7,22.9,71,0.0,0.0,7.9,2.1
467410,2010-10-17,28.7,33.0,25.9,69,0.0,0.0,7.0,2.1
467410,2010-10-18,27.7,32.3,24.0,68,0.0,0.0,6.1,2.3
467410,2010-10-19,27.7,32.8,24.5,72,0.0,0.0,2.1,2.3
467410,2010-10-20,27.3,31.8,25.5,76,0.0,0.0,0.5,3.0
467410,2010-10-21,25.3,28.5,22.9,82,13.5,9.4,0.8,3.5
467410,2010-10-22,25.1,27.6,22.6,83,15.0,6.9,0.0,3.8
467410,2010-10-23,26.0,27.7,24.2,81,38.0,4.7,0.2,7.3
467410,2010-10-24,27.2,31.0,25.1,71,0.0,0.0,7.6,3.0
467410,2010-10-25,26.6,30.6,24.0,72,0.0,0.0,9.0,2.8
467410,2010-10-26,23.4,28.2,20.3,66,0.0,0.0,8.3,5.5
467410,2010-10-27,20.4,24.6,18.3,64,0.0,0.0,0.1,5.9
467410,2010-10-28,20.2,25.1,18.0,67,0.0,0.0,8.3,5.5
467410,2010-10-29,20.2,24.5,17.1,64,0.0,0.0,4.5,4.1
467410,2010-10-30,21.0,27.1,17.4,66,0.0,0.0,9.5,4.4
467410,2010-10-31,21.2,27.2,17.3,66,0.0,0.0,10.0,4.3
467410,2010-11-01,21.9,27.5,17.4,64,0.0,0.0,10.0,2.5
467410,2010-11-02,22.8,27.9,18.9,62,0.0,0.0,9.6,1.8
467410,2010-11-03,22.5,27.0,18.8,69,0.0,0.0,0.8,3.0
467410,2010-11-04,21.0,22.8,19.8,82,13.5,11.0,0.0,2.4
467410,2010-11-05,22.2,25.5,20.0,84,8.0,6.9,0.6,3.5
467410,2010-11-06,23.3,26.6,21.3,79,0.0,0.0,2.9,4.5
467410,2010-11-07,24.2,27.4,22.0,78,0.0,0.0,1.9,3.4
467410,2010-11-08,23.8,27.6,20.8,72,0.0,0.0,2.1,3.6
467410,2010-11-09,21.7,26.5,19.2,60,0.0,0.0,2.0,3.5
467410,2010-11-10,21.3,25.4,17.5,62,0.0,0.0,2.6,2.4
467410,2010-11-11,22.1,27.1,18.8,68,0.0,0.0,7.1,1.9
467410,2010-11-12,22.4,25.4,19.4,69,0.0,1.2,1.6,0.4
467410,2010-11-13,20.5,22.3,19.6,87,32.5,17.0,0.0,2.3
467410,2010-11-14,22.9,26.2,20.2,81,0.0,0.0,1.9,2.2
467410,2010-11-15,22.9,26.3,20.2,79,0.0,0.0,0.0,2.9
467410,2010-11-16,22.2,27.3,19.8,74,0.0,0.0,6.1,3.5
467410,2010-11-17,22.1,27.1,19.0,76,0.0,0.0,6.3,3.3
467410,2010-11-18,22.6,27.5,19.7,76,0.0,0.0,7.7,3.2
467410,2010-11-19,21.9,26.4,19.6,80,0.0,0.0,1.1,4.2
467410,2010-11-20,22.0,27.1,18.3,77,0.0,0.0,8.0,2.3
467410,2010-11-21,23.9,28.0,21.3,72,0.0,0.0,9.1,2.5
467410,2010-11-22,23.0,28.3,19.8,71,0.0,0.0,8.0,4.3
467410,2010-11-23,21.2,26.0,18.0,72,0.0,0.0,7.2,4.1
467410,2010-11-24,21.4,26.1,17.5,69,0.0,0.0,8.5,3.1
467410,2010-11-25,20.9,25.0,18.4,70,0.0,0.0,9.3,4.6
467410,2010-11-26,20.9,25.6,17.0,66,0.0,0.0,9.0,1.6
467410,2010-11-27,21.6,25.4,18.5,68,0.0,0.0,9.5,0.8
467410,2010-11-28,22.3,26.7,19.5,68,0.0,0.0,9.6,1.6
467410,2010-11-29,21.2,26.2,18.5,77,0.0,0.0,6.5,3.4
467410,2010-11-30,21.5,26.4,18.7,76,0.0,0.0,8.2,3.6
467410,2010-12-01,21.9,27.3,18.0,74,0.0,0.0,4.6,2.5
467410,2010-12-02,22.0,24.9,19.9,80,0.0,0.0,0.3,2.5
467410,2010-12-03,22.2,27.9,19.5,63,0.0,0.0,4.1,2.7
467410,2010-12-04,21.9,26.1,18.9,66,0.0,0.0,6.3,2.1
467410,2010-12-05,22.9,28.4,19.4,74,0.0,0.0,5.9,2.5
467410,2010-12-06,23.1,28.2,19.4,66,0.0,0.0,8.3,3.5
467410,2010-12-07,18.3,21.9,15.2,63,0.0,0.0,6.6,5.9
467410,2010-12-08,16.3,21.2,13.1,55,0.0,0.0,8.0,4.6
467410,2010-12-09,17.7,22.9,12.6,59,0.0,0.0,9.2,1.4
467410,2010-12-10,19.4,24.6,15.2,56,0.0,0.0,5.4,2.1
467410,2010-12-11,20.4,25.4,18.0,64,0.0,0.0,3.6,3.3
467410,2010-12-12,21.2,26.3,16.8,71,0.0,0.0,8.7,2.1
467410,2010-12-13,23.9,29.5,19.0,70,0.0,0.0,5.7,1.4
467410,2010-12-14,23.2,26.8,20.1,73,0.0,0.0,5.7,3.3
467410,2010-12-15,21.0,25.3,18.9,75,0.0,0.0,0.4,3.0
467410,2010-12-16,12.0,19.1,10.7,86,14.5,8.9,0.0,7.0
467410,2010-12-17,13.0,16.9,10.7,65,0.0,0.0,9.2,5.8
467410,2010-12-18,15.6,21.7,9.1,63,0.0,0.0,9.7,2.8
467410,2010-12-19,19.8,25.3,16.0,57,0.0,0.0,8.4,3.5
467410,2010-12-20,19.9,25.6,16.2,66,0.0,0.0,9.8,2.9
467410,2010-12-21,19.5,24.2,16.2,72,0.0,0.0,6.1,3.7
467410,2010-12-22,19.7,24.5,17.2,63,0.0,0.0,5.4,4.1
467410,2010-12-23,20.4,25.1,16.6,67,0.0,0.0,4.9,1.9
467410,2010-12-24,20.1,24.9,17.0,74,0.0,0.0,8.6,3.0
467410,2010-12-25,18.1,22.7,15.6,72,0.0,0.0,7.9,4.0
467410,2010-12-26,14.5,17.5,10.4,61,0.0,0.0,7.7,6.5
467410,2010-12-27,15.1,21.2,9.0,59,0.0,0.0,9.5,2.6
467410,2010-12-28,17.7,23.1,13.7,64,0.0,0.0,9.3,1.9
467410,2010-12-29,19.2,23.7,14.1,63,0.0,0.0,9.3,1.9
467410,2010-12-30,18.7,23.6,15.6,60,0.0,0.0,8.1,5.0
467410,2010-12-31,16.1,20.1,12.8,42,0.0,0.0,8.8,5.6
467410,2011-01-01,13.9,20.7,9.5,52,0.0,0.0,6.5,3.6
467410,2011-01-02,15.2,21.5,10.0,63,0.0,0.0,8.4,2.8
467410,2011-01-03,15.5,19.5,13.2,71,0.0,0.0,0.9,4.0
467410,2011-01-04,15.5,20.5,12.2,71,0.0,0.0,5.8,4.7
467410,2011-01-05,17.8,22.7,13.3,73,0.0,0.0,4.5,4.2
467410,2011-01-06,16.0,19.3,12.2,78,2.0,0.7,0.0,5.2
467410,2011-01-07,13.9,17.5,11.5,68,0.0,0.0,0.0,4.7
467410,2011-01-08,16.2,20.7,13.0,72,0.0,0.0,0.8,3.8
467410,2011-01-09,17.2,21.2,14.0,74,0.0,0.0,2.0,5.3
467410,2011-01-10,14.9,19.2,12.5,70,0.0,0.0,0.9,4.7
467410,2011-01-11,13.4,15.2,10.2,79,0.2,0.8,0.0,5.1
467410,2011-01-12,10.8,12.0,9.4,92,2.0,2.5,0.0,4.3
467410,2011-01-13,15.9,21.0,11.3,79,0.0,0.0,5.0,3.0
467410,2011-01-14,17.9,23.2,15.4,81,0.0,0.0,4.4,4.7
467410,2011-01-15,14.7,17.2,10.7,72,0.0,0.0,6.9,7.9
467410,2011-01-16,11.3,14.5,9.7,66,0.0,0.0,0.0,4.6
467410,2011-01-17,14.0,19.4,10.1,66,0.0,0.0,9.0,3.7
467410,2011-01-18,15.7,20.3,11.3,73,0.0,0.0,3.2,2.9
467410,2011-01-19,18.3,23.6,15.5,76,0.0,0.0,7.8,3.7
467410,2011-01-20,17.2,20.8,15.9,83,0.0,0.0,0.0,4.0
467410,2011-01-21,15.9,20.0,13.4,83,2.5,3.5,0.7,5.4
467410,2011-01-22,15.7,19.1,13.1,74,0.0,0.0,0.0,3.4
467410,2011-01-23,16.7,22.4,14.4,78,0.0,0.0,7.7,4.6
467410,2011-01-24,15.5,20.0,12.9,74,0.0,0.0,6.2,4.6
467410,2011-01-25,15.8,21.4,12.1,74,0.0,0.0,9.1,4.2
467410,2011-01-26,16.9,22.1,14.5,77,0.0,0.0,6.6,4.7
467410,2011-01-27,17.3,23.7,14.0,78,0.0,0.0,9.1,4.4
467410,2011-01-28,16.6,19.7,14.8,79,0.0,0.0,0.5,5.4
467410,2011-01-29,13.7,15.9,12.2,72,0.0,0.0,0.0,6.5
467410,2011-01-30,13.6,18.8,11.4,70,0.0,0.0,4.0,5.0
467410,2011-01-31,13.5,18.8,10.8,67,0.0,0.0,3.5,4.8
467410,2011-02-01,15.2,21.8,11.4,72,0.0,0.0,8.0,4.0
467410,2011-02-02,16.2,21.2,13.7,76,0.0,0.0,6.9,4.4
467410,2011-02-03,16.9,23.3,12.5,75,0.0,0.0,9.6,3.9
467410,2011-02-04,17.8,24.0,13.8,76,0.0,0.0,6.9,3.4
467410,2011-02-05,18.8,26.1,14.0,69,0.0,0.0,10.0,3.4
467410,2011-02-06,18.5,24.7,14.3,66,0.0,0.0,9.7,2.6
467410,2011-02-07,20.2,24.4,16.4,62,0.0,0.0,10.0,1.8
467410,2011-02-08,21.5,27.2,18.6,61,0.0,0.0,6.8,2.8
467410,2011-02-09,20.6,26.2,17.5,69,0.0,0.0,9.1,3.1
467410,2011-02-10,19.8,26.6,17.0,75,0.0,0.0,7.6,3.7
467410,2011-02-11,16.1,21.1,12.8,71,0.0,0.0,7.1,5.7
467410,2011-02-12,15.1,19.6,12.1,65,0.0,0.0,0.7,3.7
467410,2011-02-13,16.2,22.9,13.2,72,1.0,0.6,5.6,4.2
467410,2011-02-14,11.9,13.9,10.3,83,5.5,2.2,0.3,6.0
467410,2011-02-15,13.9,19.1,10.1,75,0.2,0.8,2.2,3.7
467410,2011-02-16,17.5,22.5,13.2,76,0.0,0.0,8.8,2.2
467410,2011-02-17,19.5,26.9,14.5,77,0.0,0.0,8.4,2.9
467410,2011-02-18,17.3,20.0,15.1,81,0.0,0.0,0.4,3.7
467410,2011-02-19,16.7,20.8,14.8,78,0.0,0.0,1.7,3.7
467410,2011-02-20,15.9,20.4,13.7,80,1.0,1.2,5.5,4.9
467410,2011-02-21,16.7,20.1,14.4,75,0.0,0.0,2.2,3.4
467410,2011-02-22,17.5,23.4,13.5,73,0.0,0.0,9.1,3.3
467410,2011-02-23,19.5,24.6,15.8,74,0.0,0.0,8.6,1.9
467410,2011-02-24,21.2,26.2,16.9,68,0.0,0.0,8.8,1.7
467410,2011-02-25,20.3,26.9,15.6,74,0.0,0.0,9.0,2.7
467410,2011-02-26,19.3,24.9,16.5,76,0.0,0.0,7.8,2.8
467410,2011-02-27,20.0,25.0,17.4,78,0.0,0.0,5.6,1.5
467410,2011-02-28,22.2,28.5,17.7,70,0.0,0.0,10.1,2.4
467410,2011-03-01,19.3,25.5,16.1,77,0.0,0.0,7.4,4.2
467410,2011-03-02,17.7,23.4,15.0,70,0.0,0.0,4.9,4.3
467410,2011-03-03,17.3,22.9,13.8,70,0.0,0.0,0.7,4.5
467410,2011-03-04,16.2,21.2,12.7,67,0.0,0.0,7.3,4.6
467410,2011-03-05,18.7,24.4,14.2,65,0.0,0.0,6.6,3.2
467410,2011-03-06,21.9,27.4,17.2,65,0.0,0.0,4.8,1.6
467410,2011-03-07,17.9,22.6,13.7,69,0.0,0.0,4.3,4.9
467410,2011-03-08,16.5,20.5,13.4,60,0.0,0.0,0.2,2.2
467410,2011-03-09,18.9,23.5,16.0,66,0.0,0.0,6.1,2.3
467410,2011-03-10,19.5,23.5,17.3,71,0.0,0.0,1.9,2.9
467410,2011-03-11,19.3,24.4,16.6,72,0.0,0.0,5.9,3.6
467410,2011-03-12,21.1,27.9,17.5,70,0.0,0.0,8.6,3.1
467410,2011-03-13,22.0,27.4,17.5,69,0.0,0.0,9.3,2.6
467410,2011-03-14,23.3,28.6,19.4,69,0.0,0.0,8.1,2.4
467410,2011-03-15,21.3,27.3,14.5,69,0.0,0.0,8.1,4.1
467410,2011-03-16,15.9,20.8,13.0,60,0.0,0.0,0.5,4.8
467410,2011-03-17,18.2,23.0,13.9,61,0.0,0.0,1.1,2.1
467410,2011-03-18,20.2,24.1,18.1,68,0.0,0.0,0.0,2.4
467410,2011-03-19,22.0,27.4,18.1,72,0.0,0.0,5.3,2.3
467410,2011-03-20,24.8,29.6,20.2,73,0.0,0.0,10.7,3.6
467410,2011-03-21,25.6,29.1,23.3,76,0.0,0.0,7.1,1.7
467410,2011-03-22,19.8,24.8,14.8,70,0.0,0.0,5.6,5.8
467410,2011-03-23,17.5,22.1,14.8,66,0.0,0.0,2.2,4.2
467410,2011-03-24,18.2,22.2,15.7,64,0.0,0.0,4.5,4.1
467410,2011-03-25,18.8,24.6,15.0,60,0.0,0.0,7.2,3.2
467410,2011-03-26,16.8,20.8,14.7,65,0.0,0.0,1.0,4.2
467410,2011-03-27,13.9,15.5,12.1,80,2.0,4.8,0.0,4.8
467410,2011-03-28,15.5,20.9,11.9,79,2.2,5.4,2.2,4.0
467410,2011-03-29,18.7,24.2,14.2,62,0.0,0.0,3.2,4.2
467410,2011-03-30,20.0,24.0,17.4,60,0.0,0.0,0.0,1.6
467410,2011-03-31,18.9,23.8,16.1,72,0.5,1.9,0.7,2.1
467410,2011-04-01,21.5,27.0,17.8,66,0.0,0.0,10.4,2.8
467410,2011-04-02,22.8,27.3,19.3,65,0.0,0.0,10.3,1.9
467410,2011-04-03,23.1,27.3,20.3,67,0.0,0.0,8.8,2.3
467410,2011-04-04,19.4,23.8,15.4,72,0.0,0.0,2.9,4.1
467410,2011-04-05,19.1,24.5,15.0,63,0.0,0.0,3.4,3.1
467410,2011-04-06,20.9,25.3,17.0,63,0.0,0.0,8.0,2.4
467410,2011-04-07,23.4,28.5,19.8,64,0.0,0.0,10.6,2.5
467410,2011-04-08,24.0,29.4,20.7,62,0.0,0.0,10.2,3.8
467410,2011-04-09,23.5,28.8,19.8,70,0.0,0.0,9.3,2.8
467410,2011-04-10,23.9,28.1,21.0,71,0.0,0.0,6.4,1.9
467410,2011-04-11,23.9,27.6,21.0,71,0.0,0.0,2.0,2.5
467410,2011-04-12,22.7,27.1,19.6,66,0.0,0.0,3.4,2.6
467410,2011-04-13,24.0,28.3,21.5,64,0.0,0.0,6.6,2.2
467410,2011-04-14,25.2,30.0,22.6,66,0.0,0.0,5.5,2.0
467410,2011-04-15,26.0,30.0,22.9,67,0.0,0.0,10.5,3.3
467410,2011-04-16,25.7,28.9,24.0,72,0.0,0.0,8.3,2.8
467410,2011-04-17,25.3,29.5,21.5,74,23.0,2.7,1.8,2.3
467410,2011-04-18,23.9,27.2,21.4,72,0.5,0.9,0.9,3.1
467410,2011-04-19,24.2,28.5,20.6,62,0.0,0.0,8.3,3.0
467410,2011-04-20,23.2,26.6,19.7,58,0.0,0.0,10.4,2.3
467410,2011-04-21,24.0,27.9,20.7,57,0.0,0.0,7.6,1.7
467410,2011-04-22,24.8,28.9,21.9,65,0.0,0.0,5.5,2.5
467410,2011-04-23,24.1,28.9,20.5,61,0.0,0.0,4.5,3.7
467410,2011-04-24,24.7,28.4,22.4,61,0.0,0.0,8.6,2.7
467410,2011-04-25,24.5,27.7,21.8,67,0.0,0.0,7.7,2.1
467410,2011-04-26,25.9,30.0,23.0,65,0.0,0.0,8.2,1.8
467410,2011-04-27,25.9,30.3,24.3,63,0.0,0.0,6.6,2.0
467410,2011-04-28,25.5,29.0,23.3,67,0.0,0.0,0.7,2.2
467410,2011-04-29,24.9,27.5,23.8,74,2.5,1.0,0.0,1.6
467410,2011-04-30,26.4,29.9,22.8,77,0.0,0.0,0.0,3.3
467410,2011-05-01,26.9,31.0,24.7,76,0.0,0.0,0.9,2.1
467410,2011-05-02,26.9,30.9,24.6,71,0.0,0.0,3.7,2.0
467410,2011-05-03,26.8,32.6,23.4,72,0.0,0.0,7.4,3.1
467410,2011-05-04,25.3,29.4,22.1,72,0.0,0.0,5.7,2.6
467410,2011-05-05,26.3,31.1,23.1,70,0.0,0.0,11.0,3.6
467410,2011-05-06,26.5,30.4,23.2,70,0.0,0.0,9.6,2.0
467410,2011-05-07,27.5,31.2,24.9,68,0.0,0.0,5.2,1.6
467410,2011-05-08,28.3,32.7,25.6,67,0.0,0.0,10.8,3.0
467410,2011-05-09,28.9,33.8,25.6,62,0.0,0.0,9.4,3.0
467410,2011-05-10,28.6,32.7,25.8,64,0.0,0.0,11.3,3.4
467410,2011-05-11,28.3,31.4,26.3,73,0.0,0.0,8.2,2.5
467410,2011-05-12,29.0,32.5,27.1,76,0.0,0.0,6.1,2.1
467410,2011-05-13,28.7,32.5,27.2,72,0.0,0.0,7.3,2.1
467410,2011-05-14,27.2,30.1,25.0,73,0.0,0.0,0.1,2.7
467410,2011-05-15,27.2,31.5,24.6,72,0.0,0.0,6.8,2.7
467410,2011-05-16,26.7,31.0,22.6,72,0.0,0.2,7.4,3.7
467410,2011-05-17,21.8,22.9,20.4,85,14.5,9.0,0.0,3.1
467410,2011-05-18,24.1,27.3,21.7,82,5.0,3.7,0.2,1.2
467410,2011-05-19,25.6,28.4,23.5,78,0.0,0.0,1.5,1.6
467410,2011-05-20,25.1,27.4,23.1,79,7.0,6.3,0.1,2.0
467410,2011-05-21,26.7,30.3,23.7,73,0.0,0.0,3.5,2.6
467410,2011-05-22,27.8,31.6,25.2,73,0.0,0.0,4.9,2.3
467410,2011-05-23,26.2,30.6,23.7,79,28.5,4.1,0.0,2.0
467410,2011-05-24,27.1,31.1,24.8,74,0.2,0.2,5.1,1.9
467410,2011-05-25,27.0,31.7,23.3,73,0.0,0.0,7.2,3.0
467410,2011-05-26,27.4,31.6,24.2,74,0.0,0.4,5.8,2.8
467410,2011-05-27,27.2,31.8,24.5,75,0.0,0.0,3.3,3.8
467410,2011-05-28,24.7,27.5,22.4,74,0.0,0.0,3.1,5.6
467410,2011-05-29,25.4,31.5,21.2,62,0.0,0.0,10.5,3.3
467410,2011-05-30,26.4,29.8,23.4,64,0.0,0.0,10.8,1.5
467410,2011-05-31,26.8,30.9,24.1,71,0.0,3.0,0.8,1.4
467410,2011-06-01,26.1,27.4,23.8,80,9.0,7.0,0.0,3.2
467410,2011-06-02,27.2,30.0,25.6,81,11.5,4.6,0.7,3.7
467410,2011-06-03,27.3,30.3,25.5,78,0.0,0.0,6.6,1.7
467410,2011-06-04,28.0,31.9,25.2,74,0.0,0.0,9.4,2.0
467410,2011-06-05,29.2,33.0,25.9,69,0.0,0.0,11.1,2.1
467410,2011-06-06,29.6,33.0,26.9,69,0.0,0.0,11.0,2.0
467410,2011-06-07,29.7,33.3,27.2,72,0.0,0.0,11.4,2.4
467410,2011-06-08,29.7,33.0,27.6,71,0.0,0.0,11.3,2.4
467410,2011-06-09,30.7,34.3,27.7,66,0.0,0.0,12.4,4.4
467410,2011-06-10,31.0,35.2,27.7,59,0.0,0.0,12.4,6.0
467410,2011-06-11,30.2,33.5,28.0,65,0.0,0.0,12.2,6.1
467410,2011-06-12,29.3,33.3,26.1,72,0.5,0.5,7.0,3.7
467410,2011-06-13,29.9,33.5,27.7,71,0.0,0.0,9.9,2.3
467410,2011-06-14,30.3,33.3,27.8,69,0.0,0.0,11.9,2.3
467410,2011-06-15,30.3,34.4,28.0,68,0.0,0.0,8.9,2.4
467410,2011-06-16,30.5,34.2,28.2,68,0.0,0.0,10.0,3.5
467410,2011-06-17,30.8,34.5,28.2,63,0.0,0.0,9.6,4.4
467410,2011-06-18,30.5,34.0,27.7,67,0.0,0.0,11.3,3.5
467410,2011-06-19,30.3,34.3,28.2,68,0.0,0.0,10.1,2.6
467410,2011-06-20,30.8,35.4,27.7,65,0.0,0.0,8.2,3.1
467410,2011-06-21,28.5,32.2,26.2,76,5.0,4.8,0.0,1.4
467410,2011-06-22,29.0,31.5,27.1,73,0.0,0.0,0.0,1.8
467410,2011-06-23,29.7,34.0,26.1,74,52.5,1.3,6.1,2.2
467410,2011-06-24,29.5,33.1,26.9,72,0.0,0.0,7.2,2.9
467410,2011-06-25,28.0,29.6,25.9,79,0.5,0.3,0.0,2.8
467410,2011-06-26,28.7,32.7,25.8,79,16.5,2.9,4.4,3.2
467410,2011-06-27,27.9,32.4,24.7,82,42.5,6.1,6.5,3.5
467410,2011-06-28,24.7,25.6,23.4,89,166.0,15.8,0.0,3.5
467410,2011-06-29,27.6,31.2,25.0,77,0.0,0.3,0.5,2.9
467410,2011-06-30,28.7,31.8,26.0,74,0.0,0.0,10.5,2.4
467410,2011-07-01,29.4,32.3,27.2,73,0.0,0.0,5.7,2.2
467410,2011-07-02,29.4,33.5,26.8,73,0.0,0.0,9.3,2.1
467410,2011-07-03,29.5,32.7,27.0,73,0.0,0.0,9.9,2.3
467410,2011-07-04,29.8,32.7,27.7,72,0.0,0.0,11.0,2.9
467410,2011-07-05,29.7,33.0,27.7,67,0.0,0.0,11.6,2.5
467410,2011-07-06,29.8,32.8,27.3,69,0.0,0.0,10.5,2.2
467410,2011-07-07,29.8,32.7,27.6,66,0.0,0.0,10.2,2.2
467410,2011-07-08,29.7,33.1,27.1,68,0.0,0.0,8.5,2.3
467410,2011-07-09,30.0,33.5,28.1,69,0.0,0.0,8.0,2.2
467410,2011-07-10,27.9,30.7,25.2,80,19.0,2.4,1.3,3.0
467410,2011-07-11,28.5,31.5,25.9,75,0.0,0.0,5.7,4.2
467410,2011-07-12,28.3,32.5,26.1,76,12.5,4.2,6.7,3.3
467410,2011-07-13,27.7,31.9,25.3,79,17.5,1.7,4.9,3.5
467410,2011-07-14,26.6,31.0,24.0,83,32.0,6.7,4.2,5.4
467410,2011-07-15,26.2,31.3,24.2,84,28.0,10.6,0.9,4.3
467410,2011-07-16,26.5,31.2,24.5,83,26.5,8.7,2.0,3.2
467410,2011-07-17,25.7,27.9,24.8,88,78.0,8.8,1.1,2.2
467410,2011-07-18,26.9,30.5,24.9,89,40.5,9.7,1.4,3.6
467410,2011-07-19,28.4,30.6,26.4,84,13.0,3.3,1.8,4.0
467410,2011-07-20,26.7,28.0,25.0,87,61.5,8.8,0.0,3.1
467410,2011-07-21,28.2,31.1,25.8,83,2.5,2.0,4.0,2.2
467410,2011-07-22,29.4,32.6,26.8,76,0.0,0.0,10.7,1.9
467410,2011-07-23,29.7,33.0,27.4,73,0.0,0.0,9.9,2.0
467410,2011-07-24,29.9,33.1,27.8,72,0.0,0.0,10.6,1.9
467410,2011-07-25,29.7,33.8,27.7,72,0.0,0.0,7.5,1.8
467410,2011-07-26,29.6,32.8,26.9,73,0.0,0.0,7.8,2.8
467410,2011-07-27,30.5,34.4,26.9,68,0.0,0.0,12.1,3.1
467410,2011-07-28,30.2,33.9,27.2,70,0.0,0.4,6.0,1.6
467410,2011-07-29,28.7,34.7,24.3,75,43.5,3.1,5.4,2.4
467410,2011-07-30,27.9,33.0,24.2,77,27.0,3.7,5.8,1.7
467410,2011-07-31,29.3,32.7,26.3,75,0.0,0.0,7.7,1.6
467410,2011-08-01,30.0,33.4,27.9,69,0.0,0.0,5.9,2.4
467410,2011-08-02,30.1,33.8,28.0,69,0.0,0.0,9.5,2.3
467410,2011-08-03,29.7,33.4,27.2,72,0.0,0.0,8.4,2.3
467410,2011-08-04,29.8,34.7,27.3,71,0.0,0.0,11.2,2.9
467410,2011-08-05,29.9,33.0,27.8,75,1.0,0.3,8.5,4.7
467410,2011-08-06,29.6,32.5,28.2,75,0.0,0.0,2.5,2.8
467410,2011-08-07,29.9,33.1,27.5,75,0.0,0.0,7.5,3.5
467410,2011-08-08,29.6,33.0,27.5,75,3.5,1.5,9.1,4.9
467410,2011-08-09,29.5,33.1,27.1,72,0.0,0.0,8.0,4.2
467410,2011-08-10,29.4,33.5,27.1,73,0.3,0.7,9.5,3.6
467410,2011-08-11,29.5,33.2,27.3,70,0.5,0.3,8.6,2.5
467410,2011-08-12,29.5,32.6,27.7,72,0.0,0.0,5.6,2.4
467410,2011-08-13,29.5,32.7,27.3,70,0.0,0.0,4.2,3.4
467410,2011-08-14,30.2,34.0,27.8,70,0.0,0.0,9.9,4.0
467410,2011-08-15,30.4,34.1,27.6,69,0.0,0.0,11.8,3.4
467410,2011-08-16,30.3,33.9,28.0,70,0.0,0.0,11.7,3.6
467410,2011-08-17,30.3,34.4,27.1,67,0.0,0.0,11.1,3.1
467410,2011-08-18,30.0,33.6,26.8,66,0.0,0.0,8.4,2.0
467410,2011-08-19,29.8,32.8,27.4,67,0.0,0.0,3.9,2.3
467410,2011-08-20,30.3,34.1,27.4,65,0.0,0.0,10.4,2.0
467410,2011-08-21,30.5,33.9,27.8,64,0.0,0.0,10.6,2.0
467410,2011-08-22,30.4,34.0,27.5,66,0.0,0.0,11.0,2.0
467410,2011-08-23,30.1,33.4,27.7,69,0.0,0.0,7.6,2.0
467410,2011-08-24,29.4,33.8,26.6,70,0.2,0.3,6.4,1.8
467410,2011-08-25,30.0,34.1,26.7,69,0.0,0.0,9.0,2.5
467410,2011-08-26,30.3,33.9,27.6,71,0.0,0.5,6.8,2.0
467410,2011-08-27,29.6,35.4,26.1,72,2.5,4.7,7.0,1.9
467410,2011-08-28,28.1,31.7,26.0,79,4.0,3.7,0.2,2.8
467410,2011-08-29,26.6,28.6,25.1,89,82.3,18.4,0.0,4.4
467410,2011-08-30,25.6,26.2,24.7,89,52.0,19.5,0.0,6.3
467410,2011-08-31,27.0,29.3,24.7,82,26.0,8.1,0.0,4.6
467410,2011-09-01,28.9,33.1,26.1,73,0.0,0.0,4.2,2.7
467410,2011-09-02,28.9,32.8,25.9,74,1.5,0.9,4.3,1.2
467410,2011-09-03,29.2,33.4,26.6,70,0.0,0.0,4.7,-99.5
467410,2011-09-04,29.3,33.5,27.2,72,0.0,0.0,5.6,-99.5
467410,2011-09-05,28.7,31.9,27.1,74,0.0,0.0,5.4,1.4
467410,2011-09-06,28.4,31.7,26.5,73,0.0,0.3,8.1,1.9
467410,2011-09-07,28.9,32.0,26.7,66,0.0,0.0,5.6,1.8
467410,2011-09-08,28.5,31.9,26.8,70,0.0,0.0,3.3,1.9
467410,2011-09-09,29.5,32.8,27.3,69,0.0,0.0,6.2,2.1
467410,2011-09-10,29.8,33.9,26.9,67,0.0,0.0,7.2,1.9
467410,2011-09-11,29.5,32.8,26.7,68,0.0,0.0,8.0,1.8
467410,2011-09-12,28.5,32.9,25.4,69,0.0,0.0,6.1,2.0
467410,2011-09-13,28.9,32.7,25.8,67,0.0,0.0,7.6,1.7
467410,2011-09-14,29.2,32.3,27.1,70,0.0,0.0,4.7,2.0
467410,2011-09-15,29.3,32.9,26.8,70,0.0,0.0,6.9,2.2
467410,2011-09-16,29.5,33.2,26.7,70,0.0,0.0,10.0,1.3
467410,2011-09-17,29.4,33.4,26.8,67,0.0,0.0,7.7,1.9
467410,2011-09-18,29.5,33.7,26.5,70,0.0,0.0,8.1,2.2
467410,2011-09-19,28.8,32.7,26.0,67,0.0,0.0,6.7,1.9
467410,2011-09-20,28.5,32.3,26.0,66,0.0,0.0,5.5,1.8
467410,2011-09-21,27.3,32.8,24.0,62,0.0,0.0,5.7,3.0
467410,2011-09-22,26.9,31.8,22.9,64,0.0,0.0,9.5,2.7
467410,2011-09-23,26.5,31.2,23.1,64,0.0,0.0,1.2,2.6
467410,2011-09-24,26.9,32.2,23.9,68,0.0,0.0,2.1,2.8
467410,2011-09-25,28.1,32.5,24.8,71,0.0,0.0,5.5,1.5
467410,2011-09-26,29.0,32.9,25.9,72,0.0,0.0,9.6,1.7
467410,2011-09-27,29.3,33.3,26.1,74,0.0,0.0,8.1,2.1
467410,2011-09-28,28.2,29.9,27.1,79,3.5,2.3,0.0,1.0
467410,2011-09-29,29.5,33.2,26.6,71,0.0,0.0,6.9,1.4
467410,2011-09-30,29.6,34.0,27.5,72,0.0,0.0,5.9,2.8
467410,2011-10-01,28.6,31.8,26.4,74,0.0,0.0,1.5,1.9
467410,2011-10-02,25.4,27.6,23.7,82,2.0,8.7,0.0,1.8
467410,2011-10-03,25.8,31.5,22.9,75,1.5,1.2,6.4,3.7
467410,2011-10-04,25.8,32.0,21.9,71,0.0,0.0,8.2,3.8
467410,2011-10-05,27.2,31.9,23.6,72,0.0,0.0,10.1,2.3
467410,2011-10-06,27.0,31.8,23.7,71,0.0,0.0,10.2,2.7
467410,2011-10-07,26.8,31.9,23.6,72,0.0,0.4,0.7,2.1
467410,2011-10-08,27.8,31.5,24.7,69,0.0,0.0,2.2,1.3
467410,2011-10-09,26.9,29.7,25.5,78,0.2,2.1,0.0,1.4
467410,2011-10-10,27.7,32.2,25.2,79,0.0,0.4,0.8,2.2
467410,2011-10-11,27.3,29.8,26.0,80,0.5,2.7,0.0,1.3
467410,2011-10-12,27.4,30.7,26.0,79,0.6,0.4,0.0,1.1
467410,2011-10-13,27.7,31.6,25.3,73,0.0,0.0,1.4,1.5
467410,2011-10-14,26.4,30.4,23.8,80,22.0,6.5,0.4,2.3
467410,2011-10-15,25.7,29.4,23.9,80,1.0,0.5,0.2,3.1
467410,2011-10-16,26.2,30.9,23.4,72,0.0,0.0,3.3,2.5
467410,2011-10-17,26.2,31.1,22.9,66,0.0,0.0,7.9,2.7
467410,2011-10-18,25.3,29.7,21.3,66,0.0,0.0,4.4,2.5
467410,2011-10-19,24.9,30.0,21.2,64,0.0,0.0,9.6,3.0
467410,2011-10-20,25.8,31.1,21.8,67,0.0,0.0,9.2,2.7
467410,2011-10-21,26.5,31.4,23.1,74,0.0,0.0,8.5,2.2
467410,2011-10-22,26.5,31.1,23.3,72,0.0,0.0,7.2,2.2
467410,2011-10-23,26.4,31.2,22.4,70,0.0,0.0,9.2,1.8
467410,2011-10-24,26.5,30.8,23.7,74,0.0,0.0,8.8,2.1
467410,2011-10-25,25.7,31.2,21.8,71,0.0,0.0,6.9,3.3
467410,2011-10-26,23.8,28.6,20.8,65,0.0,0.0,3.1,3.6
467410,2011-10-27,24.7,29.9,20.6,66,0.0,0.0,9.3,3.0
467410,2011-10-28,25.1,29.7,21.5,71,0.0,0.0,9.8,2.3
467410,2011-10-29,25.5,29.7,22.5,72,0.0,0.0,9.1,1.7
467410,2011-10-30,25.3,30.2,22.3,68,0.0,0.0,7.5,2.0
467410,2011-10-31,24.9,29.9,21.7,68,0.0,0.0,9.3,2.5
467410,2011-11-01,25.4,30.4,21.6,72,0.0,0.0,9.0,2.7
467410,2011-11-02,25.8,30.8,22.8,77,0.0,0.0,6.2,1.8
467410,2011-11-03,26.6,30.4,24.2,75,0.0,0.0,3.7,1.5
467410,2011-11-04,26.9,30.8,24.3,77,0.0,0.0,6.0,1.5
467410,2011-11-05,26.9,32.2,24.5,76,0.0,0.0,5.6,2.2
467410,2011-11-06,26.3,30.5,23.5,78,0.0,0.0,2.5,2.1
467410,2011-11-07,25.4,27.5,22.8,84,7.0,11.5,0.0,1.7
467410,2011-11-08,24.3,27.0,22.7,86,22.0,9.5,0.0,1.9
467410,2011-11-09,24.3,27.1,22.3,91,33.5,11.6,0.1,2.0
467410,2011-11-10,20.9,23.1,19.7,94,119.5,19.7,0.0,3.1
467410,2011-11-11,21.7,25.0,19.6,86,1.0,0.4,0.5,3.1
467410,2011-11-12,23.1,25.2,21.5,81,0.0,0.1,0.5,3.3
467410,2011-11-13,23.6,28.0,21.5,80,0.0,0.0,6.0,3.5
467410,2011-11-14,23.8,29.0,20.7,77,0.0,0.0,7.2,3.5
467410,2011-11-15,23.6,28.0,20.9,76,0.0,0.0,3.5,3.4
467410,2011-11-16,23.4,25.6,21.1,84,0.0,1.5,0.0,1.3
467410,2011-11-17,24.3,25.5,23.3,88,7.0,7.1,0.0,1.2
467410,2011-11-18,26.1,29.8,23.1,83,12.5,0.9,0.0,2.1
467410,2011-11-19,26.8,30.6,23.4,83,0.5,0.7,4.9,2.5
467410,2011-11-20,22.8,26.6,20.6,72,0.5,0.2,2.8,4.3
467410,2011-11-21,22.9,26.4,20.3,68,0.0,0.0,0.1,1.1
467410,2011-11-22,23.4,27.1,21.4,74,0.0,0.0,1.3,1.8
467410,2011-11-23,22.9,27.0,19.9,75,0.0,0.0,2.9,3.7
467410,2011-11-24,21.8,27.3,18.2,66,0.0,0.0,7.8,2.8
467410,2011-11-25,22.5,26.5,19.2,69,0.0,0.0,3.1,1.2
467410,2011-11-26,22.7,24.3,21.6,74,0.0,0.2,0.0,0.5
467410,2011-11-27,22.5,25.0,21.1,76,0.0,0.0,0.0,1.7
467410,2011-11-28,23.4,28.0,20.4,79,0.0,0.0,9.1,2.1
467410,2011-11-29,23.5,28.1,20.1,82,0.0,0.0,8.2,2.2
467410,2011-11-30,23.9,28.6,21.3,82,0.0,1.3,6.2,3.4
467410,2011-12-01,21.0,23.7,17.9,75,0.0,0.0,0.0,4.6
467410,2011-12-02,17.0,18.6,15.1,74,0.0,0.0,0.0,5.9
467410,2011-12-03,17.9,23.5,14.8,66,0.0,0.0,8.3,4.4
467410,2011-12-04,19.8,24.8,15.2,67,0.0,0.0,5.2,2.0
467410,2011-12-05,19.7,20.7,18.9,80,0.9,4.4,0.0,3.7
467410,2011-12-06,22.1,28.1,18.9,83,0.0,0.0,5.4,3.2
467410,2011-12-07,22.9,26.5,21.3,84,0.0,0.0,4.5,2.0
467410,2011-12-08,21.0,24.9,17.1,79,0.0,0.0,2.5,5.5
467410,2011-12-09,16.2,17.7,14.9,77,0.0,0.0,0.0,5.8
467410,2011-12-10,16.4,19.6,14.5,77,0.0,0.0,0.0,5.4
467410,2011-12-11,16.8,20.4,13.6,74,0.0,0.0,0.0,4.2
467410,2011-12-12,18.5,21.8,16.4,82,3.0,3.3,0.0,3.2
467410,2011-12-13,19.7,23.1,17.5,83,0.5,0.8,0.0,2.5
467410,2011-12-14,21.1,25.9,18.9,81,0.0,0.0,1.7,3.2
467410,2011-12-15,20.5,25.4,17.7,79,0.0,0.0,0.8,4.0
467410,2011-12-16,17.2,20.6,15.0,74,0.0,0.0,2.2,5.3
467410,2011-12-17,16.5,21.4,13.4,71,0.0,0.0,6.9,3.9
467410,2011-12-18,17.5,23.3,14.0,72,0.0,0.0,7.3,2.8
467410,2011-12-19,17.8,22.7,14.1,75,0.0,0.0,2.2,3.8
467410,2011-12-20,18.8,22.1,17.1,80,0.0,0.0,0.5,2.7
467410,2011-12-21,20.1,24.4,17.6,81,0.0,0.0,2.7,4.2
467410,2011-12-22,18.2,21.8,15.3,74,0.0,0.0,0.0,5.0
467410,2011-12-23,16.3,20.9,14.6,69,0.0,0.0,1.5,5.4
467410,2011-12-24,14.2,18.4,11.6,62,0.0,0.0,8.6,6.3
467410,2011-12-25,15.6,20.9,11.5,60,0.0,0.0,8.4,3.2
467410,2011-12-26,17.2,22.5,13.9,67,0.0,0.0,7.6,3.1
467410,2011-12-27,18.4,23.2,15.0,74,0.0,0.0,8.4,2.6
467410,2011-12-28,18.7,22.7,16.3,79,0.0,0.0,2.1,4.2
467410,2011-12-29,19.1,24.3,15.8,78,0.0,0.0,5.4,3.5
467410,2011-12-30,18.2,21.3,16.7,76,0.0,0.0,0.5,3.8
467410,2011-12-31,16.7,19.2,15.6,83,0.0,0.5,0.0,3.4
467410,2012-01-01,17.2,22.8,14.4,73,0.0,0.0,6.9,4.1
467410,2012-01-02,16.1,19.6,13.6,76,0.0,0.0,0.0,2.9
467410,2012-01-03,17.5,22.9,14.0,75,0.0,0.0,9.0,3.1
467410,2012-01-04,14.1,18.1,11.3,73,0.0,0.0,4.9,5.5
467410,2012-01-05,12.8,13.9,11.2,84,1.5,2.2,0.0,3.4
467410,2012-01-06,16.2,19.6,13.4,85,0.0,0.0,2.5,4.4
467410,2012-01-07,17.3,21.9,15.2,82,0.0,0.0,4.8,3.7
467410,2012-01-08,18.4,23.3,15.5,80,0.0,0.0,7.9,4.1
467410,2012-01-09,18.5,24.0,15.8,79,0.0,0.0,7.7,4.2
467410,2012-01-10,18.3,24.7,14.8,77,0.0,0.0,4.7,4.1
467410,2012-01-11,17.5,20.9,15.2,71,0.0,0.0,0.0,5.0
467410,2012-01-12,17.3,21.1,14.8,74,0.0,0.0,0.0,3.0
467410,2012-01-13,18.2,20.5,16.7,85,0.0,1.2,0.0,3.6
467410,2012-01-14,19.6,24.4,17.2,85,0.0,0.0,0.5,2.0
467410,2012-01-15,21.1,27.2,17.3,81,0.0,0.0,3.8,2.5
467410,2012-01-16,17.2,20.3,14.7,80,0.5,0.3,0.0,5.0
467410,2012-01-17,16.8,21.1,13.8,79,0.0,0.0,7.4,4.2
467410,2012-01-18,19.3,25.0,16.1,77,0.0,0.7,3.2,2.4
467410,2012-01-19,19.5,26.4,15.8,79,0.0,0.0,8.8,3.8
467410,2012-01-20,18.4,23.1,16.0,82,0.0,0.0,6.3,3.2
467410,2012-01-21,18.4,22.8,16.2,81,0.0,0.0,5.3,3.1
467410,2012-01-22,16.4,19.9,13.0,80,0.0,0.0,2.4,5.0
467410,2012-01-23,13.8,16.8,11.7,82,1.0,1.5,0.6,4.7
467410,2012-01-24,16.3,21.7,12.9,80,2.0,2.2,8.2,4.0
467410,2012-01-25,14.5,18.6,12.4,79,0.5,0.6,2.7,4.7
467410,2012-01-26,15.7,21.6,11.7,77,0.0,0.0,7.5,3.4
467410,2012-01-27,17.5,23.1,13.9,80,0.0,0.0,8.5,3.6
467410,2012-01-28,18.1,24.5,14.4,80,0.0,0.0,9.0,4.2
467410,2012-01-29,17.7,22.5,15.7,81,0.0,0.0,7.0,5.0
467410,2012-01-30,17.2,22.3,14.9,79,0.0,0.0,6.3,5.2
467410,2012-01-31,16.6,22.2,13.6,73,0.0,0.0,9.0,5.3
467410,2012-02-01,16.3,22.1,12.9,77,0.0,0.0,9.6,4.2
467410,2012-02-02,17.1,23.6,13.7,76,0.0,0.0,8.1,4.6
467410,2012-02-03,15.2,18.8,13.3,76,0.0,0.0,1.2,4.3
467410,2012-02-04,17.5,25.9,12.6,78,0.0,0.0,9.8,3.5
467410,2012-02-05,20.3,26.5,15.3,74,0.0,0.0,7.5,3.0
467410,2012-02-06,24.0,28.9,19.9,75,0.0,0.0,4.7,3.6
467410,2012-02-07,17.9,23.6,12.1,82,11.0,1.1,1.0,4.2
467410,2012-02-08,11.4,12.5,10.8,90,3.5,6.4,0.0,5.3
467410,2012-02-09,14.4,19.9,10.7,79,0.0,0.0,4.9,3.1
467410,2012-02-10,16.2,21.9,13.2,83,0.0,0.0,6.8,4.7
467410,2012-02-11,16.2,20.0,14.1,84,0.0,0.0,5.6,4.3
467410,2012-02-12,16.6,20.9,15.0,85,0.0,0.0,2.6,3.0
467410,2012-02-13,20.5,27.1,14.6,73,0.0,0.0,6.5,3.1
467410,2012-02-14,22.7,28.9,19.3,72,0.0,0.0,9.7,2.0
467410,2012-02-15,21.0,26.6,17.4,77,0.0,0.0,5.5,3.5
467410,2012-02-16,17.3,22.1,15.1,80,0.0,0.7,2.7,4.7
467410,2012-02-17,15.1,18.5,12.7,79,0.0,0.0,3.4,5.5
467410,2012-02-18,14.7,21.1,12.0,71,0.0,0.0,8.4,5.5
467410,2012-02-19,14.6,18.3,12.1,74,0.0,0.0,0.7,4.4
467410,2012-02-20,16.0,20.0,13.4,78,0.0,0.5,0.0,2.6
467410,2012-02-21,17.5,20.7,14.5,90,2.5,3.8,0.0,1.6
467410,2012-02-22,22.0,26.8,17.8,83,1.0,1.5,4.4,1.4
467410,2012-02-23,24.7,28.7,21.4,81,0.0,0.0,3.8,1.6
467410,2012-02-24,21.5,25.4,18.3,84,14.0,2.1,3.4,3.3
467410,2012-02-25,19.4,25.6,15.0,83,5.0,0.4,3.9,3.9
467410,2012-02-26,15.1,19.1,12.9,80,0.0,0.0,1.6,5.5
467410,2012-02-27,14.7,17.8,12.7,81,0.0,0.0,1.4,4.3
467410,2012-02-28,14.7,19.2,12.4,89,3.0,3.8,1.0,4.6
467410,2012-02-29,17.0,23.5,12.5,81,0.0,0.0,6.8,3.5
467410,2012-03-01,20.3,28.6,14.3,80,0.0,0.0,8.0,2.7
467410,2012-03-02,22.5,29.1,17.7,77,0.0,0.0,6.2,3.2
467410,2012-03-03,19.8,26.6,16.6,80,0.0,0.0,2.9,3.9
467410,2012-03-04,21.9,28.4,16.2,77,0.0,0.0,9.6,2.2
467410,2012-03-05,25.5,30.8,20.4,73,0.0,0.0,10.9,3.9
467410,2012-03-06,25.0,29.6,19.8,75,0.0,0.0,10.7,2.1
467410,2012-03-07,22.0,29.6,17.9,76,0.0,0.0,9.9,4.3
467410,2012-03-08,20.8,27.0,16.8,75,0.0,0.0,7.4,3.5
467410,2012-03-09,16.7,18.6,14.3,79,0.0,0.0,0.3,5.2
467410,2012-03-10,15.6,21.7,13.0,75,0.0,0.0,2.3,4.9
467410,2012-03-11,14.9,17.2,13.0,79,0.5,0.2,0.1,4.7
467410,2012-03-12,14.7,17.1,12.9,90,6.0,3.6,0.0,3.3
467410,2012-03-13,17.0,22.9,13.9,80,0.0,0.0,6.6,4.4
467410,2012-03-14,18.5,23.2,14.6,79,0.0,0.0,4.9,4.1
467410,2012-03-15,19.3,26.2,15.4,82,0.0,0.0,8.3,3.2
467410,2012-03-16,24.6,30.7,17.0,76,0.0,0.0,8.7,2.0
467410,2012-03-17,26.6,30.7,23.8,78,0.0,0.0,8.3,3.4
467410,2012-03-18,26.5,30.1,24.0,78,0.0,0.0,8.6,2.3
467410,2012-03-19,24.0,29.7,21.5,76,0.0,0.0,2.8,3.7
467410,2012-03-20,23.4,29.4,20.1,75,0.0,0.0,6.7,4.3
467410,2012-03-21,20.7,26.6,17.6,74,0.0,0.0,2.7,4.3
467410,2012-03-22,23.0,27.8,19.1,76,0.0,0.0,7.7,3.1
467410,2012-03-23,25.7,32.2,19.7,72,0.0,0.0,10.2,3.5
467410,2012-03-24,15.5,19.7,13.9,65,0.0,0.0,0.0,5.6
467410,2012-03-25,19.6,24.7,14.3,62,0.0,0.0,7.2,1.8
467410,2012-03-26,21.5,26.0,17.1,60,0.0,0.0,10.0,1.8
467410,2012-03-27,22.9,27.5,18.5,59,0.0,0.0,9.8,1.9
467410,2012-03-28,23.4,28.2,20.0,63,0.0,0.0,7.3,1.9
467410,2012-03-29,23.7,27.8,20.7,63,0.0,0.0,6.9,2.3
467410,2012-03-30,24.4,28.8,20.4,62,0.0,0.0,9.4,1.8
467410,2012-03-31,23.2,27.3,19.7,61,0.0,0.0,7.2,4.4
467410,2012-04-01,23.1,27.0,19.0,60,0.0,0.0,5.9,1.8
467410,2012-04-02,25.1,29.4,21.2,68,0.0,0.0,2.4,1.2
467410,2012-04-03,26.3,30.2,23.7,70,0.0,0.0,7.1,3.2
467410,2012-04-04,24.1,27.9,21.5,67,0.0,0.0,2.8,1.8
467410,2012-04-05,24.8,28.4,22.6,72,0.0,0.0,3.1,2.3
467410,2012-04-06,22.8,25.2,21.2,76,0.0,0.6,0.0,2.0
467410,2012-04-07,23.3,25.9,21.1,75,0.0,0.0,0.0,1.1
467410,2012-04-08,24.7,28.6,21.9,71,0.0,0.0,5.0,2.0
467410,2012-04-09,25.3,29.5,22.3,71,0.0,0.0,0.4,2.1
467410,2012-04-10,26.9,31.7,23.7,72,0.0,0.0,10.5,3.1
467410,2012-04-11,27.3,31.9,24.6,75,0.0,0.0,9.6,2.7
467410,2012-04-12,27.1,30.7,25.0,77,0.0,0.0,8.3,1.9
467410,2012-04-13,27.8,32.1,24.7,72,0.0,0.0,10.2,2.0
467410,2012-04-14,27.8,33.4,25.0,69,0.0,0.0,11.4,1.9
467410,2012-04-15,27.8,32.8,24.9,70,0.0,0.0,10.6,1.9
467410,2012-04-16,26.5,31.1,23.0,75,0.0,0.0,3.5,2.3
467410,2012-04-17,22.9,25.0,21.8,81,6.5,2.3,0.0,1.9
467410,2012-04-18,25.7,30.2,22.4,76,0.5,0.4,5.2,1.7
467410,2012-04-19,26.5,31.2,23.5,77,0.0,0.0,2.2,1.6
467410,2012-04-20,26.9,30.9,23.3,76,2.0,0.2,2.4,1.8
467410,2012-04-21,26.7,30.1,23.6,76,8.0,0.2,3.2,2.3
467410,2012-04-22,26.7,29.7,24.5,74,0.0,0.0,0.3,1.3
467410,2012-04-23,28.3,32.3,24.9,68,0.0,0.0,8.8,2.1
467410,2012-04-24,29.3,32.7,26.5,68,0.0,0.0,11.0,4.2
467410,2012-04-25,28.3,32.7,25.6,75,4.5,1.3,6.8,2.8
467410,2012-04-26,26.6,31.6,23.6,78,13.0,1.2,2.1,2.0
467410,2012-04-27,25.1,28.7,22.3,77,13.0,4.2,1.6,2.6
467410,2012-04-28,24.9,27.2,21.4,83,17.5,4.8,0.1,2.1
467410,2012-04-29,28.1,32.3,24.2,75,0.0,0.0,9.2,3.3
467410,2012-04-30,26.6,30.3,23.4,84,76.5,6.7,2.7,2.6
467410,2012-05-01,28.8,32.5,25.6,75,0.0,0.0,10.4,2.6
467410,2012-05-02,28.7,32.2,25.8,79,1.0,0.5,6.0,2.1
467410,2012-05-03,27.9,31.2,26.3,82,1.5,0.6,5.1,2.7
467410,2012-05-04,25.9,30.0,23.7,88,63.5,3.0,2.2,3.1
467410,2012-05-05,26.3,31.0,22.5,74,0.0,0.0,8.5,3.1
467410,2012-05-06,27.7,32.0,24.8,66,0.0,0.0,9.9,1.8
467410,2012-05-07,27.8,31.4,25.1,74,0.0,0.0,10.9,1.8
467410,2012-05-08,28.5,31.7,26.2,74,0.0,0.0,10.5,1.9
467410,2012-05-09,28.3,31.3,26.5,83,0.0,0.3,4.4,1.9
467410,2012-05-10,28.6,32.2,26.7,79,0.0,0.0,5.5,2.3
467410,2012-05-11,27.1,31.0,24.0,78,0.0,0.0,7.2,3.4
467410,2012-05-12,27.7,32.1,24.7,78,0.0,0.0,9.5,2.1
467410,2012-05-13,29.0,32.3,25.7,73,0.0,0.0,11.9,1.6
467410,2012-05-14,29.7,33.4,26.3,70,0.0,0.0,12.2,1.8
467410,2012-05-15,29.6,32.9,27.2,74,0.0,0.0,6.9,2.0
467410,2012-05-16,26.9,29.1,25.4,86,8.5,7.1,0.0,2.8
467410,2012-05-17,25.7,27.2,24.4,88,17.5,4.9,0.0,2.6
467410,2012-05-18,25.8,29.2,24.5,91,14.0,9.6,0.5,1.7
467410,2012-05-19,25.4,27.0,23.8,93,49.5,13.1,0.0,2.0
467410,2012-05-20,24.9,26.5,23.7,96,210.0,12.6,0.0,1.9
467410,2012-05-21,26.1,31.3,22.3,77,0.0,0.0,10.2,3.5
467410,2012-05-22,26.2,31.2,21.6,72,0.0,0.0,11.0,2.6
467410,2012-05-23,27.3,31.1,24.4,71,0.0,0.0,11.5,1.9
467410,2012-05-24,27.9,31.8,24.8,74,0.0,0.0,11.2,2.6
467410,2012-05-25,28.7,32.6,25.5,69,0.0,0.0,11.4,2.0
467410,2012-05-26,28.9,32.4,26.3,77,9.0,1.8,10.5,2.1
467410,2012-05-27,28.4,33.1,25.1,82,11.5,3.7,6.1,1.9
467410,2012-05-28,27.7,31.2,26.3,85,1.5,4.3,1.5,1.8
467410,2012-05-29,28.1,31.5,25.4,81,2.5,1.4,7.1,2.0
467410,2012-05-30,28.5,32.0,25.4,82,0.5,0.2,8.1,2.5
467410,2012-05-31,28.4,32.8,25.7,77,14.0,1.2,10.3,3.9
467410,2012-06-01,28.2,32.8,25.1,74,0.0,0.0,9.0,2.9
467410,2012-06-02,28.0,32.4,24.9,78,0.0,0.0,11.7,4.3
467410,2012-06-03,28.0,33.1,24.7,78,0.0,0.0,6.3,3.5
467410,2012-06-04,28.2,31.9,25.6,80,0.0,0.0,2.0,2.9
467410,2012-06-05,28.3,32.4,25.6,79,0.0,0.0,7.1,3.6
467410,2012-06-06,29.1,32.8,26.0,78,0.0,0.0,4.3,1.9
467410,2012-06-07,30.3,33.8,28.1,75,0.0,0.0,9.3,2.9
467410,2012-06-08,28.7,33.3,27.0,85,24.0,4.0,4.3,3.0
467410,2012-06-09,27.3,29.7,25.9,92,45.5,5.2,0.2,2.5
467410,2012-06-10,28.2,30.7,25.7,89,70.0,8.5,0.6,4.0
467410,2012-06-11,29.1,30.9,25.4,86,26.0,3.9,0.2,4.9
467410,2012-06-12,27.2,29.0,24.7,94,110.0,14.5,0.0,3.5
467410,2012-06-13,27.3,30.8,24.9,89,41.0,2.1,0.8,1.9
467410,2012-06-14,25.7,27.0,24.4,96,169.5,14.8,0.0,4.7
467410,2012-06-15,26.7,30.0,25.0,92,31.0,7.8,0.5,4.1
467410,2012-06-16,28.4,32.5,25.6,82,0.5,0.8,4.4,3.6
467410,2012-06-17,28.6,32.6,24.5,81,54.5,1.8,6.7,2.2
467410,2012-06-18,28.5,32.2,25.8,81,3.5,0.7,8.5,2.9
467410,2012-06-19,26.4,29.0,24.7,94,60.5,11.3,0.1,4.2
467410,2012-06-20,25.7,27.6,23.3,94,102.5,17.6,0.0,6.9
467410,2012-06-21,25.1,26.7,23.2,96,32.0,12.7,0.0,2.7
467410,2012-06-22,27.2,30.1,24.7,89,11.5,4.2,3.1,3.7
467410,2012-06-23,27.3,31.0,25.7,89,19.5,2.7,3.1,3.7
467410,2012-06-24,28.5,32.1,25.4,80,2.0,0.2,8.6,3.7
467410,2012-06-25,28.8,31.9,26.4,81,0.0,0.0,8.9,3.1
467410,2012-06-26,28.9,31.6,27.0,81,0.0,0.0,9.1,3.2
467410,2012-06-27,29.4,32.7,26.8,77,0.0,0.3,11.2,2.0
467410,2012-06-28,29.5,33.0,27.6,78,0.0,0.0,8.7,3.4
467410,2012-06-29,29.3,32.2,27.9,76,0.0,0.0,4.9,4.2
467410,2012-06-30,30.1,33.8,26.7,73,0.0,0.0,10.5,3.5
467410,2012-07-01,30.0,33.4,28.0,75,0.0,0.2,11.8,2.2
467410,2012-07-02,29.7,33.2,27.9,77,0.0,0.0,5.8,2.2
467410,2012-07-03,29.7,32.7,27.7,76,0.0,0.0,8.3,1.8
467410,2012-07-04,29.9,32.8,27.6,77,0.0,0.0,5.7,2.8
467410,2012-07-05,30.1,34.8,27.9,77,13.0,2.4,7.4,1.8
467410,2012-07-06,29.2,32.9,27.5,80,0.0,0.2,5.4,2.9
467410,2012-07-07,29.6,33.1,27.0,77,0.0,0.0,12.0,2.5
467410,2012-07-08,29.7,32.5,27.8,78,0.0,0.0,7.2,1.6
467410,2012-07-09,29.9,32.9,27.6,76,0.0,0.0,10.4,2.0
467410,2012-07-10,29.7,33.2,27.4,77,0.0,0.0,10.9,2.2
467410,2012-07-11,29.8,32.7,28.5,77,0.0,0.0,9.3,2.7
467410,2012-07-12,29.8,32.9,27.5,76,0.0,0.0,11.4,2.4
467410,2012-07-13,29.7,33.3,27.5,76,0.0,0.0,8.9,2.4
467410,2012-07-14,29.4,32.9,26.4,80,13.0,2.2,8.0,2.5
467410,2012-07-15,28.6,32.3,26.0,84,45.5,2.9,4.3,2.2
467410,2012-07-16,29.5,32.6,27.1,79,0.0,0.0,4.4,2.3
467410,2012-07-17,30.0,33.4,27.4,75,0.0,0.0,10.7,1.8
467410,2012-07-18,28.5,31.8,25.6,85,54.5,3.3,1.3,1.2
467410,2012-07-19,29.4,33.4,26.8,80,3.5,1.5,8.6,1.4
467410,2012-07-20,29.8,32.7,27.3,81,0.0,0.0,4.2,2.2
467410,2012-07-21,29.8,34.0,27.5,79,0.0,0.0,7.2,2.2
467410,2012-07-22,27.9,32.1,25.8,83,6.0,3.1,0.8,2.6
467410,2012-07-23,29.4,34.5,26.1,76,3.0,0.8,3.8,2.0
467410,2012-07-24,28.1,33.0,24.8,82,61.0,4.4,2.1,2.1
467410,2012-07-25,26.9,31.0,23.7,84,51.0,2.6,1.1,1.7
467410,2012-07-26,28.2,31.2,25.4,79,0.0,0.0,7.3,1.6
467410,2012-07-27,28.9,32.7,26.5,75,0.0,0.0,7.2,1.4
467410,2012-07-28,28.6,31.9,26.0,76,0.0,0.0,2.6,1.1
467410,2012-07-29,29.6,33.7,27.2,78,0.0,0.0,7.9,2.0
467410,2012-07-30,29.8,33.3,27.4,76,0.0,0.0,3.0,2.0
467410,2012-07-31,28.1,30.1,26.7,87,4.0,4.5,0.0,2.4
467410,2012-08-01,28.3,32.4,25.6,84,2.5,2.6,1.0,5.9
467410,2012-08-02,25.2,26.7,24.6,95,77.0,18.7,0.0,6.2
467410,2012-08-03,28.2,30.9,24.9,89,0.0,0.0,0.4,4.1
467410,2012-08-04,28.1,30.2,25.9,88,25.5,2.3,0.1,2.2
467410,2012-08-05,29.1,33.0,26.1,81,0.0,0.0,7.6,1.8
467410,2012-08-06,29.0,32.8,26.5,79,0.0,0.0,5.1,1.8
467410,2012-08-07,27.8,31.7,25.4,89,42.0,2.5,1.4,2.5
467410,2012-08-08,28.5,32.0,25.5,89,14.0,1.4,5.8,3.3
467410,2012-08-09,26.7,30.9,24.2,90,88.5,10.5,0.2,3.3
467410,2012-08-10,26.4,31.5,23.2,91,72.0,7.6,1.8,3.3
467410,2012-08-11,26.7,30.1,23.8,91,81.5,7.6,2.2,3.0
467410,2012-08-12,27.9,31.7,26.2,86,2.5,1.5,5.0,2.7
467410,2012-08-13,29.0,32.5,26.2,81,0.0,0.0,10.0,2.0
467410,2012-08-14,29.4,32.7,27.4,82,0.0,0.0,7.3,2.6
467410,2012-08-15,29.4,32.9,27.1,82,0.0,0.0,3.7,1.7
467410,2012-08-16,28.9,31.1,27.1,85,41.0,1.8,0.3,2.0
467410,2012-08-17,28.7,33.3,26.0,82,4.5,3.9,7.1,2.9
467410,2012-08-18,27.9,31.9,25.1,86,38.0,1.7,3.0,1.4
467410,2012-08-19,28.2,31.8,26.3,88,0.5,0.8,5.1,1.8
467410,2012-08-20,27.9,31.8,25.5,88,0.5,0.3,6.1,1.4
467410,2012-08-21,28.7,33.1,25.8,74,0.0,0.0,10.3,2.0
467410,2012-08-22,28.1,31.6,25.8,80,28.5,2.0,1.4,1.5
467410,2012-08-23,28.9,33.1,26.1,78,1.0,0.8,3.4,3.1
467410,2012-08-24,27.0,28.9,25.1,84,10.5,10.3,0.0,4.4
467410,2012-08-25,26.1,29.0,24.1,79,57.0,9.6,0.0,4.5
467410,2012-08-26,28.1,33.0,25.2,70,0.5,0.3,2.6,1.7
467410,2012-08-27,28.0,34.0,24.9,72,22.0,4.1,1.3,2.8
467410,2012-08-28,28.2,29.7,25.7,79,6.0,3.8,0.0,3.9
467410,2012-08-29,28.3,31.6,26.3,83,0.0,0.0,2.8,2.2
467410,2012-08-30,28.6,32.2,26.7,84,0.0,0.3,9.0,2.0
467410,2012-08-31,27.1,31.3,24.8,83,19.5,6.5,2.6,2.0
467410,2012-09-01,27.6,32.4,24.9,77,0.6,1.1,7.2,2.4
467410,2012-09-02,27.4,31.6,24.8,73,0.5,1.2,7.8,2.0
467410,2012-09-03,28.3,31.9,24.8,69,0.0,0.0,7.6,1.9
467410,2012-09-04,29.0,33.4,25.5,70,0.0,0.0,8.5,2.2
467410,2012-09-05,29.6,32.9,27.2,74,0.0,0.0,7.2,2.4
467410,2012-09-06,29.9,33.2,27.7,73,0.0,0.0,9.5,1.9
467410,2012-09-07,29.5,32.6,28.0,74,0.0,0.0,5.9,2.6
467410,2012-09-08,29.5,32.7,27.0,71,0.0,0.0,8.0,2.2
467410,2012-09-09,29.6,32.7,27.3,72,0.0,0.0,6.9,2.0
467410,2012-09-10,30.0,33.7,28.0,70,4.0,0.5,8.8,2.8
467410,2012-09-11,29.5,32.7,27.3,72,1.0,0.5,8.1,2.1
467410,2012-09-12,29.2,32.4,27.0,72,0.0,0.0,9.3,1.7
467410,2012-09-13,29.7,33.3,27.2,69,0.0,0.0,10.2,2.4
467410,2012-09-14,29.0,33.5,26.4,70,0.0,0.0,7.1,4.1
467410,2012-09-15,27.9,33.4,25.1,69,0.0,0.0,6.6,4.3
467410,2012-09-16,27.1,32.1,24.1,65,0.0,0.0,9.2,4.7
467410,2012-09-17,26.9,32.2,22.9,58,0.0,0.0,10.9,3.6
467410,2012-09-18,27.5,31.7,23.8,58,0.0,0.0,9.4,1.7
467410,2012-09-19,28.1,30.8,25.8,57,0.0,0.0,0.6,1.8
467410,2012-09-20,28.5,34.2,25.7,62,0.0,0.0,3.1,2.9
467410,2012-09-21,28.8,32.7,25.2,68,0.0,0.0,10.2,1.9
467410,2012-09-22,29.4,34.2,26.0,67,0.0,0.0,8.2,2.0
467410,2012-09-23,29.4,33.7,27.0,69,0.0,0.0,8.5,2.6
467410,2012-09-24,28.2,33.1,25.0,77,12.5,0.6,4.6,2.1
467410,2012-09-25,28.6,32.0,25.4,72,0.0,0.0,6.5,1.7
467410,2012-09-26,28.7,32.2,26.1,70,0.0,0.0,6.1,2.4
467410,2012-09-27,28.8,33.1,26.0,70,0.0,0.0,7.9,2.9
467410,2012-09-28,26.8,30.4,24.9,68,0.0,0.0,2.8,7.3
467410,2012-09-29,26.4,31.2,23.5,57,0.0,0.0,3.5,4.6
467410,2012-09-30,26.1,30.8,23.0,60,0.0,0.0,7.3,1.6
467410,2012-10-01,26.3,30.5,23.2,64,0.0,0.0,9.8,1.8
467410,2012-10-02,26.0,31.0,22.2,63,0.0,0.0,10.3,2.7
467410,2012-10-03,25.0,30.5,20.6,67,0.0,0.0,10.1,3.4
467410,2012-10-04,25.3,30.3,21.5,65,0.0,0.0,7.7,2.1
467410,2012-10-05,26.2,29.9,22.8,65,0.0,0.0,10.2,1.7
467410,2012-10-06,26.9,31.2,24.2,67,0.0,0.0,7.3,2.5
467410,2012-10-07,26.0,30.6,22.5,70,0.0,0.0,5.9,2.8
467410,2012-10-08,26.0,30.1,23.3,65,0.0,0.0,3.3,2.8
467410,2012-10-09,25.4,30.1,22.8,67,0.0,0.0,1.9,3.5
467410,2012-10-10,25.4,30.4,22.0,67,0.0,0.0,8.6,4.0
467410,2012-10-11,25.4,31.2,21.5,64,0.0,0.0,8.6,3.4
467410,2012-10-12,24.9,30.7,21.0,62,0.0,0.0,9.7,3.6
467410,2012-10-13,25.1,30.9,21.0,66,0.0,0.0,7.6,2.9
467410,2012-10-14,25.4,31.4,21.6,71,0.0,0.0,9.4,3.2
467410,2012-10-15,25.7,31.6,22.1,69,0.0,0.0,7.7,3.5
467410,2012-10-16,25.2,30.1,21.8,68,0.0,0.0,7.9,3.6
467410,2012-10-17,25.0,30.5,21.6,69,0.0,0.0,6.6,4.4
467410,2012-10-18,23.8,29.5,20.9,62,0.0,0.0,2.3,3.6
467410,2012-10-19,24.0,28.1,20.0,63,0.0,0.0,10.2,1.7
467410,2012-10-20,24.9,29.0,22.4,67,0.0,0.0,7.7,2.0
467410,2012-10-21,25.3,29.7,22.4,67,0.0,0.0,9.0,1.6
467410,2012-10-22,26.0,30.7,21.8,63,0.0,0.0,10.2,2.5
467410,2012-10-23,25.5,30.7,22.1,71,0.0,0.0,9.4,2.5
467410,2012-10-24,25.9,29.9,23.0,71,0.0,0.0,9.9,1.9
467410,2012-10-25,26.4,30.3,23.3,73,0.0,0.0,7.5,1.9
467410,2012-10-26,27.2,30.5,24.9,74,0.0,0.0,5.5,1.5
467410,2012-10-27,26.9,30.0,25.1,78,0.0,0.0,0.1,1.8
467410,2012-10-28,27.3,30.5,25.5,77,0.0,0.0,3.4,1.6
467410,2012-10-29,26.9,29.9,25.0,77,0.0,0.0,3.1,2.2
467410,2012-10-30,26.0,30.1,24.0,75,0.0,0.0,3.1,2.9
467410,2012-10-31,22.4,24.4,20.3,79,2.5,3.9,0.0,4.7
467410,2012-11-01,22.3,26.3,19.2,71,0.0,0.0,2.7,3.4
467410,2012-11-02,23.6,27.1,20.9,70,0.0,0.0,1.6,1.8
467410,2012-11-03,24.9,29.0,22.1,73,0.0,0.0,5.3,1.3
467410,2012-11-04,25.0,29.7,22.2,73,0.0,0.0,6.1,3.1
467410,2012-11-05,23.9,27.9,21.2,72,0.0,0.0,1.6,3.0
467410,2012-11-06,23.7,28.7,20.6,67,0.0,0.0,7.3,2.7
467410,2012-11-07,23.3,27.3,19.4,69,0.0,0.0,9.4,1.9
467410,2012-11-08,24.6,28.8,21.5,66,0.0,0.0,9.7,1.7
467410,2012-11-09,25.4,30.3,22.2,69,0.0,0.0,9.3,2.1
467410,2012-11-10,26.4,30.2,23.5,68,0.0,0.0,4.4,1.0
467410,2012-11-11,25.3,30.3,22.6,65,0.0,0.0,9.8,4.0
467410,2012-11-12,24.3,28.6,20.8,67,0.0,0.0,6.8,2.9
467410,2012-11-13,24.6,29.7,21.5,68,0.0,0.0,9.8,3.6
467410,2012-11-14,24.5,29.0,20.9,77,0.0,0.0,8.1,2.1
467410,2012-11-15,25.2,29.4,23.0,74,0.0,0.0,6.7,2.2
467410,2012-11-16,25.0,29.0,22.4,75,0.5,0.9,8.2,1.8
467410,2012-11-17,21.0,23.6,18.6,93,80.5,18.1,0.0,3.5
467410,2012-11-18,19.2,20.6,17.8,88,0.5,0.5,0.0,3.9
467410,2012-11-19,21.9,26.9,17.6,75,0.0,0.0,9.8,3.1
467410,2012-11-20,22.8,26.5,19.7,75,0.0,0.0,0.4,2.0
467410,2012-11-21,24.5,28.3,21.5,75,0.0,0.0,0.5,1.3
467410,2012-11-22,26.1,30.0,23.4,84,3.0,1.8,9.3,1.8
467410,2012-11-23,24.2,29.4,19.8,83,9.0,0.8,2.9,2.3
467410,2012-11-24,21.8,25.8,19.1,75,0.5,0.2,0.9,2.6
467410,2012-11-25,24.2,28.2,21.0,73,0.0,0.0,8.7,1.7
467410,2012-11-26,23.4,29.8,17.1,76,0.2,0.4,5.7,3.5
467410,2012-11-27,17.7,19.3,15.8,80,0.1,0.1,0.0,2.8
467410,2012-11-28,22.1,26.2,18.3,74,0.0,0.0,5.7,2.4
467410,2012-11-29,23.0,27.8,19.8,76,0.0,0.0,6.9,3.0
467410,2012-11-30,22.6,26.9,19.7,80,1.3,1.8,2.6,2.3
467410,2012-12-01,22.6,25.7,20.1,82,1.0,1.1,1.8,2.8
467410,2012-12-02,21.3,24.3,18.4,81,0.0,0.0,0.3,4.3
467410,2012-12-03,19.8,22.6,17.9,73,0.0,0.0,0.0,5.1
467410,2012-12-04,20.0,24.6,16.4,71,0.0,0.0,4.9,2.7
467410,2012-12-05,18.5,20.8,16.8,83,8.0,6.4,0.0,4.9
467410,2012-12-06,18.6,23.1,14.6,70,1.5,0.7,2.5,2.8
467410,2012-12-07,20.1,23.6,17.3,69,0.0,0.0,4.8,2.6
467410,2012-12-08,19.5,21.0,18.1,79,0.0,0.0,0.0,3.9
467410,2012-12-09,17.9,20.3,15.7,81,2.0,3.3,0.0,3.7
467410,2012-12-10,18.4,23.0,15.2,69,0.0,0.0,6.3,3.0
467410,2012-12-11,18.5,23.2,15.6,70,0.0,0.0,9.2,4.4
467410,2012-12-12,18.9,23.8,15.0,72,0.0,0.0,9.1,3.0
467410,2012-12-13,20.9,25.3,18.0,72,0.0,0.0,8.8,2.5
467410,2012-12-14,22.3,28.9,17.2,68,0.0,0.0,8.9,2.1
467410,2012-12-15,23.8,29.1,19.6,68,0.0,0.0,9.1,1.9
467410,2012-12-16,23.5,29.4,20.1,73,0.0,0.0,6.5,2.6
467410,2012-12-17,22.0,26.7,19.0,76,0.0,0.0,8.1,3.1
467410,2012-12-18,18.7,23.9,13.8,73,0.0,0.0,5.7,5.3
467410,2012-12-19,17.2,21.8,13.0,66,0.0,0.0,7.4,4.0
467410,2012-12-20,20.0,25.1,16.1,67,0.0,0.0,9.4,2.9
467410,2012-12-21,21.2,27.0,16.3,72,0.0,0.0,8.9,2.2
467410,2012-12-22,20.9,26.5,16.6,69,0.0,0.0,8.2,4.9
467410,2012-12-23,15.0,16.9,12.4,67,0.0,0.0,0.0,6.9
467410,2012-12-24,16.4,21.1,12.2,65,0.0,0.0,2.5,2.1
467410,2012-12-25,19.6,24.0,17.4,69,0.0,0.0,3.6,3.5
467410,2012-12-26,20.4,25.2,17.2,75,0.0,0.0,5.3,2.4
467410,2012-12-27,20.4,24.8,18.4,80,0.0,0.0,1.7,2.9
467410,2012-12-28,21.0,27.5,17.3,68,0.0,0.0,3.8,4.4
467410,2012-12-29,21.3,26.8,17.8,75,0.5,0.4,9.3,2.6
467410,2012-12-30,13.6,19.9,10.3,70,5.0,3.7,0.4,8.6
467410,2012-12-31,12.2,16.3,9.5,58,0.0,0.0,2.2,4.3
467410,2013-01-01,15.9,20.1,11.4,63,0.0,0.0,2.0,3.4
467410,2013-01-02,18.5,22.7,15.0,72,0.0,0.0,3.4,4.2
467410,2013-01-03,16.8,19.2,14.5,79,1.0,1.0,0.1,4.9
467410,2013-01-04,16.8,21.2,13.5,76,0.0,0.0,7.2,4.5
467410,2013-01-05,17.8,22.2,15.7,79,0.0,0.0,8.0,5.3
467410,2013-01-06,18.5,24.7,15.1,80,0.0,0.0,9.1,4.3
467410,2013-01-07,19.8,24.8,17.5,78,0.0,0.0,5.6,4.2
467410,2013-01-08,18.8,21.3,17.2,81,0.0,0.0,0.0,4.6
467410,2013-01-09,16.1,18.2,13.9,81,3.0,2.1,0.0,5.3
467410,2013-01-10,16.2,19.9,14.2,76,0.5,0.1,0.2,5.0
467410,2013-01-11,16.5,20.0,13.0,78,0.0,0.0,0.8,4.1
467410,2013-01-12,18.7,22.2,16.2,82,0.0,0.0,0.2,4.8
467410,2013-01-13,17.5,21.4,15.0,83,3.0,1.5,1.4,5.8
467410,2013-01-14,15.9,21.2,13.1,66,0.0,0.0,9.5,5.1
467410,2013-01-15,16.6,21.9,12.6,71,0.0,0.0,9.2,2.1
467410,2013-01-16,17.3,22.9,14.4,78,0.0,0.0,8.4,3.6
467410,2013-01-17,15.6,21.0,12.0,73,0.0,0.0,8.4,5.3
467410,2013-01-18,14.4,19.7,11.0,62,0.0,0.0,8.7,4.3
467410,2013-01-19,16.0,21.3,11.6,70,0.0,0.0,9.0,2.6
467410,2013-01-20,17.9,23.7,14.4,72,0.0,0.0,6.5,3.1
467410,2013-01-21,20.2,24.9,16.2,67,0.0,0.0,2.6,1.6
467410,2013-01-22,20.2,25.6,17.1,73,0.0,0.0,0.9,2.7
467410,2013-01-23,18.4,23.5,16.1,78,0.0,0.0,5.1,4.2
467410,2013-01-24,18.3,21.6,15.9,75,0.0,0.0,1.6,3.1
467410,2013-01-25,17.1,20.9,14.4,73,0.0,0.0,1.5,5.2
467410,2013-01-26,16.1,20.9,13.5,76,0.0,0.0,6.4,4.7
467410,2013-01-27,17.1,22.3,14.7,68,0.0,0.0,6.8,4.3
467410,2013-01-28,16.9,22.4,12.7,65,0.0,0.0,9.0,3.1
467410,2013-01-29,18.6,24.5,14.3,66,0.0,0.0,9.5,2.9
467410,2013-01-30,18.9,26.1,13.8,65,0.0,0.0,9.6,2.6
467410,2013-01-31,19.8,26.3,15.0,63,0.0,0.0,9.8,2.5
467410,2013-02-01,21.8,27.2,17.1,55,0.0,0.0,8.4,2.3
467410,2013-02-02,22.4,27.1,19.4,66,0.0,0.0,5.6,2.6
467410,2013-02-03,20.8,27.1,18.7,80,1.5,1.4,2.1,3.1
467410,2013-02-04,23.3,28.9,18.9,75,0.0,0.0,6.9,2.1
467410,2013-02-05,22.7,25.3,20.1,75,0.0,0.0,0.4,3.0
467410,2013-02-06,22.5,27.9,19.2,73,0.0,0.0,7.7,3.1
467410,2013-02-07,21.1,27.5,18.1,75,0.0,0.0,7.6,4.2
467410,2013-02-08,18.5,24.0,14.9,70,0.0,0.0,5.3,5.1
467410,2013-02-09,16.9,23.3,13.5,71,0.0,0.0,9.5,4.4
467410,2013-02-10,17.1,22.0,14.3,75,0.0,0.0,7.6,4.4
467410,2013-02-11,17.8,22.3,15.2,76,0.0,0.0,5.8,4.1
467410,2013-02-12,19.1,26.0,15.9,74,0.0,0.0,8.8,4.5
467410,2013-02-13,18.8,24.1,15.1,69,0.0,0.0,2.4,4.2
467410,2013-02-14,21.2,26.4,16.9,70,0.0,0.0,7.8,3.1
467410,2013-02-15,22.0,28.2,15.8,67,0.0,0.0,9.6,4.2
467410,2013-02-16,19.3,26.4,15.7,68,0.0,0.0,8.5,3.9
467410,2013-02-17,20.8,25.9,17.0,72,0.0,0.0,8.5,2.3
467410,2013-02-18,24.3,28.0,20.0,70,0.0,0.0,9.9,2.4
467410,2013-02-19,22.2,27.5,14.9,76,0.0,0.0,8.6,3.8
467410,2013-02-20,17.8,24.1,14.6,72,0.0,0.0,4.8,4.9
467410,2013-02-21,18.2,23.9,15.3,80,0.0,0.0,6.6,4.6
467410,2013-02-22,18.0,24.0,15.0,79,0.0,0.0,7.1,5.3
467410,2013-02-23,18.7,25.0,15.7,74,0.0,0.0,8.2,4.2
467410,2013-02-24,18.5,22.3,16.1,81,0.0,0.0,5.1,2.5
467410,2013-02-25,20.3,26.5,15.9,77,0.0,0.0,8.5,2.2
467410,2013-02-26,22.8,26.7,18.3,70,0.0,0.0,0.2,1.7
467410,2013-02-27,23.1,29.4,18.4,72,0.0,0.0,7.4,3.5
467410,2013-02-28,20.8,26.2,17.5,81,0.0,0.0,8.1,2.7
467410,2013-03-01,23.8,30.0,19.1,74,0.0,0.0,5.1,2.2
467410,2013-03-02,17.3,23.5,14.6,76,0.0,0.0,0.7,5.2
467410,2013-03-03,14.5,17.1,13.4,76,0.0,0.0,0.5,4.8
467410,2013-03-04,17.1,23.3,13.2,59,0.0,0.0,2.0,3.3
467410,2013-03-05,19.0,24.1,15.2,67,0.0,0.0,9.1,2.1
467410,2013-03-06,20.0,25.2,16.7,65,0.0,0.0,10.2,2.2
467410,2013-03-07,20.6,25.8,16.4,61,0.0,0.0,10.7,2.5
467410,2013-03-08,21.9,26.5,17.9,58,0.0,0.0,10.0,1.9
467410,2013-03-09,23.3,27.1,19.5,63,0.0,0.0,10.3,1.4
467410,2013-03-10,24.1,28.8,20.2,68,0.0,0.0,10.3,2.8
467410,2013-03-11,22.0,27.0,18.6,71,0.0,0.0,9.9,4.8
467410,2013-03-12,23.2,29.8,18.7,70,0.0,0.0,8.8,3.2
467410,2013-03-13,24.7,29.6,21.8,75,0.0,0.0,5.5,2.9
467410,2013-03-14,19.9,24.1,16.9,70,0.0,0.0,0.3,4.4
467410,2013-03-15,20.7,25.8,17.2,67,0.0,0.0,6.5,3.1
467410,2013-03-16,21.9,26.6,17.6,74,0.0,0.0,9.3,3.1
467410,2013-03-17,24.0,29.2,19.7,74,0.0,0.0,9.4,1.9
467410,2013-03-18,25.3,28.8,23.8,78,0.5,0.4,3.3,2.0
467410,2013-03-19,25.0,28.0,23.1,79,0.0,0.0,5.1,2.2
467410,2013-03-20,25.5,29.3,22.6,77,0.0,0.0,7.4,2.2
467410,2013-03-21,22.4,25.2,20.5,79,0.0,0.0,0.8,3.6
467410,2013-03-22,24.9,31.6,20.0,73,0.0,0.0,9.2,2.5
467410,2013-03-23,26.6,31.8,23.3,72,0.0,0.0,10.0,1.7
467410,2013-03-24,25.9,30.2,23.6,76,0.0,0.0,3.1,2.5
467410,2013-03-25,23.5,29.0,19.5,69,0.0,0.0,5.7,3.9
467410,2013-03-26,23.3,28.3,19.0,69,0.0,0.0,7.0,3.0
467410,2013-03-27,23.8,28.7,19.4,72,2.5,2.0,10.5,4.0
467410,2013-03-28,24.3,31.8,20.8,70,1.0,0.5,8.2,3.1
467410,2013-03-29,24.0,29.3,20.2,70,0.5,0.1,6.8,3.8
467410,2013-03-30,23.0,27.6,18.8,72,0.0,0.0,7.4,3.3
467410,2013-03-31,22.6,26.8,20.5,79,1.0,1.5,0.6,3.9
467410,2013-04-01,23.6,29.2,20.2,76,0.0,0.1,4.4,3.4
467410,2013-04-02,24.8,29.4,21.4,73,0.0,0.0,8.0,3.6
467410,2013-04-03,22.9,27.7,20.5,78,11.5,1.9,2.3,2.7
467410,2013-04-04,23.8,29.8,20.3,82,1.2,1.0,3.7,2.7
467410,2013-04-05,24.4,26.4,22.8,89,67.5,10.2,0.2,3.0
467410,2013-04-06,22.3,25.7,17.7,84,10.0,1.9,0.0,4.1
467410,2013-04-07,18.8,22.2,15.7,60,0.0,0.0,0.2,3.5
467410,2013-04-08,22.2,27.0,18.5,69,0.0,0.0,6.6,2.2
467410,2013-04-09,22.1,28.2,19.7,79,9.5,3.6,1.8,3.5
467410,2013-04-10,20.9,24.2,18.7,75,0.0,0.0,2.4,4.2
467410,2013-04-11,21.1,24.3,19.0,72,0.0,0.0,0.0,3.0
467410,2013-04-12,19.8,22.8,18.5,81,0.0,0.0,0.8,3.7
467410,2013-04-13,21.7,24.2,18.8,77,0.0,0.0,0.0,1.6
467410,2013-04-14,22.2,25.0,21.2,79,0.0,0.0,0.9,2.3
467410,2013-04-15,24.2,28.7,20.2,73,0.0,0.0,5.1,1.5
467410,2013-04-16,25.7,29.0,23.2,73,0.0,0.0,4.6,1.9
467410,2013-04-17,26.5,30.7,23.7,71,0.0,0.0,2.7,1.7
467410,2013-04-18,26.8,30.0,25.4,76,0.0,0.5,2.5,1.4
467410,2013-04-19,25.4,27.1,23.6,84,1.0,3.9,0.0,2.0
467410,2013-04-20,26.7,31.6,22.9,75,0.0,0.0,6.8,1.4
467410,2013-04-21,22.9,27.0,19.6,77,0.0,0.3,1.0,3.4
467410,2013-04-22,23.1,28.2,18.6,71,0.0,0.0,4.3,2.2
467410,2013-04-23,26.0,30.9,22.5,69,0.0,0.0,7.0,2.1
467410,2013-04-24,27.1,30.3,25.0,76,0.0,0.0,10.7,2.4
467410,2013-04-25,26.0,30.2,23.3,74,0.0,0.0,4.8,3.3
467410,2013-04-26,23.9,27.0,21.8,81,7.0,6.5,0.2,2.4
467410,2013-04-27,22.5,23.7,21.4,87,4.0,4.1,0.0,0.9
467410,2013-04-28,25.3,30.0,21.5,75,0.0,0.0,8.8,2.5
467410,2013-04-29,26.8,31.4,23.2,70,0.0,0.0,10.6,1.7
467410,2013-04-30,27.5,31.3,24.5,75,0.0,0.0,10.0,2.4
467410,2013-05-01,24.9,27.8,22.0,77,5.5,0.4,3.9,3.1
467410,2013-05-02,22.7,23.9,21.5,83,5.5,8.4,0.0,1.3
467410,2013-05-03,23.4,25.9,21.5,85,1.0,0.9,0.0,1.6
467410,2013-05-04,24.9,29.1,22.1,78,0.0,0.0,0.6,2.2
467410,2013-05-05,26.0,30.2,23.1,78,0.0,0.0,1.7,2.8
467410,2013-05-06,26.1,29.5,24.3,80,0.0,0.0,3.7,2.7
467410,2013-05-07,25.9,29.1,23.8,80,0.0,0.0,0.7,2.4
467410,2013-05-08,26.8,30.8,24.4,77,0.0,0.2,2.4,1.8
467410,2013-05-09,27.8,31.9,25.4,73,0.0,0.0,3.1,1.4
467410,2013-05-10,28.7,32.1,26.4,72,0.0,0.0,10.8,2.5
467410,2013-05-11,28.3,31.6,26.7,72,0.0,0.0,6.4,1.9
467410,2013-05-12,26.3,27.4,25.0,85,10.0,4.9,0.0,1.7
467410,2013-05-13,27.8,31.8,25.1,79,2.0,0.5,8.7,2.3
467410,2013-05-14,27.9,31.1,25.7,80,0.0,0.0,6.2,2.2
467410,2013-05-15,28.8,32.5,26.1,74,0.0,0.0,6.7,3.5
467410,2013-05-16,27.1,29.0,25.5,86,12.5,2.2,0.5,3.1
467410,2013-05-17,26.9,29.9,24.3,87,96.5,5.2,0.7,1.9
467410,2013-05-18,26.5,27.5,25.2,92,67.5,5.6,0.3,2.0
467410,2013-05-19,26.5,28.7,24.2,88,24.5,4.4,0.1,2.6
467410,2013-05-20,27.8,31.2,25.6,85,29.0,4.1,3.1,2.6
467410,2013-05-21,27.0,30.2,25.2,86,15.0,5.0,1.4,2.6
467410,2013-05-22,27.1,31.8,24.5,83,9.5,1.9,3.1,3.6
467410,2013-05-23,28.1,31.6,25.7,77,0.5,0.3,4.0,1.8
467410,2013-05-24,28.6,33.2,26.4,74,0.0,0.0,9.0,2.5
467410,2013-05-25,28.1,32.1,25.9,76,0.0,0.0,7.7,1.4
467410,2013-05-26,27.9,30.8,26.1,76,0.0,0.0,5.0,2.2
467410,2013-05-27,29.3,33.3,25.9,72,0.0,0.0,10.4,3.0
467410,2013-05-28,29.0,32.5,25.9,76,7.0,1.4,3.8,1.8
467410,2013-05-29,30.0,33.2,27.5,73,0.0,0.0,11.2,2.0
467410,2013-05-30,29.7,32.9,27.2,73,0.0,0.0,9.1,1.9
467410,2013-05-31,29.9,33.4,27.0,72,0.0,0.0,11.6,1.8
467410,2013-06-01,29.7,32.8,27.5,73,0.0,0.0,11.6,2.2
467410,2013-06-02,29.4,32.5,26.8,72,0.0,0.0,11.8,1.9
467410,2013-06-03,30.1,33.6,27.4,73,0.0,0.0,12.3,1.8
467410,2013-06-04,29.8,33.3,27.4,72,0.0,0.0,7.5,2.3
467410,2013-06-05,29.3,33.0,27.0,72,0.0,0.0,2.1,2.2
467410,2013-06-06,29.8,33.7,26.8,68,0.0,0.0,10.2,1.7
467410,2013-06-07,30.0,33.8,27.0,69,0.0,0.0,10.3,1.9
467410,2013-06-08,29.8,33.3,27.4,72,0.5,0.2,10.6,2.4
467410,2013-06-09,30.3,33.8,27.5,73,0.0,0.0,9.6,2.5
467410,2013-06-10,29.3,32.9,25.8,80,48.0,2.5,3.6,1.7
467410,2013-06-11,30.1,33.2,27.9,74,0.0,0.0,10.7,1.9
467410,2013-06-12,29.8,34.0,26.5,72,0.0,0.1,4.4,3.3
467410,2013-06-13,27.6,32.2,25.4,86,11.0,6.0,0.9,3.1
467410,2013-06-14,28.2,32.8,26.3,83,5.5,1.6,1.5,1.8
467410,2013-06-15,29.2,33.1,26.8,79,0.0,0.0,0.6,1.7
467410,2013-06-16,29.3,32.3,27.0,78,0.0,0.0,0.6,1.7
467410,2013-06-17,29.8,33.0,27.3,73,0.0,0.0,5.3,1.6
467410,2013-06-18,29.9,33.1,27.4,71,0.0,0.0,9.3,1.7
467410,2013-06-19,29.9,33.3,27.3,71,0.0,0.0,8.8,2.4
467410,2013-06-20,30.1,33.2,27.8,73,0.0,0.0,5.4,2.1
467410,2013-06-21,30.1,33.6,28.4,70,0.0,0.0,2.0,2.6
467410,2013-06-22,30.5,35.2,26.8,70,0.0,0.2,2.8,2.7
467410,2013-06-23,29.3,32.8,25.3,74,6.5,1.3,9.9,5.2
467410,2013-06-24,26.4,31.2,24.1,86,115.0,9.3,0.5,3.0
467410,2013-06-25,27.8,30.9,25.2,84,47.0,5.0,0.4,3.0
467410,2013-06-26,29.8,33.0,27.2,77,0.0,0.0,10.3,2.8
467410,2013-06-27,30.0,32.9,28.2,76,0.0,0.0,11.7,2.5
467410,2013-06-28,29.9,33.1,27.7,75,0.0,0.0,10.8,2.0
467410,2013-06-29,29.9,33.3,27.5,75,0.0,0.0,11.2,1.9
467410,2013-06-30,30.3,34.2,28.0,74,0.0,0.0,8.4,2.3
467410,2013-07-01,31.3,35.7,28.1,67,0.0,0.0,9.0,2.2
467410,2013-07-02,30.4,34.4,26.9,70,0.0,0.0,8.4,2.9
467410,2013-07-03,29.6,33.6,26.9,71,0.0,0.0,10.3,2.3
467410,2013-07-04,30.1,34.0,27.1,71,0.0,0.0,11.4,2.6
467410,2013-07-05,30.2,33.6,28.2,72,0.0,0.0,9.2,3.3
467410,2013-07-06,30.0,33.5,27.3,72,0.0,0.0,9.1,3.5
467410,2013-07-07,29.9,33.4,27.3,72,0.0,0.0,10.1,3.5
467410,2013-07-08,29.6,33.6,26.8,67,0.0,0.0,9.7,2.5
467410,2013-07-09,27.7,33.8,22.5,77,38.0,4.3,5.0,2.3
467410,2013-07-10,28.1,32.6,24.7,74,0.4,0.1,8.3,1.8
467410,2013-07-11,29.3,33.0,26.3,73,0.0,0.0,8.3,3.2
467410,2013-07-12,29.2,31.7,27.7,75,0.0,0.0,4.2,5.6
467410,2013-07-13,28.6,29.6,27.5,85,14.0,8.3,0.0,6.8
467410,2013-07-14,26.6,29.9,24.4,85,48.5,4.5,0.2,4.4
467410,2013-07-15,29.1,32.9,26.1,71,0.0,0.0,8.9,3.4
467410,2013-07-16,29.4,33.9,24.4,70,7.5,0.7,8.0,2.4
467410,2013-07-17,29.2,33.9,26.6,75,15.5,1.0,6.6,1.8
467410,2013-07-18,28.0,29.9,26.6,77,4.5,3.8,0.0,1.5
467410,2013-07-19,29.1,32.1,26.1,70,0.0,0.0,0.8,2.4
467410,2013-07-20,29.5,32.4,26.6,74,0.0,0.0,2.5,2.0
467410,2013-07-21,29.6,33.2,27.4,73,0.0,0.0,1.0,2.4
467410,2013-07-22,30.0,34.0,27.4,73,0.0,0.0,8.2,2.2
467410,2013-07-23,30.1,33.6,27.8,70,0.0,0.0,11.2,2.1
467410,2013-07-24,29.8,33.4,27.0,71,0.0,0.0,9.5,3.3
467410,2013-07-25,28.4,32.7,25.6,79,5.5,2.2,6.2,3.1
467410,2013-07-26,29.0,33.2,25.9,73,0.0,0.0,9.5,3.2
467410,2013-07-27,29.9,33.5,27.4,70,0.0,0.0,9.5,2.9
467410,2013-07-28,29.6,33.8,27.3,71,0.0,0.0,9.6,2.4
467410,2013-07-29,29.9,33.9,27.2,72,0.0,0.0,7.9,1.9
467410,2013-07-30,30.1,34.2,27.9,71,0.0,0.0,7.6,2.1
467410,2013-07-31,29.3,34.6,25.2,71,15.0,1.7,6.3,1.8
467410,2013-08-01,28.5,31.8,26.1,76,0.5,1.0,1.7,2.0
467410,2013-08-02,29.0,32.2,26.7,75,3.5,0.9,2.6,1.8
467410,2013-08-03,30.0,33.2,27.0,76,0.0,0.0,9.8,2.0
467410,2013-08-04,30.2,33.9,27.9,73,0.0,0.0,9.0,1.8
467410,2013-08-05,30.0,33.4,27.1,74,0.0,0.0,10.4,2.2
467410,2013-08-06,30.8,34.4,27.6,69,0.0,0.0,9.8,3.3
467410,2013-08-07,30.2,33.1,28.3,72,0.0,0.0,8.9,2.7
467410,2013-08-08,30.3,34.1,27.5,71,0.0,0.0,11.4,2.0
467410,2013-08-09,30.5,33.6,28.1,71,0.0,0.0,10.8,2.1
467410,2013-08-10,30.1,34.5,25.5,73,37.5,2.2,10.3,2.0
467410,2013-08-11,30.7,34.6,27.0,69,0.0,0.0,10.2,2.7
467410,2013-08-12,30.4,33.1,27.9,72,0.0,0.0,3.1,2.1
467410,2013-08-13,30.0,33.5,27.3,76,5.0,0.7,1.0,1.5
467410,2013-08-14,28.3,33.5,26.3,80,0.5,1.3,1.7,3.6
467410,2013-08-15,27.4,31.0,25.0,83,8.0,1.7,1.3,3.0
467410,2013-08-16,28.1,31.3,25.7,82,6.0,2.0,4.7,1.7
467410,2013-08-17,29.3,33.4,26.1,75,0.0,0.0,9.1,2.0
467410,2013-08-18,30.1,33.7,27.0,71,0.0,0.0,10.4,1.9
467410,2013-08-19,30.3,33.7,27.7,72,0.0,0.0,10.4,2.2
467410,2013-08-20,28.2,29.9,25.7,85,9.0,3.4,0.0,3.6
467410,2013-08-21,27.8,31.7,26.0,87,69.0,10.2,0.7,4.4
467410,2013-08-22,27.5,29.6,25.1,93,91.0,12.6,0.0,6.5
467410,2013-08-23,26.1,27.6,24.9,92,50.0,10.9,0.0,4.3
467410,2013-08-24,28.8,31.8,25.8,80,0.0,0.0,10.1,4.3
467410,2013-08-25,29.0,33.4,26.1,76,0.0,0.2,8.2,1.6
467410,2013-08-26,29.5,33.0,26.3,75,0.0,0.0,10.0,1.5
467410,2013-08-27,30.0,33.9,27.4,74,0.0,0.0,9.5,3.4
467410,2013-08-28,28.3,31.5,25.5,84,25.0,5.5,0.6,2.8
467410,2013-08-29,26.0,28.1,23.4,92,214.0,18.9,0.0,4.6
467410,2013-08-30,25.7,27.9,24.2,94,155.5,15.5,0.0,3.8
467410,2013-08-31,25.0,26.6,24.0,95,132.0,19.3,0.0,2.5
467410,2013-09-01,25.3,28.3,23.6,84,0.0,0.0,2.9,3.0
467410,2013-09-02,27.2,32.0,23.4,72,0.0,0.0,7.4,2.8
467410,2013-09-03,28.0,32.9,24.6,68,0.0,0.0,8.7,3.1
467410,2013-09-04,27.8,30.8,25.7,72,0.0,0.0,7.1,2.4
467410,2013-09-05,28.5,32.2,25.2,67,0.0,0.0,9.6,1.8
467410,2013-09-06,29.2,33.0,26.9,65,0.0,0.0,9.3,1.5
467410,2013-09-07,29.3,32.9,26.8,70,0.0,0.0,8.7,1.3
467410,2013-09-08,29.4,32.8,27.2,70,0.0,0.0,9.3,2.1
467410,2013-09-09,29.6,33.8,27.1,73,0.0,0.0,9.8,1.8
467410,2013-09-10,29.5,32.5,27.4,74,0.0,0.0,8.4,1.9
467410,2013-09-11,29.8,33.3,27.1,73,0.0,0.0,7.4,1.6
467410,2013-09-12,29.1,32.0,27.3,77,0.0,0.3,2.7,1.7
467410,2013-09-13,29.2,32.7,26.8,73,0.0,0.0,8.4,1.8
467410,2013-09-14,29.4,32.5,26.9,73,0.0,0.0,8.6,1.5
467410,2013-09-15,28.7,33.1,25.2,77,43.5,2.0,8.0,1.9
467410,2013-09-16,28.8,33.4,26.4,78,0.2,0.9,8.2,2.3
467410,2013-09-17,28.9,32.6,26.5,73,0.0,0.0,8.1,2.1
467410,2013-09-18,29.1,32.8,26.1,72,0.0,0.0,9.7,2.2
467410,2013-09-19,29.6,33.2,26.8,72,0.0,0.0,10.2,1.7
467410,2013-09-20,29.3,33.0,26.8,75,0.0,0.0,2.0,2.5
467410,2013-09-21,27.8,29.1,26.9,81,1.5,2.0,0.0,2.7
467410,2013-09-22,27.7,30.5,25.5,80,12.5,4.5,0.0,4.0
467410,2013-09-23,28.6,32.6,26.3,76,1.0,0.9,2.1,2.1
467410,2013-09-24,27.9,30.4,26.1,82,0.0,0.0,2.1,2.2
467410,2013-09-25,27.8,30.3,26.1,80,1.5,1.4,4.6,2.5
467410,2013-09-26,28.0,31.9,25.5,73,0.0,0.0,3.3,2.0
467410,2013-09-27,27.4,31.6,24.4,71,0.0,0.0,4.4,2.1
467410,2013-09-28,28.2,32.0,25.5,73,0.0,0.0,7.4,1.5
467410,2013-09-29,28.9,32.4,26.3,74,0.0,0.0,7.8,1.9
467410,2013-09-30,29.0,32.5,27.0,76,0.0,0.0,4.6,1.6
467410,2013-10-01,29.0,32.6,26.7,75,0.0,0.0,4.3,2.6
467410,2013-10-02,27.1,31.7,23.8,72,0.0,0.0,3.5,3.7
467410,2013-10-03,25.8,30.5,23.0,60,0.0,0.0,9.0,3.6
467410,2013-10-04,25.6,31.2,22.0,64,0.0,0.0,7.7,3.3
467410,2013-10-05,26.0,30.1,22.7,74,0.0,0.0,6.3,4.7
467410,2013-10-06,26.5,28.4,24.5,75,0.0,0.0,0.5,7.4
467410,2013-10-07,27.5,31.9,24.7,74,0.0,0.0,10.3,1.6
467410,2013-10-08,28.1,32.3,25.4,72,0.0,0.0,9.8,2.1
467410,2013-10-09,28.3,32.7,25.9,73,0.0,0.0,7.7,2.4
467410,2013-10-10,28.2,33.3,25.1,77,0.0,0.0,8.3,2.3
467410,2013-10-11,28.4,32.3,25.9,75,0.0,0.0,5.7,2.3
467410,2013-10-12,28.0,31.4,25.3,77,0.0,0.0,6.2,1.6
467410,2013-10-13,28.1,31.0,26.2,74,0.0,0.0,4.0,1.7
467410,2013-10-14,27.8,32.0,25.6,74,0.0,0.0,9.2,2.4
467410,2013-10-15,27.0,32.4,24.3,70,0.0,0.0,6.6,3.1
467410,2013-10-16,24.7,30.0,20.4,59,0.0,0.0,8.2,4.1
467410,2013-10-17,24.5,29.6,20.2,63,0.0,0.0,8.7,2.5
467410,2013-10-18,25.7,30.1,21.6,67,0.0,0.0,9.6,2.4
467410,2013-10-19,26.1,30.5,23.0,69,0.0,0.0,8.2,2.5
467410,2013-10-20,25.5,30.9,22.6,70,0.0,0.0,8.4,3.6
467410,2013-10-21,24.8,30.1,21.8,68,0.0,0.0,3.4,3.6
467410,2013-10-22,23.3,28.4,20.7,67,0.0,0.0,2.5,4.3
467410,2013-10-23,23.3,28.7,20.2,68,0.0,0.0,5.9,4.3
467410,2013-10-24,23.0,28.1,20.5,68,0.0,0.0,9.2,5.5
467410,2013-10-25,22.5,28.3,19.3,60,0.0,0.0,5.1,4.0
467410,2013-10-26,21.8,28.2,18.2,62,0.0,0.0,8.0,3.9
467410,2013-10-27,22.4,27.4,17.5,64,0.0,0.0,9.6,1.9
467410,2013-10-28,23.7,28.4,19.9,64,0.0,0.0,10.1,1.7
467410,2013-10-29,24.2,28.6,20.5,66,0.0,0.0,9.9,2.2
467410,2013-10-30,25.2,29.8,21.5,67,0.0,0.0,9.2,1.7
467410,2013-10-31,25.4,29.4,22.6,70,0.0,0.0,7.2,2.9
467410,2013-11-01,25.4,30.5,22.2,78,0.0,0.0,2.3,2.7
467410,2013-11-02,25.7,29.3,24.2,84,1.5,0.3,1.0,2.6
467410,2013-11-03,26.1,30.4,23.8,81,0.0,0.0,2.5,3.4
467410,2013-11-04,25.5,30.3,23.1,76,0.0,0.0,1.9,3.1
467410,2013-11-05,25.1,29.5,22.3,75,0.0,0.0,2.1,2.5
467410,2013-11-06,25.0,29.0,22.4,78,0.0,0.0,0.4,3.2
467410,2013-11-07,25.4,30.1,22.6,79,0.0,0.0,5.0,2.2
467410,2013-11-08,25.9,30.4,23.3,76,0.0,0.0,8.7,2.1
467410,2013-11-09,25.4,29.0,22.8,80,0.0,0.0,0.1,2.3
467410,2013-11-10,26.2,30.1,23.9,82,0.0,0.0,0.2,2.0
467410,2013-11-11,26.0,29.3,22.5,79,0.0,0.0,1.1,1.8
467410,2013-11-12,24.0,29.1,21.5,75,0.0,0.0,4.1,2.7
467410,2013-11-13,24.4,29.5,21.6,76,0.0,0.0,6.7,3.6
467410,2013-11-14,23.6,28.4,20.4,76,0.0,0.0,3.3,3.4
467410,2013-11-15,24.1,29.5,21.1,75,0.0,0.0,5.1,3.9
467410,2013-11-16,22.9,28.2,19.4,74,0.0,0.0,8.4,4.1
467410,2013-11-17,21.3,27.6,18.3,61,0.0,0.0,6.2,3.9
467410,2013-11-18,20.3,26.0,16.8,46,0.0,0.0,8.2,3.7
467410,2013-11-19,19.4,24.7,15.6,53,0.0,0.0,1.9,2.9
467410,2013-11-20,20.5,24.0,17.8,61,0.1,0.1,0.1,1.8
467410,2013-11-21,22.1,26.4,19.6,64,0.0,0.1,0.8,2.4
467410,2013-11-22,21.0,23.4,19.4,78,0.0,0.8,0.0,2.6
467410,2013-11-23,22.8,27.7,18.7,72,0.0,0.0,9.6,1.8
467410,2013-11-24,23.5,29.1,19.2,73,0.0,0.0,7.7,2.1
467410,2013-11-25,21.1,24.0,18.0,73,4.5,1.4,6.8,5.3
467410,2013-11-26,21.2,24.6,17.0,70,0.0,0.0,4.3,1.8
467410,2013-11-27,21.6,26.2,18.2,70,0.0,0.0,8.9,4.6
467410,2013-11-28,16.4,18.3,14.8,66,0.0,0.0,0.4,5.9
467410,2013-11-29,15.9,21.3,12.4,50,0.0,0.0,9.4,5.0
467410,2013-11-30,17.0,21.9,11.3,62,0.0,0.0,9.8,1.9
467410,2013-12-01,18.6,24.3,14.9,63,0.0,0.0,9.4,3.2
467410,2013-12-02,18.8,25.0,13.8,65,0.0,0.0,9.2,2.0
467410,2013-12-03,19.5,24.0,16.2,63,0.0,0.0,9.5,2.1
467410,2013-12-04,19.1,23.9,15.4,63,0.0,0.0,9.5,2.4
467410,2013-12-05,19.4,24.6,14.8,54,0.0,0.0,9.2,1.9
467410,2013-12-06,20.7,25.7,16.5,53,0.0,0.0,7.6,2.9
467410,2013-12-07,21.8,27.1,18.1,67,0.0,0.0,5.4,2.3
467410,2013-12-08,22.4,27.5,19.6,75,0.0,0.0,2.2,1.7
467410,2013-12-09,22.8,27.5,19.8,73,0.0,0.0,7.7,4.7
467410,2013-12-10,19.5,23.9,17.4,66,0.0,0.0,1.4,3.8
467410,2013-12-11,17.9,20.6,16.1,66,0.0,0.0,0.6,4.0
467410,2013-12-12,19.0,24.0,15.6,65,0.0,0.0,2.5,2.8
467410,2013-12-13,21.0,24.9,19.0,71,0.0,0.0,1.4,4.1
467410,2013-12-14,20.4,24.6,18.2,81,1.0,3.1,0.9,3.5
467410,2013-12-15,21.4,26.5,19.5,85,0.0,0.0,1.6,2.5
467410,2013-12-16,21.5,27.1,17.3,84,9.5,2.6,2.8,3.3
467410,2013-12-17,16.9,18.5,15.2,89,8.5,4.6,0.0,5.8
467410,2013-12-18,16.5,19.5,14.3,76,2.0,1.7,4.9,5.5
467410,2013-12-19,14.5,16.3,13.1,74,0.0,0.0,0.2,6.4
467410,2013-12-20,15.1,18.9,12.3,78,0.1,0.3,0.9,3.9
467410,2013-12-21,15.3,18.1,13.2,78,0.0,0.3,2.5,4.7
467410,2013-12-22,15.8,20.3,12.8,73,0.0,0.0,3.3,4.3
467410,2013-12-23,17.6,23.5,14.1,75,0.0,0.0,7.8,4.1
467410,2013-12-24,16.8,20.6,14.7,79,0.0,0.0,3.8,4.8
467410,2013-12-25,17.5,22.1,14.9,79,0.0,0.0,2.2,4.4
467410,2013-12-26,16.4,20.9,14.1,75,0.0,0.0,2.6,6.4
467410,2013-12-27,12.7,16.3,9.7,60,0.0,0.0,7.0,6.5
467410,2013-12-28,13.1,17.4,9.2,70,0.0,0.0,0.1,3.8
467410,2013-12-29,14.2,18.6,11.6,73,0.0,0.0,5.5,4.3
467410,2013-12-30,16.0,22.1,12.1,74,0.0,0.0,6.8,3.8
467410,2013-12-31,17.2,22.9,14.0,73,0.0,0.0,8.2,3.8
467410,2014-01-01,17.9,24.8,13.1,71,0.0,0.0,9.3,2.8
467410,2014-01-02,20.6,27.1,15.3,68,0.0,0.0,8.4,1.7
467410,2014-01-03,22.4,27.5,18.8,70,0.0,0.0,8.6,2.9
467410,2014-01-04,19.6,24.5,15.2,67,0.0,0.0,7.5,4.3
467410,2014-01-05,17.4,23.2,12.9,64,0.0,0.0,7.8,3.3
467410,2014-01-06,18.3,23.8,14.0,66,0.0,0.0,6.4,2.7
467410,2014-01-07,20.1,24.7,16.0,68,0.0,0.0,8.4,1.6
467410,2014-01-08,20.7,26.1,16.4,69,0.0,0.0,8.9,3.6
467410,2014-01-09,16.0,21.7,13.3,70,0.0,0.0,6.2,5.2
467410,2014-01-10,16.6,22.1,12.7,73,0.0,0.0,8.2,3.6
467410,2014-01-11,18.5,23.7,15.3,76,0.0,0.0,8.4,2.8
467410,2014-01-12,18.2,22.7,15.3,79,0.0,0.0,7.3,4.0
467410,2014-01-13,16.6,20.8,14.4,75,0.0,0.0,8.2,5.5
467410,2014-01-14,15.3,18.8,12.9,76,0.0,0.0,3.0,6.0
467410,2014-01-15,15.9,20.7,12.5,63,0.0,0.0,7.9,3.5
467410,2014-01-16,16.7,22.3,12.4,65,0.0,0.0,9.4,2.5
467410,2014-01-17,17.5,22.6,13.5,69,0.0,0.0,9.2,2.9
467410,2014-01-18,15.4,21.0,11.3,61,0.0,0.0,9.0,5.7
467410,2014-01-19,15.2,20.4,10.5,66,0.0,0.0,8.8,2.5
467410,2014-01-20,16.0,21.2,12.7,73,0.0,0.0,9.3,4.2
467410,2014-01-21,14.1,19.0,10.9,64,0.0,0.0,2.5,5.9
467410,2014-01-22,12.9,18.8,9.1,59,0.0,0.0,9.1,4.7
467410,2014-01-23,14.7,20.7,9.6,65,0.0,0.0,9.9,2.6
467410,2014-01-24,16.8,22.2,12.5,58,0.0,0.0,9.8,2.1
467410,2014-01-25,19.2,25.4,13.0,49,0.0,0.0,10.2,3.6
467410,2014-01-26,18.3,24.0,14.4,61,0.0,0.0,5.4,3.9
467410,2014-01-27,17.1,23.1,13.5,70,0.0,0.0,8.6,3.1
467410,2014-01-28,18.3,24.0,14.3,77,0.0,0.0,9.3,2.2
467410,2014-01-29,19.2,25.2,15.5,76,0.0,0.0,9.1,2.0
467410,2014-01-30,20.3,26.1,15.4,71,0.0,0.0,9.6,1.4
467410,2014-01-31,20.9,26.2,16.9,69,0.0,0.0,7.8,1.7
467410,2014-02-01,21.6,27.4,16.5,65,0.0,0.0,9.6,2.7
467410,2014-02-02,22.4,28.1,20.5,67,0.0,0.4,3.3,3.5
467410,2014-02-03,23.3,27.2,21.0,78,0.5,0.2,6.4,3.2
467410,2014-02-04,19.7,23.1,17.3,76,0.0,0.0,1.1,3.9
467410,2014-02-05,20.4,25.2,16.3,76,0.0,0.0,5.3,3.0
467410,2014-02-06,22.8,28.2,18.9,81,0.0,0.0,6.7,3.1
467410,2014-02-07,22.4,26.6,20.1,79,0.0,0.0,5.7,2.7
467410,2014-02-08,20.4,24.9,17.4,74,0.0,0.0,7.0,3.7
467410,2014-02-09,18.4,23.6,14.0,74,0.0,0.0,2.8,3.7
467410,2014-02-10,11.8,14.1,9.7,83,3.5,2.4,0.0,5.9
467410,2014-02-11,11.3,15.1,9.0,78,3.5,1.8,2.0,5.2
467410,2014-02-12,14.7,20.7,10.3,74,0.0,0.0,1.6,3.7
467410,2014-02-13,15.7,20.4,13.1,82,0.0,0.8,1.1,4.5
467410,2014-02-14,13.5,16.8,12.3,81,1.5,0.5,1.7,4.9
467410,2014-02-15,15.5,20.1,12.4,74,0.0,0.0,1.9,3.5
467410,2014-02-16,18.2,24.0,14.3,75,0.0,0.0,8.6,2.6
467410,2014-02-17,21.3,26.8,15.9,75,0.0,0.0,9.7,2.0
467410,2014-02-18,22.0,26.5,16.7,77,0.0,0.0,8.3,3.0
467410,2014-02-19,14.1,17.3,11.9,77,0.0,0.5,0.9,6.6
467410,2014-02-20,13.6,19.1,10.0,66,0.5,1.1,9.4,6.0
467410,2014-02-21,14.5,20.1,8.9,63,0.0,0.0,10.2,2.5
467410,2014-02-22,16.9,22.0,13.3,72,0.0,0.0,10.1,3.4
467410,2014-02-23,17.5,22.9,14.3,80,0.0,0.0,9.6,3.5
467410,2014-02-24,18.4,22.9,14.9,74,0.0,0.0,9.6,2.7
467410,2014-02-25,19.3,25.2,13.9,73,0.0,0.0,9.6,2.2
467410,2014-02-26,22.2,27.5,18.5,63,0.0,0.0,9.2,2.3
467410,2014-02-27,21.3,26.6,17.8,75,0.0,0.0,7.7,3.1
467410,2014-02-28,20.8,25.6,18.0,78,0.0,0.0,5.4,2.2
467410,2014-03-01,22.4,26.6,19.0,76,0.0,0.0,5.4,1.8
467410,2014-03-02,20.6,25.0,16.9,76,0.0,0.0,6.1,3.8
467410,2014-03-03,18.5,23.1,16.0,74,0.0,0.0,1.8,3.2
467410,2014-03-04,20.0,26.3,17.2,74,0.0,0.0,7.6,3.4
467410,2014-03-05,19.4,24.6,16.0,71,0.0,0.0,4.7,3.9
467410,2014-03-06,18.3,23.5,15.4,71,0.0,0.0,2.1,3.0
467410,2014-03-07,18.0,23.5,14.8,74,0.0,0.0,4.6,4.0
467410,2014-03-08,18.0,22.7,15.5,78,0.0,0.0,2.1,3.8
467410,2014-03-09,16.2,20.0,14.2,73,0.0,0.0,0.8,4.9
467410,2014-03-10,17.4,21.0,15.2,71,0.0,0.0,0.5,2.4
467410,2014-03-11,17.9,22.2,15.9,81,0.0,0.0,0.2,2.4
467410,2014-03-12,21.3,26.0,15.6,79,0.0,0.0,0.0,2.2
467410,2014-03-13,21.9,24.7,18.3,74,0.0,0.2,5.4,4.1
467410,2014-03-14,18.3,22.5,16.5,57,0.0,0.0,3.6,4.1
467410,2014-03-15,19.8,24.0,16.5,62,0.0,0.0,7.9,1.6
467410,2014-03-16,20.7,25.2,17.6,60,0.0,0.0,7.6,1.7
467410,2014-03-17,23.1,27.6,19.3,60,0.0,0.0,8.9,1.5
467410,2014-03-18,24.2,28.4,20.6,68,0.0,0.0,6.7,1.5
467410,2014-03-19,24.8,29.7,22.1,76,0.0,0.0,6.9,2.1
467410,2014-03-20,22.9,28.0,15.6,75,0.0,0.0,3.5,3.4
467410,2014-03-21,15.8,17.0,14.6,67,0.0,0.0,0.0,3.5
467410,2014-03-22,19.7,23.8,16.2,63,0.0,0.0,6.6,1.7
467410,2014-03-23,20.7,25.5,17.4,70,0.0,0.0,8.8,2.3
467410,2014-03-24,21.7,26.5,18.4,71,0.0,0.0,9.3,2.5
467410,2014-03-25,23.9,29.7,19.7,63,0.0,0.0,9.2,1.8
467410,2014-03-26,26.2,30.8,22.4,67,0.0,0.0,7.8,1.8
467410,2014-03-27,26.2,30.0,23.7,73,0.1,0.2,4.4,1.9
467410,2014-03-28,26.4,30.2,22.8,76,0.0,0.0,9.6,2.9
467410,2014-03-29,26.9,30.7,25.0,78,0.0,0.0,8.7,3.3
467410,2014-03-30,26.4,30.4,24.2,71,0.0,0.0,7.0,1.8
467410,2014-03-31,23.7,28.2,20.3,80,27.5,5.0,0.6,3.0
467410,2014-04-01,22.0,24.7,20.1,81,0.5,0.6,0.5,4.0
467410,2014-04-02,21.1,24.6,18.9,81,8.5,2.1,0.9,2.6
467410,2014-04-03,21.7,24.1,19.8,83,2.5,5.3,0.0,2.6
467410,2014-04-04,21.9,26.5,19.4,73,0.0,0.0,0.9,1.9
467410,2014-04-05,22.8,27.5,19.0,70,0.0,0.0,8.5,1.6
467410,2014-04-06,23.2,27.6,20.4,71,0.0,0.0,1.6,2.3
467410,2014-04-07,21.8,25.0,20.2,78,0.0,0.0,0.0,3.5
467410,2014-04-08,23.7,29.8,19.9,75,0.0,0.0,5.3,2.5
467410,2014-04-09,24.8,30.5,21.2,74,0.0,0.0,10.3,3.2
467410,2014-04-10,25.0,30.4,21.2,74,0.0,0.0,7.3,2.1
467410,2014-04-11,25.2,30.0,22.2,68,0.0,0.0,8.9,2.0
467410,2014-04-12,26.3,30.7,23.8,66,0.0,0.0,9.2,1.9
467410,2014-04-13,27.0,30.4,24.2,70,0.0,0.0,10.9,2.2
467410,2014-04-14,25.2,30.5,21.8,70,0.0,0.0,7.5,3.5
467410,2014-04-15,23.4,27.5,19.6,69,0.0,0.0,5.0,2.9
467410,2014-04-16,25.0,30.1,21.9,71,0.0,0.0,6.2,2.9
467410,2014-04-17,26.3,29.5,23.7,70,0.0,0.0,9.7,2.5
467410,2014-04-18,26.5,29.1,24.9,74,0.0,0.0,2.3,2.1
467410,2014-04-19,25.9,29.4,23.7,78,0.5,1.4,3.2,1.6
467410,2014-04-20,26.4,29.2,24.6,75,0.0,0.0,1.1,2.0
467410,2014-04-21,26.6,32.1,23.6,73,0.0,0.0,7.3,2.6
467410,2014-04-22,26.7,31.6,23.1,72,0.0,0.0,6.8,4.0
467410,2014-04-23,25.4,30.5,21.2,70,0.0,0.0,5.9,2.8
467410,2014-04-24,26.6,31.6,22.7,70,0.0,0.0,5.9,2.5
467410,2014-04-25,26.7,32.2,23.8,74,0.0,0.0,7.4,3.1
467410,2014-04-26,27.0,31.0,24.1,75,0.0,0.0,2.5,2.7
467410,2014-04-27,27.3,31.8,24.7,73,0.0,0.0,10.8,2.9
467410,2014-04-28,26.6,31.3,23.5,70,0.0,0.0,5.1,3.4
467410,2014-04-29,26.3,30.8,22.6,62,0.0,0.0,9.2,2.5
467410,2014-04-30,25.2,29.0,22.8,67,0.0,0.0,0.4,2.4
467410,2014-05-01,23.0,25.2,21.7,82,1.0,4.8,0.0,2.3
467410,2014-05-02,24.4,28.2,22.0,83,0.0,0.0,0.0,2.5
467410,2014-05-03,26.4,30.6,23.8,77,1.0,0.3,3.9,2.2
467410,2014-05-04,26.2,30.2,23.4,75,0.5,0.5,2.5,1.7
467410,2014-05-05,24.0,27.5,20.9,78,28.0,3.0,2.2,3.8
467410,2014-05-06,19.7,21.1,18.3,87,2.0,4.2,0.0,3.0
467410,2014-05-07,22.8,27.4,19.9,85,0.0,0.0,0.5,2.7
467410,2014-05-08,25.3,30.4,21.5,76,0.0,0.0,6.7,2.9
467410,2014-05-09,23.9,25.0,22.2,86,33.0,11.6,0.0,2.6
467410,2014-05-10,25.8,30.0,22.0,74,2.0,0.5,1.2,1.6
467410,2014-05-11,28.9,32.6,25.5,68,0.0,0.0,7.0,3.7
467410,2014-05-12,27.9,33.0,24.7,77,12.5,1.0,5.9,2.9
467410,2014-05-13,27.4,31.1,25.6,82,4.5,2.6,3.0,2.1
467410,2014-05-14,28.5,31.8,25.5,77,0.0,0.0,8.6,3.1
467410,2014-05-15,28.7,32.1,27.2,81,2.5,1.4,5.2,2.5
467410,2014-05-16,28.7,31.2,26.7,84,1.0,0.9,6.1,1.7
467410,2014-05-17,29.1,32.9,26.4,76,0.0,0.0,10.6,1.6
467410,2014-05-18,28.5,31.0,27.0,79,2.5,0.5,1.5,1.6
467410,2014-05-19,28.1,30.9,26.7,80,1.0,1.1,1.8,1.8
467410,2014-05-20,27.7,30.4,25.6,82,14.5,0.8,2.9,2.3
467410,2014-05-21,26.5,29.5,24.0,87,28.0,7.6,1.4,2.3
467410,2014-05-22,28.9,33.3,24.7,73,0.0,0.0,8.9,3.1
467410,2014-05-23,27.6,31.0,25.9,80,3.0,4.0,0.1,1.5
467410,2014-05-24,29.3,33.8,25.7,72,0.0,0.0,8.5,1.6
467410,2014-05-25,29.4,33.2,26.3,73,0.0,0.0,9.0,1.8
467410,2014-05-26,29.5,32.9,27.0,75,0.0,0.0,10.7,2.4
467410,2014-05-27,29.0,33.5,26.1,79,5.0,1.4,6.7,1.8
467410,2014-05-28,28.5,31.8,25.7,86,39.5,3.0,5.0,1.7
467410,2014-05-29,29.2,32.3,27.0,81,0.0,0.0,6.3,1.9
467410,2014-05-30,29.2,31.7,26.8,77,0.0,0.0,3.9,1.7
467410,2014-05-31,29.8,33.3,26.8,75,0.0,0.0,11.8,2.3
467410,2014-06-01,29.9,33.9,27.2,73,0.0,0.0,9.7,2.1
467410,2014-06-02,30.1,34.1,27.4,74,0.0,0.0,8.2,1.9
467410,2014-06-03,28.0,30.1,25.6,83,6.5,2.8,0.0,2.7
467410,2014-06-04,28.6,32.0,26.7,78,0.5,0.2,6.2,1.8
467410,2014-06-05,28.2,30.3,25.2,83,34.5,3.3,2.1,1.3
467410,2014-06-06,28.8,33.9,24.6,78,26.5,1.1,4.2,1.9
467410,2014-06-07,27.9,32.5,25.9,80,3.5,5.1,2.5,2.6
467410,2014-06-08,27.8,32.8,26.1,82,1.5,0.9,1.5,2.5
467410,2014-06-09,28.4,30.9,26.4,82,0.1,0.1,0.6,2.3
467410,2014-06-10,28.3,32.7,26.2,82,0.0,0.0,3.1,3.2
467410,2014-06-11,27.8,31.9,25.8,82,3.0,0.6,1.4,2.9
467410,2014-06-12,28.5,33.0,25.3,79,0.0,0.4,6.1,1.7
467410,2014-06-13,27.7,31.6,25.7,80,6.5,3.7,0.8,1.9
467410,2014-06-14,27.2,29.7,25.5,89,13.5,14.0,0.0,2.3
467410,2014-06-15,27.9,30.2,25.7,88,5.5,3.5,1.1,4.1
467410,2014-06-16,29.1,31.9,27.0,82,2.0,0.3,8.0,4.8
467410,2014-06-17,29.4,32.1,27.2,83,1.0,0.8,8.2,3.0
467410,2014-06-18,29.6,32.8,27.5,81,0.0,0.0,10.3,2.8
467410,2014-06-19,29.5,33.1,27.7,81,0.0,0.0,8.5,3.0
467410,2014-06-20,29.9,32.7,27.9,79,0.0,0.0,11.2,3.5
467410,2014-06-21,30.0,32.8,28.4,76,0.0,0.0,9.3,5.5
467410,2014-06-22,29.9,32.9,27.8,76,0.0,0.2,8.4,4.7
467410,2014-06-23,30.0,33.1,27.9,76,0.1,0.2,10.1,4.3
467410,2014-06-24,29.4,32.9,26.2,80,6.0,1.1,8.9,3.4
467410,2014-06-25,28.7,32.1,26.4,85,14.3,1.7,5.4,2.7
467410,2014-06-26,29.4,32.4,27.2,80,0.3,0.1,8.2,2.5
467410,2014-06-27,30.2,33.4,27.5,77,0.0,0.0,10.5,2.5
467410,2014-06-28,30.6,34.3,27.1,75,9.0,0.8,9.1,2.1
467410,2014-06-29,30.2,33.4,27.6,78,0.0,0.1,11.2,3.3
467410,2014-06-30,30.4,33.2,28.6,78,0.0,0.0,7.6,2.5
467410,2014-07-01,30.4,33.3,28.3,78,0.0,0.0,10.2,2.7
467410,2014-07-02,30.5,33.9,28.4,75,0.0,0.0,10.9,2.4
467410,2014-07-03,30.7,33.8,28.8,75,0.5,0.2,11.0,2.1
467410,2014-07-04,30.6,33.9,28.9,74,0.0,0.0,4.1,1.8
467410,2014-07-05,31.2,34.8,28.2,69,0.0,0.0,6.1,2.8
467410,2014-07-06,31.3,34.4,28.8,72,0.0,0.0,6.1,2.0
467410,2014-07-07,31.2,34.3,29.0,75,0.0,0.0,7.5,3.9
467410,2014-07-08,30.8,33.5,28.8,74,0.0,0.0,8.2,4.9
467410,2014-07-09,30.4,35.2,27.9,78,0.2,0.1,7.0,2.5
467410,2014-07-10,30.6,34.5,27.9,77,2.0,1.0,10.4,3.6
467410,2014-07-11,30.3,33.7,28.2,79,1.0,1.1,9.7,3.5
467410,2014-07-12,30.8,34.4,28.4,76,0.0,0.0,12.4,3.6
467410,2014-07-13,31.1,34.0,28.5,74,0.0,0.0,12.3,2.7
467410,2014-07-14,31.2,35.0,29.1,73,0.0,0.0,11.6,2.2
467410,2014-07-15,31.0,34.2,29.1,74,0.0,0.0,8.1,2.2
467410,2014-07-16,31.6,35.1,29.0,71,0.0,0.0,9.0,3.0
467410,2014-07-17,30.9,34.2,29.0,73,0.0,0.0,3.4,1.7
467410,2014-07-18,29.1,33.6,26.3,78,4.0,2.8,4.3,1.4
467410,2014-07-19,29.3,33.5,26.0,77,2.5,2.0,5.8,2.3
467410,2014-07-20,29.9,33.7,27.0,77,4.5,1.3,-99.5,2.0
467410,2014-07-21,30.5,33.6,27.7,77,0.0,0.2,-99.5,2.1
467410,2014-07-22,30.6,34.4,28.0,77,1.0,1.7,-99.5,2.7
467410,2014-07-23,28.5,29.7,25.6,89,56.5,13.9,0.0,7.4
467410,2014-07-24,29.0,32.2,26.8,85,15.5,5.1,-99.5,4.7
467410,2014-07-25,28.5,32.5,25.3,85,16.0,4.6,7.2,3.3
467410,2014-07-26,29.7,33.7,26.6,78,0.0,0.0,5.9,2.4
467410,2014-07-27,30.0,33.1,27.3,75,0.0,0.0,8.0,3.2
467410,2014-07-28,30.2,33.9,28.1,75,0.0,0.0,7.7,2.7
467410,2014-07-29,30.4,34.4,26.7,75,13.5,1.1,-99.5,1.9
467410,2014-07-30,30.6,33.7,28.6,78,0.2,0.1,-99.5,1.8
467410,2014-07-31,30.3,33.4,28.2,80,6.0,0.5,-99.5,4.0
467410,2014-08-01,30.3,33.5,27.4,80,0.0,0.0,-99.5,3.0
467410,2014-08-02,29.8,32.7,26.4,82,7.5,0.9,7.7,3.7
467410,2014-08-03,30.3,33.8,28.1,78,0.0,0.0,10.2,3.4
467410,2014-08-04,30.0,33.2,27.4,77,1.0,0.3,7.2,3.6
467410,2014-08-05,28.9,33.3,25.8,80,3.5,2.0,3.7,2.0
467410,2014-08-06,29.6,33.0,27.2,76,1.0,0.3,5.5,2.1
467410,2014-08-07,28.6,32.7,25.3,84,54.5,3.0,6.1,2.4
467410,2014-08-08,29.0,32.7,25.7,83,1.0,0.3,6.9,2.7
467410,2014-08-09,27.4,30.5,26.0,91,74.5,9.8,2.5,2.4
467410,2014-08-10,27.6,29.7,26.0,92,51.5,4.8,0.1,2.3
467410,2014-08-11,26.9,29.9,24.4,92,93.0,8.4,2.2,2.7
467410,2014-08-12,25.9,27.4,24.9,97,255.0,17.9,0.0,2.8
467410,2014-08-13,26.1,28.5,24.5,94,60.0,12.6,0.0,3.3
467410,2014-08-14,28.6,32.3,25.2,84,3.5,1.6,7.3,2.4
467410,2014-08-15,29.5,32.4,27.6,83,0.0,0.0,9.9,1.8
467410,2014-08-16,29.4,32.8,27.0,80,0.0,0.0,7.8,1.8
467410,2014-08-17,29.7,32.9,27.1,74,0.0,0.0,7.1,2.2
467410,2014-08-18,28.2,32.0,25.4,83,27.0,3.5,1.8,2.5
467410,2014-08-19,28.2,32.1,25.9,80,0.0,0.0,8.1,4.7
467410,2014-08-20,28.3,31.5,24.3,77,9.0,1.6,8.3,2.5
467410,2014-08-21,29.0,32.6,26.1,75,0.0,0.0,11.6,2.2
467410,2014-08-22,29.7,33.0,27.4,73,0.0,0.0,9.4,2.3
467410,2014-08-23,30.0,33.5,27.3,68,0.0,0.0,10.7,2.2
467410,2014-08-24,30.3,33.5,27.8,71,0.0,0.0,10.9,1.8
467410,2014-08-25,29.8,32.7,27.6,79,28.0,0.9,6.7,2.0
467410,2014-08-26,30.3,33.9,27.2,73,0.0,0.0,10.2,2.8
467410,2014-08-27,30.0,33.9,27.7,73,0.0,0.0,8.6,2.4
467410,2014-08-28,29.7,33.9,26.7,71,1.6,1.3,10.8,1.5
467410,2014-08-29,29.0,33.5,25.2,77,4.0,3.3,8.9,2.0
467410,2014-08-30,29.3,33.2,26.6,74,0.0,0.0,9.6,1.5
467410,2014-08-31,29.2,32.8,26.8,77,6.5,0.9,5.1,1.9
467410,2014-09-01,29.8,33.8,27.0,75,0.0,0.0,9.1,1.9
467410,2014-09-02,30.0,33.2,27.8,74,0.0,0.0,8.9,1.9
467410,2014-09-03,29.9,32.7,27.6,76,0.0,0.0,9.2,2.1
467410,2014-09-04,29.6,33.6,26.4,72,0.0,0.0,8.5,1.9
467410,2014-09-05,30.2,33.8,26.9,73,0.0,0.0,9.8,1.5
467410,2014-09-06,30.4,33.9,28.2,75,0.0,0.2,9.1,2.1
467410,2014-09-07,29.7,32.0,28.2,78,0.5,0.5,3.9,1.7
467410,2014-09-08,29.7,32.9,27.9,78,0.3,0.1,5.4,1.1
467410,2014-09-09,29.8,33.5,27.2,75,0.5,0.4,7.6,1.7
467410,2014-09-10,29.5,33.1,26.7,74,0.0,0.0,6.8,1.9
467410,2014-09-11,30.0,33.3,26.5,75,1.0,0.1,5.8,1.9
467410,2014-09-12,29.6,33.4,26.0,78,38.0,2.9,8.2,2.6
467410,2014-09-13,29.8,33.8,25.8,76,2.0,1.7,7.9,2.4
467410,2014-09-14,30.4,33.9,28.0,75,0.0,0.0,8.9,2.1
467410,2014-09-15,31.1,34.5,29.0,75,0.0,0.0,9.9,2.4
467410,2014-09-16,30.5,33.9,28.0,77,0.0,0.0,5.4,2.4
467410,2014-09-17,30.4,33.0,27.9,77,0.2,0.1,7.1,2.6
467410,2014-09-18,30.2,33.3,28.4,80,0.0,0.0,6.1,2.0
467410,2014-09-19,30.5,33.5,28.6,77,0.0,0.0,4.9,1.8
467410,2014-09-20,28.7,33.4,25.8,83,26.5,4.1,1.3,2.0
467410,2014-09-21,26.6,27.5,25.5,92,18.0,17.4,0.0,5.7
467410,2014-09-22,27.2,32.0,24.3,84,1.0,0.6,1.4,1.8
467410,2014-09-23,27.5,30.0,26.2,84,0.0,0.4,1.9,3.0
467410,2014-09-24,28.7,32.7,26.2,79,0.0,0.0,9.8,2.6
467410,2014-09-25,29.0,32.4,26.4,77,0.0,0.0,8.8,1.8
467410,2014-09-26,29.5,33.6,26.9,74,0.0,0.0,10.7,2.4
467410,2014-09-27,29.8,33.4,27.8,75,0.0,0.0,8.9,2.4
467410,2014-09-28,29.3,32.6,27.6,76,0.0,0.0,7.9,2.5
467410,2014-09-29,29.4,33.0,27.1,71,0.0,0.0,7.9,2.2
467410,2014-09-30,29.3,32.3,27.3,73,0.0,0.0,8.2,2.4
467410,2014-10-01,29.3,32.8,27.1,72,0.0,0.0,8.9,2.7
467410,2014-10-02,28.4,32.4,26.1,77,1.5,0.4,5.2,2.3
467410,2014-10-03,28.0,32.1,25.3,70,0.0,0.0,6.3,2.9
467410,2014-10-04,26.1,30.8,23.0,63,0.0,0.0,6.7,3.9
467410,2014-10-05,26.0,30.3,22.7,66,0.0,0.0,4.8,2.7
467410,2014-10-06,26.2,30.9,22.4,65,0.0,0.0,10.3,2.9
467410,2014-10-07,25.8,31.0,22.1,62,0.0,0.0,9.6,2.5
467410,2014-10-08,26.5,32.0,22.5,63,0.0,0.0,7.8,2.1
467410,2014-10-09,26.8,31.3,22.2,68,0.0,0.0,9.0,2.7
467410,2014-10-10,27.2,32.9,24.0,73,0.0,0.0,8.7,3.3
467410,2014-10-11,26.6,30.7,24.2,73,0.0,0.0,10.4,5.4
467410,2014-10-12,26.0,31.0,23.1,67,0.0,0.0,10.6,4.8
467410,2014-10-13,26.2,31.8,22.6,63,0.0,0.0,10.7,2.6
467410,2014-10-14,24.8,30.5,21.2,63,0.0,0.0,9.8,2.8
467410,2014-10-15,24.4,29.5,20.3,61,0.0,0.0,9.8,2.0
467410,2014-10-16,24.6,29.6,21.2,63,0.0,0.0,7.0,1.9
467410,2014-10-17,25.2,29.8,21.5,63,0.0,0.0,10.3,1.8
467410,2014-10-18,25.9,30.4,22.6,67,0.0,0.0,10.2,1.8
467410,2014-10-19,26.4,30.7,23.0,70,0.0,0.0,10.7,1.7
467410,2014-10-20,27.1,32.4,23.4,74,0.0,0.0,10.6,2.3
467410,2014-10-21,27.7,32.2,24.3,69,0.0,0.0,10.0,2.0
467410,2014-10-22,27.3,32.7,23.5,67,0.0,0.0,10.4,3.3
467410,2014-10-23,26.0,31.1,22.7,65,0.0,0.0,8.9,3.2
467410,2014-10-24,25.8,30.7,22.3,68,0.0,0.0,10.1,2.8
467410,2014-10-25,26.1,30.3,23.1,74,0.0,0.0,7.5,2.2
467410,2014-10-26,26.2,31.1,23.4,78,0.0,0.0,8.5,2.7
467410,2014-10-27,27.0,31.6,24.1,75,0.0,0.0,5.6,2.4
467410,2014-10-28,26.3,30.3,22.9,68,0.0,0.0,9.4,2.4
467410,2014-10-29,26.1,30.2,23.5,71,0.0,0.0,10.1,2.2
467410,2014-10-30,26.2,29.8,24.0,74,0.0,0.0,9.9,1.5
467410,2014-10-31,26.4,29.5,24.2,73,0.0,0.0,9.2,1.5
467410,2014-11-01,26.5,30.3,24.2,73,0.0,0.0,8.4,2.5
467410,2014-11-02,25.8,31.5,22.5,74,0.0,0.0,8.2,3.5
467410,2014-11-03,23.1,27.0,20.5,62,0.0,0.0,3.6,4.4
467410,2014-11-04,23.5,27.5,20.1,62,0.0,0.0,7.2,1.7
467410,2014-11-05,24.0,28.1,20.8,66,0.0,0.0,10.3,2.0
467410,2014-11-06,24.1,28.8,21.4,69,0.0,0.0,5.2,2.6
467410,2014-11-07,24.7,28.8,21.6,69,0.0,0.0,7.7,1.8
467410,2014-11-08,25.1,28.5,22.9,73,0.0,0.0,4.6,2.3
467410,2014-11-09,24.4,28.4,21.3,74,0.0,0.0,7.8,4.1
467410,2014-11-10,24.1,28.2,20.4,73,0.0,0.0,9.2,2.2
467410,2014-11-11,24.3,29.1,21.1,71,0.0,0.0,8.2,2.1
467410,2014-11-12,24.4,-99.5,-99.5,70,0.0,0.0,6.7,2.8
467410,2014-11-13,22.4,26.1,20.4,70,0.0,0.0,2.0,3.5
467410,2014-11-14,21.8,25.1,18.8,74,0.0,0.0,2.2,3.3
467410,2014-11-15,23.0,27.9,19.6,73,0.0,0.0,2.0,2.3
467410,2014-11-16,23.4,27.0,21.1,78,0.0,0.0,3.8,4.5
467410,2014-11-17,22.6,27.0,19.6,78,0.2,0.2,1.5,4.0
467410,2014-11-18,21.5,26.7,18.3,67,0.0,0.0,6.2,3.7
467410,2014-11-19,22.0,26.4,18.7,68,0.0,0.0,9.8,2.7
467410,2014-11-20,22.0,27.2,18.1,74,0.0,0.0,10.1,2.6
467410,2014-11-21,23.1,28.1,20.1,77,0.0,0.0,9.1,3.0
467410,2014-11-22,23.4,29.1,19.4,78,0.0,0.0,9.9,2.4
467410,2014-11-23,24.5,28.0,22.0,74,0.0,0.0,10.1,1.4
467410,2014-11-24,24.2,27.7,21.4,74,0.0,0.0,10.1,1.6
467410,2014-11-25,24.0,28.7,20.1,76,0.0,0.0,9.4,2.2
467410,2014-11-26,24.3,30.1,20.6,74,0.0,0.0,9.4,2.9
467410,2014-11-27,25.0,30.2,21.7,75,0.0,0.0,8.8,2.7
467410,2014-11-28,25.4,29.3,22.7,80,0.0,0.0,6.8,2.2
467410,2014-11-29,25.4,29.2,23.2,81,0.0,0.0,3.4,1.8
467410,2014-11-30,26.2,30.0,23.4,78,0.0,0.0,8.0,2.2
467410,2014-12-01,23.1,27.5,17.6,69,0.0,0.0,6.5,5.0
467410,2014-12-02,17.6,19.4,15.6,77,0.0,0.0,0.0,3.3
467410,2014-12-03,20.8,24.6,17.8,76,0.0,0.0,0.6,1.7
467410,2014-12-04,17.4,21.4,13.7,82,6.5,3.0,0.1,5.2
467410,2014-12-05,16.1,20.7,12.7,75,1.0,2.0,2.9,3.3
467410,2014-12-06,17.7,22.9,12.5,68,0.0,0.0,7.3,2.5
467410,2014-12-07,19.9,24.4,17.0,71,0.0,0.0,9.2,2.5
467410,2014-12-08,19.2,25.0,16.0,77,0.0,0.0,9.0,3.9
467410,2014-12-09,19.6,23.8,15.6,74,0.0,0.0,0.8,2.2
467410,2014-12-10,21.3,26.1,18.5,80,0.0,0.0,1.5,3.5
467410,2014-12-11,20.7,23.9,17.4,78,0.0,0.0,2.2,4.4
467410,2014-12-12,16.1,18.5,14.0,74,0.0,0.0,0.0,5.8
467410,2014-12-13,16.7,22.4,14.0,61,0.0,0.0,5.8,3.8
467410,2014-12-14,18.2,22.8,14.6,65,0.0,0.0,7.8,3.0
467410,2014-12-15,20.1,25.1,17.3,74,0.0,0.0,2.5,3.4
467410,2014-12-16,17.8,21.0,14.3,65,0.0,0.0,9.8,6.8
467410,2014-12-17,14.0,18.0,10.8,52,0.0,0.0,6.0,4.8
467410,2014-12-18,15.8,21.3,11.0,61,0.0,0.0,5.1,2.1
467410,2014-12-19,16.6,18.2,15.7,73,0.0,0.7,0.0,3.5
467410,2014-12-20,17.5,22.1,15.5,73,0.5,0.5,2.7,3.9
467410,2014-12-21,17.1,21.8,13.6,70,0.0,0.0,6.6,4.0
467410,2014-12-22,15.4,21.2,11.8,62,0.0,0.0,9.2,3.9
467410,2014-12-23,17.6,22.0,13.1,64,0.0,0.0,0.2,1.6
467410,2014-12-24,19.8,25.6,17.5,71,0.0,0.0,0.5,3.0
467410,2014-12-25,18.0,20.0,16.7,77,0.0,0.3,0.0,3.5
467410,2014-12-26,17.6,20.1,15.8,80,0.0,0.1,0.3,3.4
467410,2014-12-27,17.7,21.1,15.9,80,0.0,0.0,0.8,3.8
467410,2014-12-28,16.7,20.7,14.0,83,0.0,0.2,1.6,4.8
467410,2014-12-29,15.9,20.8,13.2,63,0.0,0.0,9.3,5.3
467410,2014-12-30,16.4,22.1,11.5,65,0.0,0.0,8.8,2.6
467410,2014-12-31,17.6,23.1,14.0,70,0.0,0.0,9.3,2.6
467410,2015-01-01,16.1,22.3,12.3,66,0.0,0.0,7.9,3.1
467410,2015-01-02,15.2,20.5,10.6,65,0.0,0.0,8.7,2.4
467410,2015-01-03,16.8,21.8,12.8,68,0.0,0.0,8.2,2.2
467410,2015-01-04,19.0,25.7,14.1,65,0.0,0.0,9.9,2.9
467410,2015-01-05,21.1,27.8,16.6,61,0.0,0.0,10.0,1.7
467410,2015-01-06,21.6,27.1,17.6,71,0.0,0.0,3.3,3.1
467410,2015-01-07,18.1,21.6,14.6,77,0.0,0.0,3.2,4.8
467410,2015-01-08,15.3,18.0,13.3,65,0.0,0.0,0.2,4.4
467410,2015-01-09,16.5,21.9,12.6,65,0.0,0.0,6.8,2.9
467410,2015-01-10,17.1,21.8,13.7,66,0.0,0.0,9.3,3.3
467410,2015-01-11,18.2,23.3,14.1,68,0.0,0.0,8.6,2.5
467410,2015-01-12,19.8,23.9,16.7,66,0.0,0.0,6.0,1.6
467410,2015-01-13,18.7,22.6,15.8,78,0.0,0.0,3.3,3.2
467410,2015-01-14,17.1,21.0,14.2,82,13.5,3.3,4.9,5.3
467410,2015-01-15,16.6,22.6,12.9,73,0.0,0.0,9.3,4.1
467410,2015-01-16,17.1,21.5,14.9,74,0.0,0.0,8.8,4.2
467410,2015-01-17,16.4,22.4,13.3,69,0.0,0.0,9.5,3.6
467410,2015-01-18,15.9,20.5,12.7,69,0.0,0.0,5.7,2.6
467410,2015-01-19,17.1,22.5,13.7,69,0.0,0.0,2.0,2.5
467410,2015-01-20,18.4,22.5,15.4,71,0.0,0.0,0.9,1.9
467410,2015-01-21,18.0,21.8,16.1,79,0.0,0.0,4.7,4.5
467410,2015-01-22,17.1,22.3,13.8,59,0.0,0.0,10.0,5.4
467410,2015-01-23,16.8,21.2,12.8,61,0.0,0.0,9.5,1.9
467410,2015-01-24,17.9,23.1,13.8,61,0.0,0.0,9.9,2.0
467410,2015-01-25,20.1,25.3,16.7,60,0.0,0.0,8.7,2.5
467410,2015-01-26,19.4,24.2,16.8,76,0.0,0.0,2.8,3.8
467410,2015-01-27,19.3,23.5,17.3,82,0.0,0.2,1.6,3.3
467410,2015-01-28,18.3,23.2,16.0,74,0.0,0.0,2.8,3.5
467410,2015-01-29,18.5,24.5,16.0,77,0.0,0.0,8.4,3.8
467410,2015-01-30,17.6,21.9,14.1,79,0.0,0.0,2.9,4.7
467410,2015-01-31,16.4,22.1,13.4,75,0.0,0.0,7.4,4.4
467410,2015-02-01,17.0,22.2,13.5,74,0.0,0.0,9.7,3.6
467410,2015-02-02,17.9,22.1,15.4,77,0.0,0.0,9.9,3.7
467410,2015-02-03,17.9,21.9,15.5,80,0.0,0.0,8.9,3.9
467410,2015-02-04,17.2,21.8,13.3,77,0.0,0.0,7.0,4.2
467410,2015-02-05,14.4,19.3,12.4,69,0.0,0.0,4.8,5.3
467410,2015-02-06,14.4,18.6,12.0,67,0.0,0.0,2.1,2.9
467410,2015-02-07,16.2,24.0,12.5,75,0.0,0.0,4.9,3.3
467410,2015-02-08,16.1,19.9,13.1,69,0.0,0.0,2.5,5.0
467410,2015-02-09,13.4,17.0,11.2,62,0.0,0.0,3.6,5.1
467410,2015-02-10,14.8,20.3,10.5,69,0.0,0.0,10.0,3.2
467410,2015-02-11,16.2,21.4,12.6,72,0.0,0.0,10.1,2.8
467410,2015-02-12,17.5,23.2,14.0,59,0.0,0.0,9.6,4.2
467410,2015-02-13,18.0,22.7,13.7,61,0.0,0.0,9.8,2.3
467410,2015-02-14,19.8,24.4,15.3,56,0.0,0.0,5.1,1.7
467410,2015-02-15,21.9,26.2,18.0,53,0.0,0.0,3.9,1.5
467410,2015-02-16,21.3,26.1,17.4,77,7.5,2.7,7.3,3.1
467410,2015-02-17,20.6,25.7,17.8,79,0.0,0.0,3.6,2.2
467410,2015-02-18,20.1,25.7,16.6,74,0.0,0.0,9.4,2.9
467410,2015-02-19,19.5,24.6,15.8,72,0.0,0.0,9.4,2.8
467410,2015-02-20,20.1,24.2,17.2,73,0.0,0.0,8.2,2.4
467410,2015-02-21,21.4,25.8,18.2,75,14.0,4.6,0.5,3.0
467410,2015-02-22,21.9,26.7,19.5,84,0.5,0.2,6.6,2.7
467410,2015-02-23,21.0,25.3,19.1,85,0.0,0.0,2.1,2.5
467410,2015-02-24,21.2,27.2,18.3,82,0.0,0.0,7.0,3.6
467410,2015-02-25,22.6,26.9,19.0,78,0.0,0.0,9.1,2.4
467410,2015-02-26,23.7,29.2,20.5,77,0.0,0.0,9.5,2.7
467410,2015-02-27,21.3,26.4,18.8,78,0.0,0.0,4.6,4.1
467410,2015-02-28,22.1,28.4,18.6,76,0.0,0.0,7.4,3.4
467410,2015-03-01,19.9,25.7,15.3,74,0.0,0.0,9.5,4.9
467410,2015-03-02,19.0,23.9,14.5,69,0.0,0.0,5.1,2.3
467410,2015-03-03,22.4,28.1,17.8,75,0.0,0.0,9.9,3.2
467410,2015-03-04,20.1,23.5,17.2,75,0.0,0.0,0.3,3.3
467410,2015-03-05,20.6,25.3,16.4,74,0.0,0.0,9.9,3.4
467410,2015-03-06,20.7,25.4,18.0,76,0.0,0.0,7.4,3.8
467410,2015-03-07,20.8,25.4,18.1,76,0.0,0.0,7.1,3.6
467410,2015-03-08,20.5,25.2,17.8,78,0.0,0.0,7.2,3.7
467410,2015-03-09,21.9,26.6,16.9,69,0.0,0.0,10.1,4.5
467410,2015-03-10,16.9,18.7,15.6,73,0.0,0.0,0.0,3.5
467410,2015-03-11,17.3,21.6,14.6,73,0.0,0.0,1.3,3.7
467410,2015-03-12,17.5,21.7,15.6,76,0.0,0.0,1.3,3.8
467410,2015-03-13,19.4,26.3,14.6,75,0.0,0.0,10.1,2.3
467410,2015-03-14,21.9,26.6,17.8,75,0.0,0.0,9.3,2.3
467410,2015-03-15,24.5,29.1,20.2,75,0.0,0.0,9.9,3.6
467410,2015-03-16,24.5,27.7,22.8,83,1.6,2.6,4.2,2.6
467410,2015-03-17,25.0,28.4,23.2,79,0.0,0.0,8.8,4.0
467410,2015-03-18,24.8,28.4,22.4,73,0.0,0.0,10.4,3.6
467410,2015-03-19,25.3,29.3,22.4,74,0.0,0.0,10.8,2.4
467410,2015-03-20,24.2,28.7,22.3,79,0.0,0.0,7.0,2.5
467410,2015-03-21,23.8,27.1,21.4,78,0.0,0.0,2.3,3.2
467410,2015-03-22,22.7,26.7,20.6,74,0.0,0.0,0.2,2.7
467410,2015-03-23,20.8,26.1,17.0,73,3.5,1.1,2.3,3.6
467410,2015-03-24,20.6,26.3,17.0,76,0.0,0.0,5.1,4.0
467410,2015-03-25,19.5,23.7,17.3,76,0.0,0.0,2.3,4.4
467410,2015-03-26,20.8,25.8,16.8,78,0.0,0.0,1.8,3.3
467410,2015-03-27,22.0,27.3,19.3,78,0.0,0.0,5.7,4.2
467410,2015-03-28,22.5,27.5,17.8,67,0.0,0.0,6.4,2.7
467410,2015-03-29,23.8,28.5,20.3,65,0.0,0.0,10.2,2.1
467410,2015-03-30,25.4,29.4,22.2,68,0.0,0.0,9.2,1.8
467410,2015-03-31,25.9,29.2,23.7,78,0.0,0.0,4.5,3.2
467410,2015-04-01,26.1,29.6,23.8,82,0.0,0.0,9.8,2.8
467410,2015-04-02,26.5,29.9,23.9,79,0.0,0.0,10.8,4.2
467410,2015-04-03,26.4,30.1,23.9,79,0.0,0.0,11.1,3.9
467410,2015-04-04,26.6,30.5,23.7,77,0.0,0.0,11.5,2.7
467410,2015-04-05,27.6,32.3,24.3,72,0.0,0.0,10.8,3.5
467410,2015-04-06,27.2,31.6,25.0,74,2.0,0.6,3.4,2.9
467410,2015-04-07,24.7,28.4,20.5,77,0.0,0.0,2.1,4.0
467410,2015-04-08,20.7,26.8,17.4,67,0.0,0.0,5.8,4.8
467410,2015-04-09,22.4,28.1,16.8,68,0.0,0.0,10.3,3.7
467410,2015-04-10,23.1,28.9,19.2,70,0.0,0.0,8.2,4.3
467410,2015-04-11,18.3,21.0,17.2,86,11.2,8.5,0.0,4.1
467410,2015-04-12,20.7,26.4,16.9,83,1.0,4.7,5.6,4.2
467410,2015-04-13,22.1,26.5,18.9,62,0.0,0.2,11.2,5.0
467410,2015-04-14,20.9,24.7,17.9,42,0.0,0.0,11.4,4.3
467410,2015-04-15,22.7,27.2,17.2,58,0.0,0.0,11.4,3.1
467410,2015-04-16,25.3,30.3,21.9,63,0.0,0.0,11.6,2.3
467410,2015-04-17,25.7,30.0,21.5,77,0.0,0.0,8.0,2.3
467410,2015-04-18,28.2,31.6,26.2,75,0.0,0.0,10.9,5.6
467410,2015-04-19,27.9,31.3,26.3,74,0.0,0.0,8.0,2.9
467410,2015-04-20,27.8,31.0,25.9,70,0.0,0.0,9.6,1.9
467410,2015-04-21,24.2,26.2,21.4,85,11.6,7.1,0.0,2.2
467410,2015-04-22,24.1,29.3,20.3,75,0.0,0.3,8.6,3.4
467410,2015-04-23,24.5,29.5,21.3,73,0.0,0.0,7.5,3.1
467410,2015-04-24,25.0,29.7,22.3,78,0.0,0.0,8.8,3.6
467410,2015-04-25,25.5,30.6,22.4,74,0.0,0.0,8.8,2.8
467410,2015-04-26,25.3,30.2,21.4,70,0.0,0.0,11.0,2.4
467410,2015-04-27,26.3,30.4,22.5,71,0.0,0.0,10.5,2.1
467410,2015-04-28,27.5,31.4,25.1,69,0.0,0.0,10.0,1.9
467410,2015-04-29,26.8,30.0,24.8,77,0.0,0.0,7.7,2.4
467410,2015-04-30,27.3,31.4,25.1,74,0.0,0.0,9.0,2.2
467410,2015-05-01,27.4,30.7,25.1,73,0.0,0.0,4.7,2.1
467410,2015-05-02,27.8,31.1,25.6,75,0.0,0.0,11.3,3.0
467410,2015-05-03,27.8,31.3,25.6,77,0.0,0.0,9.4,2.4
467410,2015-05-04,28.0,31.4,25.4,79,3.5,0.4,8.5,2.0
467410,2015-05-05,26.2,29.2,23.8,80,0.5,0.4,2.0,2.4
467410,2015-05-06,27.3,30.8,24.4,77,0.0,0.0,10.3,2.4
467410,2015-05-07,28.2,31.4,25.4,74,0.0,0.0,10.3,2.6
467410,2015-05-08,28.2,31.8,25.8,76,0.0,0.0,9.2,2.0
467410,2015-05-09,29.1,32.4,26.3,75,0.0,0.0,11.7,2.6
467410,2015-05-10,28.6,33.1,25.5,74,0.0,0.0,6.1,3.3
467410,2015-05-11,27.5,30.9,24.9,77,0.0,0.0,2.2,3.5
467410,2015-05-12,27.2,30.8,24.2,80,44.5,3.3,2.8,1.6
467410,2015-05-13,27.5,30.6,25.5,77,0.0,0.0,5.0,2.2
467410,2015-05-14,28.4,31.3,25.9,77,0.0,0.0,11.8,3.6
467410,2015-05-15,28.6,32.0,25.9,77,0.0,0.0,11.9,3.4
467410,2015-05-16,28.8,32.3,26.4,76,0.0,0.0,10.5,1.9
467410,2015-05-17,28.8,31.9,26.3,73,0.0,0.0,11.8,2.1
467410,2015-05-18,29.1,32.1,26.5,73,0.0,0.0,12.4,2.5
467410,2015-05-19,29.4,32.7,26.9,72,0.0,0.0,11.4,2.4
467410,2015-05-20,28.0,31.4,22.9,78,34.0,5.3,0.8,3.3
467410,2015-05-21,24.9,28.7,22.8,86,34.0,14.8,0.0,2.5
467410,2015-05-22,25.4,28.1,23.6,92,23.5,10.0,0.8,3.6
467410,2015-05-23,25.3,27.6,24.3,94,34.5,8.2,0.0,2.3
467410,2015-05-24,25.8,27.4,24.6,95,63.0,14.2,0.0,4.0
467410,2015-05-25,25.8,27.2,25.0,96,22.5,8.1,0.0,1.8
467410,2015-05-26,26.7,29.0,24.3,88,11.0,2.8,0.0,2.4
467410,2015-05-27,27.8,31.6,24.3,82,0.5,0.9,2.1,2.1
467410,2015-05-28,28.2,31.7,25.0,88,18.5,1.3,6.6,2.3
467410,2015-05-29,29.4,32.2,27.3,84,0.0,0.0,8.5,2.4
467410,2015-05-30,29.3,32.1,26.8,85,1.5,0.5,7.0,2.6
467410,2015-05-31,27.3,31.7,25.6,85,8.5,1.5,0.2,1.9
467410,2015-06-01,28.9,32.3,26.2,79,0.0,0.1,9.8,2.4
467410,2015-06-02,29.5,32.7,26.6,78,0.0,0.0,12.2,3.0
467410,2015-06-03,29.7,32.9,27.1,77,0.0,0.0,12.0,2.6
467410,2015-06-04,29.6,32.5,26.7,77,0.0,0.0,9.2,2.0
467410,2015-06-05,29.8,33.2,27.4,76,0.0,0.0,10.8,2.0
467410,2015-06-06,29.4,31.7,27.5,77,0.0,0.0,1.1,2.0
467410,2015-06-07,29.4,32.6,27.5,76,0.0,0.0,8.5,2.2
467410,2015-06-08,29.7,33.5,26.9,71,0.0,0.0,12.0,2.0
467410,2015-06-09,29.9,33.0,27.0,76,0.0,0.0,12.5,2.2
467410,2015-06-10,30.5,33.5,27.8,73,0.0,0.0,12.7,2.4
467410,2015-06-11,30.4,33.7,27.9,75,0.0,0.0,11.4,2.3
467410,2015-06-12,30.7,34.3,28.4,73,0.0,0.0,11.9,2.0
467410,2015-06-13,30.6,33.6,28.5,75,0.0,0.0,11.2,3.2
467410,2015-06-14,30.5,33.6,28.3,74,0.0,0.0,12.0,4.2
467410,2015-06-15,30.5,33.2,28.6,73,0.0,0.0,11.7,3.0
467410,2015-06-16,30.5,33.6,28.4,73,0.0,0.0,12.5,3.1
467410,2015-06-17,30.6,33.8,28.0,74,0.0,0.0,12.5,2.9
467410,2015-06-18,30.6,34.0,28.4,73,0.0,0.0,10.0,2.2
467410,2015-06-19,31.2,34.7,28.5,68,0.0,0.0,11.5,2.2
467410,2015-06-20,31.0,34.6,28.7,69,0.0,0.0,11.6,2.0
467410,2015-06-21,30.5,33.9,27.9,72,0.0,0.0,10.8,2.8
467410,2015-06-22,31.1,35.0,28.1,69,0.0,0.0,10.7,3.5
467410,2015-06-23,30.5,33.7,26.6,72,0.0,0.1,10.0,5.0
467410,2015-06-24,30.9,34.6,28.7,71,0.0,0.0,9.2,4.5
467410,2015-06-25,30.6,34.0,27.0,77,12.0,1.0,10.2,3.5
467410,2015-06-26,31.1,34.2,28.3,75,0.0,0.0,11.4,3.5
467410,2015-06-27,30.8,33.9,27.7,78,7.0,0.8,10.7,3.3
467410,2015-06-28,31.0,34.1,28.9,75,0.0,0.0,10.9,2.7
467410,2015-06-29,30.8,34.0,28.5,75,0.0,0.0,10.1,2.8
467410,2015-06-30,30.9,33.9,28.2,73,0.0,0.0,11.0,2.8
467410,2015-07-01,30.8,34.0,28.2,76,4.0,0.2,7.1,2.5
467410,2015-07-02,30.6,32.9,28.3,80,4.5,1.1,7.5,2.8
467410,2015-07-03,30.7,34.1,28.5,76,0.0,0.0,11.0,2.8
467410,2015-07-04,30.7,34.1,28.4,75,0.0,0.0,8.3,3.6
467410,2015-07-05,29.7,34.1,27.2,81,2.0,0.8,5.5,3.5
467410,2015-07-06,28.8,32.3,27.3,84,1.0,0.4,1.6,3.0
467410,2015-07-07,27.9,30.8,26.4,89,15.0,5.4,0.9,1.9
467410,2015-07-08,27.0,28.6,26.2,93,19.0,11.9,0.0,2.1
467410,2015-07-09,29.4,32.6,26.5,81,0.0,0.0,9.0,3.2
467410,2015-07-10,28.8,31.3,27.0,79,0.0,0.0,2.5,5.4
467410,2015-07-11,29.2,31.7,27.7,82,1.0,0.5,4.0,4.6
467410,2015-07-12,29.2,31.9,27.3,84,2.5,0.6,4.5,3.8
467410,2015-07-13,29.0,33.0,26.7,84,9.0,1.7,8.0,2.4
467410,2015-07-14,29.7,33.5,26.8,75,0.0,0.0,10.0,2.1
467410,2015-07-15,29.6,32.4,27.3,77,0.0,0.0,10.0,2.5
467410,2015-07-16,30.2,34.0,27.7,74,0.0,0.0,6.8,2.7
467410,2015-07-17,30.5,33.9,27.5,72,0.0,0.0,11.4,2.5
467410,2015-07-18,29.1,33.0,26.5,82,9.5,3.5,3.6,2.7
467410,2015-07-19,26.8,29.5,25.2,92,35.0,9.5,1.4,5.5
467410,2015-07-20,27.7,30.6,24.3,85,67.0,5.5,0.7,5.0
467410,2015-07-21,29.6,33.0,26.9,69,0.0,0.0,8.9,5.2
467410,2015-07-22,27.3,31.6,24.7,82,38.0,6.1,1.6,3.8
467410,2015-07-23,28.6,31.7,25.9,78,0.0,0.0,6.2,3.6
467410,2015-07-24,28.8,31.4,26.3,76,0.0,0.0,9.9,2.7
467410,2015-07-25,29.1,31.9,26.7,79,0.0,0.0,9.7,2.7
467410,2015-07-26,29.6,32.5,27.0,78,0.0,0.0,8.9,2.5
467410,2015-07-27,28.3,32.2,23.8,80,16.5,2.1,6.3,2.1
467410,2015-07-28,27.8,32.0,25.1,75,1.0,1.7,5.0,2.4
467410,2015-07-29,28.9,32.6,26.1,73,0.0,0.0,6.5,1.9
467410,2015-07-30,29.3,32.6,26.6,73,0.0,0.0,12.2,2.4
467410,2015-07-31,29.8,33.2,27.2,73,0.0,0.0,11.2,2.3
467410,2015-08-01,29.7,32.5,27.6,75,0.0,0.1,8.6,2.7
467410,2015-08-02,30.1,33.4,28.0,72,0.0,0.0,10.2,2.7
467410,2015-08-03,30.1,33.9,27.7,69,0.0,0.0,12.2,2.9
467410,2015-08-04,30.2,34.8,27.4,68,0.0,0.0,11.9,2.9
467410,2015-08-05,29.8,33.0,27.3,68,0.0,0.0,11.7,3.1
467410,2015-08-06,30.0,33.0,27.4,72,0.0,0.0,9.1,3.2
467410,2015-08-07,30.1,34.2,27.3,76,0.0,0.0,4.1,4.7
467410,2015-08-08,25.3,28.7,23.4,95,151.5,18.8,0.0,11.0
467410,2015-08-09,26.7,29.7,23.6,93,126.0,11.3,0.0,6.5
467410,2015-08-10,29.1,32.6,26.3,80,0.0,0.0,10.1,4.3
467410,2015-08-11,29.4,33.2,27.1,79,0.0,0.0,11.5,3.2
467410,2015-08-12,29.1,32.7,27.2,80,0.0,0.2,8.6,2.9
467410,2015-08-13,28.2,32.8,24.7,81,13.5,1.5,3.7,2.2
467410,2015-08-14,28.3,32.4,25.4,82,16.5,2.6,5.9,3.0
467410,2015-08-15,28.6,31.9,25.6,79,1.0,0.7,3.4,2.3
467410,2015-08-16,28.7,32.5,26.8,82,5.5,0.5,4.4,2.0
467410,2015-08-17,27.7,31.1,25.3,83,16.5,5.1,1.0,1.7
467410,2015-08-18,29.1,33.2,26.7,78,0.0,0.0,4.2,1.8
467410,2015-08-19,29.0,32.5,26.8,80,0.0,0.0,5.9,1.7
467410,2015-08-20,29.3,32.4,26.6,79,0.0,0.0,7.1,1.5
467410,2015-08-21,30.3,33.2,27.7,77,0.0,0.0,8.2,1.7
467410,2015-08-22,30.1,33.9,28.2,79,0.0,0.0,3.0,2.1
467410,2015-08-23,29.1,32.3,28.0,84,1.5,0.3,2.5,4.4
467410,2015-08-24,29.3,33.2,26.4,80,4.5,1.7,3.5,2.4
467410,2015-08-25,27.8,32.1,25.5,86,25.6,4.5,3.4,3.5
467410,2015-08-26,26.6,29.8,24.9,92,56.5,8.9,0.1,2.5
467410,2015-08-27,26.1,29.4,24.8,92,25.5,8.4,0.5,3.0
467410,2015-08-28,25.7,28.9,23.9,89,20.5,7.0,0.0,3.1
467410,2015-08-29,24.6,27.0,23.4,91,89.0,10.8,0.0,3.2
467410,2015-08-30,25.3,26.7,23.7,88,39.5,8.4,0.0,2.5
467410,2015-08-31,25.8,28.2,24.2,87,36.5,4.8,0.9,2.4
467410,2015-09-01,28.0,32.0,24.8,79,0.0,0.0,2.7,2.2
467410,2015-09-02,28.6,32.2,26.2,78,0.5,1.0,8.6,2.4
467410,2015-09-03,29.4,32.9,26.3,72,0.0,0.0,7.3,2.2
467410,2015-09-04,29.5,33.1,27.2,75,0.0,0.0,9.8,2.6
467410,2015-09-05,29.3,32.7,27.2,76,0.0,0.0,8.6,1.9
467410,2015-09-06,29.5,32.4,27.3,79,0.0,0.0,8.9,2.1
467410,2015-09-07,26.5,28.9,24.6,90,49.5,8.1,0.0,2.0
467410,2015-09-08,27.8,31.6,25.5,81,0.0,0.0,3.3,2.2
467410,2015-09-09,28.5,32.2,25.5,74,0.0,0.0,8.9,2.5
467410,2015-09-10,27.9,31.2,25.5,73,0.0,0.0,6.4,2.2
467410,2015-09-11,28.2,31.4,25.8,68,0.0,0.0,10.2,2.0
467410,2015-09-12,28.8,32.3,26.8,67,0.0,0.0,8.7,2.3
467410,2015-09-13,28.8,32.8,26.4,69,0.0,0.0,9.2,2.0
467410,2015-09-14,28.9,32.1,26.2,70,0.0,0.1,8.6,2.3
467410,2015-09-15,29.4,33.2,27.0,72,0.0,0.0,7.1,1.9
467410,2015-09-16,29.0,32.4,26.9,75,0.0,0.0,5.6,1.9
467410,2015-09-17,28.7,31.8,26.4,74,0.0,0.0,9.4,2.1
467410,2015-09-18,28.1,32.3,25.4,70,0.0,0.0,9.6,2.7
467410,2015-09-19,28.1,31.2,25.1,69,0.0,0.0,9.5,1.8
467410,2015-09-20,28.3,31.6,26.4,71,0.0,0.0,6.9,2.3
467410,2015-09-21,27.5,31.2,24.7,80,26.0,1.7,2.6,1.7
467410,2015-09-22,28.7,32.6,26.3,78,0.0,0.0,7.1,2.7
467410,2015-09-23,29.0,32.9,26.0,75,0.0,0.0,10.4,2.5
467410,2015-09-24,29.2,32.2,27.0,78,0.0,0.0,9.0,2.3
467410,2015-09-25,29.5,32.8,27.4,76,0.0,0.0,6.2,2.3
467410,2015-09-26,29.3,33.7,26.4,71,0.0,0.0,10.1,3.9
467410,2015-09-27,26.9,30.1,25.0,69,0.0,0.0,4.8,5.6
467410,2015-09-28,25.7,27.2,24.5,90,45.5,12.8,0.0,7.7
467410,2015-09-29,27.1,29.3,24.5,90,70.5,8.6,0.0,6.6
467410,2015-09-30,29.2,33.4,26.3,77,0.0,0.0,6.9,3.1
467410,2015-10-01,29.0,32.5,26.8,81,0.0,0.0,7.4,1.8
467410,2015-10-02,28.7,32.7,26.2,80,0.0,0.0,6.9,3.3
467410,2015-10-03,28.4,32.6,25.8,81,0.0,0.0,9.1,2.6
467410,2015-10-04,28.6,32.5,26.1,80,0.0,0.0,10.2,2.5
467410,2015-10-05,28.8,32.2,26.8,79,0.0,0.0,10.0,1.8
467410,2015-10-06,28.7,32.0,26.8,77,0.0,0.0,8.1,2.0
467410,2015-10-07,28.3,31.3,26.5,77,0.0,0.0,8.8,1.7
467410,2015-10-08,28.3,32.2,26.1,74,0.0,0.0,7.8,1.9
467410,2015-10-09,27.2,30.9,24.4,80,13.5,1.6,5.9,2.7
467410,2015-10-10,26.9,31.3,24.1,74,0.0,0.0,5.3,3.1
467410,2015-10-11,25.5,30.0,22.6,68,0.0,0.0,5.9,3.9
467410,2015-10-12,25.3,29.2,22.0,69,0.0,0.0,2.6,2.5
467410,2015-10-13,26.2,29.8,23.6,69,0.0,0.0,4.6,2.5
467410,2015-10-14,24.9,28.9,21.4,67,0.0,0.0,9.4,3.1
467410,2015-10-15,25.1,29.6,21.1,69,0.0,0.0,8.7,3.6
467410,2015-10-16,25.9,30.5,21.9,71,0.0,0.0,9.0,2.6
467410,2015-10-17,26.2,30.9,22.9,71,0.0,0.0,9.0,2.6
467410,2015-10-18,25.5,30.4,22.1,72,0.0,0.0,7.3,3.2
467410,2015-10-19,26.2,30.3,23.2,77,0.0,0.0,2.3,2.1
467410,2015-10-20,26.3,28.4,24.9,88,2.5,4.6,0.0,1.5
467410,2015-10-21,25.4,26.5,24.8,93,5.5,7.1,0.0,1.9
467410,2015-10-22,25.7,28.7,24.0,89,9.5,2.2,0.0,1.7
467410,2015-10-23,26.3,29.9,23.5,83,0.0,0.0,3.1,2.7
467410,2015-10-24,27.2,31.1,24.4,82,0.0,0.0,7.2,1.5
467410,2015-10-25,27.5,30.8,25.4,79,0.0,0.0,5.6,1.5
467410,2015-10-26,26.8,29.2,25.3,80,0.0,0.0,4.0,2.2
467410,2015-10-27,27.0,30.6,25.4,75,0.0,0.0,9.0,2.0
467410,2015-10-28,26.7,30.1,24.7,74,0.0,0.0,7.8,2.0
467410,2015-10-29,26.5,30.8,24.3,78,0.0,0.0,6.8,2.2
467410,2015-10-30,26.8,31.5,24.2,74,0.0,0.0,9.0,2.9
467410,2015-10-31,25.3,29.9,22.8,78,0.0,0.0,7.4,3.5
467410,2015-11-01,24.8,28.9,22.8,75,0.0,0.0,0.9,3.4
467410,2015-11-02,24.1,28.5,21.6,73,0.0,0.0,6.7,4.3
467410,2015-11-03,24.7,29.7,20.9,74,0.0,0.0,9.1,3.0
467410,2015-11-04,26.0,29.6,23.6,80,0.0,0.0,7.0,2.6
467410,2015-11-05,25.9,29.6,24.2,83,0.0,0.0,2.9,2.4
467410,2015-11-06,26.2,29.6,24.4,83,0.0,0.0,5.5,2.0
467410,2015-11-07,26.8,30.8,24.5,80,0.0,0.0,9.9,1.9
467410,2015-11-08,27.2,30.6,25.3,79,0.0,0.0,7.8,1.9
467410,2015-11-09,26.7,31.7,24.0,79,0.0,0.0,6.6,3.4
467410,2015-11-10,25.1,30.1,22.2,74,0.0,0.0,6.2,3.4
467410,2015-11-11,24.9,30.1,21.2,72,0.0,0.0,4.9,2.3
467410,2015-11-12,26.0,29.7,22.7,76,0.0,0.0,8.6,1.7
467410,2015-11-13,26.6,30.7,23.8,78,0.0,0.0,8.0,2.6
467410,2015-11-14,26.4,29.6,24.0,77,4.5,0.7,4.7,2.2
467410,2015-11-15,26.4,30.7,23.0,77,0.0,0.0,8.0,2.5
467410,2015-11-16,26.5,30.2,23.8,77,0.0,0.0,8.6,1.8
467410,2015-11-17,27.3,31.9,23.8,73,0.0,0.0,10.2,1.5
467410,2015-11-18,27.7,31.9,24.8,75,0.0,0.0,9.8,2.6
467410,2015-11-19,26.5,30.8,23.8,79,0.0,0.0,6.2,3.4
467410,2015-11-20,25.9,30.2,23.1,79,0.0,0.0,6.2,2.8
467410,2015-11-21,25.6,27.7,24.1,81,0.0,0.1,1.7,2.3
467410,2015-11-22,25.6,29.7,23.0,80,0.0,0.0,8.5,2.9
467410,2015-11-23,25.5,29.8,23.4,80,0.0,0.0,7.2,2.5
467410,2015-11-24,24.6,29.0,22.3,76,0.0,0.0,4.6,3.0
467410,2015-11-25,23.5,28.6,20.3,71,0.0,0.0,8.2,4.6
467410,2015-11-26,19.0,22.5,16.0,56,0.0,0.0,4.9,6.7
467410,2015-11-27,18.5,23.5,13.7,55,0.0,0.0,9.7,3.1
467410,2015-11-28,21.5,25.8,17.5,62,0.0,0.0,8.1,2.5
467410,2015-11-29,23.1,27.8,19.7,72,0.0,0.0,6.3,3.1
467410,2015-11-30,23.0,28.3,19.7,76,0.0,0.0,9.2,3.7
467410,2015-12-01,23.5,28.5,20.3,76,0.0,0.0,10.0,3.1
467410,2015-12-02,23.1,27.9,20.5,80,0.0,0.0,9.9,3.5
467410,2015-12-03,22.2,26.4,19.9,71,0.0,0.0,5.8,3.3
467410,2015-12-04,21.7,27.1,18.6,65,0.0,0.0,9.4,3.0
467410,2015-12-05,21.8,25.8,18.4,73,0.0,0.0,2.4,3.0
467410,2015-12-06,20.8,25.6,18.2,74,0.0,0.0,6.1,5.9
467410,2015-12-07,20.3,23.1,18.4,76,2.5,1.5,0.0,3.3
467410,2015-12-08,21.7,26.7,18.3,73,0.0,0.0,9.0,3.3
467410,2015-12-09,22.4,27.2,19.9,79,1.0,1.2,3.3,2.4
467410,2015-12-10,21.0,25.0,18.9,82,10.0,7.2,3.3,4.6
467410,2015-12-11,20.9,25.2,18.0,75,0.0,0.0,9.8,3.8
467410,2015-12-12,21.5,25.8,18.2,76,0.0,0.0,7.1,3.0
467410,2015-12-13,22.1,26.8,18.6,79,0.0,0.0,9.9,3.3
467410,2015-12-14,22.3,26.3,20.0,81,0.0,0.0,9.6,4.5
467410,2015-12-15,20.1,23.8,17.1,78,0.0,0.0,4.6,4.6
467410,2015-12-16,16.5,19.9,13.4,66,0.0,0.0,4.6,7.0
467410,2015-12-17,14.2,18.2,12.1,58,0.0,0.0,8.2,5.4
467410,2015-12-18,16.5,22.5,12.1,63,0.0,0.0,8.0,3.2
467410,2015-12-19,18.3,23.7,13.2,73,0.0,0.0,9.8,2.4
467410,2015-12-20,19.5,21.9,17.3,82,0.0,0.0,0.1,1.7
467410,2015-12-21,21.4,26.4,18.5,81,0.0,0.0,7.5,3.1
467410,2015-12-22,21.4,26.3,19.3,85,0.0,0.0,6.6,2.7
467410,2015-12-23,23.8,29.7,19.4,76,0.0,0.0,9.5,2.0
467410,2015-12-24,24.2,30.1,20.6,79,0.0,0.0,4.9,2.2
467410,2015-12-25,21.0,24.3,17.8,81,0.0,0.0,5.1,4.2
467410,2015-12-26,19.4,23.5,16.7,76,0.0,0.0,2.8,3.5
467410,2015-12-27,20.3,25.6,16.9,76,0.0,0.0,7.1,4.8
467410,2015-12-28,18.4,23.9,16.1,71,0.0,0.0,8.9,5.2
467410,2015-12-29,18.6,23.6,15.9,69,0.0,0.0,7.7,3.8
467410,2015-12-30,18.7,23.4,16.2,75,0.0,0.0,7.1,3.8
467410,2015-12-31,18.3,24.6,15.6,72,0.0,0.0,9.5,4.3
467410,2016-01-01,18.7,24.4,14.8,73,0.0,0.0,9.4,3.4
467410,2016-01-02,19.3,21.9,17.6,87,3.0,6.8,1.3,3.2
467410,2016-01-03,19.2,20.2,18.4,96,102.0,18.7,0.0,3.0
467410,2016-01-04,21.4,25.6,19.2,93,0.0,0.0,1.4,2.3
467410,2016-01-05,23.0,26.8,20.6,85,0.0,0.0,7.4,2.1
467410,2016-01-06,21.2,26.1,18.1,85,0.5,0.8,5.4,4.1
467410,2016-01-07,19.2,23.7,17.5,78,0.0,0.0,4.3,4.1
467410,2016-01-08,18.4,22.7,16.1,79,2.5,2.3,5.9,4.9
467410,2016-01-09,17.9,23.4,14.6,77,0.0,0.0,9.4,3.9
467410,2016-01-10,18.6,23.4,15.6,82,0.0,0.0,5.7,3.5
467410,2016-01-11,18.3,22.0,16.1,91,2.9,2.7,0.0,4.1
467410,2016-01-12,18.3,22.3,16.3,81,0.0,0.0,4.7,4.4
467410,2016-01-13,16.0,19.0,13.8,84,1.5,4.8,1.0,4.9
467410,2016-01-14,15.9,20.7,13.0,80,0.0,0.0,5.2,4.0
467410,2016-01-15,15.8,16.9,14.7,90,3.5,8.4,0.0,3.4
467410,2016-01-16,18.9,24.7,15.0,83,0.5,0.5,7.1,2.4
467410,2016-01-17,19.1,20.3,17.5,93,4.0,6.7,0.1,2.8
467410,2016-01-18,16.6,20.7,13.7,76,0.0,0.3,7.9,4.6
467410,2016-01-19,16.8,21.5,14.4,76,0.0,0.0,3.9,3.7
467410,2016-01-20,17.0,21.7,13.7,78,0.0,0.0,3.5,3.8
467410,2016-01-21,18.6,23.6,16.2,82,0.0,0.0,4.3,4.3
467410,2016-01-22,18.0,23.6,15.5,83,3.0,1.6,4.3,3.6
467410,2016-01-23,12.3,16.5,9.5,83,1.0,0.7,0.0,7.8
467410,2016-01-24,6.6,10.0,5.7,75,2.0,3.2,0.0,8.6
467410,2016-01-25,9.1,13.4,5.8,62,0.0,0.0,1.5,5.3
467410,2016-01-26,14.0,20.3,8.2,69,0.0,0.0,9.3,3.3
467410,2016-01-27,17.5,22.6,14.5,81,1.0,3.4,2.9,2.7
467410,2016-01-28,18.3,23.8,16.1,88,3.5,6.5,2.2,3.1
467410,2016-01-29,17.9,20.6,16.1,93,39.0,9.7,0.0,3.5
467410,2016-01-30,17.9,20.8,15.5,91,1.0,0.8,0.1,3.8
467410,2016-01-31,17.5,23.2,14.6,84,0.0,0.0,5.6,4.2
467410,2016-02-01,16.6,20.6,13.0,81,0.0,0.0,5.2,6.1
467410,2016-02-02,14.1,16.3,12.7,82,0.0,0.0,0.0,4.7
467410,2016-02-03,15.6,19.6,12.8,81,0.0,0.0,5.4,4.2
467410,2016-02-04,16.8,20.8,14.5,85,0.0,0.1,6.6,5.1
467410,2016-02-05,15.7,20.3,13.7,85,5.5,4.3,4.9,6.0
467410,2016-02-06,12.8,15.6,10.0,62,0.0,0.0,4.7,8.0
467410,2016-02-07,12.6,18.7,9.0,57,0.0,0.0,10.2,5.0
467410,2016-02-08,14.4,20.6,9.2,51,0.0,0.0,10.5,3.6
467410,2016-02-09,16.4,22.5,12.0,62,0.0,0.0,10.4,1.9
467410,2016-02-10,17.8,22.2,13.0,66,0.0,0.0,0.0,1.7
467410,2016-02-11,20.7,27.6,17.1,76,10.5,1.4,5.2,2.8
467410,2016-02-12,23.0,26.6,19.6,89,22.0,2.9,1.3,2.9
467410,2016-02-13,25.1,30.7,21.2,76,0.0,0.0,10.5,2.4
467410,2016-02-14,22.5,28.5,14.6,72,0.0,0.0,7.8,3.1
467410,2016-02-15,13.3,16.1,10.9,74,0.0,0.0,0.1,5.4
467410,2016-02-16,13.6,14.9,12.2,73,0.0,0.0,0.0,2.9
467410,2016-02-17,16.4,20.6,13.6,71,0.0,0.0,1.7,2.8
467410,2016-02-18,17.8,22.4,15.1,81,0.0,0.0,3.0,3.7
467410,2016-02-19,19.2,24.5,16.5,81,0.0,0.0,8.1,3.8
467410,2016-02-20,16.6,20.2,14.8,70,0.0,0.0,1.9,5.3
467410,2016-02-21,17.8,22.1,14.3,68,0.0,0.0,1.8,2.0
467410,2016-02-22,20.0,25.4,16.3,75,0.0,0.0,8.5,2.5
467410,2016-02-23,18.4,23.6,14.6,77,0.0,0.0,6.6,4.9
467410,2016-02-24,16.2,19.3,14.5,77,0.0,0.1,0.7,4.5
467410,2016-02-25,17.1,21.2,14.7,74,0.0,0.0,1.0,2.6
467410,2016-02-26,17.6,22.0,15.9,76,0.0,0.0,4.0,4.1
467410,2016-02-27,17.1,21.8,15.0,82,0.0,0.0,5.1,4.3
467410,2016-02-28,18.9,24.8,14.4,79,0.0,0.0,9.6,3.1
467410,2016-02-29,19.2,24.5,14.8,69,0.0,0.0,10.5,4.8
467410,2016-03-01,17.5,23.2,12.7,62,0.0,0.0,10.3,2.4
467410,2016-03-02,18.3,22.7,15.3,70,0.0,0.0,9.5,2.0
467410,2016-03-03,19.4,23.9,15.0,69,0.0,0.0,2.2,2.6
467410,2016-03-04,21.8,25.4,18.5,64,0.0,0.0,2.2,2.5
467410,2016-03-05,23.1,28.4,18.7,68,0.0,0.0,7.5,2.5
467410,2016-03-06,23.7,28.7,20.5,70,0.0,0.0,9.3,2.7
467410,2016-03-07,22.8,27.5,18.7,78,0.0,0.0,5.7,1.7
467410,2016-03-08,24.5,27.3,21.8,76,0.0,0.0,8.1,2.5
467410,2016-03-09,22.4,26.3,17.8,80,0.0,0.5,1.5,2.7
467410,2016-03-10,14.7,18.0,11.7,91,16.5,7.9,0.0,4.6
467410,2016-03-11,12.8,14.3,11.2,94,13.0,5.8,0.0,3.9
467410,2016-03-12,17.6,22.3,13.4,82,0.0,0.0,1.2,2.5
467410,2016-03-13,20.6,24.5,17.3,85,2.5,0.2,0.5,3.0
467410,2016-03-14,16.1,18.6,14.7,86,1.5,1.3,0.0,4.2
467410,2016-03-15,15.6,16.9,14.3,90,0.0,0.4,0.0,2.6
467410,2016-03-16,19.9,26.1,16.0,81,0.0,0.0,5.3,3.2
467410,2016-03-17,21.7,26.8,17.6,82,0.0,0.0,5.3,1.7
467410,2016-03-18,24.9,29.8,20.4,83,0.0,0.0,8.5,3.1
467410,2016-03-19,24.4,27.9,22.0,85,0.0,0.0,3.8,2.5
467410,2016-03-20,22.2,26.5,19.8,84,0.0,0.0,1.9,3.1
467410,2016-03-21,19.5,24.1,18.3,86,8.5,3.8,0.3,3.9
467410,2016-03-22,20.7,24.1,17.9,88,2.5,2.1,2.3,2.9
467410,2016-03-23,20.9,26.5,17.6,92,39.0,5.4,0.4,2.4
467410,2016-03-24,14.4,17.7,12.5,91,2.5,4.0,0.0,4.7
467410,2016-03-25,12.6,14.7,11.6,94,10.5,10.8,0.0,4.5
467410,2016-03-26,16.1,22.5,11.4,64,0.0,0.0,11.2,4.2
467410,2016-03-27,16.3,21.4,13.4,64,0.0,0.0,7.8,5.0
467410,2016-03-28,17.5,23.6,11.5,57,0.0,0.0,11.2,3.3
467410,2016-03-29,20.3,26.4,15.7,59,0.0,0.0,4.2,2.3
467410,2016-03-30,22.9,29.0,17.8,66,0.0,0.0,9.4,1.6
467410,2016-03-31,24.3,29.1,22.3,76,0.0,0.0,4.5,1.6
467410,2016-04-01,23.7,27.1,21.1,79,0.0,0.0,1.7,1.8
467410,2016-04-02,24.8,29.3,21.7,78,0.0,0.0,8.1,1.8
467410,2016-04-03,25.8,29.8,23.0,78,0.0,0.0,6.6,1.9
467410,2016-04-04,26.0,29.5,23.0,77,0.0,0.0,6.9,1.6
467410,2016-04-05,25.8,30.3,22.6,76,0.0,0.0,7.5,2.0
467410,2016-04-06,27.3,31.0,23.6,73,0.0,0.0,10.8,2.9
467410,2016-04-07,27.9,31.4,25.6,78,0.0,0.0,10.8,4.3
467410,2016-04-08,27.2,31.5,24.9,77,0.0,0.0,11.0,1.9
467410,2016-04-09,26.2,30.9,22.5,75,0.0,0.0,8.1,2.3
467410,2016-04-10,25.9,31.2,22.2,77,16.5,4.9,2.0,2.4
467410,2016-04-11,23.8,27.9,21.2,87,16.0,6.8,1.8,2.4
467410,2016-04-12,25.0,29.8,21.3,81,2.5,1.7,5.2,2.0
467410,2016-04-13,25.1,29.3,23.2,86,10.0,6.2,2.5,3.3
467410,2016-04-14,25.1,29.1,22.3,87,35.0,8.9,0.8,2.4
467410,2016-04-15,24.8,28.3,22.6,90,47.5,5.0,1.2,2.8
467410,2016-04-16,27.4,31.1,22.6,75,0.0,0.0,11.1,2.8
467410,2016-04-17,28.0,31.0,25.2,73,0.0,0.0,10.5,1.3
467410,2016-04-18,25.3,32.1,20.0,76,14.0,1.1,5.1,3.9
467410,2016-04-19,23.9,29.1,19.3,77,0.0,0.0,7.4,3.0
467410,2016-04-20,26.1,30.3,22.5,80,0.0,0.0,8.1,1.8
467410,2016-04-21,28.2,32.0,25.1,80,0.0,0.0,10.6,3.3
467410,2016-04-22,28.0,32.5,25.7,75,0.0,0.0,10.5,1.5
467410,2016-04-23,28.0,31.3,25.2,77,0.0,0.0,7.9,2.6
467410,2016-04-24,26.7,30.8,24.4,81,4.5,4.0,0.7,2.1
467410,2016-04-25,27.9,31.8,25.1,75,0.0,0.0,3.4,1.8
467410,2016-04-26,28.2,31.3,25.2,77,0.0,0.0,10.2,2.7
467410,2016-04-27,27.9,31.9,26.1,76,0.0,0.0,4.8,1.9
467410,2016-04-28,28.2,32.1,25.7,73,0.0,0.0,7.4,2.3
467410,2016-04-29,25.9,30.6,22.2,61,0.0,0.0,8.7,3.1
467410,2016-04-30,26.0,29.7,22.9,66,0.0,0.0,4.7,2.2
467410,2016-05-01,26.0,29.4,22.9,72,0.0,0.0,2.1,2.0
467410,2016-05-02,27.9,31.7,25.7,77,0.0,0.0,4.4,2.5
467410,2016-05-03,28.4,31.7,26.0,77,0.0,0.0,10.2,1.8
467410,2016-05-04,28.7,32.3,26.1,73,0.0,0.0,9.8,1.9
467410,2016-05-05,29.2,32.7,26.5,74,0.0,0.0,8.2,3.4
467410,2016-05-06,29.3,32.4,26.6,77,0.0,0.0,11.7,3.1
467410,2016-05-07,29.5,32.5,26.8,77,0.0,0.0,11.7,1.7
467410,2016-05-08,29.8,33.0,27.4,76,0.0,0.0,10.3,2.3
467410,2016-05-09,29.9,33.8,26.9,74,0.0,0.0,10.8,3.8
467410,2016-05-10,28.6,32.8,24.4,78,17.0,1.9,4.3,3.0
467410,2016-05-11,26.1,28.4,24.1,84,7.0,3.0,0.2,1.7
467410,2016-05-12,27.9,32.5,24.5,77,0.0,0.0,8.8,1.8
467410,2016-05-13,28.9,33.2,26.4,72,0.0,0.0,7.7,2.4
467410,2016-05-14,28.7,32.6,26.0,75,0.0,0.0,7.7,2.4
467410,2016-05-15,29.1,33.6,26.1,71,0.0,0.0,11.2,2.0
467410,2016-05-16,27.1,31.9,22.6,73,0.0,0.0,4.2,2.9
467410,2016-05-17,25.0,30.7,21.3,72,0.0,0.0,6.1,3.2
467410,2016-05-18,26.3,32.1,21.6,73,0.0,0.0,11.1,3.6
467410,2016-05-19,27.8,32.3,24.0,72,0.0,0.0,10.0,2.4
467410,2016-05-20,28.0,32.0,25.9,75,0.0,0.0,1.2,1.5
467410,2016-05-21,26.4,27.8,25.3,87,6.6,9.2,0.0,1.8
467410,2016-05-22,27.0,30.8,24.6,84,23.5,3.8,1.4,3.1
467410,2016-05-23,27.4,31.0,25.1,87,29.5,2.9,5.3,3.5
467410,2016-05-24,27.4,30.9,25.4,88,3.0,2.1,3.0,2.1
467410,2016-05-25,28.5,32.1,26.0,77,0.0,0.0,8.4,1.5
467410,2016-05-26,29.6,33.5,26.5,73,0.0,0.0,11.1,2.7
467410,2016-05-27,31.0,34.7,27.6,69,0.0,0.0,12.6,3.5
467410,2016-05-28,30.3,33.8,27.9,73,0.0,0.0,11.9,3.9
467410,2016-05-29,29.8,33.0,28.0,79,0.2,0.1,9.9,2.6
467410,2016-05-30,30.0,32.8,27.8,79,0.5,0.2,7.2,2.0
467410,2016-05-31,30.4,33.4,27.9,76,0.0,0.0,12.1,2.2
467410,2016-06-01,30.3,33.7,28.3,76,0.0,0.0,10.9,2.4
467410,2016-06-02,29.9,32.8,28.1,79,0.5,0.3,4.7,2.3
467410,2016-06-03,30.1,33.5,27.3,80,4.5,2.0,10.0,2.5
467410,2016-06-04,30.3,33.1,28.4,78,1.5,0.1,10.9,2.4
467410,2016-06-05,29.4,33.4,25.4,79,14.5,2.1,6.6,2.2
467410,2016-06-06,28.7,32.1,26.4,79,0.5,0.4,4.5,2.1
467410,2016-06-07,29.1,32.6,26.3,78,7.5,0.5,9.7,2.0
467410,2016-06-08,28.9,32.8,26.6,78,0.0,0.0,7.3,2.9
467410,2016-06-09,28.2,31.1,25.5,81,13.0,1.1,2.1,2.8
467410,2016-06-10,25.8,27.1,24.8,92,44.0,15.4,0.0,3.4
467410,2016-06-11,25.2,26.3,24.0,94,137.0,16.8,0.0,3.7
467410,2016-06-12,26.3,29.8,24.7,90,46.0,7.3,1.1,3.4
467410,2016-06-13,25.6,28.4,24.0,92,89.5,10.7,0.0,2.6
467410,2016-06-14,28.3,31.8,24.8,85,6.0,1.8,6.1,3.1
467410,2016-06-15,29.1,32.4,26.1,85,4.5,1.1,7.8,3.2
467410,2016-06-16,29.4,32.9,26.8,84,6.0,3.3,8.5,2.7
467410,2016-06-17,29.7,33.2,27.2,80,0.0,0.0,11.7,2.9
467410,2016-06-18,30.2,33.4,27.4,77,0.0,0.0,11.9,2.7
467410,2016-06-19,29.9,34.6,27.4,76,1.5,0.9,6.5,2.1
467410,2016-06-20,29.6,33.4,26.6,72,0.0,0.0,8.9,2.0
467410,2016-06-21,30.0,33.7,27.0,73,0.0,0.0,10.1,2.2
467410,2016-06-22,30.7,33.9,28.3,74,0.0,0.0,12.3,2.6
467410,2016-06-23,30.3,33.9,28.2,76,0.0,0.0,8.7,2.7
467410,2016-06-24,30.7,33.7,27.8,73,0.0,0.0,10.9,3.2
467410,2016-06-25,30.9,33.8,28.3,75,0.0,0.0,12.4,3.2
467410,2016-06-26,30.8,34.1,28.7,74,0.0,0.0,7.0,2.2
467410,2016-06-27,31.2,34.7,28.3,72,0.0,0.0,9.9,2.2
467410,2016-06-28,31.6,35.1,28.9,69,0.0,0.0,9.3,4.6
467410,2016-06-29,31.1,34.5,28.7,71,0.0,0.0,11.5,4.3
467410,2016-06-30,30.4,33.8,27.3,73,0.0,0.0,10.3,3.0
467410,2016-07-01,30.7,34.7,28.3,71,0.0,0.0,8.7,2.4
467410,2016-07-02,31.1,34.4,28.3,71,0.0,0.0,10.4,3.6
467410,2016-07-03,30.5,33.8,27.9,76,1.0,0.3,8.2,3.8
467410,2016-07-04,30.6,34.7,27.8,71,0.0,0.0,10.7,3.5
467410,2016-07-05,30.9,34.2,27.0,68,0.0,0.0,6.7,3.5
467410,2016-07-06,30.8,34.1,28.7,71,0.0,0.0,8.9,1.9
467410,2016-07-07,30.7,34.2,28.2,71,0.0,0.0,4.3,2.9
467410,2016-07-08,27.1,29.6,24.7,90,155.0,13.6,0.0,7.6
467410,2016-07-09,27.9,30.1,25.6,91,22.5,9.1,0.0,5.6
467410,2016-07-10,27.0,28.8,24.9,90,27.0,6.0,0.1,4.0
467410,2016-07-11,26.2,27.9,24.7,93,117.5,9.2,0.8,3.7
467410,2016-07-12,26.9,30.8,25.0,92,31.5,4.6,1.8,4.0
467410,2016-07-13,29.3,33.2,25.4,78,0.0,0.0,10.2,3.5
467410,2016-07-14,30.1,33.2,27.5,77,0.0,0.0,11.4,3.2
467410,2016-07-15,30.1,33.5,27.7,78,0.0,0.0,8.4,2.2
467410,2016-07-16,30.5,33.8,27.8,77,0.0,0.0,10.5,2.2
467410,2016-07-17,30.4,33.5,28.6,77,0.0,0.0,6.1,2.3
467410,2016-07-18,29.5,33.5,26.2,73,0.0,0.0,8.7,2.6
467410,2016-07-19,29.8,33.5,27.2,71,0.0,0.0,6.6,2.6
467410,2016-07-20,30.1,33.5,27.1,72,0.0,0.0,11.2,2.5
467410,2016-07-21,30.7,34.6,27.6,71,0.0,0.0,12.1,2.1
467410,2016-07-22,30.9,33.8,28.6,70,0.0,0.0,10.0,2.3
467410,2016-07-23,30.5,33.9,27.7,68,0.0,0.0,11.7,2.2
467410,2016-07-24,30.8,34.1,28.4,70,0.5,0.5,10.3,2.1
467410,2016-07-25,31.3,34.5,28.7,67,0.0,0.3,7.7,3.3
467410,2016-07-26,31.2,35.0,29.0,66,0.0,0.0,12.0,2.3
467410,2016-07-27,31.0,34.4,28.2,70,0.0,0.0,12.3,2.1
467410,2016-07-28,30.6,33.7,27.6,72,0.0,0.0,11.0,2.4
467410,2016-07-29,30.3,34.2,27.9,71,0.0,0.0,9.4,2.5
467410,2016-07-30,30.0,34.4,27.1,73,5.0,1.9,7.4,2.7
467410,2016-07-31,29.8,34.0,26.0,78,14.0,2.3,8.5,2.1
467410,2016-08-01,28.6,30.1,27.1,80,2.5,4.5,1.2,3.2
467410,2016-08-02,30.4,34.5,26.7,70,0.0,0.0,10.2,4.1
467410,2016-08-03,30.0,33.6,27.9,74,4.5,1.5,8.7,2.4
467410,2016-08-04,30.6,34.4,28.1,74,0.5,0.3,10.4,2.5
467410,2016-08-05,30.4,33.6,28.4,72,0.0,0.0,11.9,2.7
467410,2016-08-06,30.3,33.9,28.5,77,0.0,0.0,5.7,2.6
467410,2016-08-07,30.0,33.5,27.3,77,5.5,0.7,8.2,2.7
467410,2016-08-08,30.2,34.0,27.1,77,0.5,0.1,7.1,3.4
467410,2016-08-09,29.6,32.9,27.5,77,0.0,0.0,3.5,2.2
467410,2016-08-10,29.3,34.1,26.8,75,0.5,0.7,5.1,2.1
467410,2016-08-11,28.5,32.8,25.6,81,5.0,2.2,1.1,3.3
467410,2016-08-12,27.0,29.1,25.3,89,22.5,12.0,0.0,2.1
467410,2016-08-13,26.5,27.3,25.8,89,4.0,5.6,0.0,2.7
467410,2016-08-14,28.5,32.6,26.1,81,0.0,0.2,3.5,2.0
467410,2016-08-15,29.1,32.7,26.8,75,0.0,0.0,3.7,3.3
467410,2016-08-16,27.2,31.9,25.1,84,12.5,4.0,1.8,4.3
467410,2016-08-17,27.7,31.4,25.5,85,6.0,2.5,2.1,3.8
467410,2016-08-18,28.8,32.6,26.1,82,4.0,1.5,2.9,3.0
467410,2016-08-19,28.0,32.8,24.3,83,5.5,3.0,7.9,2.7
467410,2016-08-20,29.4,33.2,25.8,75,0.0,0.0,11.8,1.7
467410,2016-08-21,29.9,33.5,27.4,73,0.0,0.0,9.8,1.9
467410,2016-08-22,30.4,34.0,28.1,74,0.0,0.0,9.0,2.6
467410,2016-08-23,30.3,33.7,28.5,76,0.0,0.0,9.5,1.9
467410,2016-08-24,30.2,33.6,28.4,78,0.0,0.1,8.0,2.5
467410,2016-08-25,30.1,33.0,28.2,77,0.0,0.0,7.3,2.2
467410,2016-08-26,30.3,33.2,28.6,77,0.0,0.0,6.9,2.5
467410,2016-08-27,30.5,34.5,27.9,74,0.0,0.0,9.1,2.4
467410,2016-08-28,30.3,34.3,27.8,75,0.0,0.0,6.6,2.6
467410,2016-08-29,28.9,32.2,25.0,80,18.0,1.5,4.0,2.0
467410,2016-08-30,28.3,32.9,26.2,71,0.0,0.0,0.7,2.5
467410,2016-08-31,28.9,32.7,25.3,67,0.0,0.0,9.8,2.2
467410,2016-09-01,29.2,33.6,26.7,70,0.0,0.0,7.9,2.5
467410,2016-09-02,26.2,28.5,24.9,90,124.0,9.8,0.0,2.8
467410,2016-09-03,27.6,31.3,25.1,88,5.5,1.8,1.1,2.3
467410,2016-09-04,28.1,31.5,25.8,86,7.5,5.3,1.8,2.0
467410,2016-09-05,28.4,32.2,26.3,84,6.0,2.4,4.4,2.5
467410,2016-09-06,25.7,27.9,24.2,92,250.0,15.3,0.2,3.1
467410,2016-09-07,25.0,29.7,23.9,94,130.5,17.7,0.5,3.2
467410,2016-09-08,26.4,30.5,24.4,85,12.0,4.5,2.0,2.4
467410,2016-09-09,28.5,32.8,25.5,78,0.0,0.0,5.7,2.3
467410,2016-09-10,28.9,32.4,26.3,78,0.0,0.0,9.7,2.2
467410,2016-09-11,30.0,33.9,27.0,73,0.0,0.0,10.1,1.6
467410,2016-09-12,29.9,33.8,27.3,74,0.0,0.0,9.9,3.3
467410,2016-09-13,28.8,32.0,26.5,78,0.0,0.0,4.8,3.5
467410,2016-09-14,26.2,28.8,23.6,91,80.0,16.2,0.0,8.3
467410,2016-09-15,26.9,31.1,22.8,88,59.5,10.8,2.7,5.3
467410,2016-09-16,29.3,32.7,26.1,73,0.0,0.0,10.1,3.6
467410,2016-09-17,28.7,31.6,27.3,81,0.0,0.1,5.0,3.3
467410,2016-09-18,29.0,33.1,25.2,73,0.0,0.0,9.5,3.4
467410,2016-09-19,28.4,32.7,26.1,71,0.0,0.0,6.5,2.3
467410,2016-09-20,28.4,33.0,25.5,71,0.0,0.0,7.2,2.0
467410,2016-09-21,28.4,32.9,25.8,71,0.0,0.0,10.6,2.1
467410,2016-09-22,28.7,33.1,26.1,71,0.0,0.0,7.3,1.6
467410,2016-09-23,28.8,32.0,26.4,74,0.3,0.4,4.2,1.9
467410,2016-09-24,28.5,31.6,26.0,76,0.0,0.0,5.6,2.3
467410,2016-09-25,28.7,33.3,25.6,75,0.0,0.0,9.3,2.6
467410,2016-09-26,29.0,33.5,26.6,76,0.0,0.0,5.2,3.2
467410,2016-09-27,26.4,28.2,24.4,91,266.5,15.2,0.0,11.1
467410,2016-09-28,25.4,29.1,24.1,97,104.0,20.5,0.0,6.8
467410,2016-09-29,27.9,32.3,24.3,84,135.0,8.1,6.2,4.2
467410,2016-09-30,27.3,33.3,24.3,84,39.5,5.5,5.3,2.0
467410,2016-10-01,27.0,31.5,25.5,87,11.5,3.2,0.8,1.6
467410,2016-10-02,28.5,32.7,25.8,77,0.0,0.0,9.1,3.1
467410,2016-10-03,28.3,32.0,26.6,80,0.0,0.0,6.4,2.4
467410,2016-10-04,28.6,31.5,26.3,76,0.0,0.0,8.4,1.7
467410,2016-10-05,29.2,32.0,26.9,75,0.0,0.0,8.1,1.7
467410,2016-10-06,28.0,31.0,25.3,81,1.5,2.0,1.5,1.9
467410,2016-10-07,27.9,32.2,25.7,78,0.0,1.2,4.5,2.2
467410,2016-10-08,25.7,26.6,24.5,92,25.0,14.4,0.0,3.3
467410,2016-10-09,24.8,26.4,22.8,93,19.0,8.8,0.3,3.1
467410,2016-10-10,24.8,29.5,22.1,87,11.5,4.7,2.0,3.3
467410,2016-10-11,26.6,32.2,23.2,83,0.0,0.2,5.5,3.2
467410,2016-10-12,27.3,31.3,24.5,80,0.0,0.0,6.7,2.3
467410,2016-10-13,26.8,31.5,23.7,78,0.0,0.0,5.5,2.7
467410,2016-10-14,27.0,31.2,23.8,78,0.0,0.0,5.6,2.3
467410,2016-10-15,27.8,32.3,24.9,78,0.0,0.0,8.0,1.5
467410,2016-10-16,28.2,32.1,25.8,79,0.0,0.0,9.7,1.6
467410,2016-10-17,28.3,32.0,26.1,80,0.0,0.0,4.6,1.6
467410,2016-10-18,28.6,31.7,27.2,79,0.0,0.0,4.9,1.5
467410,2016-10-19,28.4,31.6,26.1,80,0.0,0.0,6.7,1.7
467410,2016-10-20,29.1,31.2,27.0,76,0.0,0.0,1.0,1.3
467410,2016-10-21,29.1,33.3,27.0,75,0.5,2.3,3.5,4.7
467410,2016-10-22,29.1,31.8,27.6,80,0.0,0.0,6.7,4.2
467410,2016-10-23,28.8,32.1,27.2,80,0.0,0.0,8.6,2.1
467410,2016-10-24,28.6,32.7,26.3,75,0.0,0.0,10.3,2.9
467410,2016-10-25,28.4,31.6,26.2,77,0.0,0.0,9.3,1.8
467410,2016-10-26,28.9,32.4,26.7,74,0.0,0.0,9.8,2.7
467410,2016-10-27,28.5,31.8,26.7,75,0.0,0.0,7.6,2.0
467410,2016-10-28,28.0,31.4,25.9,78,0.0,0.0,2.5,2.1
467410,2016-10-29,27.6,31.3,24.1,76,0.0,0.0,3.7,3.0
467410,2016-10-30,26.4,31.4,23.1,70,0.0,0.0,7.3,3.0
467410,2016-10-31,26.4,31.3,23.6,71,0.0,0.0,9.4,3.0
467410,2016-11-01,25.1,30.0,22.5,68,0.0,0.0,5.4,3.4
467410,2016-11-02,23.6,28.5,20.7,66,0.0,0.0,10.0,4.3
467410,2016-11-03,24.2,29.2,20.1,64,0.0,0.0,8.9,3.0
467410,2016-11-04,24.8,29.6,21.5,68,0.0,0.0,10.2,2.4
467410,2016-11-05,24.9,29.2,22.3,73,0.0,0.0,10.2,2.7
467410,2016-11-06,25.8,29.9,22.9,71,0.0,0.0,10.2,2.1
467410,2016-11-07,26.4,30.3,23.8,71,0.0,0.0,9.5,2.3
467410,2016-11-08,25.6,30.1,21.8,70,0.0,0.0,8.6,3.7
467410,2016-11-09,23.6,28.7,20.4,66,0.0,0.0,9.7,3.4
467410,2016-11-10,22.8,26.6,20.5,69,0.0,0.0,2.2,3.9
467410,2016-11-11,23.5,27.8,19.8,73,0.0,0.0,1.8,2.0
467410,2016-11-12,25.9,30.3,23.7,70,0.0,0.0,8.9,2.8
467410,2016-11-13,25.4,29.4,22.3,76,0.0,0.0,9.3,2.2
467410,2016-11-14,26.1,30.4,23.3,76,0.0,0.0,8.2,1.8
467410,2016-11-15,25.7,30.6,23.4,77,0.0,0.0,3.7,2.2
467410,2016-11-16,25.5,30.1,23.0,75,0.0,0.0,8.8,2.3
467410,2016-11-17,25.3,29.8,22.7,78,0.0,0.0,6.5,2.5
467410,2016-11-18,25.7,30.1,23.4,79,0.0,0.0,4.7,2.4
467410,2016-11-19,26.8,32.4,22.9,72,0.0,0.0,6.3,2.3
467410,2016-11-20,26.6,29.9,23.9,73,0.0,0.0,1.2,1.9
467410,2016-11-21,25.8,29.1,23.7,72,0.0,0.0,1.7,3.5
467410,2016-11-22,24.6,26.5,23.3,83,2.0,3.3,0.0,3.1
467410,2016-11-23,22.4,24.8,20.0,85,0.0,1.3,0.1,4.0
467410,2016-11-24,21.9,26.5,18.7,75,0.0,0.0,8.9,3.6
467410,2016-11-25,23.3,27.9,19.6,74,0.0,0.0,8.6,2.3
467410,2016-11-26,23.8,26.7,21.8,78,0.0,0.0,0.9,3.0
467410,2016-11-27,19.5,21.9,18.4,87,43.4,12.5,0.0,5.6
467410,2016-11-28,20.8,24.3,18.0,78,0.0,0.0,1.2,2.3
467410,2016-11-29,22.1,25.6,18.7,74,0.0,0.0,1.8,2.4
467410,2016-11-30,22.4,24.5,20.8,79,3.5,0.8,0.0,3.1
467410,2016-12-01,21.7,26.0,18.7,81,0.0,0.0,7.2,4.5
467410,2016-12-02,21.1,25.5,18.3,77,0.0,0.0,2.1,3.8
467410,2016-12-03,22.0,27.4,18.4,79,0.0,0.0,9.1,3.5
467410,2016-12-04,23.0,28.2,19.9,83,0.0,0.0,7.7,2.8
467410,2016-12-05,23.5,28.3,21.1,82,0.0,0.0,5.7,3.0
467410,2016-12-06,21.5,24.1,19.7,66,0.0,0.0,0.1,4.5
467410,2016-12-07,21.8,25.3,19.1,71,0.0,0.0,4.4,2.8
467410,2016-12-08,21.5,26.3,19.2,74,0.0,0.0,7.2,3.8
467410,2016-12-09,21.7,26.7,18.3,77,0.0,0.0,9.4,3.4
467410,2016-12-10,22.6,27.3,19.6,74,0.0,0.0,9.8,1.7
467410,2016-12-11,22.1,26.9,18.8,77,0.0,0.0,8.7,2.2
467410,2016-12-12,22.7,26.5,19.7,72,0.0,0.0,7.9,3.2
467410,2016-12-13,23.2,29.4,19.1,68,0.0,0.0,9.0,3.3
467410,2016-12-14,20.9,26.4,17.9,70,0.0,0.0,9.2,4.7
467410,2016-12-15,17.7,22.3,14.9,66,0.0,0.0,5.8,5.1
467410,2016-12-16,16.3,18.9,14.3,62,0.0,0.0,0.0,3.8
467410,2016-12-17,18.8,23.6,14.4,65,0.0,0.0,9.7,2.1
467410,2016-12-18,20.4,25.5,18.2,70,0.0,0.0,6.6,2.3
467410,2016-12-19,21.0,27.1,16.9,78,0.0,0.0,9.4,2.9
467410,2016-12-20,22.1,28.2,18.7,81,0.0,0.0,8.1,2.4
467410,2016-12-21,23.4,28.0,20.5,81,0.0,0.0,7.0,2.0
467410,2016-12-22,23.0,29.0,19.6,78,0.0,0.0,6.5,4.0
467410,2016-12-23,21.6,26.2,18.3,69,0.0,0.0,6.6,2.8
467410,2016-12-24,21.8,25.5,18.6,69,0.0,0.0,6.8,2.1
467410,2016-12-25,21.8,26.5,19.4,73,0.0,0.0,6.8,3.0
467410,2016-12-26,21.7,25.2,19.2,77,0.0,0.0,7.4,3.1
467410,2016-12-27,18.5,21.2,14.5,74,0.0,0.0,0.2,6.4
467410,2016-12-28,14.9,15.9,13.9,81,2.0,5.0,0.0,4.1
467410,2016-12-29,16.6,20.0,14.7,75,0.0,0.0,0.4,4.4
467410,2016-12-30,18.0,21.6,14.4,74,0.0,0.0,0.1,2.2
467410,2016-12-31,19.8,24.9,16.0,78,0.0,0.0,5.6,2.5
467410,2017-01-01,20.9,25.7,17.8,81,0.0,0.0,8.9,1.8
467410,2017-01-02,20.8,25.5,18.4,82,0.0,0.0,8.3,2.7
467410,2017-01-03,20.8,26.4,18.1,83,0.0,0.0,6.3,1.9
467410,2017-01-04,21.3,25.8,18.9,82,0.0,0.0,6.9,2.2
467410,2017-01-05,21.3,25.5,18.7,80,0.0,0.0,6.8,2.5
467410,2017-01-06,20.8,25.7,17.8,82,0.0,0.0,6.9,2.8
467410,2017-01-07,22.4,27.2,19.4,77,0.0,0.0,6.7,2.4
467410,2017-01-08,22.6,27.5,19.7,75,0.0,0.0,9.9,3.4
467410,2017-01-09,20.4,26.3,17.6,74,0.0,0.0,9.1,3.4
467410,2017-01-10,19.6,25.3,15.7,72,0.0,0.0,8.4,3.2
467410,2017-01-11,20.1,25.5,16.6,73,0.0,0.0,8.5,3.2
467410,2017-01-12,20.5,24.6,18.4,80,0.0,0.0,8.1,3.5
467410,2017-01-13,19.9,24.4,16.8,78,0.0,0.0,4.4,4.0
467410,2017-01-14,17.1,20.0,14.7,78,0.0,0.0,1.2,4.0
467410,2017-01-15,17.5,21.9,15.2,73,0.0,0.0,2.8,3.2
467410,2017-01-16,18.0,22.6,15.0,72,0.0,0.0,8.5,3.6
467410,2017-01-17,18.8,23.7,16.0,73,0.0,0.0,8.2,3.7
467410,2017-01-18,20.2,26.2,17.3,79,0.0,0.0,8.3,3.8
467410,2017-01-19,21.0,27.3,18.2,78,0.0,0.0,10.0,3.6
467410,2017-01-20,17.5,22.4,13.1,74,0.0,0.0,6.1,5.5
467410,2017-01-21,15.5,20.3,13.1,67,0.0,0.0,1.1,4.6
467410,2017-01-22,16.8,22.2,14.1,64,0.0,0.0,2.9,3.9
467410,2017-01-23,17.5,22.6,14.0,62,0.0,0.0,4.0,2.4
467410,2017-01-24,17.6,22.5,14.8,67,0.0,0.0,3.1,3.5
467410,2017-01-25,17.3,22.5,14.7,71,0.0,0.0,5.1,4.7
467410,2017-01-26,17.1,23.7,13.3,70,0.0,0.0,9.9,4.3
467410,2017-01-27,18.4,24.6,14.5,68,0.0,0.0,10.4,4.2
467410,2017-01-28,19.0,25.1,14.6,74,0.0,0.0,10.2,2.6
467410,2017-01-29,20.7,28.1,16.6,75,0.0,0.0,7.1,2.7
467410,2017-01-30,20.8,27.1,16.4,72,0.0,0.0,9.0,3.7
467410,2017-01-31,18.3,23.5,15.0,73,0.0,0.0,1.2,3.9
467410,2017-02-01,19.3,23.4,16.9,74,0.0,0.5,0.7,3.9
467410,2017-02-02,18.1,23.0,15.3,71,0.0,0.0,6.9,4.0
467410,2017-02-03,18.7,23.9,15.5,73,0.0,0.0,8.3,3.1
467410,2017-02-04,19.1,23.2,17.2,80,0.0,0.0,0.3,2.8
467410,2017-02-05,19.5,23.9,16.5,79,0.0,0.0,0.3,3.2
467410,2017-02-06,19.2,25.7,16.2,74,0.0,0.0,8.1,3.4
467410,2017-02-07,19.2,24.3,15.9,68,0.0,0.0,6.1,2.2
467410,2017-02-08,19.3,23.5,16.5,72,0.0,0.0,9.9,3.9
467410,2017-02-09,15.1,18.5,12.3,65,0.0,0.0,5.8,7.1
467410,2017-02-10,13.7,17.7,11.1,56,0.0,0.0,0.9,4.0
467410,2017-02-11,12.1,14.1,9.7,75,0.5,2.8,0.0,3.4
467410,2017-02-12,15.4,19.5,11.7,66,0.5,0.5,3.1,2.8
467410,2017-02-13,17.2,23.1,13.0,67,0.0,0.0,10.2,3.3
467410,2017-02-14,17.8,23.7,13.5,68,0.0,0.0,10.3,3.1
467410,2017-02-15,18.0,22.6,14.5,69,0.0,0.0,10.4,2.7
467410,2017-02-16,19.0,25.2,13.4,66,0.0,0.0,8.6,2.6
467410,2017-02-17,21.9,27.2,18.0,57,0.0,0.0,10.2,2.8
467410,2017-02-18,19.9,25.5,17.0,74,0.0,0.0,8.6,4.3
467410,2017-02-19,20.2,25.2,16.2,74,0.0,0.0,9.2,2.5
467410,2017-02-20,24.1,29.0,20.0,72,0.0,0.0,6.0,2.7
467410,2017-02-21,22.2,26.3,19.4,74,0.0,0.0,6.7,3.4
467410,2017-02-22,23.2,27.9,18.9,77,0.0,0.0,2.6,2.6
467410,2017-02-23,22.2,28.2,14.7,75,0.0,0.0,8.3,3.9
467410,2017-02-24,16.0,19.9,14.3,73,0.0,0.0,1.5,4.5
467410,2017-02-25,17.1,22.3,14.1,74,0.0,0.0,4.9,4.3
467410,2017-02-26,16.7,21.4,13.9,71,0.0,0.0,8.9,5.2
467410,2017-02-27,17.8,23.9,13.7,67,0.0,0.0,7.3,3.0
467410,2017-02-28,18.9,23.8,14.9,68,0.0,0.0,10.2,3.2
467410,2017-03-01,19.1,23.6,15.9,69,0.0,0.0,10.7,4.5
467410,2017-03-02,18.7,24.1,14.6,61,0.0,0.0,9.9,4.7
467410,2017-03-03,18.5,23.8,13.6,60,0.0,0.0,5.3,2.9
467410,2017-03-04,21.6,26.1,17.6,63,0.0,0.0,9.8,2.1
467410,2017-03-05,23.6,27.9,20.0,67,0.0,0.0,9.5,2.5
467410,2017-03-06,21.1,25.4,16.4,71,0.5,0.8,8.7,4.5
467410,2017-03-07,17.1,19.6,15.6,70,0.0,0.3,0.0,3.5
467410,2017-03-08,15.7,16.5,14.9,81,0.5,3.2,0.0,3.5
467410,2017-03-09,19.7,24.6,15.8,72,0.0,0.0,6.7,2.0
467410,2017-03-10,22.3,28.3,18.6,75,11.8,1.6,3.1,3.1
467410,2017-03-11,21.5,25.7,18.4,79,0.0,0.0,6.6,3.5
467410,2017-03-12,23.0,27.3,19.8,78,0.0,0.0,8.3,2.3
467410,2017-03-13,25.0,29.7,22.0,73,0.0,0.0,10.5,2.9
467410,2017-03-14,19.4,22.9,16.1,70,0.0,0.0,4.4,4.5
467410,2017-03-15,19.9,24.2,16.0,67,0.0,0.0,2.3,2.0
467410,2017-03-16,20.6,24.5,18.3,71,0.0,0.0,2.3,3.1
467410,2017-03-17,21.6,26.9,17.6,73,0.0,0.0,8.0,3.3
467410,2017-03-18,23.1,27.5,20.2,74,0.0,0.0,2.6,2.3
467410,2017-03-19,23.6,28.0,20.7,75,0.0,0.0,2.0,3.2
467410,2017-03-20,24.7,28.1,21.7,75,0.0,0.0,5.3,2.3
467410,2017-03-21,24.5,30.2,20.8,72,0.0,0.0,8.2,3.2
467410,2017-03-22,22.6,27.7,19.3,72,0.0,0.4,8.0,3.2
467410,2017-03-23,23.6,30.1,18.9,69,0.0,0.0,10.1,4.5
467410,2017-03-24,23.0,28.3,18.9,72,0.0,0.0,7.8,2.8
467410,2017-03-25,22.3,27.5,17.3,71,0.0,0.0,8.1,4.4
467410,2017-03-26,16.2,17.5,14.4,78,0.0,0.6,0.0,4.2
467410,2017-03-27,21.2,26.6,16.0,64,0.0,0.0,9.2,2.1
467410,2017-03-28,22.5,27.0,19.4,63,0.0,0.0,7.9,2.0
467410,2017-03-29,23.9,28.9,20.9,57,0.0,0.0,5.0,2.5
467410,2017-03-30,24.4,28.7,20.6,65,0.0,0.0,6.0,1.8
467410,2017-03-31,24.0,29.5,17.2,71,0.0,0.0,8.4,3.7
467410,2017-04-01,18.5,23.4,14.9,64,1.0,1.9,4.4,5.7
467410,2017-04-02,20.3,25.2,15.8,44,0.0,0.0,10.9,3.0
467410,2017-04-03,21.7,25.9,17.7,52,0.0,0.0,11.0,2.4
467410,2017-04-04,22.5,26.2,19.0,60,0.0,0.0,9.3,2.3
467410,2017-04-05,24.0,28.5,20.5,56,0.0,0.0,10.5,2.4
467410,2017-04-06,25.1,28.6,21.3,63,0.0,0.0,4.7,2.0
467410,2017-04-07,25.2,28.0,23.4,74,0.0,0.0,1.8,2.7
467410,2017-04-08,26.2,30.1,23.4,75,0.0,0.0,10.4,2.5
467410,2017-04-09,26.1,29.7,24.2,80,0.0,0.0,5.7,2.9
467410,2017-04-10,27.3,32.3,24.7,70,0.0,0.0,7.8,2.4
467410,2017-04-11,27.2,30.6,25.8,77,1.0,0.9,3.8,2.6
467410,2017-04-12,21.4,26.4,17.5,90,30.5,7.9,0.0,3.4
467410,2017-04-13,19.9,23.3,17.3,86,3.5,3.6,0.0,2.8
467410,2017-04-14,24.4,29.0,20.3,76,0.0,0.0,7.9,1.7
467410,2017-04-15,26.8,31.2,23.3,72,0.0,0.0,10.7,1.4
467410,2017-04-16,27.5,31.3,24.7,72,0.0,0.0,8.9,2.0
467410,2017-04-17,27.9,32.0,24.9,75,0.0,0.0,9.3,2.2
467410,2017-04-18,27.2,30.0,25.5,78,0.0,0.0,8.2,2.6
467410,2017-04-19,27.8,31.4,25.5,77,1.0,0.7,10.1,2.9
467410,2017-04-20,27.7,31.0,25.0,74,0.0,0.0,5.6,2.1
467410,2017-04-21,27.7,31.3,25.7,73,0.5,0.5,5.1,2.2
467410,2017-04-22,21.7,26.6,18.9,81,25.5,3.4,0.0,3.5
467410,2017-04-23,21.7,23.7,19.1,79,1.0,0.7,0.0,1.5
467410,2017-04-24,24.2,28.5,21.3,75,0.5,3.3,2.3,1.8
467410,2017-04-25,26.2,30.0,22.9,73,0.0,0.0,4.1,2.0
467410,2017-04-26,27.6,31.2,25.0,76,0.0,0.0,9.1,2.3
467410,2017-04-27,22.2,26.9,17.2,79,0.0,1.7,0.7,4.2
467410,2017-04-28,21.5,27.1,16.9,62,0.0,0.0,9.4,4.1
467410,2017-04-29,24.0,28.9,19.7,57,0.0,0.0,11.2,1.8
467410,2017-04-30,25.2,29.4,21.3,55,0.0,0.0,11.8,1.5
467410,2017-05-01,26.4,30.1,22.4,57,0.0,0.0,9.3,1.8
467410,2017-05-02,27.7,32.3,24.5,63,0.0,0.0,9.9,1.7
467410,2017-05-03,28.2,32.3,25.6,69,0.0,0.0,10.4,2.0
467410,2017-05-04,28.3,32.4,25.6,72,0.0,0.0,9.5,2.0
467410,2017-05-05,28.7,32.5,25.7,70,0.0,0.0,10.1,2.0
467410,2017-05-06,28.7,32.8,25.6,71,0.0,0.0,10.4,2.9
467410,2017-05-07,27.6,31.9,24.0,72,0.0,0.0,10.6,2.7
467410,2017-05-08,28.0,31.8,25.3,74,0.0,0.0,11.0,2.5
467410,2017-05-09,28.7,32.3,26.2,71,0.0,0.0,12.0,2.8
467410,2017-05-10,28.7,32.3,26.2,72,0.0,0.0,6.7,2.1
467410,2017-05-11,29.3,32.9,26.7,70,0.0,0.0,4.6,1.8
467410,2017-05-12,29.6,33.9,26.7,69,0.0,0.0,8.5,3.7
467410,2017-05-13,29.0,32.7,27.4,73,0.0,0.0,5.0,2.5
467410,2017-05-14,29.2,33.2,26.7,68,0.0,0.0,9.7,2.7
467410,2017-05-15,28.3,32.4,26.2,71,0.0,0.0,4.8,2.6
467410,2017-05-16,24.7,27.5,21.5,88,46.0,12.0,0.0,2.8
467410,2017-05-17,25.8,31.2,21.7,73,0.0,0.0,6.1,2.9
467410,2017-05-18,27.3,31.8,24.3,72,0.5,4.0,3.2,1.7
467410,2017-05-19,26.3,30.8,23.1,76,3.0,3.2,0.7,2.7
467410,2017-05-20,24.6,27.7,22.6,85,2.0,1.7,0.0,3.1
467410,2017-05-21,27.5,31.9,23.4,74,0.0,0.0,11.0,2.7
467410,2017-05-22,28.3,31.7,26.1,71,0.0,0.0,9.5,2.1
467410,2017-05-23,28.8,32.1,26.4,71,0.0,0.0,9.9,1.7
467410,2017-05-24,28.3,30.6,26.7,79,2.5,0.9,3.2,2.3
467410,2017-05-25,27.6,30.8,25.0,76,0.0,0.0,2.3,2.5
467410,2017-05-26,27.2,31.7,24.5,62,0.0,0.0,2.8,2.3
467410,2017-05-27,27.7,31.5,25.5,68,0.0,0.0,1.9,2.0
467410,2017-05-28,26.9,30.5,24.5,74,0.0,0.0,0.2,2.3
467410,2017-05-29,28.4,33.0,25.3,71,0.0,0.0,8.0,1.9
467410,2017-05-30,26.1,28.2,24.0,89,25.5,5.3,0.1,2.3
467410,2017-05-31,28.1,30.9,26.2,77,0.0,0.2,8.1,2.5
467410,2017-06-01,27.9,30.6,26.3,86,17.0,3.7,1.7,2.8
467410,2017-06-02,28.5,29.8,27.6,85,1.0,0.2,0.1,4.2
467410,2017-06-03,28.3,29.9,26.6,89,12.0,2.5,0.4,4.3
467410,2017-06-04,26.5,29.3,24.7,91,60.0,6.6,0.3,2.2
467410,2017-06-05,28.7,32.7,26.0,81,1.5,1.0,5.7,1.9
467410,2017-06-06,29.9,33.6,27.1,78,0.0,0.0,11.9,2.1
467410,2017-06-07,30.3,33.8,27.7,82,0.0,0.0,10.5,2.2
467410,2017-06-08,30.0,34.1,27.9,77,5.5,0.5,6.9,1.7
467410,2017-06-09,30.2,33.3,27.9,73,0.0,0.0,10.9,1.9
467410,2017-06-10,30.7,33.9,27.7,79,0.0,0.0,12.6,3.3
467410,2017-06-11,31.0,34.3,28.2,72,0.0,0.0,10.7,3.5
467410,2017-06-12,30.9,34.5,26.7,72,8.5,1.3,11.4,4.1
467410,2017-06-13,29.7,34.3,26.2,78,2.5,0.4,8.2,4.4
467410,2017-06-14,27.9,29.8,25.4,86,13.5,3.1,0.0,3.2
467410,2017-06-15,26.0,27.3,24.7,88,52.0,8.2,0.0,2.4
467410,2017-06-16,27.6,31.5,24.4,87,20.0,2.5,3.7,2.3
467410,2017-06-17,26.7,28.5,25.3,93,51.0,12.3,0.0,2.8
467410,2017-06-18,27.6,30.6,25.0,87,6.8,2.1,0.7,3.2
467410,2017-06-19,28.8,31.1,26.4,79,0.0,0.2,1.0,3.0
467410,2017-06-20,29.2,32.7,26.9,77,0.0,0.2,3.2,2.8
467410,2017-06-21,29.9,33.3,27.4,72,0.0,0.0,10.0,3.2
467410,2017-06-22,30.3,34.1,27.6,72,0.0,0.0,11.8,2.5
467410,2017-06-23,30.1,33.0,28.1,74,0.0,0.0,10.0,2.1
467410,2017-06-24,30.0,33.2,27.6,75,0.0,0.0,9.4,2.5
467410,2017-06-25,30.3,33.9,27.7,72,0.0,0.0,10.0,2.4
467410,2017-06-26,30.4,33.6,28.2,75,0.0,0.1,12.1,2.3
467410,2017-06-27,30.3,33.2,28.3,76,0.0,0.0,10.0,2.0
467410,2017-06-28,30.3,33.3,28.3,75,0.0,0.0,9.5,2.0
467410,2017-06-29,29.8,34.2,27.7,73,0.0,0.0,9.1,1.9
467410,2017-06-30,29.9,33.9,27.3,69,0.2,0.7,7.4,2.7
467410,2017-07-01,30.5,33.8,27.3,70,0.0,0.0,12.5,4.1
467410,2017-07-02,29.6,33.1,24.9,74,26.0,1.9,8.3,3.2
467410,2017-07-03,30.0,33.5,26.4,72,2.5,0.5,12.5,2.6
467410,2017-07-04,28.3,33.0,26.2,82,25.0,4.1,4.0,2.0
467410,2017-07-05,30.2,33.8,26.4,72,0.0,0.0,8.9,2.3
467410,2017-07-06,29.2,34.1,26.7,78,1.5,3.4,7.4,2.8
467410,2017-07-07,29.4,33.3,26.7,74,0.0,0.0,6.8,3.6
467410,2017-07-08,29.5,33.7,26.0,75,6.5,0.8,7.6,2.5
467410,2017-07-09,30.1,33.3,27.1,76,0.0,0.0,9.0,2.8
467410,2017-07-10,30.4,33.7,27.9,76,0.0,0.0,9.8,3.5
467410,2017-07-11,30.5,34.2,28.1,74,0.0,0.0,11.9,2.9
467410,2017-07-12,30.1,34.0,27.5,72,0.0,0.0,9.8,1.7
467410,2017-07-13,30.0,33.8,26.6,74,0.4,0.4,8.1,1.8
467410,2017-07-14,29.5,33.4,27.4,77,3.0,0.4,4.8,2.1
467410,2017-07-15,29.1,34.3,25.4,80,39.5,2.2,5.5,1.5
467410,2017-07-16,28.2,34.4,25.4,82,10.5,4.8,5.2,2.0
467410,2017-07-17,29.0,32.1,26.5,81,0.0,0.0,0.2,1.8
467410,2017-07-18,29.5,34.0,24.7,79,20.0,0.6,5.3,1.9
467410,2017-07-19,29.9,33.3,26.5,73,0.0,0.0,9.2,1.9
467410,2017-07-20,30.4,34.5,27.3,71,0.0,0.0,9.6,2.2
467410,2017-07-21,30.7,34.0,28.0,74,0.0,0.0,6.8,2.4
467410,2017-07-22,30.2,33.4,28.4,77,0.0,0.0,0.5,2.8
467410,2017-07-23,29.9,33.1,27.8,79,5.0,0.3,4.7,2.2
467410,2017-07-24,29.7,33.3,27.8,79,0.0,0.0,4.9,1.7
467410,2017-07-25,29.3,33.4,26.9,71,0.0,0.0,8.6,1.9
467410,2017-07-26,29.3,33.6,26.4,72,0.5,1.1,7.7,1.9
467410,2017-07-27,29.9,33.6,26.7,73,20.0,1.2,7.4,1.7
467410,2017-07-28,30.4,33.3,28.4,75,0.0,0.3,5.6,1.9
467410,2017-07-29,29.1,31.4,27.6,84,4.0,1.8,0.0,2.5
467410,2017-07-30,28.6,32.7,25.5,82,81.0,11.4,1.3,5.1
467410,2017-07-31,26.8,29.1,23.4,92,261.5,15.5,0.0,4.6
467410,2017-08-01,26.4,28.2,24.9,91,118.5,12.1,0.0,3.4
467410,2017-08-02,27.4,31.6,25.1,85,30.0,10.3,2.1,1.8
467410,2017-08-03,29.5,33.5,26.5,78,0.5,1.5,9.6,1.9
467410,2017-08-04,29.8,33.0,26.6,76,0.5,0.5,10.2,2.0
467410,2017-08-05,30.1,33.5,27.5,75,0.0,0.0,10.2,1.9
467410,2017-08-06,30.4,33.6,28.5,75,0.0,0.0,7.8,2.2
467410,2017-08-07,30.4,33.4,28.5,75,0.0,0.0,9.4,2.8
467410,2017-08-08,30.3,33.2,28.1,75,0.0,0.0,7.3,2.8
467410,2017-08-09,30.1,33.6,27.9,73,0.0,0.2,7.2,2.6
467410,2017-08-10,30.4,33.6,27.9,73,0.0,0.6,7.4,2.6
467410,2017-08-11,30.3,33.4,27.9,74,3.5,0.4,7.8,2.4
467410,2017-08-12,30.5,33.3,28.9,72,0.0,0.0,7.0,2.4
467410,2017-08-13,30.4,33.5,28.5,72,0.0,0.0,9.4,2.0
467410,2017-08-14,30.4,33.4,28.3,70,0.0,0.0,10.3,2.2
467410,2017-08-15,30.3,33.3,28.2,70,0.0,0.0,10.0,2.2
467410,2017-08-16,30.4,33.4,28.7,68,0.0,0.0,8.9,1.9
467410,2017-08-17,30.6,33.9,27.5,63,0.0,0.0,10.8,1.7
467410,2017-08-18,31.1,34.2,28.7,66,0.0,0.0,11.1,2.2
467410,2017-08-19,31.4,34.9,28.7,68,0.0,0.0,11.0,2.6
467410,2017-08-20,31.0,34.4,29.1,71,0.0,0.0,9.0,2.6
467410,2017-08-21,30.5,33.0,28.2,76,0.0,0.0,1.9,3.0
467410,2017-08-22,29.2,34.3,26.1,76,7.0,4.7,2.2,2.2
467410,2017-08-23,30.0,34.1,26.6,67,0.0,0.0,4.0,3.7
467410,2017-08-24,28.5,32.6,26.5,78,1.5,2.1,1.7,1.9
467410,2017-08-25,29.4,33.1,26.6,75,0.0,0.0,6.6,2.3
467410,2017-08-26,29.9,33.5,28.2,75,0.0,0.0,2.7,1.7
467410,2017-08-27,29.1,32.9,26.3,76,4.0,0.8,4.2,2.0
467410,2017-08-28,29.8,34.4,26.5,69,0.0,0.0,9.3,2.9
467410,2017-08-29,30.1,33.6,27.5,72,0.0,0.0,7.2,1.8
467410,2017-08-30,29.6,33.9,26.3,73,31.0,2.2,6.2,1.6
467410,2017-08-31,29.0,30.7,27.8,79,0.0,0.0,0.0,1.6
467410,2017-09-01,28.0,30.3,25.8,79,3.5,5.3,0.1,1.5
467410,2017-09-02,28.8,32.2,27.3,77,1.5,0.4,1.5,2.2
467410,2017-09-03,29.3,32.7,25.6,71,5.0,1.1,5.9,3.6
467410,2017-09-04,29.4,33.1,25.7,74,17.5,2.0,9.5,1.9
467410,2017-09-05,29.8,33.8,27.1,72,0.0,0.0,10.5,3.1
467410,2017-09-06,29.6,32.2,27.9,79,0.0,0.0,4.2,2.9
467410,2017-09-07,28.6,32.3,25.6,80,12.0,2.4,4.4,4.0
467410,2017-09-08,29.0,32.3,26.8,78,0.0,0.0,7.1,2.0
467410,2017-09-09,29.6,32.5,27.6,74,0.0,0.0,10.0,1.7
467410,2017-09-10,29.9,32.8,27.9,71,0.0,0.0,7.3,1.8
467410,2017-09-11,30.1,33.1,27.5,68,0.0,0.0,9.9,2.1
467410,2017-09-12,30.4,34.3,27.7,68,0.0,0.0,10.2,2.7
467410,2017-09-13,30.4,34.5,27.5,68,0.0,0.0,8.3,2.9
467410,2017-09-14,29.9,34.3,26.5,67,0.0,0.0,10.2,2.8
467410,2017-09-15,29.9,33.3,27.7,68,0.0,0.0,7.7,3.4
467410,2017-09-16,30.2,34.4,27.8,67,0.0,0.0,11.0,2.0
467410,2017-09-17,30.5,34.6,27.8,63,0.0,0.0,9.6,2.5
467410,2017-09-18,30.3,34.3,27.7,58,0.0,0.0,10.4,2.0
467410,2017-09-19,30.0,34.3,28.0,55,0.0,0.0,3.6,1.7
467410,2017-09-20,30.5,35.4,27.4,56,0.0,0.0,7.2,2.8
467410,2017-09-21,30.3,34.0,27.6,64,0.0,0.0,9.2,2.1
467410,2017-09-22,31.0,35.0,28.1,61,0.0,0.0,9.6,2.3
467410,2017-09-23,31.1,35.1,28.4,67,0.0,0.0,9.0,1.8
467410,2017-09-24,31.1,34.6,29.0,69,0.0,0.0,7.8,1.8
467410,2017-09-25,30.9,34.8,28.5,70,0.0,0.0,8.4,1.9
467410,2017-09-26,30.6,34.0,28.5,71,0.0,0.1,8.2,1.7
467410,2017-09-27,30.6,34.4,28.6,71,0.0,0.0,8.3,1.8
467410,2017-09-28,30.4,33.7,28.5,70,0.0,0.0,10.1,2.2
467410,2017-09-29,29.5,35.2,25.8,73,0.0,0.5,6.1,2.7
467410,2017-09-30,30.1,33.8,26.8,70,0.0,0.0,9.2,1.5
467410,2017-10-01,30.6,34.8,28.0,72,0.0,0.0,9.6,1.8
467410,2017-10-02,30.5,33.7,28.1,73,0.0,0.0,8.1,1.9
467410,2017-10-03,30.4,34.0,28.3,72,0.0,0.0,6.0,2.2
467410,2017-10-04,30.3,33.9,28.0,72,0.0,0.0,4.8,2.3
467410,2017-10-05,29.7,34.1,26.8,72,0.0,0.0,8.3,2.4
467410,2017-10-06,29.9,33.7,27.5,75,0.0,0.0,8.1,1.9
467410,2017-10-07,30.2,34.3,27.6,71,0.0,0.0,8.8,1.8
467410,2017-10-08,29.9,32.0,28.0,74,0.0,0.0,0.4,1.6
467410,2017-10-09,30.4,33.7,28.1,72,0.0,0.0,8.3,1.8
467410,2017-10-10,30.6,35.3,28.2,70,0.0,0.0,10.9,1.9
467410,2017-10-11,30.7,35.4,28.2,71,0.0,0.0,10.6,1.8
467410,2017-10-12,30.3,35.2,27.7,69,0.0,0.0,5.1,2.2
467410,2017-10-13,26.9,28.4,24.9,77,9.0,4.5,0.0,3.2
467410,2017-10-14,25.6,26.8,24.8,93,19.5,13.4,0.0,1.7
467410,2017-10-15,26.3,28.1,24.6,88,11.0,3.6,0.2,2.7
467410,2017-10-16,28.3,33.1,25.7,81,0.0,0.0,7.4,2.7
467410,2017-10-17,28.4,32.6,26.0,78,0.0,0.0,5.7,2.4
467410,2017-10-18,27.4,31.4,25.2,76,0.0,0.0,7.5,3.3
467410,2017-10-19,26.6,31.0,24.2,75,0.0,0.0,9.1,3.9
467410,2017-10-20,25.7,30.6,23.0,73,0.0,0.0,6.1,4.9
467410,2017-10-21,23.7,27.0,21.9,65,0.0,0.0,7.2,6.7
467410,2017-10-22,23.2,28.0,20.1,54,0.0,0.0,8.6,4.9
467410,2017-10-23,23.5,29.3,18.7,59,0.0,0.0,9.8,2.8
467410,2017-10-24,24.5,30.3,20.5,64,0.0,0.0,9.8,3.0
467410,2017-10-25,24.5,29.5,20.9,64,0.0,0.0,10.3,2.9
467410,2017-10-26,24.5,29.3,20.5,63,0.0,0.0,9.8,2.9
467410,2017-10-27,23.6,28.4,20.1,64,0.0,0.0,10.0,5.0
467410,2017-10-28,23.5,27.8,20.7,66,0.0,0.0,9.4,4.5
467410,2017-10-29,23.5,30.2,19.6,60,0.0,0.0,9.6,3.2
467410,2017-10-30,22.7,28.3,19.5,59,0.0,0.0,9.9,3.2
467410,2017-10-31,23.4,28.2,19.3,60,0.0,0.0,9.8,1.8
467410,2017-11-01,24.1,28.6,20.2,67,0.0,0.0,10.5,2.9
467410,2017-11-02,25.3,31.5,22.2,74,0.0,1.7,3.9,3.3
467410,2017-11-03,24.9,29.4,22.5,76,0.0,0.0,2.9,4.3
467410,2017-11-04,23.9,29.2,20.0,63,0.0,0.0,6.2,4.2
467410,2017-11-05,23.0,28.3,19.4,66,0.0,0.0,4.8,3.1
467410,2017-11-06,24.3,27.7,21.7,74,0.0,0.0,0.2,2.1
467410,2017-11-07,25.3,30.4,22.7,77,0.0,0.0,9.3,2.9
467410,2017-11-08,25.5,30.3,22.9,74,0.0,0.0,8.8,3.6
467410,2017-11-09,25.6,31.2,22.2,71,0.0,0.0,9.3,2.0
467410,2017-11-10,25.5,28.7,23.7,77,0.0,0.0,2.9,2.9
467410,2017-11-11,24.0,26.2,22.0,83,0.5,1.3,0.0,2.7
467410,2017-11-12,23.2,26.7,21.0,81,1.0,0.5,0.7,3.1
467410,2017-11-13,24.1,27.4,21.5,78,0.0,0.3,0.6,3.2
467410,2017-11-14,24.9,28.9,22.9,78,0.0,0.0,6.6,2.9
467410,2017-11-15,25.0,29.8,22.3,75,0.0,0.0,3.0,2.5
467410,2017-11-16,25.1,30.8,22.2,75,0.0,0.0,9.5,2.3
467410,2017-11-17,26.5,33.4,22.6,69,0.0,0.0,9.4,1.8
467410,2017-11-18,25.7,30.5,20.4,66,0.0,0.0,9.6,3.9
467410,2017-11-19,22.1,25.7,19.3,65,0.0,0.0,0.8,3.1
467410,2017-11-20,22.4,27.7,20.0,71,0.0,0.0,6.7,3.9
467410,2017-11-21,23.1,28.1,19.6,73,0.0,0.0,9.1,3.1
467410,2017-11-22,22.5,27.4,19.3,75,0.0,0.0,2.7,4.6
467410,2017-11-23,20.1,25.0,17.4,65,0.0,0.0,6.9,4.9
467410,2017-11-24,20.0,23.7,17.6,63,0.0,0.0,0.7,4.1
467410,2017-11-25,21.4,25.6,18.5,68,0.0,0.0,9.0,4.5
467410,2017-11-26,22.9,28.2,20.4,70,0.0,0.0,4.8,4.4
467410,2017-11-27,22.9,28.5,19.8,74,0.0,0.0,5.8,3.1
467410,2017-11-28,24.1,29.0,21.2,78,0.0,0.0,9.6,2.2
467410,2017-11-29,24.1,28.5,21.6,79,0.0,0.0,8.0,2.1
467410,2017-11-30,23.1,26.8,20.5,80,0.0,0.0,3.0,3.8
467410,2017-12-01,22.0,26.2,20.1,74,0.0,0.0,3.7,4.2
467410,2017-12-02,21.7,25.8,19.6,76,0.0,0.0,1.0,3.9
467410,2017-12-03,21.9,26.5,19.8,78,0.0,0.0,0.4,3.9
467410,2017-12-04,20.8,25.6,17.8,71,0.0,0.0,9.7,4.3
467410,2017-12-05,19.2,23.8,15.8,64,0.0,0.0,8.3,4.1
467410,2017-12-06,18.3,22.5,15.2,69,0.0,0.0,2.5,3.5
467410,2017-12-07,19.8,25.3,16.5,73,0.0,0.0,7.5,4.4
467410,2017-12-08,15.6,18.6,13.5,77,1.0,3.9,0.0,5.9
467410,2017-12-09,15.6,19.1,13.2,79,0.5,0.9,1.8,3.0
467410,2017-12-10,18.0,22.8,14.6,79,0.0,0.0,9.6,3.6
467410,2017-12-11,18.9,24.7,15.1,71,0.0,0.0,6.6,3.8
467410,2017-12-12,18.8,21.5,17.2,70,0.0,0.0,0.0,3.6
467410,2017-12-13,20.2,25.7,17.4,76,0.0,0.0,4.7,2.7
467410,2017-12-14,20.6,25.1,17.0,74,0.0,0.0,9.6,2.6
467410,2017-12-15,20.4,25.3,17.9,79,0.0,0.0,8.6,2.9
467410,2017-12-16,18.5,21.2,15.1,80,0.0,0.0,0.0,5.4
467410,2017-12-17,16.1,19.4,14.2,67,0.0,0.0,6.0,4.6
467410,2017-12-18,17.1,21.0,14.5,69,0.0,0.0,1.2,4.3
467410,2017-12-19,17.0,19.8,15.6,71,0.0,0.0,3.7,5.9
467410,2017-12-20,17.0,22.7,14.3,70,0.5,1.6,4.2,4.5
467410,2017-12-21,17.7,22.9,13.5,61,0.0,0.0,9.5,2.9
467410,2017-12-22,18.7,23.4,14.8,67,0.0,0.0,9.5,2.1
467410,2017-12-23,19.5,23.5,17.1,75,0.0,0.0,9.8,1.9
467410,2017-12-24,19.6,25.2,15.4,75,0.0,0.0,6.6,4.6
467410,2017-12-25,19.5,22.6,17.6,59,0.0,0.0,1.6,3.6
467410,2017-12-26,19.9,25.0,17.6,65,0.0,0.0,6.0,2.5
467410,2017-12-27,19.7,24.3,16.2,72,0.0,0.0,8.5,2.3
467410,2017-12-28,20.8,24.7,18.8,74,0.0,0.0,0.7,1.9
467410,2017-12-29,20.4,25.7,17.8,76,0.0,0.0,8.4,4.1
467410,2017-12-30,20.1,25.1,18.0,76,0.0,0.0,8.9,3.5
467410,2017-12-31,18.1,22.8,15.6,73,0.0,0.0,6.2,4.3
467410,2018-01-01,18.6,25.2,14.8,67,0.0,0.0,9.1,3.6
467410,2018-01-02,19.4,24.9,16.2,75,0.0,0.0,9.2,2.6
467410,2018-01-03,20.0,25.0,16.6,78,0.0,0.0,8.3,2.0
467410,2018-01-04,19.4,23.7,17.5,81,16.0,7.9,0.4,2.5
467410,2018-01-05,19.2,22.6,17.1,86,4.0,9.0,0.1,3.7
467410,2018-01-06,18.0,19.8,16.5,90,5.5,8.6,0.0,2.8
467410,2018-01-07,20.4,25.1,18.0,82,1.0,2.5,2.5,2.9
467410,2018-01-08,21.9,28.2,19.3,79,5.0,2.7,1.4,3.6
467410,2018-01-09,13.3,20.2,11.2,90,3.0,7.1,0.0,5.0
467410,2018-01-10,13.0,17.8,10.6,63,0.5,0.5,4.3,5.4
467410,2018-01-11,12.9,17.1,10.4,56,0.0,0.0,1.5,5.3
467410,2018-01-12,12.3,18.3,8.7,56,0.0,0.0,9.8,4.9
467410,2018-01-13,13.3,19.4,7.6,60,0.0,0.0,10.0,3.0
467410,2018-01-14,15.7,21.2,11.0,67,0.0,0.0,9.9,2.6
467410,2018-01-15,17.4,23.1,13.1,78,0.0,0.0,9.2,3.3
467410,2018-01-16,19.9,25.0,15.6,69,0.0,0.0,4.7,3.3
467410,2018-01-17,22.1,26.5,19.6,67,0.0,0.0,0.7,2.4
467410,2018-01-18,21.2,25.3,19.3,77,0.0,0.0,0.9,2.9
467410,2018-01-19,20.9,24.7,19.0,79,0.0,0.0,1.0,2.9
467410,2018-01-20,20.9,26.5,18.2,77,0.0,0.0,7.6,2.9
467410,2018-01-21,20.4,25.1,18.2,82,0.0,0.0,1.2,2.8
467410,2018-01-22,20.4,25.9,17.5,79,0.0,1.5,3.2,4.0
467410,2018-01-23,19.3,25.1,16.0,72,0.0,0.0,9.5,3.1
467410,2018-01-24,19.3,25.0,15.5,74,0.0,0.0,8.0,3.3
467410,2018-01-25,19.2,25.2,15.9,75,0.0,0.0,5.1,4.1
467410,2018-01-26,18.3,23.1,15.2,76,0.0,0.0,6.7,5.6
467410,2018-01-27,18.0,23.4,14.8,73,0.0,0.0,4.6,3.6
467410,2018-01-28,18.6,24.3,15.4,82,0.0,0.2,3.6,4.5
467410,2018-01-29,14.7,17.6,12.1,80,0.5,0.4,0.2,5.1
467410,2018-01-30,15.0,18.7,11.7,85,3.5,4.6,2.1,3.5
467410,2018-01-31,16.6,22.2,12.9,81,1.0,0.8,2.0,4.4
467410,2018-02-01,14.0,17.6,11.1,82,0.5,1.7,2.2,4.9
467410,2018-02-02,15.1,20.5,12.3,78,0.0,0.0,8.0,5.1
467410,2018-02-03,12.3,15.0,10.2,75,0.0,0.0,0.7,5.9
467410,2018-02-04,11.0,13.5,9.2,75,0.0,0.0,0.6,4.7
467410,2018-02-05,9.7,10.6,9.2,73,0.0,0.0,0.0,6.2
467410,2018-02-06,12.2,16.7,8.3,62,0.0,0.5,5.0,4.2
467410,2018-02-07,12.3,14.7,9.9,80,0.5,2.3,0.0,2.8
467410,2018-02-08,13.8,16.0,11.7,91,3.5,10.2,0.1,3.0
467410,2018-02-09,16.4,21.1,13.5,84,0.0,0.0,1.9,3.3
467410,2018-02-10,17.1,23.0,14.8,88,0.5,3.3,1.0,4.2
467410,2018-02-11,14.7,19.3,12.1,82,0.5,0.9,2.5,5.4
467410,2018-02-12,15.1,20.4,12.4,70,0.0,0.0,3.2,3.8
467410,2018-02-13,16.1,21.8,12.1,63,0.0,0.0,9.8,3.1
467410,2018-02-14,19.2,25.9,13.1,71,0.0,0.0,9.7,1.9
467410,2018-02-15,23.4,30.6,17.9,64,0.0,0.0,8.5,2.5
467410,2018-02-16,23.2,28.4,19.6,73,0.0,0.0,2.4,2.3
467410,2018-02-17,19.9,24.7,17.2,80,0.0,0.0,4.2,3.6
467410,2018-02-18,21.1,28.4,16.0,74,0.0,0.0,8.5,3.4
467410,2018-02-19,23.4,29.2,18.9,67,0.0,0.0,7.8,2.5
467410,2018-02-20,22.0,27.8,17.9,73,0.0,0.0,8.8,3.2
467410,2018-02-21,20.4,25.7,17.4,75,0.5,0.8,5.1,4.2
467410,2018-02-22,16.7,21.1,14.0,88,5.5,5.4,0.6,4.3
467410,2018-02-23,18.2,24.6,13.8,81,0.0,0.0,6.3,3.0
467410,2018-02-24,20.0,26.3,17.6,79,0.0,0.0,2.7,3.1
467410,2018-02-25,20.6,26.8,16.2,77,0.0,0.0,8.7,4.0
467410,2018-02-26,18.8,25.0,14.9,75,0.0,0.0,6.2,4.1
467410,2018-02-27,20.3,25.5,17.3,74,0.0,0.0,7.2,3.3
467410,2018-02-28,22.3,28.6,18.0,75,0.0,0.0,3.7,2.3
467410,2018-03-01,23.1,29.5,19.1,75,0.0,0.0,10.5,2.3
467410,2018-03-02,24.3,29.1,20.5,75,0.0,0.0,8.8,1.8
467410,2018-03-03,25.6,30.7,22.2,75,0.0,0.0,10.0,1.5
467410,2018-03-04,26.4,30.2,23.9,79,0.0,0.0,5.6,2.1
467410,2018-03-05,27.1,31.2,21.1,79,0.0,0.0,8.6,3.0
467410,2018-03-06,21.1,25.2,18.0,76,0.0,0.0,1.0,3.5
467410,2018-03-07,21.5,27.5,18.7,75,0.0,0.0,2.9,3.3
467410,2018-03-08,16.4,19.4,11.9,84,1.5,4.1,0.0,6.5
467410,2018-03-09,15.3,20.9,11.4,72,1.0,0.7,3.3,4.3
467410,2018-03-10,17.7,24.0,12.4,65,0.0,0.0,10.8,2.5
467410,2018-03-11,19.3,24.5,14.8,68,0.0,0.0,11.0,2.5
467410,2018-03-12,20.3,25.3,16.3,70,0.0,0.0,10.8,2.3
467410,2018-03-13,21.7,26.9,17.0,64,0.0,0.0,10.5,2.0
467410,2018-03-14,23.1,28.1,19.7,56,0.0,0.0,3.2,1.8
467410,2018-03-15,23.0,28.4,20.1,71,14.0,5.7,2.1,2.5
467410,2018-03-16,23.1,28.3,19.8,78,0.0,1.1,7.7,3.4
467410,2018-03-17,22.3,27.7,18.6,74,0.0,0.0,9.9,3.6
467410,2018-03-18,23.1,28.3,19.9,75,0.0,0.0,9.2,2.7
467410,2018-03-19,25.0,29.5,20.9,74,0.0,0.0,9.8,2.2
467410,2018-03-20,23.7,28.9,19.3,80,2.5,0.8,3.0,3.2
467410,2018-03-21,18.7,22.1,15.7,68,0.0,0.0,9.9,6.4
467410,2018-03-22,18.6,24.4,13.6,59,0.0,0.0,10.6,3.1
467410,2018-03-23,21.2,26.0,16.0,55,0.0,0.0,10.8,2.5
467410,2018-03-24,22.2,27.2,18.2,53,0.0,0.0,10.6,2.3
467410,2018-03-25,22.7,26.9,19.1,59,0.0,0.0,10.1,1.9
467410,2018-03-26,23.0,28.0,19.8,65,0.0,0.0,10.1,2.4
467410,2018-03-27,23.3,28.6,20.1,71,0.0,0.0,9.4,3.0
467410,2018-03-28,23.8,28.9,20.0,72,0.0,0.0,10.0,3.0
467410,2018-03-29,24.0,28.7,21.1,73,0.0,0.0,9.4,2.7
467410,2018-03-30,24.5,29.2,20.8,69,0.0,0.0,10.5,2.0
467410,2018-03-31,24.8,29.0,21.8,71,0.0,0.0,9.6,2.7
467410,2018-04-01,25.2,29.1,22.7,68,0.0,0.0,9.0,2.0
467410,2018-04-02,25.2,29.6,22.8,67,0.0,0.0,8.1,2.0
467410,2018-04-03,25.6,29.3,23.7,67,0.0,0.0,7.9,2.1
467410,2018-04-04,25.9,30.1,23.2,69,0.0,0.0,5.2,2.5
467410,2018-04-05,26.4,30.4,23.9,68,0.0,0.0,8.2,1.9
467410,2018-04-06,24.4,29.6,17.9,69,0.0,0.0,3.7,4.7
467410,2018-04-07,18.3,19.9,17.2,57,0.0,0.0,0.0,5.1
467410,2018-04-08,20.9,26.1,16.2,52,0.0,0.0,8.9,2.7
467410,2018-04-09,22.6,27.1,18.9,57,0.0,0.0,11.0,2.1
467410,2018-04-10,24.7,30.9,20.0,56,0.0,0.0,5.3,1.6
467410,2018-04-11,26.9,31.5,23.4,70,0.0,0.0,11.0,2.1
467410,2018-04-12,28.0,31.3,25.8,76,0.0,1.0,10.4,2.2
467410,2018-04-13,28.0,31.5,25.7,78,0.0,0.0,9.9,2.6
467410,2018-04-14,28.1,32.2,26.1,77,0.0,0.0,7.9,2.6
467410,2018-04-15,25.7,30.7,20.4,75,0.0,0.0,5.8,4.0
467410,2018-04-16,23.5,29.2,19.5,70,0.0,0.0,9.3,3.2
467410,2018-04-17,22.4,28.0,19.6,74,0.5,0.9,6.9,4.5
467410,2018-04-18,23.5,28.9,18.8,67,0.0,0.0,7.5,2.3
467410,2018-04-19,25.7,29.7,22.5,65,0.0,0.0,9.2,2.1
467410,2018-04-20,25.8,29.4,23.5,64,0.0,0.0,4.5,2.0
467410,2018-04-21,26.7,31.1,24.1,67,0.0,0.0,6.9,2.3
467410,2018-04-22,28.1,32.3,24.8,67,0.0,0.0,9.1,1.7
467410,2018-04-23,28.6,32.5,25.9,71,0.0,0.0,9.9,3.8
467410,2018-04-24,27.1,30.4,25.8,80,0.0,0.9,1.0,2.4
467410,2018-04-25,25.8,29.6,24.2,75,0.0,0.5,0.3,1.9
467410,2018-04-26,26.2,30.9,23.9,67,0.0,0.0,7.2,2.2
467410,2018-04-27,26.9,31.2,24.1,67,0.0,0.0,8.1,2.6
467410,2018-04-28,27.1,31.3,24.8,70,0.0,0.0,4.8,1.7
467410,2018-04-29,27.3,30.9,25.1,70,0.0,0.0,9.9,1.8
467410,2018-04-30,27.9,31.7,25.3,70,0.0,0.0,10.6,1.8
467410,2018-05-01,28.1,31.3,26.1,75,0.0,0.0,8.4,2.6
467410,2018-05-02,28.7,32.2,26.0,72,0.0,0.0,11.9,2.5
467410,2018-05-03,28.5,32.8,24.8,67,0.0,0.0,8.0,3.4
467410,2018-05-04,27.2,31.6,23.9,66,0.0,0.0,7.7,2.2
467410,2018-05-05,28.0,32.4,25.6,68,0.0,0.0,8.9,2.1
467410,2018-05-06,28.9,33.2,26.0,70,0.0,0.0,8.6,3.4
467410,2018-05-07,29.3,33.2,26.7,72,0.0,0.0,3.3,2.8
467410,2018-05-08,27.2,31.5,23.8,82,32.0,4.2,2.5,2.1
467410,2018-05-09,25.7,28.2,22.3,84,51.4,3.6,0.2,1.8
467410,2018-05-10,26.6,30.5,23.0,74,0.0,0.0,9.2,2.1
467410,2018-05-11,26.9,30.4,24.5,71,0.0,0.0,9.8,2.4
467410,2018-05-12,27.1,30.3,25.1,74,0.0,0.0,5.6,1.8
467410,2018-05-13,27.9,30.9,25.5,71,0.0,0.0,9.6,2.1
467410,2018-05-14,28.4,32.4,26.0,72,0.0,0.0,10.3,2.1
467410,2018-05-15,29.3,32.9,27.0,75,0.0,0.0,11.0,2.6
467410,2018-05-16,29.5,33.2,27.3,78,0.0,0.0,9.8,3.7
467410,2018-05-17,29.2,32.8,27.3,76,0.0,0.0,11.3,2.7
467410,2018-05-18,29.1,32.4,26.9,71,0.0,0.0,11.5,2.0
467410,2018-05-19,29.3,32.5,26.8,70,0.0,0.0,12.0,2.0
467410,2018-05-20,29.7,32.6,27.8,68,0.5,0.9,8.2,2.0
467410,2018-05-21,29.8,33.1,27.9,65,0.0,0.0,5.3,2.3
467410,2018-05-22,30.2,34.0,27.5,63,0.0,0.0,8.8,1.9
467410,2018-05-23,29.9,33.3,27.7,66,0.0,0.0,10.8,2.5
467410,2018-05-24,29.9,33.3,26.7,65,0.0,0.0,8.1,2.0
467410,2018-05-25,30.1,33.6,28.4,67,0.0,0.0,11.5,2.6
467410,2018-05-26,29.8,33.1,27.9,68,0.0,0.0,11.1,2.4
467410,2018-05-27,29.9,33.6,27.6,72,0.0,0.0,11.8,2.0
467410,2018-05-28,30.5,34.2,28.1,71,0.0,0.0,10.7,2.1
467410,2018-05-29,30.6,34.0,28.2,71,0.0,0.5,10.1,2.3
467410,2018-05-30,30.7,33.5,28.6,70,0.0,0.0,10.0,2.9
467410,2018-05-31,30.6,34.1,28.3,68,0.0,0.0,11.7,2.7
467410,2018-06-01,30.2,34.0,26.6,69,0.0,0.0,8.2,3.5
467410,2018-06-02,29.2,34.2,25.6,68,0.0,0.0,11.4,2.6
467410,2018-06-03,30.2,34.9,26.4,63,0.0,0.0,11.8,2.6
467410,2018-06-04,30.5,34.8,28.3,66,0.0,0.0,11.2,2.0
467410,2018-06-05,30.7,35.2,28.2,68,0.0,0.0,11.0,2.7
467410,2018-06-06,30.5,34.5,26.2,69,23.0,0.8,11.2,1.9
467410,2018-06-07,30.3,33.9,27.7,69,0.0,0.0,8.8,2.1
467410,2018-06-08,30.2,33.4,27.7,68,0.0,0.0,10.4,2.2
467410,2018-06-09,30.7,34.7,28.4,70,0.0,0.0,9.9,1.9
467410,2018-06-10,30.8,34.2,27.3,70,11.0,0.7,9.3,2.8
467410,2018-06-11,29.2,32.5,27.1,79,3.0,0.8,4.6,2.8
467410,2018-06-12,29.6,33.3,27.4,68,0.0,0.0,10.2,2.3
467410,2018-06-13,30.4,34.8,27.2,62,0.0,0.0,8.7,3.1
467410,2018-06-14,27.9,31.8,25.3,82,83.5,8.6,2.8,3.9
467410,2018-06-15,27.1,29.7,25.0,84,41.0,6.9,0.0,4.3
467410,2018-06-16,27.5,32.3,25.3,81,16.5,4.5,1.2,2.7
467410,2018-06-17,26.8,30.1,24.6,85,36.0,10.8,0.0,3.3
467410,2018-06-18,26.6,29.3,24.7,89,36.5,11.3,0.0,4.8
467410,2018-06-19,25.2,26.6,24.5,91,117.0,20.5,0.0,3.4
467410,2018-06-20,25.4,28.6,23.9,92,147.5,14.4,0.4,3.3
467410,2018-06-21,26.6,29.7,25.3,89,23.0,5.3,0.2,2.0
467410,2018-06-22,27.9,31.0,25.6,84,7.5,1.0,4.5,2.8
467410,2018-06-23,28.6,32.1,26.2,79,0.5,0.1,5.0,2.7
467410,2018-06-24,29.1,31.8,26.9,76,0.0,0.0,3.0,2.0
467410,2018-06-25,29.6,33.4,27.0,72,0.0,0.0,10.5,2.3
467410,2018-06-26,30.0,33.3,27.4,69,0.0,0.0,9.0,2.3
467410,2018-06-27,29.2,33.2,27.0,72,1.0,0.8,4.7,2.1
467410,2018-06-28,29.4,33.0,26.5,72,0.0,0.0,9.6,2.5
467410,2018-06-29,29.6,33.1,27.3,72,0.0,0.3,10.3,2.3
467410,2018-06-30,29.7,33.4,26.7,72,8.5,0.6,7.9,2.0
467410,2018-07-01,28.6,33.1,25.9,77,8.0,2.2,5.2,2.5
467410,2018-07-02,26.1,27.7,25.1,90,69.5,7.5,0.0,2.3
467410,2018-07-03,27.2,31.7,24.6,88,48.0,5.8,3.7,2.7
467410,2018-07-04,27.2,30.4,24.5,85,31.5,4.7,0.9,2.5
467410,2018-07-05,27.7,30.2,24.9,81,42.5,7.5,0.2,2.3
467410,2018-07-06,28.0,31.8,24.7,78,14.0,2.5,0.8,2.8
467410,2018-07-07,29.0,32.6,26.8,72,0.0,0.3,4.4,3.4
467410,2018-07-08,29.4,35.0,26.7,70,14.0,1.2,9.0,1.9
467410,2018-07-09,30.5,35.2,26.7,68,0.0,0.0,11.6,2.6
467410,2018-07-10,30.1,33.5,28.0,71,0.0,0.0,9.1,3.3
467410,2018-07-11,29.7,32.7,27.5,72,0.0,0.0,5.8,4.1
467410,2018-07-12,28.5,32.4,25.3,77,68.5,2.7,1.3,1.8
467410,2018-07-13,29.5,33.5,26.0,74,1.0,0.3,7.8,2.7
467410,2018-07-14,28.8,33.1,23.7,76,26.5,1.7,9.3,2.0
467410,2018-07-15,29.1,32.8,26.6,77,0.0,0.0,5.7,1.8
467410,2018-07-16,30.0,34.2,27.8,72,0.0,0.0,7.3,2.0
467410,2018-07-17,31.0,35.2,28.5,68,0.0,0.0,11.1,1.9
467410,2018-07-18,30.8,34.6,28.7,68,0.0,0.0,10.9,2.3
467410,2018-07-19,29.7,34.1,26.0,72,36.0,2.2,8.9,2.2
467410,2018-07-20,28.5,32.3,25.4,81,21.0,6.3,7.8,2.1
467410,2018-07-21,28.9,33.4,26.0,75,0.5,0.5,9.8,2.1
467410,2018-07-22,29.2,32.8,26.8,74,2.0,0.2,4.4,2.3
467410,2018-07-23,29.8,33.7,26.9,74,0.0,0.0,5.9,2.5
467410,2018-07-24,29.4,33.3,27.5,78,1.0,1.2,2.3,2.1
467410,2018-07-25,29.1,33.8,27.0,75,3.5,0.5,6.3,2.0
467410,2018-07-26,30.1,33.6,27.1,71,0.0,0.0,8.1,1.8
467410,2018-07-27,29.0,33.0,26.7,76,0.0,0.2,4.5,2.1
467410,2018-07-28,29.7,33.7,26.8,71,0.0,0.3,10.0,2.3
467410,2018-07-29,29.8,33.8,25.6,73,14.0,2.3,11.2,2.2
467410,2018-07-30,30.2,33.4,27.7,73,4.5,0.9,7.3,2.0
467410,2018-07-31,30.5,33.5,28.2,72,0.0,0.0,9.5,2.1
467410,2018-08-01,30.7,33.8,28.6,72,0.0,0.0,8.0,2.1
467410,2018-08-02,29.3,32.2,26.2,77,14.0,2.2,3.3,1.8
467410,2018-08-03,29.0,32.6,26.3,78,14.0,1.3,3.8,2.3
467410,2018-08-04,29.7,34.0,27.1,69,0.0,0.0,8.8,2.1
467410,2018-08-05,29.5,34.4,25.8,69,1.5,1.5,9.8,2.3
467410,2018-08-06,29.1,34.2,24.5,71,11.5,1.0,9.6,2.3
467410,2018-08-07,29.6,33.4,27.4,74,0.0,0.0,7.5,2.0
467410,2018-08-08,30.1,33.3,26.9,71,0.0,0.0,6.8,2.2
467410,2018-08-09,29.5,34.1,25.4,72,4.5,1.0,9.3,1.9
467410,2018-08-10,29.2,33.5,25.5,74,19.5,1.4,7.2,2.4
467410,2018-08-11,29.6,33.6,26.6,72,0.0,0.0,8.9,1.9
467410,2018-08-12,30.2,34.4,27.3,69,0.5,0.3,9.1,2.2
467410,2018-08-13,27.3,30.2,25.6,86,49.0,5.0,0.0,3.1
467410,2018-08-14,27.8,32.5,25.1,82,43.0,5.2,5.5,3.5
467410,2018-08-15,26.6,28.8,25.3,90,65.5,13.7,0.0,2.4
467410,2018-08-16,28.2,33.2,24.5,82,17.5,1.3,3.5,2.4
467410,2018-08-17,28.6,31.6,25.5,79,12.0,2.4,3.0,2.1
467410,2018-08-18,28.2,31.1,26.5,80,1.0,1.2,0.4,2.4
467410,2018-08-19,27.5,30.6,26.3,81,2.0,2.2,0.8,2.5
467410,2018-08-20,28.3,32.6,26.0,79,0.5,1.8,6.0,1.9
467410,2018-08-21,28.0,32.2,25.4,82,22.5,4.7,4.3,2.4
467410,2018-08-22,27.3,30.6,25.5,85,21.5,5.8,1.0,3.0
467410,2018-08-23,25.0,27.6,22.5,93,373.0,21.8,0.0,4.9
467410,2018-08-24,24.5,25.5,22.9,96,269.0,22.2,0.0,2.6
467410,2018-08-25,26.1,30.1,24.2,92,37.0,8.5,1.9,2.9
467410,2018-08-26,26.9,30.2,24.9,86,11.0,2.8,0.5,3.5
467410,2018-08-27,25.5,27.5,24.0,92,100.0,15.7,0.1,4.0
467410,2018-08-28,24.4,25.2,23.7,93,121.5,19.7,0.0,4.7
467410,2018-08-29,24.5,25.4,23.6,93,81.5,21.8,0.0,4.5
467410,2018-08-30,25.3,26.3,24.0,91,7.5,8.1,0.0,3.0
467410,2018-08-31,27.1,29.7,24.2,82,0.5,2.6,0.0,1.4
467410,2018-09-01,28.4,31.3,26.0,77,0.0,0.0,3.6,1.1
467410,2018-09-02,28.7,32.1,25.8,74,0.0,0.0,10.5,1.7
467410,2018-09-03,28.9,32.5,25.6,73,0.0,0.0,10.9,2.1
467410,2018-09-04,28.9,31.9,26.0,78,6.0,3.5,7.2,2.2
467410,2018-09-05,29.8,32.8,28.2,74,0.0,0.8,6.8,1.8
467410,2018-09-06,28.6,32.1,26.6,79,8.5,1.2,3.6,1.7
467410,2018-09-07,28.8,32.6,26.4,77,5.0,1.0,6.4,1.9
467410,2018-09-08,28.0,33.0,26.1,78,2.0,0.8,4.5,1.9
467410,2018-09-09,28.0,31.7,26.0,76,0.0,0.0,6.2,3.0
467410,2018-09-10,27.4,31.5,24.7,77,0.5,0.9,1.4,2.9
467410,2018-09-11,28.6,31.8,26.3,77,0.5,0.5,3.9,2.2
467410,2018-09-12,29.3,33.6,27.1,76,0.0,0.2,6.6,2.4
467410,2018-09-13,29.5,33.6,27.1,76,0.0,0.0,7.6,2.0
467410,2018-09-14,30.1,34.0,27.8,73,0.0,0.0,8.1,2.5
467410,2018-09-15,28.6,30.3,27.5,76,0.5,0.8,0.1,1.2
467410,2018-09-16,29.8,33.6,26.7,71,1.0,0.8,0.8,2.9
467410,2018-09-17,29.6,33.0,26.4,77,2.0,1.7,6.6,2.6
467410,2018-09-18,29.8,33.7,27.4,76,0.0,0.0,8.0,3.1
467410,2018-09-19,29.4,32.3,27.2,74,0.0,0.0,8.8,2.0
467410,2018-09-20,30.0,33.2,28.2,67,0.0,0.0,9.4,2.1
467410,2018-09-21,30.0,33.4,27.4,66,0.0,0.0,10.3,2.1
467410,2018-09-22,30.3,33.8,27.8,66,0.0,0.0,9.6,2.9
467410,2018-09-23,29.8,33.2,26.7,72,2.5,0.3,8.9,2.5
467410,2018-09-24,29.2,32.7,26.7,73,0.0,0.0,7.9,3.6
467410,2018-09-25,28.8,32.9,25.5,70,2.5,0.5,8.8,2.3
467410,2018-09-26,27.8,32.2,25.2,71,0.0,0.0,10.0,4.1
467410,2018-09-27,27.9,32.8,25.0,70,0.0,0.0,9.2,4.4
467410,2018-09-28,27.4,31.4,24.9,72,0.0,0.0,7.7,5.1
467410,2018-09-29,27.1,30.9,24.5,60,0.0,0.0,11.1,6.0
467410,2018-09-30,27.1,32.2,24.3,60,0.0,0.0,4.3,3.4
467410,2018-10-01,27.8,31.7,25.3,64,0.0,0.0,7.5,1.8
467410,2018-10-02,26.8,31.0,23.5,66,0.0,0.0,7.8,2.9
467410,2018-10-03,25.7,30.9,21.4,64,0.0,0.0,8.6,3.5
467410,2018-10-04,24.8,28.9,22.2,68,0.0,0.0,9.1,6.0
467410,2018-10-05,25.9,29.9,22.8,63,0.0,0.0,11.0,4.5
467410,2018-10-06,27.4,30.7,24.5,66,0.0,0.0,9.3,2.3
467410,2018-10-07,27.2,31.6,24.3,72,0.0,0.0,9.3,2.7
467410,2018-10-08,27.2,31.5,23.8,73,0.0,0.0,9.7,2.2
467410,2018-10-09,27.1,30.7,24.4,74,0.0,0.0,10.5,1.7
467410,2018-10-10,27.6,31.3,25.4,72,0.0,0.0,5.7,2.1
467410,2018-10-11,25.8,30.6,22.7,71,0.0,0.0,4.6,4.0
467410,2018-10-12,23.8,26.6,21.9,77,0.0,0.0,0.5,3.1
467410,2018-10-13,25.2,30.3,20.9,74,0.0,0.0,8.5,2.7
467410,2018-10-14,27.0,30.7,24.3,72,0.0,0.0,9.9,2.2
467410,2018-10-15,26.6,31.6,23.8,76,0.0,0.0,8.6,2.6
467410,2018-10-16,26.5,31.0,24.2,76,0.0,0.0,10.3,3.7
467410,2018-10-17,25.4,30.8,22.5,75,0.0,0.0,4.1,3.2
467410,2018-10-18,25.9,30.2,22.0,71,0.0,0.0,2.3,2.1
467410,2018-10-19,25.7,29.4,22.4,71,0.0,0.0,2.2,2.6
467410,2018-10-20,25.1,30.9,21.3,70,0.0,0.0,8.1,2.4
467410,2018-10-21,25.4,30.3,21.3,70,0.0,0.0,9.7,2.2
467410,2018-10-22,25.9,29.7,23.0,70,0.0,0.0,10.2,1.9
467410,2018-10-23,26.1,30.3,23.7,72,0.0,0.0,8.9,3.3
467410,2018-10-24,26.0,30.1,22.7,74,0.0,0.0,5.3,2.4
467410,2018-10-25,26.2,30.3,23.2,74,0.0,0.0,8.2,2.0
467410,2018-10-26,26.3,30.9,23.9,73,0.0,0.0,8.6,2.6
467410,2018-10-27,24.6,30.1,20.2,65,0.0,0.0,9.0,4.4
467410,2018-10-28,22.8,28.7,19.5,56,0.0,0.0,9.4,3.6
467410,2018-10-29,23.2,28.7,18.4,55,0.0,0.0,10.1,3.2
467410,2018-10-30,24.2,29.8,19.4,61,0.0,0.0,7.0,2.5
467410,2018-10-31,23.1,26.4,21.0,75,0.5,1.5,0.9,3.5
467410,2018-11-01,21.4,23.6,20.0,78,0.0,0.0,0.0,4.4
467410,2018-11-02,22.5,26.3,20.0,83,1.0,0.6,0.4,2.7
467410,2018-11-03,24.9,30.8,21.1,80,0.0,0.0,8.7,2.6
467410,2018-11-04,25.1,29.6,22.9,81,0.0,0.0,5.7,2.4
467410,2018-11-05,25.6,30.6,22.3,79,0.0,0.0,9.4,2.5
467410,2018-11-06,25.9,30.0,23.5,78,0.0,0.0,7.2,1.7
467410,2018-11-07,25.7,30.6,22.5,79,0.0,0.0,8.1,2.0
467410,2018-11-08,26.2,31.3,22.8,76,0.0,0.0,9.0,2.2
467410,2018-11-09,25.8,31.1,23.3,77,0.0,0.0,7.5,2.8
467410,2018-11-10,25.1,29.3,22.5,76,0.0,0.0,4.1,2.3
467410,2018-11-11,25.5,29.3,23.3,77,0.0,0.0,7.8,2.2
467410,2018-11-12,25.1,29.4,22.8,76,0.0,0.0,1.8,2.3
467410,2018-11-13,24.5,29.9,21.2,75,0.0,0.0,9.9,3.6
467410,2018-11-14,24.3,29.6,20.2,73,0.0,0.0,9.7,2.8
467410,2018-11-15,24.7,29.3,20.9,73,0.0,0.0,9.8,2.0
467410,2018-11-16,25.8,29.5,23.4,74,0.0,0.0,1.1,2.1
467410,2018-11-17,25.4,29.1,23.2,76,0.0,0.0,4.5,3.1
467410,2018-11-18,25.7,30.3,22.7,76,0.0,0.0,7.4,2.8
467410,2018-11-19,24.6,30.4,21.1,74,0.0,0.0,4.9,4.4
467410,2018-11-20,23.7,27.7,19.9,74,0.0,0.0,6.0,2.7
467410,2018-11-21,24.9,31.0,21.9,74,0.0,0.0,8.6,2.6
467410,2018-11-22,22.8,27.3,19.5,72,0.0,0.0,8.0,4.6
467410,2018-11-23,21.9,26.8,19.3,72,0.0,0.0,8.3,3.4
467410,2018-11-24,22.7,27.4,19.0,74,0.0,0.0,8.6,2.4
467410,2018-11-25,23.4,28.3,19.5,72,0.0,0.0,3.6,2.4
467410,2018-11-26,20.8,22.6,19.9,79,0.0,0.0,0.0,3.8
467410,2018-11-27,23.0,27.4,20.4,76,0.0,0.0,2.0,3.2
467410,2018-11-28,21.9,24.3,19.8,80,0.0,0.0,0.0,3.2
467410,2018-11-29,22.3,26.8,19.7,73,0.0,0.0,2.3,3.0
467410,2018-11-30,23.5,27.6,20.3,74,0.0,0.0,7.8,1.8
467410,2018-12-01,23.4,28.4,20.7,78,0.0,0.0,9.8,2.7
467410,2018-12-02,23.3,27.9,20.1,80,0.0,0.0,10.0,2.1
467410,2018-12-03,24.0,30.5,20.5,74,0.0,0.0,9.9,2.6
467410,2018-12-04,25.7,30.5,21.6,65,0.0,0.0,9.7,3.2
467410,2018-12-05,25.2,30.2,22.4,74,0.0,0.0,5.0,3.3
467410,2018-12-06,25.0,30.0,22.8,80,0.0,0.0,7.7,2.7
467410,2018-12-07,23.0,27.7,20.2,77,0.0,0.0,6.5,4.5
467410,2018-12-08,21.4,25.8,18.6,74,0.0,0.0,6.7,4.4
467410,2018-12-09,21.4,26.1,18.9,75,0.0,0.0,4.8,4.2
467410,2018-12-10,21.7,26.8,18.7,80,0.0,0.0,4.3,3.4
467410,2018-12-11,22.3,26.5,19.2,83,0.0,0.0,4.7,4.0
467410,2018-12-12,19.1,21.8,16.9,78,0.0,0.0,0.2,4.3
467410,2018-12-13,20.0,25.8,15.9,73,0.0,0.0,8.4,3.4
467410,2018-12-14,21.0,26.0,17.8,74,0.0,0.0,9.5,3.2
467410,2018-12-15,21.5,26.0,17.6,75,0.0,0.0,8.3,2.8
467410,2018-12-16,22.1,27.5,19.4,80,0.0,0.0,7.2,3.7
467410,2018-12-17,19.3,24.0,16.0,66,0.0,0.0,6.6,4.6
467410,2018-12-18,19.9,24.9,15.4,57,0.0,0.0,9.5,1.9
467410,2018-12-19,21.1,25.1,18.5,63,0.0,0.0,9.2,1.9
467410,2018-12-20,22.7,28.3,18.1,54,0.0,0.0,10.2,1.8
467410,2018-12-21,22.4,27.2,19.8,66,0.0,0.0,9.2,3.1
467410,2018-12-22,22.8,27.6,19.8,83,0.0,0.0,6.1,3.6
467410,2018-12-23,22.7,26.9,19.7,85,0.0,0.0,1.5,3.7
467410,2018-12-24,20.7,25.0,18.4,79,0.0,0.0,3.9,4.3
467410,2018-12-25,22.2,27.5,19.0,77,0.0,0.0,8.3,3.6
467410,2018-12-26,22.3,27.4,20.0,83,0.0,0.0,6.1,4.8
467410,2018-12-27,20.8,25.1,17.5,76,0.0,0.0,8.4,6.0
467410,2018-12-28,18.5,23.4,16.1,70,0.0,0.0,5.7,4.6
467410,2018-12-29,16.8,21.8,14.0,69,0.0,0.0,8.7,4.7
467410,2018-12-30,18.1,23.4,13.4,70,0.0,0.0,7.9,3.2
467410,2018-12-31,18.6,21.7,16.8,74,0.0,0.0,0.6,4.5
467410,2019-01-01,18.9,23.6,16.4,76,0.0,0.0,0.4,3.7
467410,2019-01-02,19.4,22.8,17.2,81,0.0,0.0,0.0,3.2
467410,2019-01-03,20.6,25.6,18.1,82,0.0,0.0,5.2,3.8
467410,2019-01-04,21.2,26.1,18.6,83,0.0,0.0,4.5,2.2
467410,2019-01-05,22.9,28.9,19.2,79,0.0,0.0,7.2,2.6
467410,2019-01-06,21.3,25.2,19.0,80,0.0,0.0,4.1,4.1
467410,2019-01-07,21.1,27.5,18.1,79,0.0,0.0,7.6,3.4
467410,2019-01-08,21.8,26.7,19.4,79,0.0,0.0,6.0,3.7
467410,2019-01-09,21.5,26.6,18.4,78,0.0,0.0,9.0,3.5
467410,2019-01-10,21.4,26.6,19.0,81,0.0,0.0,3.9,3.2
467410,2019-01-11,22.1,27.9,19.1,81,0.0,0.0,8.3,2.6
467410,2019-01-12,22.8,27.5,19.8,78,0.0,0.0,9.5,3.1
467410,2019-01-13,21.0,26.4,18.5,79,0.0,0.0,7.1,4.1
467410,2019-01-14,21.0,27.1,18.0,76,0.0,0.0,8.4,3.3
467410,2019-01-15,20.9,26.8,18.1,79,0.0,0.2,5.3,3.4
467410,2019-01-16,18.4,20.8,17.2,87,0.0,2.5,0.0,4.4
467410,2019-01-17,17.4,21.0,15.1,83,0.0,0.0,5.9,5.2
467410,2019-01-18,18.0,23.3,14.8,79,0.0,0.0,8.7,2.7
467410,2019-01-19,19.7,23.2,16.0,76,0.0,0.0,0.2,2.7
467410,2019-01-20,20.5,24.4,17.8,78,0.0,0.0,1.4,3.1
467410,2019-01-21,16.5,19.9,14.8,84,0.0,0.5,1.8,5.3
467410,2019-01-22,16.1,19.6,13.4,77,0.0,0.0,6.9,5.4
467410,2019-01-23,16.5,22.4,11.9,73,0.0,0.0,7.0,3.7
467410,2019-01-24,18.2,24.8,14.2,74,0.0,0.0,10.0,3.1
467410,2019-01-25,18.5,25.2,14.5,77,0.0,0.0,9.3,3.7
467410,2019-01-26,16.6,21.7,14.5,71,0.0,0.0,3.0,4.7
467410,2019-01-27,16.9,22.2,14.4,63,0.0,0.0,3.5,3.7
467410,2019-01-28,18.3,24.7,14.1,68,0.0,0.0,10.0,2.5
467410,2019-01-29,18.9,25.7,14.9,73,0.0,0.0,8.9,2.9
467410,2019-01-30,20.3,27.0,14.6,76,0.0,0.0,6.9,2.5
467410,2019-01-31,23.4,28.1,20.5,64,0.0,0.0,6.4,3.0
467410,2019-02-01,18.7,22.3,15.7,73,0.0,0.0,3.0,4.3
467410,2019-02-02,20.3,26.3,16.3,75,0.0,0.0,8.7,2.5
467410,2019-02-03,23.3,29.8,18.9,77,0.0,0.9,5.5,2.4
467410,2019-02-04,22.8,26.8,19.4,80,0.0,0.0,3.7,2.8
467410,2019-02-05,21.1,26.4,18.7,78,0.0,0.0,1.4,3.5
467410,2019-02-06,22.3,27.1,18.4,78,0.0,0.0,9.6,2.1
467410,2019-02-07,24.2,31.0,19.8,72,0.0,0.0,10.6,2.3
467410,2019-02-08,21.5,27.2,18.7,77,0.0,0.0,9.3,4.3
467410,2019-02-09,21.9,28.3,18.3,71,0.0,0.0,10.2,3.6
467410,2019-02-10,21.1,27.4,16.9,75,0.0,0.0,9.9,4.2
467410,2019-02-11,20.6,25.8,17.8,74,0.0,0.0,8.7,4.8
467410,2019-02-12,21.2,26.9,17.0,77,0.0,0.0,9.6,3.7
467410,2019-02-13,23.3,29.2,19.7,75,0.0,0.0,10.2,3.6
467410,2019-02-14,22.8,28.8,19.8,75,0.0,0.0,9.3,3.8
467410,2019-02-15,23.0,28.1,18.8,75,0.0,0.0,8.4,2.8
467410,2019-02-16,22.7,28.6,19.6,77,0.0,0.0,6.9,3.3
467410,2019-02-17,20.8,25.7,18.2,77,0.0,0.0,9.3,4.7
467410,2019-02-18,23.4,28.1,18.4,74,0.0,0.0,8.6,3.3
467410,2019-02-19,25.7,30.8,21.6,74,0.0,0.0,3.5,2.1
467410,2019-02-20,25.3,29.4,22.9,77,0.0,0.0,8.4,2.4
467410,2019-02-21,23.5,27.8,19.8,80,0.0,0.0,4.8,2.7
467410,2019-02-22,21.4,26.9,18.2,80,0.0,0.0,9.0,4.4
467410,2019-02-23,19.9,24.5,16.7,73,0.0,0.0,6.7,4.1
467410,2019-02-24,18.7,20.5,17.0,80,1.0,1.9,0.4,3.8
467410,2019-02-25,20.3,26.0,17.1,78,0.5,3.6,8.5,4.2
467410,2019-02-26,21.4,26.5,17.6,75,0.0,0.0,9.1,2.8
467410,2019-02-27,22.3,27.9,18.2,75,0.0,0.0,9.1,3.5
467410,2019-02-28,23.4,28.7,20.3,73,0.0,0.0,8.9,3.7
467410,2019-03-01,21.7,26.8,19.0,77,0.0,0.0,9.9,3.9
467410,2019-03-02,23.5,28.4,19.9,76,0.0,0.0,8.5,2.1
467410,2019-03-03,23.4,28.9,20.8,72,1.0,0.5,3.3,3.2
467410,2019-03-04,21.9,27.6,17.7,73,0.0,0.0,10.6,3.2
467410,2019-03-05,22.9,28.2,18.3,72,0.0,0.4,1.2,2.7
467410,2019-03-06,22.4,29.1,18.8,77,5.5,1.8,7.2,4.0
467410,2019-03-07,16.9,20.3,14.4,91,5.5,7.0,0.0,4.3
467410,2019-03-08,17.0,22.8,13.8,91,6.0,8.7,1.8,3.1
467410,2019-03-09,20.9,25.3,18.1,88,16.0,4.9,0.7,1.6
467410,2019-03-10,21.6,26.2,19.0,83,9.5,7.1,2.3,2.7
467410,2019-03-11,19.3,22.7,17.8,85,9.0,4.6,0.9,2.7
467410,2019-03-12,21.6,26.5,16.6,69,0.0,0.0,11.0,1.7
467410,2019-03-13,23.0,26.9,20.7,73,1.0,2.2,4.4,1.9
467410,2019-03-14,23.1,27.5,20.1,72,0.0,0.0,7.2,3.2
467410,2019-03-15,19.8,22.4,17.7,74,1.0,1.3,0.7,4.6
467410,2019-03-16,22.1,25.7,17.5,70,0.0,0.0,1.4,2.3
467410,2019-03-17,23.0,27.1,20.6,71,0.0,0.0,10.0,2.6
467410,2019-03-18,23.2,28.7,19.6,75,0.0,0.0,6.5,2.8
467410,2019-03-19,24.7,30.7,21.0,72,0.0,0.0,9.7,2.6
467410,2019-03-20,25.3,29.3,22.0,74,0.0,0.0,9.4,2.6
467410,2019-03-21,25.8,29.4,23.3,76,0.0,0.0,11.0,2.0
467410,2019-03-22,25.5,30.6,21.6,73,0.0,0.0,10.4,2.9
467410,2019-03-23,19.3,21.6,16.6,83,19.5,4.0,0.0,4.3
467410,2019-03-24,18.4,19.8,16.0,86,0.5,0.2,0.0,2.0
467410,2019-03-25,22.3,27.4,18.3,78,0.0,0.0,4.7,2.5
467410,2019-03-26,22.8,28.7,19.2,75,0.0,0.0,10.8,3.8
467410,2019-03-27,24.9,30.0,21.0,72,0.0,0.0,10.1,2.0
467410,2019-03-28,25.9,29.7,22.9,76,0.0,0.0,10.2,2.3
467410,2019-03-29,25.7,29.8,20.7,77,0.0,0.0,9.6,2.3
467410,2019-03-30,24.6,29.0,20.3,74,0.0,0.0,6.7,3.0
467410,2019-03-31,24.5,29.8,20.8,70,0.0,0.0,8.6,3.2
467410,2019-04-01,20.7,23.6,19.0,74,0.0,0.0,0.6,4.4
467410,2019-04-02,23.1,29.1,18.7,72,0.0,0.0,7.2,2.6
467410,2019-04-03,23.2,28.8,20.5,75,0.0,0.0,7.8,4.8
467410,2019-04-04,23.6,28.4,20.6,76,0.0,0.0,6.9,3.6
467410,2019-04-05,24.1,28.3,21.0,75,0.0,0.0,7.7,3.3
467410,2019-04-06,24.9,28.1,22.2,72,0.0,0.0,8.6,1.8
467410,2019-04-07,26.0,29.9,22.8,71,0.0,0.0,9.8,2.0
467410,2019-04-08,26.3,29.8,23.4,73,0.0,0.0,9.4,1.8
467410,2019-04-09,27.2,32.0,23.9,73,0.0,0.0,10.8,3.1
467410,2019-04-10,26.9,30.1,25.0,77,0.0,0.0,10.3,1.9
467410,2019-04-11,26.3,30.6,22.9,75,0.0,0.0,10.7,3.1
467410,2019-04-12,24.3,29.6,20.9,73,0.0,0.0,5.6,3.6
467410,2019-04-13,25.3,30.8,21.7,73,0.0,0.0,4.1,3.1
467410,2019-04-14,26.2,31.7,22.6,75,0.0,0.0,7.6,3.7
467410,2019-04-15,24.2,28.9,21.6,76,0.0,0.0,1.0,2.8
467410,2019-04-16,22.8,25.5,20.6,88,6.5,5.4,0.4,2.6
467410,2019-04-17,24.6,29.9,21.2,77,0.0,0.0,8.3,3.4
467410,2019-04-18,26.7,31.2,23.2,69,0.0,0.0,8.8,1.5
467410,2019-04-19,25.2,31.5,22.0,80,68.5,4.9,3.4,3.0
467410,2019-04-20,27.5,32.9,22.8,69,0.0,0.0,4.3,1.9
467410,2019-04-21,26.4,30.5,24.3,77,13.0,2.5,1.1,1.9
467410,2019-04-22,27.7,31.3,25.1,74,0.0,0.0,8.7,2.0
467410,2019-04-23,28.2,31.4,25.7,71,0.0,0.0,9.5,2.2
467410,2019-04-24,28.0,31.6,26.1,70,0.0,0.0,10.2,1.8
467410,2019-04-25,28.4,31.5,25.4,66,0.0,0.0,10.3,1.8
467410,2019-04-26,28.5,32.1,26.0,65,0.0,0.0,6.3,2.2
467410,2019-04-27,27.6,31.7,24.9,70,0.0,0.0,3.2,2.7
467410,2019-04-28,27.6,31.4,24.5,70,0.0,0.0,4.4,2.1
467410,2019-04-29,28.8,32.6,25.7,67,0.0,0.0,10.0,1.9
467410,2019-04-30,28.7,32.0,27.0,69,0.0,0.0,9.6,2.8
467410,2019-05-01,26.1,30.3,23.4,73,27.0,1.6,1.3,2.8
467410,2019-05-02,23.9,27.8,20.5,75,20.5,4.4,0.0,2.5
467410,2019-05-03,23.0,25.1,21.3,82,0.5,1.8,0.3,1.9
467410,2019-05-04,24.4,27.2,21.4,77,2.0,1.4,0.3,1.6
467410,2019-05-05,25.0,28.6,23.3,74,2.0,3.3,0.8,1.4
467410,2019-05-06,22.9,24.5,21.0,86,19.0,16.1,0.0,2.4
467410,2019-05-07,21.7,24.7,20.2,87,0.5,1.8,0.0,2.9
467410,2019-05-08,23.6,26.8,20.2,79,0.0,0.0,0.2,2.3
467410,2019-05-09,25.4,30.4,22.5,76,0.0,0.0,0.9,2.2
467410,2019-05-10,26.2,30.0,23.2,77,4.0,1.4,6.6,3.2
467410,2019-05-11,27.2,32.2,23.1,72,0.0,0.0,11.0,2.6
467410,2019-05-12,27.5,32.4,24.4,73,0.0,0.0,10.2,2.3
467410,2019-05-13,29.1,32.7,25.6,67,0.0,0.0,11.4,1.8
467410,2019-05-14,29.6,33.9,26.7,66,0.0,0.0,11.6,1.5
467410,2019-05-15,29.1,32.1,27.6,72,0.0,0.0,7.1,1.9
467410,2019-05-16,29.4,33.1,27.1,73,0.0,0.0,6.4,1.8
467410,2019-05-17,29.5,31.6,27.6,71,0.0,0.4,4.0,2.2
467410,2019-05-18,29.2,31.9,27.4,77,21.0,1.1,4.0,3.6
467410,2019-05-19,29.6,32.3,27.4,76,0.0,0.0,7.1,2.2
467410,2019-05-20,27.4,31.4,23.6,82,61.5,2.8,2.1,2.6
467410,2019-05-21,26.6,29.5,24.3,77,0.0,0.0,1.0,1.6
467410,2019-05-22,27.2,31.4,24.9,70,0.0,0.0,5.3,1.9
467410,2019-05-23,26.4,29.6,23.2,76,0.0,0.9,1.6,2.3
467410,2019-05-24,27.4,31.1,25.3,72,0.0,0.0,1.4,1.8
467410,2019-05-25,28.0,31.0,25.5,72,0.0,0.0,4.3,1.9
467410,2019-05-26,28.8,33.4,25.7,69,0.0,0.0,4.7,1.3
467410,2019-05-27,28.2,30.1,24.7,76,9.5,0.9,1.6,1.5
467410,2019-05-28,28.3,30.6,25.6,76,0.0,0.0,4.8,2.3
467410,2019-05-29,26.8,31.6,24.1,75,0.0,0.0,3.7,2.8
467410,2019-05-30,27.8,32.0,23.7,69,0.0,0.0,10.6,2.3
467410,2019-05-31,29.0,32.8,26.6,71,0.5,0.1,10.1,1.8
467410,2019-06-01,28.9,32.2,26.0,76,2.5,1.0,5.3,2.7
467410,2019-06-02,29.6,33.0,27.2,72,2.0,0.7,8.2,2.2
467410,2019-06-03,30.1,33.6,27.9,67,0.0,0.0,5.3,2.0
467410,2019-06-04,27.8,30.6,25.2,77,19.5,3.6,1.8,1.6
467410,2019-06-05,29.8,33.7,26.2,68,0.0,0.0,9.2,1.6
467410,2019-06-06,30.6,34.1,27.6,70,0.0,0.0,12.0,3.5
467410,2019-06-07,30.5,33.6,28.3,71,0.0,0.0,11.1,2.8
467410,2019-06-08,30.3,33.5,28.1,70,0.0,0.0,10.9,2.2
467410,2019-06-09,30.0,34.2,27.6,71,1.5,1.0,7.8,2.1
467410,2019-06-10,28.2,33.7,24.5,77,17.5,3.7,3.8,2.5
467410,2019-06-11,26.7,28.6,25.2,85,114.0,5.8,0.1,2.5
467410,2019-06-12,27.2,30.5,24.6,84,36.0,8.7,0.0,2.2
467410,2019-06-13,28.4,33.1,26.1,81,17.5,4.6,2.6,2.4
467410,2019-06-14,27.8,30.9,26.1,83,24.5,3.2,1.5,2.2
467410,2019-06-15,28.6,33.1,25.1,71,0.0,0.0,7.2,2.1
467410,2019-06-16,29.1,32.5,26.6,70,0.0,0.0,4.9,1.6
467410,2019-06-17,30.2,33.7,26.7,70,0.0,0.0,6.7,2.7
467410,2019-06-18,31.2,34.6,28.1,66,0.0,0.0,7.8,2.6
467410,2019-06-19,30.9,33.9,28.6,68,0.0,0.0,12.6,2.3
467410,2019-06-20,30.7,34.0,28.6,69,0.0,0.0,10.7,1.9
467410,2019-06-21,30.7,34.0,28.2,70,0.0,0.0,11.8,2.4
467410,2019-06-22,30.8,34.4,28.6,68,0.0,0.0,7.5,2.2
467410,2019-06-23,28.8,32.6,25.8,77,16.0,1.7,1.2,2.0
467410,2019-06-24,28.8,31.4,26.1,76,5.0,2.2,0.3,1.4
467410,2019-06-25,28.1,31.0,25.0,75,15.5,2.7,0.8,1.7
467410,2019-06-26,27.2,29.4,25.3,80,1.5,3.9,0.9,2.4
467410,2019-06-27,28.1,32.9,26.2,79,0.5,0.9,1.3,2.5
467410,2019-06-28,30.2,33.9,27.0,73,0.0,0.0,11.5,3.1
467410,2019-06-29,30.0,32.9,28.0,74,0.0,0.0,6.9,2.5
467410,2019-06-30,30.8,33.7,28.1,70,0.0,0.0,11.8,3.3
467410,2019-07-01,31.5,34.8,28.6,67,0.0,0.0,8.8,3.7
467410,2019-07-02,28.1,30.5,25.9,81,19.5,4.6,0.9,4.4
467410,2019-07-03,26.2,30.3,24.7,87,129.5,11.8,0.0,3.4
467410,2019-07-04,28.6,32.9,24.5,79,11.0,2.4,4.0,3.0
467410,2019-07-05,28.0,31.1,25.7,80,44.5,3.6,2.0,2.4
467410,2019-07-06,29.4,33.3,27.4,74,6.0,1.6,4.8,2.7
467410,2019-07-07,28.8,33.1,27.0,78,4.0,1.4,3.1,2.9
467410,2019-07-08,28.5,32.0,26.2,80,11.5,1.9,3.6,2.5
467410,2019-07-09,27.6,29.6,25.6,84,61.0,5.4,1.5,2.5
467410,2019-07-10,28.1,32.1,25.3,85,128.0,6.9,2.8,3.2
467410,2019-07-11,27.4,30.8,25.0,82,24.5,3.6,3.3,3.0
467410,2019-07-12,29.5,33.2,25.3,76,6.0,1.1,11.6,2.8
467410,2019-07-13,30.0,33.3,27.4,75,3.0,1.1,8.2,2.4
467410,2019-07-14,30.2,33.7,27.5,72,0.5,0.2,9.3,2.3
467410,2019-07-15,30.8,34.0,28.3,70,0.0,0.0,10.1,1.9
467410,2019-07-16,30.8,34.0,28.9,70,0.0,0.0,8.0,3.2
467410,2019-07-17,30.9,35.4,28.7,72,0.0,0.0,10.3,2.4
467410,2019-07-18,30.1,34.5,27.7,75,11.0,1.2,5.0,2.9
467410,2019-07-19,27.8,30.9,25.2,82,60.5,8.4,0.5,3.1
467410,2019-07-20,26.2,27.9,25.3,87,24.0,13.8,0.0,2.7
467410,2019-07-21,27.6,31.0,25.0,81,8.0,3.6,1.4,2.5
467410,2019-07-22,28.6,31.1,27.2,73,0.0,0.0,3.4,3.3
467410,2019-07-23,29.4,32.9,27.1,72,0.0,0.0,8.6,2.8
467410,2019-07-24,30.0,33.2,27.0,71,0.0,0.0,10.6,2.5
467410,2019-07-25,30.3,33.5,27.9,71,0.0,0.0,10.5,2.1
467410,2019-07-26,30.3,33.6,26.8,73,18.0,1.0,6.7,2.1
467410,2019-07-27,29.3,32.8,27.4,73,1.5,1.2,5.5,2.0
467410,2019-07-28,29.1,33.5,27.0,73,1.0,1.1,3.9,1.9
467410,2019-07-29,30.7,35.2,27.1,68,0.0,0.0,9.6,2.3
467410,2019-07-30,30.6,35.2,27.8,67,0.0,0.3,8.6,2.1
467410,2019-07-31,30.3,34.1,27.9,69,0.0,0.0,7.6,2.4
467410,2019-08-01,28.6,31.9,24.1,77,47.0,4.4,0.2,1.8
467410,2019-08-02,27.6,33.2,24.5,81,56.5,4.2,3.9,1.9
467410,2019-08-03,29.2,33.5,25.5,73,0.0,0.0,8.6,2.4
467410,2019-08-04,30.2,34.6,27.4,72,0.0,0.0,8.3,2.2
467410,2019-08-05,30.0,34.5,27.4,73,1.5,2.4,7.9,1.9
467410,2019-08-06,29.6,33.6,27.0,75,13.5,1.2,4.7,2.1
467410,2019-08-07,29.7,33.3,26.8,75,0.0,0.0,6.7,2.6
467410,2019-08-08,29.8,33.7,27.8,74,1.0,0.5,4.1,3.0
467410,2019-08-09,29.9,33.1,27.9,76,0.5,0.4,1.2,5.1
467410,2019-08-10,30.3,32.3,29.7,77,0.0,0.0,0.5,5.3
467410,2019-08-11,30.4,32.9,29.1,77,1.5,0.3,6.6,4.3
467410,2019-08-12,29.6,33.6,26.3,77,31.0,2.3,1.8,2.4
467410,2019-08-13,26.3,29.1,23.8,87,221.5,13.9,1.7,2.3
467410,2019-08-14,28.4,32.4,25.3,83,19.0,5.1,6.8,2.7
467410,2019-08-15,29.7,31.6,27.0,80,3.5,0.7,3.0,4.2
467410,2019-08-16,27.7,29.5,25.6,86,28.0,3.2,0.0,2.7
467410,2019-08-17,26.7,29.3,25.0,86,50.0,6.4,0.9,2.6
467410,2019-08-18,25.6,27.1,24.9,90,103.0,14.4,0.0,2.5
467410,2019-08-19,26.0,27.4,24.7,88,22.5,3.6,0.0,2.4
467410,2019-08-20,26.9,30.1,25.3,83,1.0,2.3,0.4,1.8
467410,2019-08-21,27.5,31.2,25.1,83,1.5,1.7,0.8,2.1
467410,2019-08-22,29.7,33.3,26.8,74,0.0,0.0,6.5,2.2
467410,2019-08-23,30.2,33.7,27.6,73,0.0,0.0,8.1,2.4
467410,2019-08-24,28.0,29.7,24.7,83,35.0,4.9,0.0,4.8
467410,2019-08-25,26.8,29.8,24.9,87,60.5,10.8,0.3,5.4
467410,2019-08-26,29.7,32.5,27.3,74,0.0,0.0,10.7,3.5
467410,2019-08-27,29.7,32.9,27.7,74,0.0,0.0,7.6,2.9
467410,2019-08-28,30.3,34.3,27.3,72,0.0,0.0,11.0,2.1
467410,2019-08-29,29.6,32.9,27.4,76,5.0,0.8,1.6,2.1
467410,2019-08-30,27.6,30.7,25.5,82,54.5,5.2,0.8,1.6
467410,2019-08-31,29.0,33.1,25.2,75,0.5,0.4,7.3,1.3
467410,2019-09-01,29.6,33.9,26.4,73,0.0,0.0,5.1,1.7
467410,2019-09-02,30.2,33.8,27.1,71,0.0,0.0,10.7,1.8
467410,2019-09-03,29.0,33.0,26.1,75,7.5,2.1,6.6,2.0
467410,2019-09-04,27.5,31.1,25.0,82,82.0,3.7,2.5,1.5
467410,2019-09-05,28.8,32.1,26.1,74,0.0,0.0,5.7,1.8
467410,2019-09-06,28.0,33.5,26.0,79,6.5,1.8,2.9,3.0
467410,2019-09-07,29.1,32.8,26.1,74,0.0,0.0,6.9,1.7
467410,2019-09-08,29.8,33.7,27.3,70,0.0,0.0,9.6,2.0
467410,2019-09-09,29.8,33.7,27.0,71,0.0,0.3,7.9,2.2
467410,2019-09-10,26.9,32.0,24.7,83,78.0,5.9,1.2,1.6
467410,2019-09-11,29.3,33.1,25.4,72,0.0,0.0,10.6,1.6
467410,2019-09-12,30.0,33.0,27.4,72,0.0,0.0,9.1,2.1
467410,2019-09-13,30.0,33.1,27.9,72,0.0,0.0,7.1,2.4
467410,2019-09-14,29.8,33.0,27.3,74,1.5,2.1,4.9,2.3
467410,2019-09-15,28.8,31.9,26.6,75,3.0,0.3,3.4,2.5
467410,2019-09-16,28.7,33.4,26.5,75,0.5,0.8,1.7,2.2
467410,2019-09-17,29.1,33.0,26.4,71,0.0,0.0,3.1,2.0
467410,2019-09-18,28.4,32.9,25.1,66,0.0,0.0,4.0,3.1
467410,2019-09-19,27.4,32.4,24.5,64,0.0,0.0,8.3,4.2
467410,2019-09-20,26.1,30.2,23.7,68,0.0,0.0,8.8,6.0
467410,2019-09-21,26.3,30.0,23.9,61,0.0,0.0,9.5,6.9
467410,2019-09-22,27.4,31.4,24.3,64,0.0,0.0,9.6,3.8
467410,2019-09-23,26.9,32.6,23.5,65,0.0,0.0,7.8,3.5
467410,2019-09-24,27.4,32.2,23.3,65,0.0,0.0,8.7,1.9
467410,2019-09-25,27.5,32.0,24.1,65,0.0,0.0,10.4,2.5
467410,2019-09-26,27.7,32.4,24.0,67,0.0,0.0,10.7,2.2
467410,2019-09-27,28.0,31.8,25.0,73,0.0,0.0,5.5,2.1
467410,2019-09-28,28.8,32.5,25.9,72,0.0,0.0,9.1,1.9
467410,2019-09-29,29.1,32.9,26.5,72,0.0,0.0,10.2,2.2
467410,2019-09-30,27.9,31.3,24.9,76,1.0,0.4,1.0,2.9
467410,2019-10-01,28.4,31.6,25.4,70,0.0,0.0,8.1,3.4
467410,2019-10-02,29.0,32.8,26.6,71,0.0,0.0,10.2,2.2
467410,2019-10-03,29.2,33.0,27.3,71,0.0,0.0,8.4,1.9
467410,2019-10-04,28.9,32.4,26.9,69,0.0,0.0,8.4,2.1
467410,2019-10-05,28.5,32.0,26.3,71,0.0,0.0,3.1,2.0
467410,2019-10-06,28.5,31.3,26.8,71,0.0,0.0,2.1,1.8
467410,2019-10-07,28.7,32.1,26.1,71,0.0,0.0,10.6,2.2
467410,2019-10-08,28.7,32.0,26.4,71,0.0,0.0,7.2,1.8
467410,2019-10-09,28.7,32.1,26.7,69,0.0,0.0,8.1,2.0
467410,2019-10-10,28.5,32.9,26.2,68,0.0,0.0,7.8,2.2
467410,2019-10-11,28.2,32.4,25.7,69,0.0,0.0,9.0,2.3
467410,2019-10-12,28.3,31.8,26.1,70,0.0,0.0,8.6,1.6
467410,2019-10-13,28.2,31.6,26.1,70,0.0,0.0,6.2,2.5
467410,2019-10-14,27.8,31.7,24.8,64,0.0,0.0,1.7,2.4
467410,2019-10-15,27.2,32.4,23.8,61,0.0,0.0,-99.5,2.5
467410,2019-10-16,26.3,31.4,22.2,66,0.0,0.0,-99.5,2.8
467410,2019-10-17,26.8,32.3,23.6,64,0.0,0.0,-99.5,3.2
467410,2019-10-18,25.7,31.0,21.7,65,0.0,0.0,-99.5,3.3
467410,2019-10-19,25.2,31.1,21.5,68,0.0,0.0,-99.5,3.4
467410,2019-10-20,25.2,30.7,21.5,69,0.0,0.0,-99.5,3.2
467410,2019-10-21,25.3,30.6,21.6,68,0.0,0.0,-99.5,2.1
467410,2019-10-22,25.7,30.2,22.3,66,0.0,0.0,-99.5,2.3
467410,2019-10-23,26.3,31.1,23.5,66,0.0,0.0,2.3,2.9
467410,2019-10-24,26.3,31.2,23.0,67,0.0,0.0,7.5,2.4
467410,2019-10-25,26.1,30.2,23.1,70,0.0,0.0,9.7,1.8
467410,2019-10-26,25.9,30.3,22.5,69,0.0,0.0,9.1,2.1
467410,2019-10-27,25.9,30.2,22.5,70,0.0,0.0,9.9,2.6
467410,2019-10-28,25.5,31.3,23.0,74,0.0,0.0,9.4,3.7
467410,2019-10-29,24.5,28.9,22.2,73,0.0,0.0,9.2,4.9
467410,2019-10-30,25.7,30.8,22.6,71,0.0,0.0,8.0,3.2
467410,2019-10-31,26.3,31.4,22.9,72,0.0,0.0,8.9,2.2
467410,2019-11-01,26.7,31.2,23.8,73,0.0,0.0,8.0,2.2
467410,2019-11-02,26.2,30.6,23.3,72,0.0,0.0,7.9,2.7
467410,2019-11-03,26.0,31.6,23.4,73,0.0,0.0,7.2,3.9
467410,2019-11-04,24.3,28.6,22.5,70,0.0,0.0,0.7,4.3
467410,2019-11-05,24.8,30.0,21.6,68,0.0,0.0,7.2,3.4
467410,2019-11-06,24.4,29.4,20.8,69,0.0,0.0,7.4,2.8
467410,2019-11-07,24.4,30.1,20.6,71,0.0,0.0,7.9,3.6
467410,2019-11-08,23.8,29.4,20.6,68,0.0,0.0,9.9,4.4
467410,2019-11-09,23.0,28.9,19.4,68,0.0,0.0,10.1,3.3
467410,2019-11-10,22.9,26.7,19.7,67,0.0,0.0,10.4,1.6
467410,2019-11-11,23.7,28.5,20.2,68,0.0,0.0,9.1,1.8
467410,2019-11-12,23.7,27.5,20.9,65,0.0,0.0,10.3,1.3
467410,2019-11-13,23.9,28.5,21.1,65,0.0,0.0,9.4,2.3
467410,2019-11-14,23.2,29.1,20.3,66,0.0,0.0,7.8,3.0
467410,2019-11-15,22.9,27.1,19.1,67,0.0,0.0,9.5,2.0
467410,2019-11-16,23.7,27.7,21.4,70,0.0,0.0,7.0,1.9
467410,2019-11-17,24.3,29.5,20.7,71,0.0,0.0,10.2,3.1
467410,2019-11-18,23.7,28.6,20.9,74,0.0,0.0,6.8,4.2
467410,2019-11-19,20.9,23.3,19.4,69,0.0,0.0,0.0,4.7
467410,2019-11-20,22.1,27.1,18.8,67,0.0,0.0,3.7,3.3
467410,2019-11-21,22.4,28.1,18.5,72,0.0,0.0,9.4,3.4
467410,2019-11-22,23.9,29.0,20.5,74,0.0,0.0,9.4,3.4
467410,2019-11-23,24.1,29.1,21.8,76,0.0,0.0,5.4,2.1
467410,2019-11-24,23.8,28.9,21.1,79,0.0,0.0,7.7,3.3
467410,2019-11-25,23.9,30.0,21.0,76,0.0,0.0,7.3,2.4
467410,2019-11-26,23.2,28.0,20.0,72,0.0,0.0,7.8,2.8
467410,2019-11-27,22.6,28.5,19.8,76,0.0,0.0,5.9,3.1
467410,2019-11-28,20.9,25.6,17.7,74,0.0,0.0,8.5,4.6
467410,2019-11-29,20.9,26.0,16.8,69,0.0,0.0,9.6,2.4
467410,2019-11-30,21.3,25.9,17.9,74,0.0,0.0,7.7,3.1
467410,2019-12-01,22.1,28.4,18.8,76,0.0,0.0,9.1,3.8
467410,2019-12-02,19.0,23.5,15.0,72,0.0,0.0,9.3,6.3
467410,2019-12-03,18.1,23.6,14.0,64,0.0,0.0,6.9,3.4
467410,2019-12-04,17.2,21.0,15.7,75,1.5,1.8,0.1,3.2
467410,2019-12-05,15.9,17.5,14.7,84,6.2,5.5,0.0,5.9
467410,2019-12-06,15.6,16.3,14.8,93,6.5,17.5,0.0,4.5
467410,2019-12-07,15.8,19.0,13.4,79,0.0,0.0,0.2,5.7
467410,2019-12-08,17.4,23.2,13.0,66,0.0,0.0,10.2,3.2
467410,2019-12-09,18.7,23.5,14.1,60,0.0,0.0,10.0,1.3
467410,2019-12-10,19.9,25.3,16.4,67,0.0,0.0,9.6,2.8
467410,2019-12-11,19.4,23.8,15.8,75,0.0,0.0,9.8,3.5
467410,2019-12-12,20.0,24.8,16.7,70,0.0,0.0,9.5,2.3
467410,2019-12-13,20.0,25.7,16.3,69,0.0,0.0,10.0,3.8
467410,2019-12-14,20.9,27.1,16.6,75,0.0,0.0,10.0,2.8
467410,2019-12-15,21.8,26.9,18.8,74,0.0,0.0,9.7,2.4
467410,2019-12-16,21.8,27.6,17.8,76,0.0,0.0,8.5,2.6
467410,2019-12-17,23.8,28.9,19.7,67,0.0,0.0,8.9,2.2
467410,2019-12-18,23.1,28.4,19.7,71,0.0,0.0,9.3,3.0
467410,2019-12-19,20.9,25.9,18.7,80,0.0,0.0,6.6,4.3
467410,2019-12-20,19.3,21.2,17.5,84,2.0,0.9,1.4,4.0
467410,2019-12-21,20.6,25.5,18.2,82,0.0,0.0,4.2,2.9
467410,2019-12-22,21.1,27.3,18.1,82,0.0,0.0,9.8,3.2
467410,2019-12-23,20.7,26.1,17.3,81,0.0,0.0,9.4,3.4
467410,2019-12-24,20.5,25.9,18.0,82,0.0,0.0,7.1,3.7
467410,2019-12-25,21.4,26.6,18.1,77,0.0,0.0,6.0,2.8
467410,2019-12-26,22.1,27.0,18.2,73,0.0,0.0,4.9,4.5
467410,2019-12-27,18.2,20.9,16.4,68,0.0,0.0,0.9,4.6
467410,2019-12-28,19.0,22.3,16.1,72,0.0,0.8,0.1,2.5
467410,2019-12-29,19.0,20.1,18.1,92,43.5,11.6,0.0,3.2
467410,2019-12-30,21.2,25.1,18.8,80,0.5,0.4,0.6,4.9
467410,2019-12-31,18.8,22.2,16.4,85,0.5,0.8,0.4,4.0
467410,2020-01-01,18.3,22.9,15.4,80,0.0,0.0,6.1,2.9
467410,2020-01-02,19.0,24.8,15.9,81,0.0,0.0,7.2,2.3
467410,2020-01-03,20.0,24.0,17.7,80,0.0,0.0,9.2,1.7
467410,2020-01-04,19.7,24.3,17.1,84,0.0,0.0,6.8,2.3
467410,2020-01-05,20.3,24.8,16.8,82,0.0,0.0,9.0,2.0
467410,2020-01-06,20.6,25.3,17.7,81,0.0,0.0,7.9,2.5
467410,2020-01-07,22.1,26.4,19.1,75,0.0,0.0,7.4,2.1
467410,2020-01-08,20.8,25.8,17.2,73,0.0,0.0,9.8,3.3
467410,2020-01-09,19.4,24.3,15.7,77,0.0,0.0,5.7,2.7
467410,2020-01-10,20.4,25.9,17.6,78,0.0,0.0,7.4,2.8
467410,2020-01-11,20.2,25.7,16.4,79,0.0,0.0,9.0,2.8
467410,2020-01-12,17.9,22.0,15.3,76,0.0,0.0,8.7,5.2
467410,2020-01-13,17.8,22.5,14.5,73,0.0,0.0,9.1,4.1
467410,2020-01-14,19.4,26.9,15.9,74,0.0,0.0,8.5,3.8
467410,2020-01-15,18.7,23.8,15.1,77,0.0,0.0,8.6,3.5
467410,2020-01-16,19.7,25.5,16.0,77,0.0,0.0,10.0,3.4
467410,2020-01-17,18.0,22.6,14.4,78,0.0,0.0,9.7,5.3
467410,2020-01-18,16.5,22.1,13.2,76,0.0,0.0,8.7,3.8
467410,2020-01-19,17.3,22.5,13.9,76,0.0,0.0,9.8,3.8
467410,2020-01-20,18.0,25.6,14.3,74,0.0,0.0,10.2,3.9
467410,2020-01-21,18.7,25.3,13.5,72,0.0,0.0,6.8,2.9
467410,2020-01-22,22.1,27.7,17.6,69,0.0,0.0,7.0,2.0
467410,2020-01-23,24.1,29.4,20.7,68,0.0,0.0,9.4,1.7
467410,2020-01-24,22.6,27.5,19.8,75,0.0,0.0,9.4,3.7
467410,2020-01-25,21.3,25.5,18.9,77,0.0,1.2,5.6,3.3
467410,2020-01-26,19.2,26.4,16.3,86,27.0,9.5,3.3,4.0
467410,2020-01-27,18.2,22.4,15.4,75,0.0,0.0,8.8,5.0
467410,2020-01-28,15.3,17.3,13.8,81,0.5,2.2,0.2,3.7
467410,2020-01-29,14.6,18.6,12.4,71,0.0,0.0,4.5,5.8
467410,2020-01-30,13.5,18.2,10.9,54,0.0,0.0,10.3,6.9
467410,2020-01-31,14.5,20.4,9.2,51,0.0,0.0,10.4,3.0
467410,2020-02-01,16.0,21.8,11.4,62,0.0,0.0,10.2,2.4
467410,2020-02-02,17.6,23.8,13.3,66,0.0,0.0,9.2,2.5
467410,2020-02-03,18.4,24.3,14.7,72,0.0,0.0,10.1,3.0
467410,2020-02-04,18.2,23.2,15.1,77,0.0,0.0,5.4,3.6
467410,2020-02-05,18.5,23.8,15.4,72,0.0,0.0,9.8,4.7
467410,2020-02-06,18.3,23.3,14.3,75,0.0,0.0,9.2,3.3
467410,2020-02-07,18.4,24.7,15.6,80,0.0,0.0,7.8,5.3
467410,2020-02-08,17.4,23.4,14.7,73,0.0,0.0,9.6,4.8
467410,2020-02-09,17.0,21.9,14.3,69,0.0,0.0,5.3,3.8
467410,2020-02-10,18.0,23.7,13.7,68,0.0,0.0,9.9,2.2
467410,2020-02-11,19.5,22.1,16.9,71,0.0,0.0,0.0,1.7
467410,2020-02-12,23.4,28.8,18.2,67,0.0,0.0,9.4,2.3
467410,2020-02-13,23.9,27.4,21.1,71,0.0,0.0,3.0,3.0
467410,2020-02-14,24.1,29.0,21.2,75,0.0,0.2,7.2,2.6
467410,2020-02-15,25.4,29.6,21.3,74,0.0,0.0,9.7,3.5
467410,2020-02-16,21.0,27.2,12.9,74,0.0,0.0,5.9,4.6
467410,2020-02-17,13.9,17.7,11.1,60,1.5,1.1,2.1,5.3
467410,2020-02-18,15.9,21.2,11.2,47,0.0,0.0,5.0,3.2
467410,2020-02-19,17.2,22.4,12.5,61,0.0,0.0,10.1,2.9
467410,2020-02-20,19.0,24.2,14.7,71,0.0,0.0,10.1,3.1
467410,2020-02-21,19.4,24.1,16.1,76,0.0,0.0,8.7,3.1
467410,2020-02-22,19.9,26.0,15.6,78,0.0,0.0,8.7,2.8
467410,2020-02-23,20.8,25.1,17.4,76,0.0,0.0,6.7,2.0
467410,2020-02-24,21.6,27.2,18.2,73,0.0,0.0,10.2,2.3
467410,2020-02-25,23.9,29.8,19.6,64,0.0,0.0,10.5,2.9
467410,2020-02-26,24.5,29.0,21.4,67,0.0,0.0,10.9,2.8
467410,2020-02-27,22.7,27.7,20.2,73,0.0,0.0,7.1,3.6
467410,2020-02-28,22.8,27.5,19.2,70,0.0,0.0,8.0,2.6
467410,2020-02-29,24.5,30.3,21.4,75,0.0,0.0,6.6,1.8
467410,2020-03-01,24.5,29.4,21.0,72,0.0,0.0,10.3,3.1
467410,2020-03-02,22.1,27.0,19.0,72,0.0,0.0,7.5,3.4
467410,2020-03-03,22.6,28.2,18.0,64,0.0,0.0,9.7,4.2
467410,2020-03-04,22.0,26.9,17.3,72,0.0,0.0,3.1,4.7
467410,2020-03-05,18.3,23.5,15.5,77,0.0,0.4,3.0,4.4
467410,2020-03-06,20.5,24.9,16.6,71,0.0,0.0,2.3,2.1
467410,2020-03-07,23.7,30.0,19.6,70,0.0,0.0,9.4,2.5
467410,2020-03-08,23.9,29.0,20.8,73,0.0,0.0,9.8,2.8
467410,2020-03-09,25.2,28.8,21.2,74,0.0,0.0,9.2,3.3
467410,2020-03-10,22.8,26.6,18.7,78,6.0,0.7,2.5,3.7
467410,2020-03-11,20.6,25.4,17.0,-9995,0.0,0.0,3.2,3.3
467410,2020-03-12,23.5,29.0,19.8,-9995,0.0,0.0,6.8,1.4
467410,2020-03-13,24.2,28.5,20.6,-9995,0.0,0.5,9.1,3.0
467410,2020-03-14,19.0,22.3,16.3,-9995,13.5,7.2,0.6,4.3
467410,2020-03-15,20.1,25.1,16.4,56,0.0,0.0,10.6,3.1
467410,2020-03-16,21.6,25.6,18.1,-9995,0.0,0.0,10.5,1.8
467410,2020-03-17,22.4,26.4,19.4,-9995,0.0,0.0,10.1,2.1
467410,2020-03-18,22.6,26.2,19.7,-9995,0.0,0.0,3.6,1.7
467410,2020-03-19,24.5,29.2,21.6,-9995,0.0,0.0,6.8,2.2
467410,2020-03-20,24.3,29.4,21.1,-9995,0.0,0.0,9.2,2.8
467410,2020-03-21,24.5,29.5,21.2,76,0.0,0.0,8.7,1.4
467410,2020-03-22,25.2,29.7,22.6,-9995,0.0,0.0,9.8,1.6
467410,2020-03-23,25.2,29.6,22.3,74,0.0,0.0,10.2,3.2
467410,2020-03-24,24.0,26.9,21.3,-9995,0.0,0.0,1.6,2.8
467410,2020-03-25,25.3,29.8,22.2,-9995,0.0,0.0,9.0,2.5
467410,2020-03-26,27.1,31.7,23.0,-9995,0.0,0.0,11.0,3.1
467410,2020-03-27,27.4,30.5,25.1,-9995,0.0,0.0,9.8,2.7
467410,2020-03-28,24.0,30.2,17.4,76,10.0,1.2,8.5,4.0
467410,2020-03-29,21.4,26.4,16.5,69,0.0,0.0,10.5,3.0
467410,2020-03-30,24.3,29.6,20.8,-9995,0.0,0.0,6.9,2.3
467410,2020-03-31,24.3,29.9,20.3,-9995,0.0,0.0,6.9,2.6
467410,2020-04-01,23.7,28.3,19.5,-9995,0.0,0.0,6.5,3.8
467410,2020-04-02,21.3,24.7,18.7,-9995,0.0,0.0,0.0,2.9
467410,2020-04-03,22.7,28.1,19.9,-9995,0.0,0.0,7.9,3.3
467410,2020-04-04,22.2,27.6,18.3,-9995,0.0,0.0,6.7,4.6
467410,2020-04-05,20.5,26.2,17.4,-9995,0.0,0.0,3.5,4.2
467410,2020-04-06,19.1,21.9,17.6,-9995,15.0,5.8,0.0,3.1
467410,2020-04-07,20.6,25.6,17.4,-9995,6.0,5.9,8.2,4.5
467410,2020-04-08,21.0,26.8,16.3,-9995,0.0,0.0,6.1,3.2
467410,2020-04-09,22.7,28.1,19.1,-9995,0.0,0.0,9.6,3.2
467410,2020-04-10,23.7,28.1,20.0,-9995,0.0,0.0,11.0,1.7
467410,2020-04-11,23.8,29.3,21.3,-9995,0.0,0.0,6.0,2.3
467410,2020-04-12,20.3,24.2,16.4,-9995,2.0,1.9,7.6,6.3
467410,2020-04-13,19.8,25.5,15.6,-9995,0.0,0.0,11.6,4.6
467410,2020-04-14,21.1,25.5,17.6,57,0.0,0.0,3.3,1.7
467410,2020-04-15,23.2,27.7,19.9,58,0.0,0.0,9.2,2.5
467410,2020-04-16,23.9,28.7,19.2,62,0.0,0.0,11.4,1.4
467410,2020-04-17,25.2,29.6,20.8,66,0.0,0.0,11.5,1.9
467410,2020-04-18,26.9,32.0,23.0,71,0.0,0.0,10.8,1.9
467410,2020-04-19,27.1,30.8,25.0,79,0.0,0.0,4.6,2.7
467410,2020-04-20,26.8,30.6,24.1,74,0.0,0.0,9.8,1.9
467410,2020-04-21,26.2,30.4,23.2,73,0.0,0.0,7.6,2.9
467410,2020-04-22,24.1,29.8,21.5,72,0.0,0.0,4.8,4.0
467410,2020-04-23,22.2,25.6,19.4,77,0.0,0.0,0.5,4.1
467410,2020-04-24,20.8,23.4,18.8,76,0.0,0.0,0.0,3.6
467410,2020-04-25,23.1,27.6,20.0,71,0.0,0.0,5.0,2.6
467410,2020-04-26,24.8,29.8,21.6,69,0.0,0.0,6.8,3.8
467410,2020-04-27,25.6,30.3,21.8,63,0.0,0.0,7.1,2.7
467410,2020-04-28,26.1,30.7,22.8,67,0.0,0.0,5.2,2.1
467410,2020-04-29,26.1,30.6,22.8,69,0.0,0.0,11.1,2.0
467410,2020-04-30,27.1,31.7,22.9,61,0.0,0.0,10.4,2.0
467410,2020-05-01,28.2,32.6,25.2,53,0.0,0.0,8.6,2.4
467410,2020-05-02,28.3,32.3,25.8,67,0.0,0.0,11.9,2.5
467410,2020-05-03,27.9,31.7,26.3,75,0.0,0.0,9.2,2.5
467410,2020-05-04,28.1,32.2,25.8,71,0.0,0.0,11.1,2.2
467410,2020-05-05,28.2,31.2,26.0,74,0.0,0.0,12.1,2.6
467410,2020-05-06,28.8,32.4,26.9,70,0.0,0.0,10.0,1.9
467410,2020-05-07,29.8,33.4,27.6,68,0.0,0.0,10.6,2.0
467410,2020-05-08,29.6,33.1,27.7,71,0.0,0.0,10.1,2.1
467410,2020-05-09,29.2,33.1,27.3,73,0.0,0.0,9.1,2.3
467410,2020-05-10,29.0,32.1,27.2,76,0.0,0.0,10.4,2.5
467410,2020-05-11,29.7,34.2,27.2,72,0.0,0.0,8.0,2.4
467410,2020-05-12,27.5,30.7,25.4,77,9.5,0.3,1.7,3.1
467410,2020-05-13,28.3,32.5,25.1,67,0.0,0.0,10.8,2.0
467410,2020-05-14,29.1,33.0,26.8,64,0.0,0.0,11.1,2.0
467410,2020-05-15,29.3,32.7,26.5,68,0.0,0.0,12.3,2.2
467410,2020-05-16,29.6,34.7,27.2,66,0.0,0.0,10.3,3.1
467410,2020-05-17,29.4,33.5,26.4,69,0.0,0.0,11.0,3.6
467410,2020-05-18,28.4,32.1,26.4,76,0.0,0.3,2.9,2.4
467410,2020-05-19,25.6,28.7,23.0,85,60.5,3.8,0.0,2.3
467410,2020-05-20,25.4,28.3,23.6,83,11.0,3.4,0.2,2.4
467410,2020-05-21,25.3,26.6,24.4,91,53.5,8.9,0.0,3.1
467410,2020-05-22,25.0,26.1,24.3,98,176.0,22.7,0.0,2.5
467410,2020-05-23,26.0,27.8,24.3,92,1.0,2.5,0.0,1.5
467410,2020-05-24,27.6,32.0,25.6,80,0.0,0.0,4.3,1.4
467410,2020-05-25,28.7,32.6,26.2,71,0.0,0.0,9.6,1.9
467410,2020-05-26,28.1,31.6,25.5,83,54.0,6.0,5.3,2.7
467410,2020-05-27,26.9,30.5,24.4,87,96.5,5.0,4.2,3.1
467410,2020-05-28,28.1,32.1,24.8,82,8.0,1.8,3.4,2.4
467410,2020-05-29,28.2,31.3,26.7,83,0.5,2.5,4.5,2.5
467410,2020-05-30,29.2,32.6,26.6,77,0.0,0.0,7.9,2.4
467410,2020-05-31,29.8,33.3,27.7,73,0.0,0.0,11.4,1.8
467410,2020-06-01,29.9,33.3,27.6,73,0.0,0.0,11.1,1.6
467410,2020-06-02,29.8,33.4,27.7,73,0.0,0.0,11.8,1.9
467410,2020-06-03,29.9,33.2,27.5,71,0.0,0.0,12.2,2.1
467410,2020-06-04,30.3,34.1,27.6,68,0.0,0.0,12.3,1.6
467410,2020-06-05,30.0,33.5,27.8,71,0.0,0.0,8.4,2.1
467410,2020-06-06,29.3,34.0,26.9,76,10.5,0.7,7.5,2.4
467410,2020-06-07,28.9,33.1,25.7,71,1.0,0.2,7.7,2.1
467410,2020-06-08,27.6,32.1,24.2,77,17.0,4.3,0.3,2.3
467410,2020-06-09,28.5,31.9,26.1,71,0.5,2.2,0.0,1.9
467410,2020-06-10,29.8,33.6,26.9,70,0.0,0.0,10.1,2.6
467410,2020-06-11,30.3,33.9,27.8,70,0.0,0.0,10.0,2.3
467410,2020-06-12,29.8,34.2,27.1,78,14.0,0.5,4.8,2.4
467410,2020-06-13,30.6,35.9,27.3,71,0.0,0.0,7.2,3.2
467410,2020-06-14,30.3,33.2,27.8,69,0.0,0.0,12.0,4.6
467410,2020-06-15,30.5,33.8,27.9,66,0.0,0.0,12.7,2.3
467410,2020-06-16,30.2,33.4,27.9,68,0.0,0.0,10.9,1.9
467410,2020-06-17,30.2,33.3,27.8,68,0.0,0.0,12.0,1.9
467410,2020-06-18,30.5,33.9,27.9,67,0.0,0.0,12.1,2.0
467410,2020-06-19,30.4,34.1,27.6,69,0.0,0.0,11.4,2.1
467410,2020-06-20,30.4,34.3,27.8,70,0.0,0.0,11.5,2.5
467410,2020-06-21,30.4,33.4,27.7,69,1.0,0.3,7.8,1.9
467410,2020-06-22,30.7,33.9,28.4,69,0.0,0.0,10.0,2.1
467410,2020-06-23,30.7,33.7,28.3,70,0.2,0.1,8.2,2.0
467410,2020-06-24,30.5,33.6,28.0,73,0.0,0.1,8.8,2.5
467410,2020-06-25,30.6,34.0,27.4,68,0.3,0.2,10.4,2.8
467410,2020-06-26,30.4,34.4,28.3,72,3.5,0.2,5.1,2.7
467410,2020-06-27,30.4,34.1,27.6,70,0.0,0.0,8.9,3.3
467410,2020-06-28,30.8,34.6,27.5,68,0.0,0.0,11.7,3.1
467410,2020-06-29,30.7,34.3,28.0,70,0.0,0.0,10.0,3.1
467410,2020-06-30,29.3,32.4,26.9,81,10.5,1.7,4.9,3.3
467410,2020-07-01,29.1,31.9,27.0,80,5.0,0.8,3.8,3.2
467410,2020-07-02,29.2,34.1,26.6,76,3.0,0.4,6.3,3.4
467410,2020-07-03,30.2,34.4,27.2,72,0.0,0.0,7.5,3.1
467410,2020-07-04,30.5,34.5,27.9,72,2.5,0.5,10.3,2.1
467410,2020-07-05,30.5,33.7,28.0,69,0.0,0.0,10.9,2.3
467410,2020-07-06,29.9,33.5,27.8,71,0.0,0.0,9.2,2.6
467410,2020-07-07,30.0,33.8,25.6,74,22.0,1.4,8.0,2.3
467410,2020-07-08,30.3,33.6,28.3,73,0.5,0.3,7.8,2.4
467410,2020-07-09,30.5,33.7,27.8,72,0.5,0.5,4.2,2.7
467410,2020-07-10,31.2,34.4,28.4,68,0.0,0.0,11.1,2.2
467410,2020-07-11,31.4,34.8,28.2,68,0.0,0.0,12.1,2.2
467410,2020-07-12,31.6,34.9,28.9,65,0.0,0.0,11.7,2.2
467410,2020-07-13,31.3,34.8,28.5,65,0.0,0.0,11.2,2.2
467410,2020-07-14,31.1,34.2,29.1,68,0.0,0.0,7.2,2.5
467410,2020-07-15,29.3,31.2,27.1,79,2.5,2.6,2.4,1.8
467410,2020-07-16,29.0,32.4,25.3,77,23.5,2.9,2.8,1.8
467410,2020-07-17,29.8,33.9,25.2,74,11.0,1.2,9.4,2.0
467410,2020-07-18,31.0,34.7,28.4,69,0.0,0.0,11.3,2.0
467410,2020-07-19,30.8,34.4,28.4,70,0.0,0.0,9.3,2.9
467410,2020-07-20,29.6,34.1,26.7,71,0.5,0.7,7.3,2.6
467410,2020-07-21,30.4,34.6,26.9,68,0.0,0.0,8.9,2.1
467410,2020-07-22,30.6,34.9,28.3,73,0.0,0.3,5.4,2.1
467410,2020-07-23,30.6,35.2,27.7,70,0.0,0.0,8.6,2.3
467410,2020-07-24,31.1,34.9,27.7,69,0.0,0.0,11.9,2.1
467410,2020-07-25,30.6,33.8,26.9,76,6.5,3.0,3.8,1.8
467410,2020-07-26,30.5,33.9,28.3,70,0.0,0.0,8.5,2.5
467410,2020-07-27,30.5,34.2,27.9,71,0.0,0.0,8.9,2.6
467410,2020-07-28,28.8,33.0,25.8,79,11.0,4.0,5.3,2.1
467410,2020-07-29,28.2,33.8,24.7,78,52.0,2.5,4.7,1.9
467410,2020-07-30,29.8,33.2,26.8,76,0.0,0.0,1.2,1.4
467410,2020-07-31,29.5,32.5,27.1,79,0.5,2.9,1.9,1.5
467410,2020-08-01,29.8,33.4,27.0,78,22.0,2.0,7.2,2.2
467410,2020-08-02,28.9,34.2,26.8,78,1.0,1.4,5.9,2.5
467410,2020-08-03,26.3,29.8,24.8,92,80.5,8.9,0.6,2.7
467410,2020-08-04,26.0,28.6,24.8,92,36.0,13.0,0.0,3.6
467410,2020-08-05,29.4,34.1,25.4,75,0.5,0.5,9.1,1.6
467410,2020-08-06,29.4,35.0,25.7,75,0.5,1.1,8.1,2.0
467410,2020-08-07,29.5,33.7,26.5,75,0.0,0.1,5.8,1.9
467410,2020-08-08,30.0,33.7,27.1,75,0.0,0.0,7.5,2.8
467410,2020-08-09,30.2,33.5,28.1,74,0.0,0.0,8.3,2.7
467410,2020-08-10,29.5,33.7,27.6,78,2.0,1.9,3.8,2.8
467410,2020-08-11,28.0,30.2,26.3,83,4.5,0.9,0.0,4.4
467410,2020-08-12,29.8,33.7,27.2,74,0.0,0.0,9.5,3.9
467410,2020-08-13,29.8,34.2,27.1,72,0.0,0.6,8.6,2.4
467410,2020-08-14,29.7,33.7,25.6,71,0.0,0.6,10.2,2.5
467410,2020-08-15,27.8,32.1,24.4,78,33.0,2.9,3.2,1.7
467410,2020-08-16,28.3,33.6,23.9,78,45.0,2.9,6.3,1.7
467410,2020-08-17,29.3,33.6,26.3,76,0.0,0.0,5.8,1.5
467410,2020-08-18,29.7,33.7,27.4,75,0.0,0.1,6.7,2.0
467410,2020-08-19,30.2,34.8,27.8,71,0.0,0.0,9.7,2.5
467410,2020-08-20,30.1,33.1,27.7,72,0.0,0.0,8.1,2.3
467410,2020-08-21,29.1,33.9,25.7,78,1.0,2.0,5.5,2.0
467410,2020-08-22,28.4,32.9,26.3,82,12.5,0.6,3.3,2.1
467410,2020-08-23,28.8,33.0,25.3,79,28.5,2.9,6.4,2.3
467410,2020-08-24,29.0,32.6,25.8,79,20.0,3.4,9.6,3.1
467410,2020-08-25,29.4,33.3,27.0,78,4.0,1.2,6.2,2.4
467410,2020-08-26,24.9,27.7,24.1,95,222.0,15.4,0.0,3.6
467410,2020-08-27,25.5,28.1,24.1,95,110.0,11.2,0.0,3.8
467410,2020-08-28,27.8,30.9,25.7,86,17.5,2.0,4.0,3.6
467410,2020-08-29,29.2,32.9,26.4,75,0.0,0.0,7.6,2.0
467410,2020-08-30,29.6,34.1,27.5,74,0.0,0.0,6.4,1.6
467410,2020-08-31,27.9,34.3,25.2,81,23.0,2.2,4.3,1.9
467410,2020-09-01,29.3,32.5,26.0,76,0.0,0.0,9.6,3.0
467410,2020-09-02,29.9,33.0,28.0,78,0.0,0.0,5.7,2.4
467410,2020-09-03,29.3,33.1,26.3,79,0.3,0.1,4.6,2.3
467410,2020-09-04,29.9,33.5,26.6,72,0.0,0.0,9.8,1.9
467410,2020-09-05,29.7,33.3,26.9,70,0.0,0.0,4.6,2.8
467410,2020-09-06,28.7,33.9,25.7,56,0.0,0.0,11.4,4.1
467410,2020-09-07,28.7,32.9,24.6,58,0.0,0.0,10.0,1.7
467410,2020-09-08,30.1,33.6,27.3,63,0.0,0.0,9.9,1.8
467410,2020-09-09,30.0,34.0,27.6,69,0.0,0.0,7.7,1.6
467410,2020-09-10,29.9,34.0,27.5,69,0.0,0.0,5.6,1.7
467410,2020-09-11,29.6,34.0,27.4,71,0.0,0.0,6.7,2.4
467410,2020-09-12,29.0,32.4,25.6,78,38.5,4.0,3.6,1.4
467410,2020-09-13,29.9,33.7,26.7,73,0.0,0.0,7.3,1.9
467410,2020-09-14,30.2,34.4,27.1,73,0.0,0.0,9.3,2.2
467410,2020-09-15,29.9,33.9,27.4,72,0.0,0.0,6.6,1.9
467410,2020-09-16,30.6,34.0,27.6,67,0.0,0.0,10.6,2.1
467410,2020-09-17,30.9,34.1,28.1,68,0.0,0.0,9.5,2.0
467410,2020-09-18,29.9,34.0,25.8,74,17.5,1.4,6.0,1.8
467410,2020-09-19,29.8,33.5,26.9,73,0.0,0.0,9.0,2.1
467410,2020-09-20,29.9,33.8,27.3,72,0.0,0.0,8.2,2.4
467410,2020-09-21,29.4,33.8,26.6,71,0.0,0.0,6.4,2.8
467410,2020-09-22,29.1,34.1,25.6,68,0.0,0.0,7.8,2.3
467410,2020-09-23,29.0,32.8,25.9,67,0.0,0.0,10.7,2.6
467410,2020-09-24,28.7,34.0,25.9,69,0.0,0.0,7.6,3.3
467410,2020-09-25,27.9,34.0,25.0,68,0.0,0.0,3.5,3.3
467410,2020-09-26,28.8,33.3,25.8,65,0.0,0.0,8.2,1.8
467410,2020-09-27,27.6,32.5,25.1,68,0.0,0.0,7.6,3.3
467410,2020-09-28,27.8,32.7,24.1,70,0.0,0.0,10.6,3.3
467410,2020-09-29,28.0,32.0,24.9,68,0.0,0.0,10.8,3.2
467410,2020-09-30,28.0,32.5,25.3,63,0.0,0.0,10.2,3.2
467410,2020-10-01,27.9,31.7,25.2,67,0.0,0.0,6.0,2.0
467410,2020-10-02,28.3,31.8,24.9,69,0.0,0.0,10.1,1.9
467410,2020-10-03,28.3,32.1,25.7,74,0.0,0.0,9.3,2.5
467410,2020-10-04,28.7,32.5,26.1,72,0.0,0.0,10.9,1.8
467410,2020-10-05,29.1,32.7,25.8,66,0.0,0.0,8.5,2.4
467410,2020-10-06,27.3,32.7,23.7,64,0.0,0.0,10.5,3.9
467410,2020-10-07,26.4,31.2,23.4,63,0.0,0.0,3.2,3.6
467410,2020-10-08,26.4,30.7,23.0,62,0.0,0.0,0.7,2.7
467410,2020-10-09,26.9,32.2,23.5,64,0.0,0.0,10.2,3.3
467410,2020-10-10,26.8,32.2,22.6,68,0.0,0.0,9.2,3.4
467410,2020-10-11,27.3,32.1,23.3,74,0.0,0.0,10.0,2.8
467410,2020-10-12,27.9,32.2,25.6,78,0.0,0.0,7.1,2.4
467410,2020-10-13,27.8,32.2,25.4,78,0.0,0.0,6.6,2.4
467410,2020-10-14,28.3,32.5,25.6,73,0.0,0.0,10.2,2.3
467410,2020-10-15,28.3,32.0,25.7,70,0.0,0.0,9.4,1.8
467410,2020-10-16,27.6,31.6,25.5,74,0.0,0.0,8.7,2.0
467410,2020-10-17,26.8,31.6,24.2,74,0.0,0.0,4.8,2.4
467410,2020-10-18,26.0,31.9,22.5,70,0.0,0.0,7.6,3.1
467410,2020-10-19,26.0,31.5,22.2,70,0.0,0.0,7.9,3.3
467410,2020-10-20,26.2,31.0,22.8,73,0.0,0.0,8.1,3.1
467410,2020-10-21,26.8,31.7,23.3,77,0.0,0.0,4.6,2.2
467410,2020-10-22,25.0,28.9,20.6,78,0.5,1.7,2.9,5.2
467410,2020-10-23,22.0,24.3,20.2,78,0.5,0.5,1.0,4.1
467410,2020-10-24,24.6,29.4,20.9,66,0.0,0.0,2.5,2.2
467410,2020-10-25,26.3,29.7,23.2,66,0.0,0.0,7.8,1.8
467410,2020-10-26,26.7,31.8,23.4,69,0.0,0.0,7.8,2.5
467410,2020-10-27,27.0,32.2,23.7,70,0.0,0.0,9.6,2.0
467410,2020-10-28,27.2,31.5,23.9,72,0.0,0.0,9.5,2.1
467410,2020-10-29,26.6,31.6,23.6,73,0.0,0.0,8.3,2.6
467410,2020-10-30,25.3,30.6,22.6,66,0.0,0.0,7.1,3.4
467410,2020-10-31,24.6,29.2,21.5,62,0.0,0.0,5.5,2.4
467410,2020-11-01,25.2,30.1,22.5,71,0.0,0.0,8.2,1.9
467410,2020-11-02,25.5,29.7,22.6,73,0.0,0.0,9.3,2.6
467410,2020-11-03,24.3,29.7,21.3,65,0.0,0.0,9.4,4.0
467410,2020-11-04,24.5,29.0,20.7,58,0.0,0.0,8.8,2.2
467410,2020-11-05,24.8,29.8,21.3,65,0.0,0.0,9.8,3.0
467410,2020-11-06,24.1,27.7,21.4,85,1.5,3.6,1.4,3.4
467410,2020-11-07,24.3,26.9,22.9,95,49.0,9.1,0.0,2.5
467410,2020-11-08,22.1,25.0,20.4,82,0.0,0.0,2.4,4.8
467410,2020-11-09,20.8,22.5,19.7,83,1.5,2.5,0.0,3.4
467410,2020-11-10,21.4,25.5,19.4,76,0.0,0.0,2.0,3.7
467410,2020-11-11,22.9,28.2,18.9,71,0.0,0.0,9.9,3.2
467410,2020-11-12,23.1,27.3,19.3,74,0.0,0.0,3.3,2.7
467410,2020-11-13,23.6,26.7,21.9,80,0.0,0.5,0.2,4.0
467410,2020-11-14,23.6,26.6,22.0,82,0.0,0.0,0.0,2.2
467410,2020-11-15,23.4,27.0,21.0,82,0.0,1.4,0.3,1.9
467410,2020-11-16,24.5,28.9,22.3,84,0.0,0.0,5.5,1.9
467410,2020-11-17,25.6,29.4,22.8,77,0.0,0.0,10.1,1.3
467410,2020-11-18,25.8,29.9,23.0,77,0.0,0.0,10.1,1.6
467410,2020-11-19,27.0,31.4,23.6,71,0.0,0.0,9.6,1.6
467410,2020-11-20,27.6,32.0,25.3,71,0.0,0.0,7.8,2.4
467410,2020-11-21,26.5,30.5,24.4,80,0.0,0.0,3.7,2.0
467410,2020-11-22,25.8,30.4,23.3,82,0.0,0.0,4.9,2.4
467410,2020-11-23,25.3,29.4,22.6,77,0.0,0.0,6.5,2.5
467410,2020-11-24,25.1,29.4,22.3,73,0.0,0.0,7.4,3.1
467410,2020-11-25,24.9,28.8,22.2,75,0.0,0.0,9.0,2.8
467410,2020-11-26,25.2,29.4,23.1,80,0.0,0.0,7.2,1.7
467410,2020-11-27,24.2,28.6,21.0,77,0.0,0.0,7.1,2.6
467410,2020-11-28,22.6,27.7,19.7,73,0.0,0.0,8.1,3.7
467410,2020-11-29,21.9,26.4,19.2,73,0.0,0.0,6.0,3.7
467410,2020-11-30,21.7,26.0,19.6,71,0.0,0.0,0.6,2.7
467410,2020-12-01,22.3,27.0,18.6,71,0.0,0.0,9.5,2.6
467410,2020-12-02,21.8,26.5,18.6,71,0.0,0.0,7.5,4.2
467410,2020-12-03,19.9,24.0,17.6,67,0.0,0.0,1.7,5.2
467410,2020-12-04,19.7,23.5,17.4,72,0.0,0.0,2.7,4.3
467410,2020-12-05,20.6,25.5,17.9,72,0.0,0.0,3.6,4.0
467410,2020-12-06,21.4,26.2,17.8,77,0.0,0.0,3.7,3.2
467410,2020-12-07,22.1,26.7,19.9,79,0.0,0.0,6.9,4.0
467410,2020-12-08,20.7,24.2,18.8,81,0.0,0.0,1.0,4.5
467410,2020-12-09,20.9,24.3,18.8,84,2.5,2.0,0.5,3.3
467410,2020-12-10,21.9,25.4,20.1,86,0.0,0.0,0.2,3.3
467410,2020-12-11,22.6,27.3,20.2,83,0.0,0.0,5.5,3.1
467410,2020-12-12,22.3,27.1,20.0,78,0.0,0.0,7.7,3.3
467410,2020-12-13,22.1,29.4,18.9,75,0.0,0.0,7.9,2.6
467410,2020-12-14,20.5,24.4,17.1,79,0.0,0.0,9.0,3.8
467410,2020-12-15,19.0,24.1,16.3,74,0.0,0.0,8.0,4.2
467410,2020-12-16,19.2,23.8,16.7,74,0.0,0.0,4.5,3.9
467410,2020-12-17,19.4,24.8,16.3,75,0.0,0.0,9.4,3.4
467410,2020-12-18,20.2,24.7,17.6,80,0.0,0.0,7.7,4.8
467410,2020-12-19,19.0,23.1,16.4,77,0.0,0.0,2.6,5.4
467410,2020-12-20,18.7,22.9,16.0,73,0.0,0.0,4.1,4.5
467410,2020-12-21,17.4,18.4,16.7,88,2.5,10.8,0.0,2.9
467410,2020-12-22,19.3,24.3,16.3,81,0.0,0.0,4.0,3.5
467410,2020-12-23,19.9,23.2,18.5,87,1.0,1.1,1.8,4.0
467410,2020-12-24,20.4,24.8,17.6,81,0.0,0.4,7.5,4.9
467410,2020-12-25,19.6,24.3,17.0,73,0.0,0.0,8.3,3.5
467410,2020-12-26,20.4,25.8,16.4,69,0.0,0.0,7.2,4.2
467410,2020-12-27,21.3,26.8,18.1,75,0.0,0.0,4.2,4.0
467410,2020-12-28,21.7,26.8,18.7,75,0.0,0.0,9.5,3.3
467410,2020-12-29,21.7,26.2,18.9,81,0.0,0.0,1.0,3.5
467410,2020-12-30,16.0,20.0,12.0,66,0.0,0.0,6.1,7.5
467410,2020-12-31,11.5,12.9,10.2,56,0.0,0.0,0.0,4.9
467410,2021-01-01,14.1,19.5,10.5,64,0.0,0.0,9.0,3.5
467410,2021-01-02,15.3,20.6,11.0,72,0.0,0.0,9.8,3.2
467410,2021-01-03,17.4,23.5,13.2,74,0.0,0.0,10.2,4.0
467410,2021-01-04,18.5,23.9,15.5,81,0.0,0.0,7.8,4.3
467410,2021-01-05,18.5,22.1,15.9,79,0.0,0.0,7.5,5.2
467410,2021-01-06,17.7,20.7,15.6,76,0.0,0.0,0.5,3.0
467410,2021-01-07,15.0,18.2,12.1,81,0.0,1.6,1.0,4.6
467410,2021-01-08,10.3,12.3,8.9,68,0.0,0.0,0.0,6.0
467410,2021-01-09,11.3,15.7,8.8,54,0.0,0.0,1.4,4.3
467410,2021-01-10,13.8,19.7,8.4,60,0.0,0.1,8.6,2.9
467410,2021-01-11,14.3,18.2,10.7,69,0.0,0.2,1.0,4.9
467410,2021-01-12,12.6,16.9,9.8,61,0.0,0.3,3.1,5.5
467410,2021-01-13,14.5,21.6,8.6,62,0.0,0.0,10.1,3.3
467410,2021-01-14,16.2,21.5,11.7,61,0.0,0.0,10.2,1.8
467410,2021-01-15,17.1,22.7,13.5,67,0.0,0.0,9.9,2.4
467410,2021-01-16,17.6,23.3,13.6,73,0.0,0.0,9.6,2.4
467410,2021-01-17,15.5,20.2,12.5,68,0.0,0.0,4.7,5.9
467410,2021-01-18,15.0,20.6,10.9,68,0.0,0.0,9.4,3.2
467410,2021-01-19,16.9,21.6,12.6,70,0.0,0.0,9.8,2.4
467410,2021-01-20,18.0,23.2,14.6,82,0.0,0.0,9.7,2.8
467410,2021-01-21,19.9,27.3,16.2,82,0.0,0.1,4.1,2.2
467410,2021-01-22,20.1,23.8,18.5,89,2.5,2.8,0.0,1.8
467410,2021-01-23,19.0,23.6,17.1,94,0.0,0.0,2.9,2.4
467410,2021-01-24,18.6,23.2,16.0,85,0.0,0.0,4.2,2.5
467410,2021-01-25,19.7,25.6,15.2,72,0.0,0.0,9.9,3.5
467410,2021-01-26,18.1,23.1,14.5,86,0.0,0.0,7.8,2.3
467410,2021-01-27,18.3,24.3,15.4,84,0.0,0.0,6.3,3.2
467410,2021-01-28,17.2,22.3,14.3,77,0.0,0.0,7.6,5.0
467410,2021-01-29,16.5,21.6,13.3,63,0.0,0.0,7.3,3.4
467410,2021-01-30,17.2,21.2,14.2,72,0.0,0.0,10.0,2.3
467410,2021-01-31,17.8,23.4,13.3,74,0.0,0.0,8.6,2.7
467410,2021-02-01,19.6,25.0,15.2,55,0.0,0.0,10.3,1.9
467410,2021-02-02,19.7,25.5,15.8,60,0.0,0.0,10.2,3.0
467410,2021-02-03,18.5,23.8,15.0,74,0.0,0.0,10.0,2.4
467410,2021-02-04,18.9,23.2,14.7,78,0.0,0.0,9.9,2.5
467410,2021-02-05,19.1,23.6,15.4,81,0.0,0.0,9.6,1.7
467410,2021-02-06,20.7,25.4,17.2,70,0.0,0.0,10.3,2.1
467410,2021-02-07,19.3,25.7,14.8,80,0.0,0.0,8.1,2.8
467410,2021-02-08,19.6,25.4,15.0,81,0.0,0.0,6.9,2.1
467410,2021-02-09,19.5,23.6,16.1,75,0.0,0.0,8.9,3.1
467410,2021-02-10,19.3,22.9,17.4,83,0.0,0.7,1.5,3.2
467410,2021-02-11,18.5,24.5,16.4,90,13.5,4.4,3.0,4.9
467410,2021-02-12,18.5,22.6,16.3,86,0.0,0.0,1.6,3.8
467410,2021-02-13,20.2,24.7,17.2,84,0.0,0.0,6.7,3.1
467410,2021-02-14,19.1,24.5,16.8,88,0.0,0.0,5.8,2.7
467410,2021-02-15,19.7,25.1,16.1,79,0.0,0.0,8.7,2.8
467410,2021-02-16,20.8,25.8,17.5,73,0.0,0.0,8.7,2.1
467410,2021-02-17,18.7,23.3,15.2,70,0.0,0.0,7.5,4.9
467410,2021-02-18,17.0,22.7,13.8,56,0.0,0.0,6.6,3.6
467410,2021-02-19,17.4,21.5,14.0,61,0.0,0.0,10.5,1.7
467410,2021-02-20,18.3,22.9,14.5,63,0.0,0.0,10.6,1.9
467410,2021-02-21,19.8,24.2,15.8,55,0.0,0.0,10.7,2.2
467410,2021-02-22,21.5,26.0,17.2,55,0.0,0.0,10.8,2.0
467410,2021-02-23,21.2,26.1,18.9,72,0.0,0.1,4.1,3.2
467410,2021-02-24,21.2,26.6,19.0,80,0.0,0.0,5.1,2.6
467410,2021-02-25,21.7,26.3,18.8,78,0.0,0.0,9.9,2.7
467410,2021-02-26,22.5,27.5,19.3,77,0.0,0.0,10.4,3.1
467410,2021-02-27,20.7,27.2,17.5,80,0.0,0.0,7.8,3.6
467410,2021-02-28,21.1,26.3,16.4,76,0.0,0.0,10.1,2.7
467410,2021-03-01,23.5,29.3,18.9,71,0.0,0.0,7.4,2.2
467410,2021-03-02,21.4,24.8,16.4,71,0.0,0.0,9.2,4.3
467410,2021-03-03,19.2,24.7,15.8,74,0.0,0.0,5.6,3.1
467410,2021-03-04,20.6,26.9,16.6,76,0.0,0.0,3.6,3.2
467410,2021-03-05,22.9,27.9,19.4,74,0.0,0.3,5.6,2.1
467410,2021-03-06,23.5,29.2,18.8,76,0.0,0.0,8.4,2.6
467410,2021-03-07,20.8,26.2,17.3,79,0.0,0.0,5.6,4.1
467410,2021-03-08,20.4,26.5,17.1,77,0.0,0.0,9.4,3.8
467410,2021-03-09,20.3,27.2,16.7,80,0.0,0.0,8.2,3.7
467410,2021-03-10,21.1,26.6,17.4,78,0.0,0.0,8.0,2.5
467410,2021-03-11,21.1,25.6,18.3,79,0.0,0.0,10.1,2.2
467410,2021-03-12,22.6,29.2,18.7,74,0.0,0.0,10.4,2.8
467410,2021-03-13,21.6,27.9,18.3,74,0.0,0.0,10.2,3.0
467410,2021-03-14,21.3,26.8,17.6,73,0.0,0.0,10.3,3.0
467410,2021-03-15,22.4,26.4,18.5,68,0.0,0.0,9.8,2.6
467410,2021-03-16,24.6,29.3,20.7,61,0.0,0.0,10.9,2.4
467410,2021-03-17,25.4,30.7,21.7,65,0.0,0.0,10.9,3.2
467410,2021-03-18,23.7,29.5,19.8,78,0.0,0.0,9.5,3.1
467410,2021-03-19,24.1,28.7,19.9,75,0.0,0.0,9.6,2.5
467410,2021-03-20,25.0,29.4,22.6,72,0.0,0.0,10.1,2.4
467410,2021-03-21,21.3,26.5,16.1,74,0.0,0.0,7.4,5.4
467410,2021-03-22,16.2,17.6,14.7,72,0.0,0.0,0.0,4.5
467410,2021-03-23,18.9,23.9,15.0,71,0.0,0.0,1.3,2.2
467410,2021-03-24,19.1,22.0,17.4,84,5.0,3.5,2.7,3.9
467410,2021-03-25,20.2,26.1,15.5,64,0.0,0.0,10.6,3.8
467410,2021-03-26,22.4,27.3,17.9,72,0.0,0.0,9.7,3.0
467410,2021-03-27,24.8,29.0,21.2,69,0.0,0.0,8.3,1.9
467410,2021-03-28,26.1,30.1,23.8,72,0.0,0.0,9.3,2.0
467410,2021-03-29,25.7,29.3,23.1,79,0.0,0.0,9.7,2.1
467410,2021-03-30,26.3,29.3,24.6,81,0.0,0.0,6.7,1.8
467410,2021-03-31,26.5,29.9,24.4,79,0.0,0.0,9.5,2.0
467410,2021-04-01,26.8,30.2,24.6,77,0.0,0.0,6.8,1.6
467410,2021-04-02,27.3,31.0,25.0,75,0.0,0.0,10.5,2.3
467410,2021-04-03,26.7,30.6,24.0,74,0.0,0.0,10.0,3.0
467410,2021-04-04,25.3,30.2,21.2,73,0.0,0.0,8.6,3.7
467410,2021-04-05,23.2,28.7,20.0,58,0.0,0.0,8.9,3.5
467410,2021-04-06,23.0,27.9,18.6,60,0.0,0.0,6.7,3.0
467410,2021-04-07,22.5,25.5,19.5,70,0.0,0.0,0.5,2.6
467410,2021-04-08,23.1,28.5,19.6,73,0.0,0.0,6.5,3.6
467410,2021-04-09,21.0,25.7,18.1,70,0.0,0.0,1.5,3.9
467410,2021-04-10,22.0,28.6,17.8,70,0.0,0.0,10.7,3.7
467410,2021-04-11,23.3,28.9,19.1,73,0.0,0.0,11.2,2.9
467410,2021-04-12,24.3,29.2,20.1,74,0.0,0.0,10.9,2.5
467410,2021-04-13,25.8,29.7,23.1,73,0.0,0.0,11.1,2.4
467410,2021-04-14,25.0,30.2,21.6,73,0.0,0.0,9.3,4.2
467410,2021-04-15,23.7,29.0,20.4,74,0.0,0.0,10.7,4.5
467410,2021-04-16,24.5,29.4,20.8,76,0.0,0.0,10.5,3.2
467410,2021-04-17,25.6,31.3,21.9,68,0.0,0.0,9.3,3.4
467410,2021-04-18,25.7,28.2,23.9,66,0.0,0.0,8.7,2.9
467410,2021-04-19,24.6,27.8,21.7,64,0.0,0.0,7.4,2.2
467410,2021-04-20,25.4,28.8,22.9,70,0.0,0.0,10.4,2.6
467410,2021-04-21,26.2,30.0,23.7,71,0.0,0.0,10.5,2.9
467410,2021-04-22,25.6,29.4,23.3,79,0.0,0.0,9.9,3.0
467410,2021-04-23,26.0,30.8,23.7,77,0.0,0.0,6.2,3.8
467410,2021-04-24,25.7,29.8,22.9,76,0.0,0.0,8.0,2.4
467410,2021-04-25,24.6,27.0,22.4,81,0.5,2.8,0.4,2.2
467410,2021-04-26,23.7,26.7,22.5,83,0.5,2.5,1.1,2.2
467410,2021-04-27,23.7,26.2,22.1,84,3.0,1.5,0.5,2.4
467410,2021-04-28,25.3,29.5,22.3,74,0.0,0.0,5.5,2.2
467410,2021-04-29,23.6,25.1,21.9,85,16.0,4.7,0.0,2.1
467410,2021-04-30,25.1,29.1,21.7,72,0.0,0.0,10.0,1.7
467410,2021-05-01,26.0,28.9,23.3,66,0.0,0.0,5.5,1.6
467410,2021-05-02,26.5,29.9,23.7,70,0.0,0.0,8.4,2.5
467410,2021-05-03,25.7,28.8,24.5,80,0.0,2.5,0.0,2.0
467410,2021-05-04,27.5,31.6,23.7,73,0.0,0.0,6.8,3.6
467410,2021-05-05,27.6,31.3,23.4,74,0.0,0.0,10.6,3.5
467410,2021-05-06,26.7,31.3,22.0,70,0.0,0.0,11.5,2.8
467410,2021-05-07,28.4,31.9,26.0,70,0.0,0.0,10.3,1.8
467410,2021-05-08,28.3,32.2,26.4,77,0.0,0.0,10.2,3.1
467410,2021-05-09,28.5,32.1,26.5,73,0.0,0.0,10.5,2.3
467410,2021-05-10,28.2,31.3,26.5,73,0.0,0.0,8.8,2.4
467410,2021-05-11,28.5,32.2,26.2,77,0.0,0.0,12.0,2.9
467410,2021-05-12,29.3,33.3,26.2,72,0.0,0.0,12.3,2.4
467410,2021-05-13,29.4,32.5,27.1,76,0.0,0.0,10.9,2.8
467410,2021-05-14,29.5,32.6,27.5,70,0.0,0.0,12.3,3.9
467410,2021-05-15,29.9,34.1,26.9,68,0.0,0.0,12.3,4.0
467410,2021-05-16,29.7,33.1,27.9,75,0.0,0.0,11.1,4.1
467410,2021-05-17,29.6,32.7,27.5,76,0.0,0.0,10.2,2.8
467410,2021-05-18,29.7,32.2,28.2,75,0.0,0.0,10.4,3.4
467410,2021-05-19,30.0,33.3,28.0,75,0.0,0.0,9.8,4.3
467410,2021-05-20,30.1,32.6,28.3,72,0.0,0.0,10.0,3.4
467410,2021-05-21,30.3,33.3,28.2,74,0.0,0.0,12.2,2.9
467410,2021-05-22,30.4,33.4,28.4,73,0.0,0.0,8.9,2.3
467410,2021-05-23,30.7,33.7,28.5,72,0.0,0.0,10.4,2.2
467410,2021-05-24,30.7,33.5,28.6,71,0.0,0.0,10.6,2.7
467410,2021-05-25,30.7,34.0,28.3,68,0.0,0.0,12.2,2.7
467410,2021-05-26,30.0,32.9,27.7,73,0.0,0.0,11.3,2.5
467410,2021-05-27,30.5,33.5,28.5,71,0.0,0.0,11.2,2.2
467410,2021-05-28,30.3,33.0,28.5,75,0.0,0.0,8.3,2.3
467410,2021-05-29,29.8,32.8,27.3,75,4.0,1.8,6.4,2.0
467410,2021-05-30,27.1,29.4,25.3,89,50.0,4.4,0.0,2.3
467410,2021-05-31,28.2,31.5,25.1,87,25.5,3.4,3.5,2.0
467410,2021-06-01,28.8,31.7,25.1,78,9.5,1.5,4.2,2.4
467410,2021-06-02,29.8,32.7,27.7,74,0.0,0.0,11.5,3.0
467410,2021-06-03,30.2,33.0,27.7,75,0.0,0.0,10.6,3.2
467410,2021-06-04,30.3,33.6,28.4,75,0.0,0.0,8.5,4.3
467410,2021-06-05,26.9,29.2,24.9,88,112.5,12.0,0.1,3.1
467410,2021-06-06,25.1,26.3,24.1,95,156.0,19.2,0.0,3.9
467410,2021-06-07,27.2,30.0,24.6,78,4.0,0.7,0.8,2.2
467410,2021-06-08,28.4,32.2,25.9,78,0.0,0.7,9.0,2.2
467410,2021-06-09,29.3,33.6,26.3,74,17.0,0.7,10.6,2.0
467410,2021-06-10,29.3,33.1,26.7,75,1.0,0.6,8.2,1.9
467410,2021-06-11,29.9,33.4,26.9,73,0.0,0.2,10.1,2.0
467410,2021-06-12,30.0,33.2,27.0,74,0.0,0.0,9.7,2.3
467410,2021-06-13,29.8,33.3,27.6,74,0.0,0.1,10.8,2.3
467410,2021-06-14,30.0,33.4,27.3,72,0.0,0.0,11.0,2.4
467410,2021-06-15,29.7,32.2,27.8,78,0.5,0.1,7.0,2.5
467410,2021-06-16,29.2,31.6,27.5,80,7.0,1.1,1.5,2.4
467410,2021-06-17,29.1,31.5,26.6,80,3.5,1.3,4.7,2.2
467410,2021-06-18,29.5,32.5,27.1,79,2.0,0.7,7.4,1.9
467410,2021-06-19,29.2,31.8,26.4,83,20.0,2.4,2.4,2.5
467410,2021-06-20,28.2,29.5,26.1,89,36.5,2.9,0.8,2.4
467410,2021-06-21,27.6,30.4,26.1,90,48.5,4.3,0.2,2.5
467410,2021-06-22,26.1,28.5,24.7,91,51.5,11.5,0.0,2.6
467410,2021-06-23,26.3,28.0,24.5,86,23.0,5.7,0.2,2.6
467410,2021-06-24,26.7,30.6,24.2,86,38.0,6.5,4.1,3.2
467410,2021-06-25,26.5,29.9,24.1,86,23.5,7.7,1.3,3.1
467410,2021-06-26,27.3,32.1,24.7,84,14.0,3.6,2.9,2.1
467410,2021-06-27,26.8,32.1,25.5,89,18.5,5.6,1.9,2.5
467410,2021-06-28,26.0,29.0,24.8,93,129.0,10.8,1.6,2.9
467410,2021-06-29,26.4,30.4,24.8,90,77.5,4.0,1.0,2.6
467410,2021-06-30,28.8,31.8,25.8,81,0.0,0.0,9.6,2.6
467410,2021-07-01,29.4,32.6,26.5,77,0.0,0.0,12.0,2.3
467410,2021-07-02,29.5,32.0,27.2,79,2.5,0.5,8.5,2.2
467410,2021-07-03,29.7,32.5,27.5,77,0.0,0.0,11.2,2.7
467410,2021-07-04,30.1,33.3,27.7,76,0.0,0.0,7.7,3.1
467410,2021-07-05,29.8,34.0,27.6,76,2.5,0.7,6.1,3.2
467410,2021-07-06,29.1,31.2,26.5,81,7.0,1.6,7.2,3.2
467410,2021-07-07,30.1,32.7,28.2,74,0.0,0.0,10.9,3.9
467410,2021-07-08,30.0,32.5,28.2,76,0.0,0.0,5.2,2.1
467410,2021-07-09,30.3,33.3,27.7,74,0.0,0.0,11.3,2.8
467410,2021-07-10,30.4,33.5,27.8,74,0.0,0.0,6.9,2.5
467410,2021-07-11,29.6,33.3,28.0,80,0.5,0.7,4.4,2.1
467410,2021-07-12,30.1,33.5,27.4,75,0.0,0.0,8.3,2.0
467410,2021-07-13,29.5,33.5,25.8,74,0.0,0.3,5.9,2.4
467410,2021-07-14,29.2,33.1,26.1,74,0.0,0.3,7.4,3.0
467410,2021-07-15,27.9,32.7,25.7,82,24.0,4.6,3.4,1.8
467410,2021-07-16,28.6,32.5,25.7,76,0.5,0.6,7.9,1.8
467410,2021-07-17,29.0,33.0,26.4,73,0.0,0.0,10.6,2.1
467410,2021-07-18,29.7,33.3,26.7,69,0.0,0.0,11.1,2.1
467410,2021-07-19,28.9,31.7,26.2,81,18.0,2.9,2.4,1.9
467410,2021-07-20,28.6,32.6,25.6,82,18.0,3.7,3.7,2.7
467410,2021-07-21,29.2,33.2,26.2,77,0.0,0.1,6.2,2.9
467410,2021-07-22,28.9,31.1,27.4,80,0.0,1.7,1.2,6.4
467410,2021-07-23,29.1,31.2,27.8,81,0.0,0.3,3.0,6.3
467410,2021-07-24,29.4,32.9,26.9,78,0.0,0.0,11.0,4.4
467410,2021-07-25,28.7,31.4,25.8,88,19.0,2.2,5.0,2.7
467410,2021-07-26,29.9,32.0,28.1,83,5.0,0.4,8.3,3.1
467410,2021-07-27,29.8,33.6,27.3,81,1.5,1.1,8.9,2.4
467410,2021-07-28,28.8,33.0,25.6,84,27.5,3.3,2.2,2.4
467410,2021-07-29,27.6,30.7,25.0,89,81.0,6.1,1.9,2.8
467410,2021-07-30,26.6,28.4,25.7,93,78.5,8.6,0.1,2.9
467410,2021-07-31,25.2,26.5,24.2,97,172.5,22.7,0.0,3.0
467410,2021-08-01,26.5,29.5,24.4,94,182.0,12.1,0.2,2.4
467410,2021-08-02,26.3,28.0,25.2,94,67.5,4.4,0.0,2.4
467410,2021-08-03,27.6,30.8,25.1,89,9.5,1.5,2.7,2.8
467410,2021-08-04,27.0,30.5,25.6,91,34.0,6.5,0.6,4.2
467410,2021-08-05,26.5,27.9,25.6,93,66.0,11.1,0.0,4.9
467410,2021-08-06,27.5,28.7,25.9,93,64.5,10.4,0.0,6.7
467410,2021-08-07,27.2,28.1,25.7,95,72.5,11.7,0.0,4.7
467410,2021-08-08,26.8,28.5,25.3,95,55.0,7.8,0.0,2.1
467410,2021-08-09,26.9,29.5,25.1,93,53.0,9.7,1.3,2.0
467410,2021-08-10,27.9,31.7,26.3,84,0.0,0.2,5.1,2.4
467410,2021-08-11,28.4,31.9,26.1,84,0.5,1.3,7.8,2.6
467410,2021-08-12,28.1,30.9,24.5,83,21.5,1.9,3.1,2.3
467410,2021-08-13,27.6,30.6,25.9,84,5.0,0.8,4.2,3.4
467410,2021-08-14,26.5,29.4,25.1,91,57.0,8.1,2.2,3.0
467410,2021-08-15,28.6,32.5,25.3,79,0.0,0.0,12.0,1.9
467410,2021-08-16,29.5,32.5,27.5,79,0.0,0.0,9.0,1.8
467410,2021-08-17,29.6,32.7,27.2,76,0.0,0.0,11.7,2.4
467410,2021-08-18,28.9,31.5,27.3,80,0.0,0.0,2.2,2.1
467410,2021-08-19,29.4,33.6,27.3,76,0.0,0.0,7.5,2.4
467410,2021-08-20,29.6,32.6,26.8,72,0.0,0.0,11.1,2.3
467410,2021-08-21,29.5,32.8,27.7,73,0.0,0.0,8.0,2.4
467410,2021-08-22,29.4,32.6,26.5,70,0.0,0.0,10.9,2.0
467410,2021-08-23,29.9,32.9,27.5,73,0.0,0.0,11.4,2.5
467410,2021-08-24,29.8,32.9,27.7,76,0.0,0.1,6.7,2.6
467410,2021-08-25,29.5,32.8,27.0,73,0.0,0.0,9.1,2.6
467410,2021-08-26,28.8,33.4,23.9,71,23.5,2.0,9.0,2.3
467410,2021-08-27,29.4,33.7,25.3,71,0.0,0.1,9.9,2.2
467410,2021-08-28,29.7,34.1,27.1,75,0.0,0.0,10.7,2.4
467410,2021-08-29,29.9,33.0,27.5,74,0.0,0.0,11.2,1.7
467410,2021-08-30,28.4,29.2,27.1,82,1.5,3.2,0.0,1.7
467410,2021-08-31,29.2,32.1,26.7,76,0.0,0.0,4.9,2.3
467410,2021-09-01,29.5,32.6,27.6,80,0.0,0.2,6.0,2.4
467410,2021-09-02,29.2,33.1,26.9,76,3.0,1.6,5.7,2.2
467410,2021-09-03,28.3,32.2,25.8,75,7.0,1.3,5.2,1.9
467410,2021-09-04,28.9,33.2,26.0,75,6.5,2.8,9.8,2.5
467410,2021-09-05,28.2,32.6,24.0,81,36.0,3.0,6.1,2.5
467410,2021-09-06,29.1,33.1,25.1,79,0.0,0.0,7.3,2.6
467410,2021-09-07,30.4,33.5,27.6,70,0.0,0.0,9.4,2.5
467410,2021-09-08,30.2,33.4,27.8,75,0.0,0.0,7.9,2.8
467410,2021-09-09,30.1,33.2,27.8,75,0.0,0.1,8.3,2.0
467410,2021-09-10,30.4,33.2,28.1,75,0.0,0.0,10.3,2.3
467410,2021-09-11,29.9,32.2,28.5,77,0.0,0.0,0.5,2.4
467410,2021-09-12,28.1,29.7,27.1,85,2.0,3.2,1.3,5.0
467410,2021-09-13,27.4,29.8,25.3,86,15.5,3.1,0.9,2.5
467410,2021-09-14,29.0,32.4,24.9,83,44.5,3.4,9.1,2.4
467410,2021-09-15,29.1,32.6,26.9,79,0.0,0.2,9.7,2.2
467410,2021-09-16,29.4,33.0,26.6,76,0.0,0.1,10.2,2.5
467410,2021-09-17,29.8,32.8,27.5,75,0.0,0.0,10.5,2.3
467410,2021-09-18,30.5,33.9,28.0,70,0.0,0.0,8.9,2.8
467410,2021-09-19,30.4,33.8,28.2,74,0.0,0.0,9.0,1.7
467410,2021-09-20,30.4,33.6,27.7,71,0.0,0.0,9.1,2.0
467410,2021-09-21,29.8,33.0,27.8,71,0.0,0.0,7.2,2.1
467410,2021-09-22,30.1,33.8,27.2,69,0.0,0.0,6.4,2.3
467410,2021-09-23,29.4,33.2,26.1,71,0.5,0.8,9.0,1.8
467410,2021-09-24,29.1,32.6,26.4,73,0.0,0.0,6.8,2.0
467410,2021-09-25,29.6,33.7,27.3,73,0.0,0.2,8.1,2.2
467410,2021-09-26,29.8,32.7,27.6,70,0.0,0.0,10.3,1.9
467410,2021-09-27,30.0,33.5,27.9,71,0.0,0.0,7.3,2.5
467410,2021-09-28,29.8,33.0,27.1,70,0.0,0.0,10.3,2.0
467410,2021-09-29,29.8,32.7,28.3,73,0.0,0.0,7.7,2.3
467410,2021-09-30,30.1,33.6,27.7,71,0.0,0.0,7.8,2.1
467410,2021-10-01,29.8,32.5,27.4,73,0.0,0.0,7.7,2.2
467410,2021-10-02,29.7,33.7,27.4,72,0.0,0.1,7.8,2.3
467410,2021-10-03,29.5,32.8,26.8,73,0.0,0.0,9.6,1.8
467410,2021-10-04,29.7,33.1,27.1,70,0.0,0.0,9.5,1.9
467410,2021-10-05,29.4,32.5,26.7,70,0.0,0.0,10.9,1.9
467410,2021-10-06,29.7,32.9,27.0,69,0.0,0.0,6.8,2.6
467410,2021-10-07,29.8,32.9,27.7,72,0.0,0.0,1.3,2.1
467410,2021-10-08,29.9,33.4,27.6,73,0.0,0.0,3.3,2.4
467410,2021-10-09,29.8,33.0,27.6,77,0.0,0.0,8.1,1.9
467410,2021-10-10,29.8,33.2,27.2,72,0.0,0.0,11.0,1.9
467410,2021-10-11,28.7,31.5,26.9,73,0.0,0.3,1.3,2.2
467410,2021-10-12,27.2,28.1,26.0,87,2.5,4.3,0.0,1.6
467410,2021-10-13,26.6,29.0,25.3,86,13.5,11.5,0.2,1.5
467410,2021-10-14,26.1,27.8,24.6,88,8.0,10.2,0.0,1.4
467410,2021-10-15,28.3,31.3,26.1,82,0.0,0.0,5.4,1.8
467410,2021-10-16,28.7,32.3,26.3,77,0.0,0.0,7.7,2.1
467410,2021-10-17,26.4,31.2,22.8,65,0.0,0.0,10.5,3.9
467410,2021-10-18,25.5,29.9,22.1,67,0.0,0.0,7.3,2.7
467410,2021-10-19,26.1,30.5,22.6,68,0.0,0.0,8.6,2.8
467410,2021-10-20,26.5,30.3,23.4,71,0.0,0.0,10.4,2.3
467410,2021-10-21,26.4,31.2,22.4,72,0.0,0.0,10.2,4.0
467410,2021-10-22,24.0,28.7,21.4,72,0.0,0.0,6.5,3.9
467410,2021-10-23,25.4,29.6,22.0,71,0.0,0.0,6.9,1.9
467410,2021-10-24,25.4,30.0,22.2,72,0.0,0.0,6.5,3.5
467410,2021-10-25,25.2,30.4,21.4,72,0.0,0.0,9.8,3.6
467410,2021-10-26,26.5,30.3,22.9,71,0.0,0.0,4.8,2.0
467410,2021-10-27,26.0,30.4,23.0,73,0.0,0.0,9.5,3.2
467410,2021-10-28,25.5,29.7,22.3,69,0.0,0.0,9.6,2.7
467410,2021-10-29,24.6,29.3,21.1,66,0.0,0.0,9.0,2.5
467410,2021-10-30,25.3,29.2,22.0,66,0.0,0.0,7.1,2.7
467410,2021-10-31,25.1,29.9,21.6,73,0.0,0.0,10.1,3.2
467410,2021-11-01,25.6,29.8,22.8,75,0.0,0.0,10.5,2.5
467410,2021-11-02,25.1,30.1,21.5,72,0.0,0.0,10.1,3.2
467410,2021-11-03,25.9,29.5,22.7,72,0.0,0.0,9.9,1.9
467410,2021-11-04,26.3,30.2,24.0,72,0.0,0.0,6.6,2.5
467410,2021-11-05,26.3,30.0,23.3,78,0.0,0.0,4.7,2.2
467410,2021-11-06,27.4,32.7,24.6,72,0.0,0.0,10.4,2.6
467410,2021-11-07,26.5,30.8,23.2,75,0.0,0.0,8.8,2.5
467410,2021-11-08,23.9,28.4,18.4,76,0.0,0.0,7.7,4.3
467410,2021-11-09,20.6,25.5,18.3,59,0.0,0.0,7.3,4.3
467410,2021-11-10,20.7,25.1,17.9,49,0.0,0.0,4.5,4.2
467410,2021-11-11,21.1,26.8,16.9,50,0.0,0.0,8.1,3.3
467410,2021-11-12,22.6,28.1,19.6,59,0.0,0.0,3.7,2.9
467410,2021-11-13,20.9,26.1,18.0,74,1.0,1.8,4.3,4.7
467410,2021-11-14,21.0,25.7,17.1,72,0.0,0.0,10.3,4.1
467410,2021-11-15,23.2,27.7,19.0,69,0.0,0.0,10.0,2.1
467410,2021-11-16,24.3,28.8,21.9,73,0.0,0.0,10.2,2.6
467410,2021-11-17,24.0,28.4,21.3,80,0.0,0.0,9.9,2.9
467410,2021-11-18,23.3,28.1,21.6,79,0.0,0.0,7.9,4.7
467410,2021-11-19,23.6,27.8,20.4,79,0.0,0.0,9.7,4.0
467410,2021-11-20,24.3,28.3,21.3,79,0.0,0.0,2.6,2.4
467410,2021-11-21,25.1,29.6,22.5,76,0.0,0.0,10.2,3.0
467410,2021-11-22,22.2,27.1,18.0,78,0.0,0.0,6.2,4.5
467410,2021-11-23,18.6,21.9,16.6,68,0.0,0.0,2.0,4.6
467410,2021-11-24,19.9,25.0,15.7,71,0.0,0.0,9.8,3.2
467410,2021-11-25,21.1,23.8,18.6,74,0.0,0.4,0.0,2.9
467410,2021-11-26,21.6,25.7,19.4,78,0.0,0.9,4.9,4.0
467410,2021-11-27,21.9,26.2,18.1,72,0.0,0.0,4.0,3.3
467410,2021-11-28,22.5,24.4,20.9,88,5.0,9.2,0.0,1.8
467410,2021-11-29,23.0,26.2,21.3,86,0.5,2.1,0.6,2.0
467410,2021-11-30,22.6,26.2,19.0,76,0.0,0.0,4.4,5.5
467410,2021-12-01,17.8,21.7,14.9,58,0.0,0.0,4.7,5.0
467410,2021-12-02,17.9,23.7,14.1,65,0.0,0.0,9.7,3.4
467410,2021-12-03,17.9,24.1,14.2,58,0.0,0.0,10.0,4.1
467410,2021-12-04,18.4,24.4,12.8,55,0.0,0.0,10.0,2.7
467410,2021-12-05,19.9,25.2,16.4,65,0.0,0.0,9.9,3.0
467410,2021-12-06,20.0,24.5,16.4,78,0.0,0.0,10.0,4.2
467410,2021-12-07,20.6,26.2,16.8,73,0.0,0.0,10.0,2.7
467410,2021-12-08,20.2,25.6,15.8,71,0.0,0.0,10.0,2.3
467410,2021-12-09,21.2,25.8,18.2,75,0.0,0.0,9.8,2.2
467410,2021-12-10,21.6,26.1,18.1,78,0.0,0.0,9.6,1.6
467410,2021-12-11,21.8,26.2,19.0,76,0.0,0.0,9.9,2.9
467410,2021-12-12,20.8,26.6,18.0,80,0.0,0.0,8.9,3.7
467410,2021-12-13,20.0,25.1,17.3,75,0.0,0.0,9.7,4.2
467410,2021-12-14,20.8,26.7,16.8,76,0.0,0.0,7.6,2.6
467410,2021-12-15,21.6,26.6,19.2,83,0.0,0.0,8.6,2.8
467410,2021-12-16,21.8,25.9,18.5,81,0.0,0.0,7.3,2.6
467410,2021-12-17,20.4,26.0,16.0,74,0.0,0.0,8.1,5.1
467410,2021-12-18,17.0,20.4,15.0,62,0.0,0.0,1.2,4.8
467410,2021-12-19,19.0,23.6,15.8,62,0.0,0.0,3.7,3.1
467410,2021-12-20,19.4,22.6,17.6,73,0.0,1.4,0.0,2.8
467410,2021-12-21,19.1,22.5,17.3,91,9.5,7.0,0.0,2.9
467410,2021-12-22,19.9,23.6,17.9,87,0.0,0.0,8.1,4.1
467410,2021-12-23,20.5,24.7,18.0,83,0.0,0.0,0.5,2.9
467410,2021-12-24,21.1,24.6,19.2,87,0.0,0.0,6.4,3.7
467410,2021-12-25,18.4,20.4,15.2,81,2.0,2.2,0.0,4.0
467410,2021-12-26,15.9,19.4,14.1,80,0.0,1.8,0.5,4.5
467410,2021-12-27,14.8,16.5,13.4,82,0.0,3.4,0.1,4.3
467410,2021-12-28,17.3,22.8,13.6,80,0.0,0.0,9.2,3.4
467410,2021-12-29,19.0,23.8,15.8,81,0.0,0.0,9.8,3.8
467410,2021-12-30,18.1,23.2,15.1,75,0.0,0.0,3.8,4.1
467410,2021-12-31,17.1,21.6,13.8,68,0.0,0.0,6.4,4.7
467410,2022-01-01,18.7,24.7,14.6,68,0.0,0.0,8.7,4.8
467410,2022-01-02,18.5,25.2,14.6,77,0.0,0.0,10.1,3.7
467410,2022-01-03,19.0,25.3,14.6,72,0.0,0.0,10.2,3.7
467410,2022-01-04,19.5,25.1,15.6,79,0.0,0.0,7.6,2.9
467410,2022-01-05,20.3,24.4,17.9,81,0.0,0.1,0.8,3.4
467410,2022-01-06,19.3,22.2,16.4,76,0.0,0.1,2.1,4.8
467410,2022-01-07,17.8,21.5,15.5,79,0.0,0.5,4.1,4.3
467410,2022-01-08,18.5,23.9,15.0,73,0.0,0.0,9.0,3.7
467410,2022-01-09,18.6,23.9,15.4,75,0.0,0.0,10.0,3.8
467410,2022-01-10,18.4,24.0,15.1,80,0.0,0.0,9.3,3.8
467410,2022-01-11,16.9,20.1,14.0,71,0.0,0.0,5.3,5.6
467410,2022-01-12,15.5,19.0,13.8,67,0.0,0.0,1.2,3.9
467410,2022-01-13,16.2,22.5,12.6,66,0.0,0.0,9.0,5.2
467410,2022-01-14,15.8,21.4,11.1,66,0.0,0.0,9.7,3.4
467410,2022-01-15,18.4,23.9,14.6,71,0.0,0.0,9.8,3.4
467410,2022-01-16,19.5,25.4,15.5,78,0.0,0.0,9.4,3.4
467410,2022-01-17,19.4,23.9,16.9,80,2.5,1.8,5.7,4.3
467410,2022-01-18,17.7,20.1,15.9,90,4.5,2.7,0.2,3.7
467410,2022-01-19,18.2,22.2,16.3,83,0.0,0.3,6.1,4.4
467410,2022-01-20,19.0,24.3,15.1,79,0.0,0.0,4.7,2.9
467410,2022-01-21,19.6,24.4,16.8,80,0.0,0.0,3.4,4.0
467410,2022-01-22,18.5,21.5,17.3,92,11.5,9.8,0.1,3.7
467410,2022-01-23,20.2,25.0,17.2,92,0.0,0.0,3.2,2.3
467410,2022-01-24,19.7,22.7,17.5,89,0.0,0.0,1.1,3.6
467410,2022-01-25,19.7,26.1,17.1,83,0.0,0.2,6.6,3.7
467410,2022-01-26,20.6,26.6,18.0,86,0.0,0.0,9.3,3.1
467410,2022-01-27,20.9,26.7,18.5,85,0.0,0.0,7.0,3.2
467410,2022-01-28,19.5,22.0,17.8,90,9.0,7.7,0.0,3.3
467410,2022-01-29,17.7,18.3,16.6,95,13.0,9.6,0.1,3.9
467410,2022-01-30,15.5,18.1,11.9,82,0.0,0.0,2.5,5.7
467410,2022-01-31,16.0,20.7,11.4,74,0.0,0.0,6.8,3.2
467410,2022-02-01,18.2,21.9,16.1,75,0.0,0.0,3.3,3.6
467410,2022-02-02,18.6,23.5,16.1,85,0.0,0.0,7.0,4.1
467410,2022-02-03,18.0,22.0,15.8,87,0.0,0.3,2.4,4.1
467410,2022-02-04,17.6,22.4,14.3,79,0.0,0.0,8.8,5.0
467410,2022-02-05,16.3,20.7,13.5,75,0.0,0.0,5.8,4.9
467410,2022-02-06,16.8,22.5,13.1,75,0.0,0.0,9.7,4.4
467410,2022-02-07,17.5,22.8,14.5,81,3.0,4.8,2.0,3.6
467410,2022-02-08,18.2,22.2,16.1,78,0.5,0.9,5.1,4.5
467410,2022-02-09,19.0,25.8,16.1,78,0.0,0.0,8.3,3.2
467410,2022-02-10,18.9,25.3,16.2,85,0.0,0.0,7.4,3.9
467410,2022-02-11,18.3,22.7,16.0,89,0.0,0.0,4.1,3.7
467410,2022-02-12,18.6,23.4,16.0,87,0.0,0.0,7.4,4.4
467410,2022-02-13,19.3,24.5,16.7,85,0.0,0.0,3.5,3.6
467410,2022-02-14,16.8,18.8,14.6,83,0.0,0.2,0.2,5.1
467410,2022-02-15,16.6,20.6,14.5,79,0.0,0.0,0.2,3.4
467410,2022-02-16,18.0,24.4,14.6,81,0.0,0.0,9.4,3.9
467410,2022-02-17,17.3,20.2,15.1,88,0.0,0.3,0.4,3.7
467410,2022-02-18,18.2,22.8,15.5,89,1.5,5.0,4.2,4.3
467410,2022-02-19,16.8,22.4,13.5,92,12.5,7.2,1.5,4.9
467410,2022-02-20,11.1,13.5,10.2,98,16.0,24.0,0.0,6.2
467410,2022-02-21,12.2,14.3,10.2,98,7.0,14.2,0.0,3.4
467410,2022-02-22,15.8,17.9,14.2,96,0.0,1.2,0.0,3.3
467410,2022-02-23,14.0,15.8,13.0,97,10.5,13.2,0.0,5.0
467410,2022-02-24,15.6,19.1,12.7,80,0.0,0.0,1.1,3.8
467410,2022-02-25,17.1,22.5,13.0,82,0.0,0.0,10.5,3.3
467410,2022-02-26,18.9,24.2,15.2,85,0.0,0.0,9.6,3.3
467410,2022-02-27,20.3,26.8,14.8,76,0.0,0.0,8.9,2.3
467410,2022-02-28,22.1,28.3,16.2,67,0.0,0.0,11.0,2.2
467410,2022-03-01,23.8,29.7,19.9,68,0.0,0.0,10.2,1.9
467410,2022-03-02,23.0,27.6,19.3,77,0.0,0.0,10.2,3.3
467410,2022-03-03,22.2,28.6,18.5,78,0.0,0.0,9.3,2.8
467410,2022-03-04,23.6,28.7,19.3,71,0.0,0.0,10.6,2.1
467410,2022-03-05,23.5,28.0,20.6,74,0.0,0.0,9.4,3.1
467410,2022-03-06,22.4,27.0,19.3,79,0.0,0.0,9.0,2.9
467410,2022-03-07,17.1,20.4,13.2,86,1.5,3.7,0.2,5.5
467410,2022-03-08,17.1,22.3,11.5,65,0.0,0.0,11.0,3.2
467410,2022-03-09,20.0,24.8,15.7,59,0.0,0.0,11.1,3.0
467410,2022-03-10,21.1,25.5,17.3,62,0.0,0.0,9.5,3.3
467410,2022-03-11,22.7,27.5,18.7,57,0.0,0.0,11.0,3.0
467410,2022-03-12,22.9,26.8,19.2,65,0.0,0.0,11.0,2.0
467410,2022-03-13,24.8,30.7,20.6,61,0.0,0.0,9.6,2.2
467410,2022-03-14,25.6,30.4,21.9,61,0.0,0.9,7.5,2.4
467410,2022-03-15,25.2,30.0,21.9,68,0.0,0.0,10.2,2.7
467410,2022-03-16,23.5,27.4,20.7,83,0.0,0.0,7.3,1.8
467410,2022-03-17,24.9,29.4,22.6,76,0.0,0.2,1.8,2.1
467410,2022-03-18,25.4,28.7,23.6,75,0.0,0.0,8.2,3.0
467410,2022-03-19,24.3,27.6,21.2,72,0.0,0.0,4.4,2.2
467410,2022-03-20,24.5,28.8,21.5,78,0.0,0.0,5.6,2.9
467410,2022-03-21,24.3,28.3,21.8,88,9.5,6.3,3.6,1.9
467410,2022-03-22,25.7,30.0,21.2,78,0.5,0.7,6.4,3.1
467410,2022-03-23,18.8,22.5,16.4,93,13.5,15.0,0.0,3.5
467410,2022-03-24,19.2,23.1,16.2,94,1.5,7.8,0.2,2.5
467410,2022-03-25,25.6,31.9,19.9,80,0.0,0.1,7.6,3.7
467410,2022-03-26,27.7,31.2,25.2,77,0.0,0.0,5.0,2.3
467410,2022-03-27,24.2,28.2,19.6,79,0.0,0.0,1.0,2.8
467410,2022-03-28,18.6,20.6,17.0,88,0.5,2.2,0.0,4.3
467410,2022-03-29,21.8,26.1,18.0,86,0.0,0.0,2.7,3.4
467410,2022-03-30,24.2,28.8,21.0,82,0.0,0.0,3.8,3.0
467410,2022-03-31,24.6,30.7,20.4,83,0.0,0.0,8.5,2.9
467410,2022-04-01,19.5,22.9,16.5,74,0.0,0.0,0.2,5.2
467410,2022-04-02,15.4,16.7,14.5,85,0.0,14.9,0.0,5.1
467410,2022-04-03,15.7,18.7,13.8,90,2.5,10.8,0.0,3.9
467410,2022-04-04,19.6,25.9,13.7,74,0.0,0.0,9.5,3.3
467410,2022-04-05,22.1,28.2,17.8,73,0.0,0.0,11.3,3.4
467410,2022-04-06,22.6,27.6,18.7,77,0.0,0.0,10.4,2.6
467410,2022-04-07,22.7,27.7,19.3,80,0.0,0.0,6.2,3.0
467410,2022-04-08,24.0,27.9,20.2,71,0.0,0.0,6.9,1.7
467410,2022-04-09,25.3,28.7,22.8,71,0.0,0.0,10.0,1.9
467410,2022-04-10,26.8,31.4,23.0,60,0.0,0.0,10.4,2.6
467410,2022-04-11,26.9,30.6,24.3,63,0.0,0.1,7.5,2.7
467410,2022-04-12,27.0,30.6,23.7,63,0.0,0.0,11.1,2.8
467410,2022-04-13,26.6,30.6,24.5,71,0.0,0.0,9.1,1.8
467410,2022-04-14,26.5,30.5,23.2,73,0.0,0.0,8.2,3.7
467410,2022-04-15,23.7,29.4,20.5,69,0.0,0.0,9.8,3.9
467410,2022-04-16,23.0,27.5,19.9,67,0.0,0.0,7.0,2.6
467410,2022-04-17,22.4,27.7,18.4,68,0.0,1.1,5.7,3.7
467410,2022-04-18,23.8,28.7,19.7,70,0.0,0.0,9.4,3.2
467410,2022-04-19,21.7,24.8,20.0,76,0.0,0.0,0.1,3.8
467410,2022-04-20,23.5,27.7,19.5,75,0.0,0.1,4.4,3.0
467410,2022-04-21,25.8,30.1,21.4,71,0.0,0.0,10.4,2.2
467410,2022-04-22,27.7,31.1,24.6,74,0.0,0.0,10.1,2.0
467410,2022-04-23,26.9,29.7,24.4,84,3.5,1.8,4.6,2.6
467410,2022-04-24,27.8,30.8,25.5,78,0.0,0.0,10.3,2.1
467410,2022-04-25,28.7,31.9,26.8,78,0.0,0.0,11.0,4.3
467410,2022-04-26,28.7,31.7,27.1,79,0.0,0.0,11.2,4.0
467410,2022-04-27,28.8,32.0,26.2,74,0.0,0.0,11.1,2.4
467410,2022-04-28,28.1,31.1,25.4,79,0.0,0.0,5.4,2.4
467410,2022-04-29,28.9,32.6,25.6,76,0.0,0.0,11.3,3.0
467410,2022-04-30,26.5,31.7,23.7,74,0.0,0.0,9.1,3.7
467410,2022-05-01,23.0,25.9,19.4,76,0.0,2.8,0.7,4.8
467410,2022-05-02,18.1,19.4,16.6,96,21.0,23.6,0.0,4.1
467410,2022-05-03,20.5,23.5,16.6,89,0.5,6.6,0.0,1.9
467410,2022-05-04,24.8,29.6,21.5,81,0.0,0.1,7.2,2.8
467410,2022-05-05,25.6,29.8,23.5,83,0.0,0.0,7.6,3.2
467410,2022-05-06,26.2,30.2,22.6,80,0.0,0.0,6.7,2.4
467410,2022-05-07,26.9,31.0,23.7,78,0.0,0.0,5.4,2.9
467410,2022-05-08,26.2,30.6,23.7,82,0.0,0.0,2.0,2.6
467410,2022-05-09,26.4,30.4,23.8,78,0.0,0.0,3.7,3.3
467410,2022-05-10,27.4,31.7,23.9,75,0.0,0.4,7.0,2.0
467410,2022-05-11,27.3,30.1,24.1,78,2.5,1.8,0.5,1.4
467410,2022-05-12,27.0,29.6,25.6,79,1.0,3.6,0.0,2.1
467410,2022-05-13,27.9,30.5,25.8,70,0.0,0.6,0.6,2.3
467410,2022-05-14,24.9,27.6,23.4,93,47.0,12.4,0.0,2.8
467410,2022-05-15,22.6,24.4,19.4,96,21.0,7.6,0.0,3.0
467410,2022-05-16,18.9,20.3,18.1,98,13.0,13.6,0.0,4.0
467410,2022-05-17,21.5,25.7,18.1,86,1.0,3.5,1.1,3.4
467410,2022-05-18,24.7,30.2,19.7,78,0.0,0.0,5.8,2.8
467410,2022-05-19,26.3,30.1,23.3,83,0.0,0.1,6.3,2.1
467410,2022-05-20,26.9,30.6,24.3,82,0.0,0.0,9.9,3.4
467410,2022-05-21,26.9,31.0,24.0,77,0.0,0.0,8.7,2.2
467410,2022-05-22,27.0,31.0,24.4,77,0.0,0.0,6.3,2.2
467410,2022-05-23,27.2,31.2,24.6,79,0.0,0.1,3.7,2.2
467410,2022-05-24,27.6,30.4,26.1,85,4.0,2.8,1.0,2.1
467410,2022-05-25,27.4,31.5,25.1,86,0.0,1.8,3.2,3.1
467410,2022-05-26,26.5,29.2,24.8,91,95.0,7.1,1.2,2.9
467410,2022-05-27,26.9,29.1,25.3,92,17.0,3.3,0.8,2.8
467410,2022-05-28,28.9,33.0,25.5,77,0.0,0.0,11.0,2.3
467410,2022-05-29,29.1,32.1,26.2,76,0.0,0.0,11.7,2.5
467410,2022-05-30,29.1,32.4,27.1,76,0.0,0.2,6.8,2.8
467410,2022-05-31,29.5,32.1,27.2,76,0.0,0.0,9.4,3.4
467410,2022-06-01,29.5,32.4,27.0,77,0.0,0.0,11.8,2.5
467410,2022-06-02,29.3,32.0,27.5,77,0.0,0.0,10.5,2.4
467410,2022-06-03,29.7,32.6,27.2,74,0.0,0.1,10.9,2.6
467410,2022-06-04,28.0,31.2,26.1,84,13.0,1.9,5.1,2.5
467410,2022-06-05,29.0,32.1,25.4,77,8.0,0.4,9.3,2.6
467410,2022-06-06,28.8,31.3,26.3,80,2.5,0.4,4.0,2.6
467410,2022-06-07,26.4,29.3,24.7,90,65.5,4.5,0.6,2.4
467410,2022-06-08,26.7,31.0,24.3,84,7.5,3.7,2.0,3.0
467410,2022-06-09,27.9,31.0,24.2,81,11.5,4.4,1.1,3.0
467410,2022-06-10,28.6,31.0,26.6,79,0.0,0.2,1.3,3.0
467410,2022-06-11,28.3,31.3,25.3,79,24.5,2.0,4.3,2.8
467410,2022-06-12,28.5,32.0,23.9,76,10.0,1.0,9.2,2.2
467410,2022-06-13,29.5,32.4,27.1,73,0.0,0.0,10.3,2.7
467410,2022-06-14,29.2,31.4,27.3,75,0.0,0.4,6.0,2.4
467410,2022-06-15,29.5,32.4,27.2,72,0.0,0.0,6.7,2.3
467410,2022-06-16,29.5,32.8,27.2,73,0.0,0.0,7.0,2.1
467410,2022-06-17,29.8,32.5,27.2,72,0.0,0.0,9.9,2.3
467410,2022-06-18,30.0,33.4,27.2,72,0.0,0.0,11.5,2.3
467410,2022-06-19,30.1,32.8,27.8,73,0.0,0.0,10.9,2.8
467410,2022-06-20,30.3,33.4,27.6,71,0.0,0.0,11.7,2.4
467410,2022-06-21,30.3,33.2,27.8,71,0.0,0.0,9.1,2.5
467410,2022-06-22,30.6,33.6,27.9,69,0.0,0.0,11.4,2.6
467410,2022-06-23,30.9,33.7,28.4,69,0.0,0.0,11.8,3.0
467410,2022-06-24,30.2,33.4,27.6,69,0.0,0.0,8.3,3.4
467410,2022-06-25,29.6,32.8,25.7,73,6.0,0.4,6.0,4.4
467410,2022-06-26,29.7,32.4,26.9,73,0.0,0.0,9.4,2.1
467410,2022-06-27,30.2,33.4,27.9,71,0.0,0.3,7.9,2.3
467410,2022-06-28,29.5,33.8,27.3,75,2.5,1.4,5.8,2.2
467410,2022-06-29,28.4,32.4,26.2,80,1.0,2.8,3.5,2.0
467410,2022-06-30,29.4,33.3,26.2,73,2.0,1.4,8.1,2.0
467410,2022-07-01,28.8,33.2,26.0,81,24.5,4.2,3.9,1.9
467410,2022-07-02,28.0,31.6,25.4,82,32.0,3.8,0.3,3.3
467410,2022-07-03,28.2,32.4,25.5,83,15.5,4.3,3.3,2.9
467410,2022-07-04,28.4,32.2,26.3,81,9.5,3.5,3.8,3.1
467410,2022-07-05,27.4,30.4,25.4,83,26.0,5.1,1.4,3.0
467410,2022-07-06,29.2,32.9,26.3,75,0.0,0.0,9.1,3.6
467410,2022-07-07,29.9,33.4,27.1,76,0.0,0.4,9.8,2.5
467410,2022-07-08,29.9,33.4,28.0,74,0.0,0.0,5.9,1.9
467410,2022-07-09,30.3,33.3,27.4,73,0.0,0.0,11.1,2.4
467410,2022-07-10,30.4,33.7,27.8,74,0.0,0.0,10.3,3.1
467410,2022-07-11,30.4,33.5,28.0,72,0.0,0.0,11.5,3.1
467410,2022-07-12,30.7,33.6,28.5,68,0.0,0.0,10.8,2.6
467410,2022-07-13,30.4,33.0,28.8,75,0.0,0.0,4.5,3.5
467410,2022-07-14,29.8,32.8,28.2,76,0.5,0.9,3.7,1.5
467410,2022-07-15,28.4,30.5,25.7,76,10.0,3.0,0.9,1.9
467410,2022-07-16,29.2,31.6,25.3,78,9.0,0.8,3.1,1.7
467410,2022-07-17,29.4,32.2,26.4,79,6.5,1.2,5.0,2.1
467410,2022-07-18,29.9,32.9,27.5,77,0.0,0.0,9.5,3.0
467410,2022-07-19,30.3,32.7,27.8,78,0.0,0.0,10.2,3.2
467410,2022-07-20,30.8,33.6,28.5,73,0.0,0.0,11.4,4.1
467410,2022-07-21,30.5,33.3,28.4,77,0.0,0.0,9.0,2.2
467410,2022-07-22,30.6,33.1,28.9,76,0.0,0.0,9.6,2.2
467410,2022-07-23,30.7,33.4,28.2,73,0.0,0.0,12.2,2.3
467410,2022-07-24,30.9,33.3,28.9,72,0.0,0.0,7.8,2.4
467410,2022-07-25,31.0,33.6,29.7,73,0.0,0.0,7.6,2.2
467410,2022-07-26,30.9,33.2,29.3,73,0.0,0.0,7.7,2.5
467410,2022-07-27,30.4,33.3,28.6,72,0.0,0.0,8.8,2.3
467410,2022-07-28,31.0,33.7,28.4,67,0.0,0.0,10.8,2.4
467410,2022-07-29,30.8,33.9,28.7,69,0.0,0.0,10.7,3.5
467410,2022-07-30,29.8,32.1,26.4,79,15.5,1.7,4.4,3.5
467410,2022-07-31,29.9,34.1,25.7,74,16.0,1.1,6.1,2.3
467410,2022-08-01,29.3,33.2,27.1,76,0.0,0.5,3.1,2.2
467410,2022-08-02,27.5,28.9,24.6,84,91.0,3.6,0.0,1.9
467410,2022-08-03,28.7,32.3,26.8,76,0.0,0.2,1.0,2.0
467410,2022-08-04,29.2,33.6,26.7,74,2.0,0.7,8.7,2.6
467410,2022-08-05,29.7,34.1,26.5,75,1.0,0.8,7.7,2.3
467410,2022-08-06,29.6,33.1,27.6,78,0.5,0.9,7.4,2.1
467410,2022-08-07,28.7,33.5,25.7,78,36.5,2.8,3.9,1.8
467410,2022-08-08,29.5,34.3,26.2,69,0.0,0.0,8.2,1.8
467410,2022-08-09,29.1,33.4,26.9,78,11.5,1.7,4.0,1.9
467410,2022-08-10,28.9,34.9,25.7,77,29.0,3.1,7.2,2.4
467410,2022-08-11,28.8,32.7,26.3,80,2.0,2.6,6.9,2.0
467410,2022-08-12,28.6,33.3,26.3,78,3.5,2.7,8.1,2.1
467410,2022-08-13,29.2,33.0,26.2,75,0.0,0.0,8.1,2.1
467410,2022-08-14,30.2,33.6,26.8,71,0.0,0.0,7.7,2.3
467410,2022-08-15,28.8,33.1,24.9,78,20.5,2.5,2.8,2.0
467410,2022-08-16,28.8,33.9,26.1,78,19.0,2.1,6.9,2.0
467410,2022-08-17,28.5,32.2,25.4,82,28.0,4.3,4.2,2.6
467410,2022-08-18,27.1,31.1,25.2,88,46.5,3.6,1.0,1.9
467410,2022-08-19,29.1,32.5,25.6,76,0.0,0.0,11.7,4.8
467410,2022-08-20,30.0,33.3,27.3,72,0.0,0.0,11.9,2.6
467410,2022-08-21,30.0,33.0,27.3,72,0.0,0.0,10.9,2.6
467410,2022-08-22,30.5,33.4,28.2,75,0.0,0.0,11.2,2.0
467410,2022-08-23,31.1,34.3,29.2,71,0.0,0.0,9.2,3.2
467410,2022-08-24,30.5,32.2,29.0,71,0.0,0.8,2.2,2.8
467410,2022-08-25,30.5,33.7,28.0,67,0.0,0.0,11.1,3.8
467410,2022-08-26,30.6,33.4,28.1,70,0.0,0.0,11.2,2.7
467410,2022-08-27,30.7,33.9,28.6,76,0.0,0.0,8.7,2.1
467410,2022-08-28,29.2,34.2,25.8,78,6.5,4.2,5.2,2.0
467410,2022-08-29,28.7,32.1,26.1,79,0.0,0.1,8.0,2.0
467410,2022-08-30,29.8,33.0,27.4,76,0.0,0.1,8.2,2.4
467410,2022-08-31,30.0,33.7,27.3,73,0.0,0.0,7.2,2.3
467410,2022-09-01,29.5,33.5,27.4,70,0.0,0.0,2.7,5.1
467410,2022-09-02,27.2,28.8,26.1,79,2.0,7.3,0.0,7.2
467410,2022-09-03,27.9,30.1,25.9,86,7.0,9.4,1.3,7.0
467410,2022-09-04,29.3,32.4,26.1,76,1.0,1.3,7.7,3.1
467410,2022-09-05,29.4,31.9,27.9,80,0.0,0.1,6.5,3.2
467410,2022-09-06,28.8,32.2,26.1,80,3.5,0.7,2.9,2.2
467410,2022-09-07,29.8,32.9,27.2,74,0.0,0.0,2.5,2.2
467410,2022-09-08,28.5,32.3,26.7,81,5.0,2.0,4.7,2.4
467410,2022-09-09,28.7,31.7,26.2,73,0.0,0.0,5.7,2.1
467410,2022-09-10,28.8,32.6,26.4,69,0.0,0.0,5.8,2.8
467410,2022-09-11,27.9,31.7,24.9,72,0.0,0.0,3.2,4.1
467410,2022-09-12,28.1,30.7,26.1,78,0.0,0.8,5.0,6.2
467410,2022-09-13,28.5,31.7,26.4,71,0.0,0.0,8.4,5.0
467410,2022-09-14,29.0,33.2,25.5,68,0.0,0.0,10.5,2.0
467410,2022-09-15,29.6,33.8,25.8,65,0.0,0.0,11.0,2.1
467410,2022-09-16,29.0,32.5,26.9,72,0.0,0.0,4.3,2.2
467410,2022-09-17,28.9,32.8,26.0,70,0.0,0.0,10.2,2.8
467410,2022-09-18,28.6,32.0,26.4,73,0.0,0.0,5.4,2.0
467410,2022-09-19,28.0,31.6,25.1,73,6.5,0.5,2.9,2.0
467410,2022-09-20,27.7,31.6,25.9,76,0.0,0.1,4.0,2.0
467410,2022-09-21,28.0,32.6,24.8,69,0.0,0.3,8.0,2.6
467410,2022-09-22,28.2,31.5,25.7,68,0.0,0.0,8.3,2.4
467410,2022-09-23,28.0,31.0,24.9,70,0.0,0.0,9.6,2.3
467410,2022-09-24,28.3,32.3,24.8,66,0.0,0.0,6.4,2.6
467410,2022-09-25,28.4,33.5,25.3,73,0.0,0.0,9.6,3.0
467410,2022-09-26,29.1,33.1,26.1,76,0.0,0.0,8.3,1.9
467410,2022-09-27,29.4,32.6,26.4,73,0.0,0.0,9.9,2.3
467410,2022-09-28,29.7,32.7,27.3,71,0.0,0.0,10.0,2.0
467410,2022-09-29,29.4,32.5,27.5,72,0.5,0.9,8.0,2.4
467410,2022-09-30,29.5,33.1,27.3,72,0.0,0.0,8.9,2.4
467410,2022-10-01,29.7,32.5,26.9,72,0.0,0.0,10.6,1.9
467410,2022-10-02,30.0,34.0,27.8,72,0.0,0.0,9.2,2.2
467410,2022-10-03,29.6,33.1,27.2,72,0.0,0.0,9.6,2.0
467410,2022-10-04,29.7,32.8,27.8,70,0.0,0.0,8.9,2.6
467410,2022-10-05,29.5,32.0,27.8,74,0.0,0.1,5.5,2.2
467410,2022-10-06,29.3,33.2,27.0,73,0.0,0.0,8.3,2.3
467410,2022-10-07,29.1,32.3,27.0,73,0.0,0.3,8.3,2.1
467410,2022-10-08,28.3,32.0,25.8,72,0.0,0.3,3.9,2.1
467410,2022-10-09,27.9,31.8,25.5,71,0.0,0.0,7.3,3.1
467410,2022-10-10,24.8,29.2,21.0,63,0.0,0.0,8.0,5.3
467410,2022-10-11,23.6,27.8,20.6,62,0.0,0.0,1.7,3.4
467410,2022-10-12,25.3,30.9,21.2,65,0.0,0.0,10.7,3.2
467410,2022-10-13,26.3,31.3,22.3,71,0.0,0.0,10.1,2.8
467410,2022-10-14,26.7,31.6,23.2,71,0.0,0.0,10.0,3.2
467410,2022-10-15,26.6,31.3,23.5,76,0.0,0.1,4.5,3.2
467410,2022-10-16,26.7,30.5,24.3,84,0.5,2.6,2.1,2.5
467410,2022-10-17,26.2,31.6,22.5,79,0.0,0.2,2.9,4.0
467410,2022-10-18,23.1,28.0,20.8,67,0.0,0.0,4.1,4.7
467410,2022-10-19,24.3,29.5,20.5,63,0.0,0.0,8.4,3.2
467410,2022-10-20,25.7,30.6,22.2,63,0.0,0.0,8.0,2.7
467410,2022-10-21,25.8,31.0,22.4,72,0.0,0.0,9.1,2.9
467410,2022-10-22,26.0,29.4,23.6,83,0.0,1.2,0.1,1.6
467410,2022-10-23,25.8,28.4,22.9,83,0.0,1.3,0.4,2.9
467410,2022-10-24,24.6,28.9,22.0,67,0.0,0.0,2.4,3.2
467410,2022-10-25,23.9,27.5,21.1,65,0.0,0.0,1.6,1.9
467410,2022-10-26,24.9,28.3,21.7,63,0.0,0.0,8.8,1.9
467410,2022-10-27,25.7,28.9,23.6,70,0.0,0.0,9.7,2.3
467410,2022-10-28,25.8,30.0,22.9,75,0.0,0.0,10.1,2.5
467410,2022-10-29,25.9,30.5,22.7,73,0.0,0.0,9.2,2.9
467410,2022-10-30,25.8,30.0,22.5,75,0.0,1.4,4.0,2.7
467410,2022-10-31,23.5,25.5,21.7,90,3.0,13.0,0.0,4.1
467410,2022-11-01,24.3,28.8,21.0,75,1.0,1.3,3.9,3.5
467410,2022-11-02,24.8,29.7,21.2,76,0.0,0.0,6.1,2.6
467410,2022-11-03,25.4,29.9,22.6,83,0.0,0.0,6.1,2.3
467410,2022-11-04,25.1,30.1,21.9,81,0.0,0.0,7.4,3.1
467410,2022-11-05,22.7,25.8,20.7,76,0.0,0.0,0.1,3.6
467410,2022-11-06,23.2,28.7,20.2,75,0.0,0.0,3.8,3.4
467410,2022-11-07,24.3,29.4,20.9,80,0.0,0.0,7.1,2.8
467410,2022-11-08,24.9,28.7,22.7,82,0.0,0.0,3.6,2.8
467410,2022-11-09,24.8,29.2,21.9,84,0.0,0.0,9.1,1.9
467410,2022-11-10,25.6,30.2,22.9,82,0.0,0.0,10.2,2.4
467410,2022-11-11,25.8,29.6,23.5,82,0.0,0.0,9.1,2.1
467410,2022-11-12,26.0,31.1,23.9,83,0.0,0.0,8.8,2.3
467410,2022-11-13,25.1,30.3,23.0,87,0.0,0.0,4.4,2.4
467410,2022-11-14,25.0,30.5,22.5,84,0.0,0.0,6.2,2.1
467410,2022-11-15,24.7,28.4,22.0,82,0.0,0.0,8.4,2.5
467410,2022-11-16,24.8,29.4,22.4,83,0.0,0.0,7.9,2.5
467410,2022-11-17,25.4,30.0,22.3,79,0.0,0.0,9.0,3.2
467410,2022-11-18,25.2,30.8,22.1,84,0.0,0.0,8.4,3.3
467410,2022-11-19,25.3,30.1,22.8,83,0.0,0.0,8.1,2.5
467410,2022-11-20,25.2,29.9,22.7,83,0.0,0.0,6.0,2.4
467410,2022-11-21,25.2,28.6,23.2,82,0.0,0.0,6.9,1.9
467410,2022-11-22,25.3,28.3,23.2,84,0.0,0.4,0.4,2.2
467410,2022-11-23,25.7,29.8,23.2,83,0.0,0.3,1.7,2.9
467410,2022-11-24,25.2,29.3,22.4,79,0.0,0.0,3.0,2.5
467410,2022-11-25,25.3,30.0,23.0,82,0.0,0.7,8.4,2.8
467410,2022-11-26,24.8,28.2,22.8,75,0.0,0.0,4.5,3.5
467410,2022-11-27,25.0,28.1,22.7,79,0.0,0.0,3.7,1.8
467410,2022-11-28,26.9,31.7,23.4,77,0.0,0.0,7.9,2.3
467410,2022-11-29,27.2,31.5,24.9,81,0.0,0.0,10.2,1.7
467410,2022-11-30,24.3,27.7,20.1,76,0.0,0.0,5.9,4.6
467410,2022-12-01,21.8,26.4,19.0,71,0.0,0.0,9.0,4.4
467410,2022-12-02,21.8,26.5,18.8,76,0.0,0.0,8.9,4.2
467410,2022-12-03,22.9,28.2,19.3,80,0.0,0.0,10.1,3.5
467410,2022-12-04,23.0,27.1,20.6,85,0.0,0.0,5.3,3.4
467410,2022-12-05,21.4,26.1,17.6,76,0.0,0.0,9.4,5.3
467410,2022-12-06,20.4,25.0,17.3,72,0.0,0.0,5.4,3.6
467410,2022-12-07,21.6,26.3,18.5,72,0.0,0.0,9.4,4.1
467410,2022-12-08,20.9,26.7,17.3,75,0.0,0.0,10.2,4.7
467410,2022-12-09,20.5,24.7,17.7,76,0.0,0.0,10.1,5.4
467410,2022-12-10,21.1,25.9,17.6,76,0.0,0.0,7.0,3.3
467410,2022-12-11,20.6,25.9,17.7,73,0.0,0.0,8.6,4.2
467410,2022-12-12,19.5,24.4,17.4,71,0.0,0.0,3.1,5.0
467410,2022-12-13,19.1,24.0,16.7,72,0.0,0.0,6.2,4.3
467410,2022-12-14,18.0,21.0,16.1,73,0.0,0.0,2.0,4.2
467410,2022-12-15,19.5,24.5,16.6,76,0.0,0.0,6.4,3.8
467410,2022-12-16,20.8,25.2,18.2,80,0.0,0.3,3.4,4.8
467410,2022-12-17,15.4,19.5,11.8,83,7.0,10.8,0.1,7.7
467410,2022-12-18,12.7,15.5,11.1,57,0.0,0.0,2.7,5.4
467410,2022-12-19,15.6,20.3,10.6,66,0.0,0.0,3.6,2.5
467410,2022-12-20,17.7,22.4,14.2,75,0.0,0.0,10.0,2.3
467410,2022-12-21,17.8,22.2,14.9,78,0.0,0.0,9.1,4.9
467410,2022-12-22,16.8,23.0,13.4,40,0.0,0.0,10.2,5.4
467410,2022-12-23,15.4,20.8,11.8,47,0.0,0.0,9.9,4.2
467410,2022-12-24,14.3,20.6,10.7,44,0.0,0.0,9.9,4.2
467410,2022-12-25,14.5,20.3,10.2,50,0.0,0.0,10.1,3.0
467410,2022-12-26,15.9,21.6,11.0,66,0.0,0.0,9.9,2.9
467410,2022-12-27,17.1,23.8,12.3,69,0.0,0.0,10.0,3.0
467410,2022-12-28,18.0,23.7,13.3,72,0.0,0.0,9.0,3.1
467410,2022-12-29,17.5,19.5,15.5,80,0.0,0.0,0.0,3.9
467410,2022-12-30,17.8,21.3,15.8,81,0.0,0.0,0.5,4.8
467410,2022-12-31,18.4,23.8,15.2,77,0.0,0.0,5.5,3.9
467410,2023-01-01,18.7,21.3,17.1,87,0.0,1.6,0.0,3.5
467410,2023-01-02,18.4,19.8,17.7,98,0.5,7.1,0.0,3.8
467410,2023-01-03,18.0,21.2,15.9,86,0.0,0.0,1.4,3.9
467410,2023-01-04,18.3,23.5,15.8,78,0.0,0.0,7.7,4.0
467410,2023-01-05,19.2,24.9,15.8,86,0.0,0.0,6.2,3.6
467410,2023-01-06,19.1,23.0,17.1,84,0.0,0.0,5.6,4.3
467410,2023-01-07,19.8,24.6,16.4,69,0.0,0.0,5.9,3.0
467410,2023-01-08,19.9,24.4,17.0,73,0.0,0.0,7.8,2.8
467410,2023-01-09,19.7,25.1,16.8,83,0.0,0.0,8.8,2.9
467410,2023-01-10,19.9,23.2,18.0,85,0.0,0.0,1.2,2.8
467410,2023-01-11,19.7,23.9,18.1,89,0.0,1.3,1.9,2.8
467410,2023-01-12,20.7,25.2,17.6,85,0.0,0.0,3.9,2.3
467410,2023-01-13,23.3,28.3,19.0,79,0.0,0.0,9.4,2.1
467410,2023-01-14,24.6,28.5,22.3,78,0.0,0.0,7.8,2.5
467410,2023-01-15,20.6,25.7,15.4,81,0.0,0.0,7.0,4.0
467410,2023-01-16,15.9,19.9,14.0,71,0.0,0.2,7.2,4.8
467410,2023-01-17,16.3,21.6,13.0,76,0.0,0.0,9.6,4.5
467410,2023-01-18,16.1,20.6,13.9,77,0.0,0.0,7.7,5.1
467410,2023-01-19,17.0,23.0,13.0,74,0.0,0.0,8.4,4.0
467410,2023-01-20,17.9,23.4,14.9,76,0.0,0.0,3.1,3.9
467410,2023-01-21,18.2,24.0,14.9,78,0.0,0.0,9.6,3.2
467410,2023-01-22,20.0,25.9,16.3,78,0.0,0.0,7.4,3.7
467410,2023-01-23,19.8,24.6,16.6,79,0.0,0.0,5.9,4.3
467410,2023-01-24,14.5,17.5,10.4,63,0.0,0.0,7.8,7.8
467410,2023-01-25,13.5,18.5,9.4,58,0.0,0.0,10.0,3.1
467410,2023-01-26,16.5,22.2,12.7,68,0.0,0.0,10.3,3.5
467410,2023-01-27,14.9,19.6,10.8,63,0.0,0.0,10.2,6.5
467410,2023-01-28,12.1,17.2,9.1,51,0.0,0.0,9.8,4.9
467410,2023-01-29,13.7,20.0,9.1,62,0.0,0.0,7.4,3.5
467410,2023-01-30,15.8,22.8,10.6,66,0.0,0.0,10.4,2.9
467410,2023-01-31,16.8,22.5,12.4,64,0.0,0.0,10.4,2.5
467410,2023-02-01,20.5,26.9,15.5,52,0.0,0.0,3.6,2.3
467410,2023-02-02,19.7,25.4,15.9,71,0.0,0.0,9.4,3.7
467410,2023-02-03,18.7,23.9,15.7,77,0.0,0.0,5.4,3.5
467410,2023-02-04,18.9,24.8,15.6,81,0.0,0.0,5.9,3.4
467410,2023-02-05,18.9,25.4,16.8,85,0.0,0.0,2.9,3.4
467410,2023-02-06,20.4,26.1,16.6,81,0.0,0.3,0.4,3.1
467410,2023-02-07,20.9,27.2,17.7,81,0.0,0.0,10.3,3.5
467410,2023-02-08,19.8,26.0,17.4,85,0.0,0.0,7.8,3.5
467410,2023-02-09,20.2,24.7,16.6,82,0.0,0.0,4.5,2.8
467410,2023-02-10,23.1,28.8,18.8,75,0.0,0.0,8.1,2.1
467410,2023-02-11,21.4,27.1,17.2,81,0.0,0.0,9.8,2.4
467410,2023-02-12,23.7,28.6,18.7,78,0.0,0.0,10.7,2.9
467410,2023-02-13,24.9,30.1,20.1,78,0.0,0.0,10.1,2.5
467410,2023-02-14,16.1,20.1,13.1,79,0.0,0.7,0.0,5.0
467410,2023-02-15,14.8,19.6,12.5,63,0.0,0.0,4.6,5.4
467410,2023-02-16,16.6,21.9,12.5,65,0.0,0.0,9.8,3.2
467410,2023-02-17,17.9,23.4,14.3,76,0.0,0.0,10.4,4.0
467410,2023-02-18,19.5,25.9,13.9,79,0.0,0.0,9.3,2.6
467410,2023-02-19,19.5,26.7,15.8,80,0.0,0.0,6.6,3.8
467410,2023-02-20,17.8,22.7,15.1,68,0.0,0.0,1.9,4.4
467410,2023-02-21,17.1,22.6,13.7,63,0.0,0.0,6.7,4.4
467410,2023-02-22,16.3,20.8,13.7,74,0.0,0.0,10.1,4.6
467410,2023-02-23,18.0,23.4,14.9,82,0.0,0.0,7.8,4.2
467410,2023-02-24,17.4,22.0,14.4,86,0.0,0.0,6.6,5.2
467410,2023-02-25,16.4,21.5,14.3,70,0.0,0.0,2.6,5.1
467410,2023-02-26,15.8,20.4,13.1,60,0.0,0.0,9.5,4.8
467410,2023-02-27,16.6,22.3,13.0,67,0.0,0.0,10.4,3.3
467410,2023-02-28,17.1,22.5,14.4,82,0.0,0.0,10.5,3.6
467410,2023-03-01,18.8,25.6,13.7,75,0.0,0.0,10.5,3.8
467410,2023-03-02,18.0,24.2,14.8,67,0.0,0.0,10.4,4.5
467410,2023-03-03,17.4,22.3,13.6,66,0.0,0.0,10.4,2.5
467410,2023-03-04,18.4,24.2,14.3,71,0.0,0.0,10.2,3.0
467410,2023-03-05,18.8,25.6,13.9,63,0.0,0.0,10.9,3.3
467410,2023-03-06,19.5,24.1,15.5,66,0.0,0.0,10.7,1.9
467410,2023-03-07,20.7,24.8,17.7,57,0.0,0.0,9.7,2.6
467410,2023-03-08,21.2,25.7,17.7,50,0.0,0.0,10.8,2.0
467410,2023-03-09,21.3,26.2,17.5,51,0.0,0.0,10.6,2.7
467410,2023-03-10,22.1,25.4,18.5,61,0.0,0.0,10.4,1.8
467410,2023-03-11,22.8,26.5,19.7,63,0.0,0.0,10.4,2.0
467410,2023-03-12,22.2,27.2,18.3,66,0.0,0.0,10.2,3.0
467410,2023-03-13,18.9,24.0,15.5,64,0.0,0.0,3.9,4.2
467410,2023-03-14,20.3,25.4,16.2,64,0.0,0.0,8.5,2.6
467410,2023-03-15,21.9,26.6,18.1,69,0.0,0.0,9.5,3.1
467410,2023-03-16,22.3,26.9,19.0,76,0.0,0.0,9.3,3.0
467410,2023-03-17,22.7,27.5,19.5,75,0.0,0.0,10.3,3.2
467410,2023-03-18,22.6,27.6,19.9,73,0.0,0.0,8.8,3.5
467410,2023-03-19,22.0,26.9,18.4,75,0.0,0.0,10.1,4.0
467410,2023-03-20,23.7,28.4,20.1,74,0.0,0.0,9.2,2.4
467410,2023-03-21,24.7,27.9,21.9,78,0.0,0.0,8.7,1.8
467410,2023-03-22,24.9,27.7,23.1,81,0.0,0.0,10.7,2.5
467410,2023-03-23,24.8,28.2,22.5,78,0.0,0.0,9.3,2.0
467410,2023-03-24,26.0,30.3,22.1,67,0.0,0.0,10.7,2.8
467410,2023-03-25,23.8,29.6,20.3,77,0.0,0.7,9.0,4.0
467410,2023-03-26,21.5,26.8,18.1,79,0.0,1.6,0.0,4.0
467410,2023-03-27,20.3,26.3,17.0,75,0.0,0.0,4.1,4.0
467410,2023-03-28,21.0,27.0,16.7,77,0.0,0.6,8.4,4.5
467410,2023-03-29,21.4,25.2,18.8,84,0.0,0.0,3.2,4.0
467410,2023-03-30,22.6,29.0,19.3,79,0.0,0.0,8.8,4.0
467410,2023-03-31,22.4,28.3,18.9,73,0.0,0.0,6.9,3.2
467410,2023-04-01,21.2,22.6,20.0,87,0.5,2.4,0.1,3.0
467410,2023-04-02,24.1,29.3,19.8,78,0.0,0.0,10.0,3.1
467410,2023-04-03,24.5,27.8,21.9,74,0.0,0.0,10.1,2.1
467410,2023-04-04,24.6,28.0,22.5,74,0.0,0.0,6.9,2.3
467410,2023-04-05,25.7,30.5,22.3,72,0.0,0.0,8.5,3.5
467410,2023-04-06,26.3,28.9,24.9,79,0.0,0.0,6.0,3.0
467410,2023-04-07,23.3,27.0,19.0,77,0.0,0.2,2.7,3.9
467410,2023-04-08,22.0,26.9,18.2,59,0.0,0.0,7.4,3.0
467410,2023-04-09,22.4,25.2,20.1,63,0.0,0.0,9.8,2.3
467410,2023-04-10,23.4,27.5,20.4,66,0.0,0.0,10.8,2.7
467410,2023-04-11,24.9,28.9,21.7,63,0.0,0.0,10.5,2.5
467410,2023-04-12,24.8,28.4,22.5,72,0.0,0.0,7.0,3.0
467410,2023-04-13,24.3,28.5,21.7,81,0.0,0.0,9.3,3.1
467410,2023-04-14,25.6,31.2,20.9,77,0.0,0.0,8.4,2.0
467410,2023-04-15,27.2,30.2,24.9,69,0.0,0.0,7.7,3.0
467410,2023-04-16,26.7,30.7,24.2,73,0.0,0.0,9.4,2.1
467410,2023-04-17,27.0,31.7,24.0,71,0.0,0.0,10.7,2.3
467410,2023-04-18,28.1,33.4,24.7,68,0.0,0.0,6.1,3.5
467410,2023-04-19,28.0,31.4,26.4,76,0.0,0.2,6.3,4.4
467410,2023-04-20,26.4,29.3,24.4,79,0.5,0.9,0.8,2.9
467410,2023-04-21,25.8,29.1,24.0,79,0.0,1.0,2.5,2.2
467410,2023-04-22,26.4,31.1,23.6,73,0.0,0.0,8.9,2.3
467410,2023-04-23,26.0,31.0,22.7,73,0.0,0.0,8.6,3.0
467410,2023-04-24,25.1,29.7,22.4,81,0.0,0.0,3.6,3.2
467410,2023-04-25,24.5,28.9,21.7,78,0.0,0.0,1.6,2.5
467410,2023-04-26,24.7,29.3,21.6,69,0.0,0.0,7.4,3.8
467410,2023-04-27,25.3,29.9,21.2,63,0.0,0.0,9.0,3.0
467410,2023-04-28,26.4,31.7,22.8,70,0.0,0.0,11.0,3.2
467410,2023-04-29,27.6,32.0,23.8,66,0.0,0.0,10.8,2.4
467410,2023-04-30,26.5,30.9,22.7,71,0.0,0.0,9.8,3.8
467410,2023-05-01,25.8,30.8,21.4,66,0.0,0.0,10.0,2.9
467410,2023-05-02,26.6,31.1,23.5,69,0.0,0.0,11.4,2.8
467410,2023-05-03,26.9,31.1,23.8,73,0.0,0.0,9.5,2.0
467410,2023-05-04,28.1,31.9,24.8,68,0.0,0.0,12.1,2.8
467410,2023-05-05,28.7,32.9,26.3,74,0.0,0.0,11.4,4.0
467410,2023-05-06,29.0,32.6,26.2,73,0.0,0.0,11.8,3.1
467410,2023-05-07,27.7,30.1,23.7,77,14.5,3.8,0.6,1.7
467410,2023-05-08,25.1,28.4,21.9,79,1.5,1.8,4.0,3.5
467410,2023-05-09,23.1,26.8,20.7,69,0.0,0.0,0.7,3.5
467410,2023-05-10,24.7,27.6,21.7,67,0.0,0.0,11.5,1.9
467410,2023-05-11,25.8,29.3,23.8,69,0.0,0.0,3.9,1.9
467410,2023-05-12,25.9,28.9,24.0,74,0.0,0.0,3.5,2.3
467410,2023-05-13,25.7,29.5,23.5,75,0.0,1.0,1.9,2.9
467410,2023-05-14,25.8,29.2,24.0,70,0.0,0.5,0.3,2.4
467410,2023-05-15,24.9,27.5,23.5,84,5.0,5.0,0.1,1.7
467410,2023-05-16,26.0,29.2,22.9,78,1.0,2.0,0.5,2.0
467410,2023-05-17,27.7,31.2,24.7,74,0.0,0.0,11.8,2.6
467410,2023-05-18,28.7,30.9,26.6,81,0.0,0.0,4.3,2.6
467410,2023-05-19,28.3,31.2,26.1,82,1.5,0.5,4.4,2.8
467410,2023-05-20,28.4,31.2,26.3,78,0.0,0.6,6.5,2.4
467410,2023-05-21,28.9,31.8,26.7,76,0.0,0.0,9.8,2.6
467410,2023-05-22,29.3,32.0,27.1,77,0.0,0.0,9.4,2.3
467410,2023-05-23,27.4,30.7,24.8,80,4.0,1.1,1.2,2.4
467410,2023-05-24,27.4,31.8,25.2,74,0.0,0.0,3.7,1.8
467410,2023-05-25,28.8,33.2,25.6,71,0.0,0.0,9.3,2.7
467410,2023-05-26,28.9,32.1,26.8,72,0.0,0.1,5.5,2.7
467410,2023-05-27,28.6,31.2,27.0,73,0.0,0.0,3.8,2.9
467410,2023-05-28,28.4,31.8,26.0,75,0.0,0.0,8.4,2.7
467410,2023-05-29,29.0,31.4,26.5,73,0.0,0.0,11.3,2.3
467410,2023-05-30,29.7,33.6,27.0,72,0.5,0.5,5.0,1.9
467410,2023-05-31,29.2,32.8,27.5,75,0.5,0.8,3.1,2.9
467410,2023-06-01,28.6,32.2,26.5,75,0.0,0.0,7.0,6.0
467410,2023-06-02,29.4,33.2,26.7,79,0.0,0.0,10.8,2.6
467410,2023-06-03,29.0,32.2,27.2,80,9.0,1.8,4.2,2.0
467410,2023-06-04,30.0,33.7,27.0,71,0.0,0.0,7.0,2.7
467410,2023-06-05,29.5,32.9,27.5,76,0.0,0.0,7.8,2.5
467410,2023-06-06,29.6,32.5,27.0,74,0.0,0.0,11.1,3.1
467410,2023-06-07,29.5,32.4,27.2,76,0.0,0.0,11.1,3.3
467410,2023-06-08,29.5,32.5,27.8,76,0.0,0.0,10.3,3.3
467410,2023-06-09,29.9,32.5,27.7,75,0.0,0.0,10.0,2.2
467410,2023-06-10,29.5,32.7,27.2,75,0.0,0.2,5.5,2.0
467410,2023-06-11,28.7,31.4,25.4,81,34.5,3.6,1.2,1.4
467410,2023-06-12,27.0,30.5,25.5,92,65.0,9.6,1.3,2.7
467410,2023-06-13,27.7,32.0,25.8,88,24.0,2.8,3.1,3.2
467410,2023-06-14,28.5,31.7,25.8,83,7.5,2.8,3.1,2.3
467410,2023-06-15,27.4,30.1,25.0,84,13.5,4.3,1.0,3.3
467410,2023-06-16,28.4,31.5,24.6,79,0.5,1.1,2.1,3.5
467410,2023-06-17,29.3,32.0,27.7,81,0.0,0.0,0.6,2.6
467410,2023-06-18,29.9,33.0,27.4,78,0.0,0.0,8.3,2.6
467410,2023-06-19,30.2,33.5,27.6,72,0.0,0.0,11.4,2.0
467410,2023-06-20,30.1,33.2,28.3,75,0.0,0.0,11.2,2.4
467410,2023-06-21,30.1,33.0,28.1,75,0.0,0.1,10.0,2.5
467410,2023-06-22,29.9,33.0,28.0,76,1.5,0.3,8.2,2.5
467410,2023-06-23,29.9,32.9,27.8,75,0.5,0.4,9.2,2.7
467410,2023-06-24,30.2,33.0,27.6,71,0.0,0.0,12.2,3.9
467410,2023-06-25,30.4,34.0,27.8,70,0.0,0.0,9.7,2.7
467410,2023-06-26,29.4,33.6,24.5,74,23.0,0.7,8.2,2.5
467410,2023-06-27,29.9,34.1,26.0,72,0.5,1.1,7.2,2.2
467410,2023-06-28,29.9,33.2,27.6,73,0.0,0.2,0.1,1.8
467410,2023-06-29,30.1,34.3,27.7,73,0.0,0.0,5.7,3.0
467410,2023-06-30,30.4,32.9,28.7,73,0.0,0.0,10.0,4.4
467410,2023-07-01,29.2,33.1,26.5,78,2.5,1.7,3.7,4.8
467410,2023-07-02,30.2,33.5,27.4,75,0.5,0.6,11.8,4.5
467410,2023-07-03,30.1,33.2,27.9,74,0.0,0.0,11.4,3.7
467410,2023-07-04,30.3,33.7,27.8,71,0.0,0.0,11.2,2.6
467410,2023-07-05,30.8,34.0,28.5,69,0.0,0.0,11.7,2.0
467410,2023-07-06,30.6,33.4,28.7,75,0.0,0.0,9.1,2.5
467410,2023-07-07,30.8,34.0,28.8,71,0.0,0.0,10.4,2.2
467410,2023-07-08,31.0,34.2,29.0,71,0.0,0.0,11.8,2.3
467410,2023-07-09,30.8,33.7,28.7,72,0.0,0.0,10.3,2.4
467410,2023-07-10,30.8,33.8,28.7,73,0.0,0.0,10.8,2.3
467410,2023-07-11,29.3,32.1,27.3,79,18.5,2.7,2.0,2.2
467410,2023-07-12,29.6,34.4,26.0,74,11.0,0.6,8.3,2.1
467410,2023-07-13,30.3,33.8,27.4,74,0.0,0.0,8.5,3.0
467410,2023-07-14,31.1,34.5,27.7,67,0.0,0.0,9.0,3.0
467410,2023-07-15,31.6,35.2,29.0,67,0.0,0.1,9.1,2.8
467410,2023-07-16,29.9,33.8,27.4,77,12.5,0.8,3.3,2.0
467410,2023-07-17,31.2,34.8,28.4,65,0.0,0.0,10.7,3.0
467410,2023-07-18,30.1,34.1,26.9,72,1.5,3.3,3.3,2.7
467410,2023-07-19,29.4,34.8,25.7,76,29.0,4.0,2.7,2.1
467410,2023-07-20,28.8,32.8,25.7,80,12.0,2.2,4.6,2.7
467410,2023-07-21,29.8,33.5,25.7,75,0.0,0.5,11.3,2.3
467410,2023-07-22,30.0,33.0,26.7,75,0.0,0.0,7.7,2.4
467410,2023-07-23,29.5,33.9,27.5,82,5.5,2.1,4.8,2.2
467410,2023-07-24,30.2,34.0,26.7,71,0.0,0.0,10.2,3.3
467410,2023-07-25,30.4,34.1,26.6,73,8.0,0.1,9.4,2.4
467410,2023-07-26,28.0,29.9,26.2,86,11.0,10.2,0.0,1.5
467410,2023-07-27,26.4,27.3,24.8,90,20.0,14.9,0.0,2.0
467410,2023-07-28,25.6,27.5,23.5,93,106.0,18.3,0.0,8.0
467410,2023-07-29,29.2,32.7,27.1,82,0.0,0.0,7.8,5.2
467410,2023-07-30,28.6,33.8,26.1,84,26.0,3.3,1.3,2.2
467410,2023-07-31,28.8,32.2,26.2,78,0.0,0.2,5.4,2.4
467410,2023-08-01,29.8,33.3,26.9,76,0.0,0.0,9.7,2.7
467410,2023-08-02,29.5,31.8,27.5,82,0.0,0.3,3.2,4.3
467410,2023-08-03,30.2,33.7,28.6,80,0.0,0.0,1.9,3.3
467410,2023-08-04,30.0,31.9,29.2,83,0.0,0.0,3.0,5.2
467410,2023-08-05,30.0,31.9,29.1,84,0.0,0.0,2.7,4.1
467410,2023-08-06,29.7,31.5,28.9,86,0.5,0.5,1.1,3.6
467410,2023-08-07,29.1,31.5,25.8,85,10.5,1.0,3.8,2.4
467410,2023-08-08,29.2,32.0,26.6,84,18.5,1.5,2.9,2.1
467410,2023-08-09,29.4,32.9,25.9,81,14.0,1.3,5.7,2.4
467410,2023-08-10,26.0,28.7,24.4,95,190.5,17.2,0.0,2.6
467410,2023-08-11,27.4,30.9,24.7,87,52.0,8.0,1.4,2.9
467410,2023-08-12,29.1,33.0,26.5,80,4.0,0.5,7.9,3.2
467410,2023-08-13,28.7,31.7,26.9,83,5.0,0.8,3.1,2.7
467410,2023-08-14,27.9,30.4,25.9,87,35.0,3.9,1.9,1.9
467410,2023-08-15,29.0,32.0,26.2,83,14.5,1.6,3.2,1.7
467410,2023-08-16,28.8,31.7,27.0,86,9.5,1.1,1.3,1.8
467410,2023-08-17,26.6,27.7,25.3,89,3.0,1.7,1.1,2.3
467410,2023-08-18,27.2,30.1,25.0,86,18.0,1.1,2.0,3.2
467410,2023-08-19,27.5,30.0,26.3,84,2.0,0.9,1.6,2.9
467410,2023-08-20,29.1,32.7,26.2,78,0.0,0.0,11.0,2.4
467410,2023-08-21,29.8,33.2,27.1,78,0.0,0.1,10.7,2.1
467410,2023-08-22,29.9,33.5,27.7,77,0.0,0.0,9.4,2.0
467410,2023-08-23,30.1,33.0,27.5,72,0.0,0.0,9.6,1.9
467410,2023-08-24,29.8,33.9,27.6,72,0.0,0.0,8.5,1.9
467410,2023-08-25,29.9,34.1,26.7,71,0.0,0.3,10.1,2.5
467410,2023-08-26,29.3,33.1,27.1,77,0.0,0.0,6.3,2.1
467410,2023-08-27,29.4,32.0,26.8,73,0.0,0.0,6.4,1.7
467410,2023-08-28,30.0,34.0,26.4,70,0.0,0.0,10.8,1.5
467410,2023-08-29,30.6,34.3,27.9,72,0.0,0.1,8.5,2.6
467410,2023-08-30,29.7,33.0,28.0,81,0.0,0.8,2.0,2.1
467410,2023-08-31,27.5,31.2,25.6,87,33.0,10.2,0.2,2.1
467410,2023-09-01,28.5,32.7,26.0,83,12.0,2.6,4.8,1.9
467410,2023-09-02,29.0,31.9,26.9,84,6.5,1.8,2.8,2.0
467410,2023-09-03,27.8,29.0,25.8,87,10.0,5.2,0.0,3.7
467410,2023-09-04,26.5,30.3,25.3,91,28.5,8.2,1.6,6.9
467410,2023-09-05,28.3,31.9,26.0,84,0.0,0.6,2.9,4.6
467410,2023-09-06,28.8,33.0,26.5,80,0.5,0.8,7.9,3.1
467410,2023-09-07,27.3,31.1,24.4,87,143.5,8.0,1.1,2.0
467410,2023-09-08,25.9,28.5,24.4,94,94.0,8.8,0.0,2.7
467410,2023-09-09,25.4,28.0,24.1,93,49.5,12.9,0.0,3.3
467410,2023-09-10,25.8,27.2,23.9,93,48.5,9.9,0.0,3.6
467410,2023-09-11,27.5,31.2,24.8,83,0.5,0.5,5.6,1.7
467410,2023-09-12,28.2,31.0,25.7,78,0.0,0.0,7.9,1.8
467410,2023-09-13,28.6,31.3,26.2,75,0.0,0.0,7.6,1.8
467410,2023-09-14,28.9,32.2,26.4,73,0.0,0.0,8.1,2.0
467410,2023-09-15,28.9,32.2,26.8,72,0.0,0.0,8.6,1.7
467410,2023-09-16,29.3,33.2,26.5,70,0.0,0.0,8.6,2.0
467410,2023-09-17,29.9,32.9,27.6,70,0.0,0.0,4.8,1.8
467410,2023-09-18,30.2,33.7,27.7,67,0.0,0.0,9.1,2.6
467410,2023-09-19,29.6,33.2,26.9,71,0.0,0.0,9.4,2.0
467410,2023-09-20,29.8,32.3,27.4,72,0.0,0.0,10.8,2.1
467410,2023-09-21,30.3,33.3,27.9,70,0.0,0.0,8.3,2.6
467410,2023-09-22,29.9,33.3,27.7,75,0.0,0.0,6.8,2.4
467410,2023-09-23,29.7,32.9,27.8,75,0.0,0.0,9.1,2.3
467410,2023-09-24,29.9,32.6,27.7,76,0.0,0.0,7.8,2.4
467410,2023-09-25,29.9,33.0,28.1,78,0.0,0.0,7.2,2.2
467410,2023-09-26,30.1,33.5,27.6,73,0.0,0.0,9.7,2.3
467410,2023-09-27,29.3,32.1,27.9,77,0.0,0.0,2.8,2.9
467410,2023-09-28,28.8,31.9,26.8,81,0.5,0.9,4.8,2.1
467410,2023-09-29,29.6,33.3,27.2,76,0.0,0.0,9.9,2.2
467410,2023-09-30,30.2,33.3,27.5,74,0.0,0.0,9.3,2.2
467410,2023-10-01,30.1,33.7,27.6,75,0.0,0.0,8.0,2.2
467410,2023-10-02,29.5,33.7,26.2,69,0.0,0.0,8.8,3.9
467410,2023-10-03,28.0,32.4,25.0,65,0.0,0.0,9.3,5.0
467410,2023-10-04,27.1,27.8,26.4,83,0.0,1.2,0.0,8.4
467410,2023-10-05,27.6,29.4,26.2,77,0.0,1.1,0.0,7.0
467410,2023-10-06,26.2,29.3,24.5,86,13.0,6.7,0.1,2.1
467410,2023-10-07,27.2,31.7,25.2,83,0.0,0.1,2.4,2.3
467410,2023-10-08,27.4,32.0,24.7,84,4.0,0.8,2.1,2.8
467410,2023-10-09,27.8,31.5,25.4,81,0.0,0.0,9.5,1.9
467410,2023-10-10,27.6,30.9,24.7,78,0.0,0.0,5.1,2.3
467410,2023-10-11,27.5,31.4,24.7,72,0.0,0.0,8.7,3.3
467410,2023-10-12,27.2,31.8,23.2,69,0.0,0.0,8.9,2.6
467410,2023-10-13,27.6,31.4,24.8,69,0.0,0.0,8.7,2.2
467410,2023-10-14,27.4,31.7,24.4,72,0.0,0.0,8.1,2.4
467410,2023-10-15,26.6,30.0,24.2,67,0.0,0.0,0.6,2.7
467410,2023-10-16,26.0,28.3,23.8,69,0.0,1.0,0.0,1.9
467410,2023-10-17,25.7,28.4,23.9,76,0.0,1.1,0.0,1.7
467410,2023-10-18,26.6,29.5,24.5,73,0.0,0.0,0.1,1.2
467410,2023-10-19,27.2,30.9,24.1,73,0.0,0.0,8.3,2.0
467410,2023-10-20,27.2,32.5,23.9,73,0.0,0.0,7.4,3.1
467410,2023-10-21,26.0,30.9,22.9,71,0.0,0.0,5.1,2.8
467410,2023-10-22,26.9,30.9,23.9,69,0.0,0.0,9.2,2.0
467410,2023-10-23,27.0,31.1,24.1,75,0.0,0.0,9.1,2.1
467410,2023-10-24,27.3,31.0,24.9,78,0.0,0.0,7.9,2.6
467410,2023-10-25,27.4,31.1,24.9,77,0.0,0.0,7.6,1.9
467410,2023-10-26,27.2,30.4,25.0,77,0.0,0.0,8.9,1.8
467410,2023-10-27,26.7,29.7,24.4,74,0.0,0.0,8.1,2.0
467410,2023-10-28,26.6,30.6,24.2,73,0.0,0.0,8.1,2.2
467410,2023-10-29,26.2,30.6,23.8,71,0.0,0.0,8.5,2.4
467410,2023-10-30,26.0,31.4,23.1,69,0.0,0.0,8.2,3.7
467410,2023-10-31,26.2,30.1,22.8,72,0.0,0.0,9.2,2.3
467410,2023-11-01,26.6,29.5,24.2,73,0.0,0.0,9.8,1.7
467410,2023-11-02,26.5,30.2,24.1,76,0.0,0.0,9.3,2.2
467410,2023-11-03,26.3,30.9,23.5,76,0.0,0.0,9.6,2.7
467410,2023-11-04,26.7,32.2,23.3,71,0.0,0.0,9.9,2.7
467410,2023-11-05,27.3,32.1,24.2,68,0.0,0.0,10.3,1.5
467410,2023-11-06,27.9,32.5,24.7,65,0.0,0.0,9.5,2.9
467410,2023-11-07,26.3,30.8,23.9,72,0.0,0.0,3.8,2.9
467410,2023-11-08,26.1,29.7,23.2,70,0.0,0.0,10.2,2.3
467410,2023-11-09,26.6,31.2,24.3,77,0.0,0.0,7.4,2.1
467410,2023-11-10,28.0,33.9,24.3,71,0.0,0.0,9.7,2.6
467410,2023-11-11,26.0,31.1,23.0,75,0.0,0.0,9.8,3.7
467410,2023-11-12,24.4,29.0,22.0,73,0.0,0.0,6.5,4.2
467410,2023-11-13,22.5,26.8,19.8,66,0.0,0.0,8.1,4.3
467410,2023-11-14,22.6,27.6,19.7,66,0.0,0.0,5.8,3.2
467410,2023-11-15,23.8,28.5,19.9,72,0.0,0.0,10.2,2.2
467410,2023-11-16,24.1,28.8,20.7,72,0.0,0.0,5.2,4.7
467410,2023-11-17,19.6,24.0,16.3,54,0.0,0.0,2.9,6.3
467410,2023-11-18,19.0,24.7,15.1,44,0.0,0.0,9.6,3.8
467410,2023-11-19,20.3,24.8,15.3,59,0.0,0.0,10.2,2.0
467410,2023-11-20,21.8,25.3,18.1,65,0.0,0.0,9.1,2.5
467410,2023-11-21,22.8,27.9,19.6,65,0.0,0.0,10.2,2.1
467410,2023-11-22,23.1,27.8,19.4,66,0.0,0.0,10.2,1.9
467410,2023-11-23,23.1,28.7,19.5,68,0.0,0.0,10.1,2.4
467410,2023-11-24,22.9,27.8,19.9,67,0.0,0.0,10.1,2.2
467410,2023-11-25,22.4,26.7,18.3,67,0.0,0.0,10.0,2.1
467410,2023-11-26,22.2,27.3,19.4,73,0.0,0.0,9.5,2.7
467410,2023-11-27,22.8,27.4,19.4,70,0.0,0.0,5.9,3.4
467410,2023-11-28,23.5,28.0,18.9,69,0.0,0.0,7.5,2.3
467410,2023-11-29,25.2,28.9,22.9,67,0.0,0.4,3.2,2.0
467410,2023-11-30,23.9,28.4,21.1,73,0.0,0.0,2.6,3.9
467410,2023-12-01,21.1,25.0,18.4,74,0.0,0.0,2.9,4.4
467410,2023-12-02,20.8,26.3,17.8,71,0.0,0.0,7.9,3.3
467410,2023-12-03,21.3,24.9,18.9,77,0.0,0.0,0.0,1.9
467410,2023-12-04,22.3,25.8,19.6,76,0.0,0.3,0.7,3.0
467410,2023-12-05,22.4,27.3,20.1,77,0.0,0.0,7.4,4.3
467410,2023-12-06,21.7,25.7,20.2,72,0.0,0.0,3.4,4.6
467410,2023-12-07,22.2,27.1,18.7,58,0.0,0.0,9.1,2.0
467410,2023-12-08,22.7,26.9,19.9,67,0.0,0.0,7.5,1.8
467410,2023-12-09,24.3,29.6,20.0,60,0.0,0.0,9.0,2.1
467410,2023-12-10,25.5,30.3,22.1,64,0.0,0.0,9.5,2.2
467410,2023-12-11,25.9,29.3,23.7,76,0.0,0.0,3.3,1.1
467410,2023-12-12,25.2,29.5,21.3,77,0.0,0.1,7.8,3.2
467410,2023-12-13,23.3,28.5,19.9,76,0.0,0.0,8.2,3.0
467410,2023-12-14,23.8,28.0,21.7,82,0.0,0.0,6.4,2.2
467410,2023-12-15,24.9,29.9,21.5,76,0.0,0.0,8.6,1.5
467410,2023-12-16,21.4,26.6,14.8,70,0.0,0.0,9.8,4.2
467410,2023-12-17,17.5,21.2,14.4,65,0.0,0.6,1.6,2.3
467410,2023-12-18,20.4,25.2,16.6,72,0.0,0.0,8.1,3.1
467410,2023-12-19,21.4,26.1,18.2,79,0.0,0.0,2.2,4.4
467410,2023-12-20,17.5,20.2,15.8,78,7.0,5.1,0.0,4.4
467410,2023-12-21,15.1,16.7,12.3,72,0.0,1.6,0.1,5.1
467410,2023-12-22,13.4,17.0,10.9,61,0.0,0.0,3.4,4.7
467410,2023-12-23,16.5,19.6,13.0,65,0.0,0.2,0.0,2.2
467410,2023-12-24,16.7,22.1,13.0,73,0.0,0.0,7.8,4.8
467410,2023-12-25,15.9,22.8,11.7,64,0.0,0.0,9.6,3.5
467410,2023-12-26,17.5,22.4,12.6,67,0.0,0.0,0.4,2.2
467410,2023-12-27,20.2,23.5,18.4,82,0.0,0.1,0.0,2.9
467410,2023-12-28,19.6,21.9,18.1,90,5.5,3.1,0.0,3.6
467410,2023-12-29,19.8,25.6,17.0,86,0.0,0.0,9.3,3.7
467410,2023-12-30,19.6,22.1,17.7,93,2.5,3.7,0.5,2.3
467410,2023-12-31,21.7,28.1,18.0,77,0.0,0.0,9.4,3.4
467410,2024-01-01,19.1,23.4,16.5,67,0.0,0.0,4.6,3.9
467410,2024-01-02,19.2,24.3,15.3,73,0.0,0.0,5.5,2.3
467410,2024-01-03,18.5,23.0,14.1,76,0.0,0.0,8.5,5.4
467410,2024-01-04,17.3,22.4,12.6,66,0.0,0.0,9.2,2.9
467410,2024-01-05,19.0,24.2,16.1,72,0.0,0.0,9.7,3.1
467410,2024-01-06,19.2,24.9,15.9,74,0.0,0.0,7.1,2.7
467410,2024-01-07,18.9,24.7,15.7,70,0.0,0.0,5.6,3.6
467410,2024-01-08,18.9,24.6,14.8,70,0.0,0.0,4.9,3.0
467410,2024-01-09,19.9,25.4,16.5,82,0.0,0.0,4.8,4.1
467410,2024-01-10,18.9,23.9,15.7,65,0.0,0.0,9.7,5.5
467410,2024-01-11,16.8,22.0,12.8,53,0.0,0.0,9.7,2.8
467410,2024-01-12,18.6,24.1,14.9,65,0.0,0.0,10.0,1.7
467410,2024-01-13,19.6,24.8,15.5,64,0.0,0.0,10.0,1.9
467410,2024-01-14,20.0,24.8,17.0,67,0.0,0.0,9.8,2.3
467410,2024-01-15,19.5,25.4,16.3,74,0.0,0.0,10.1,3.1
467410,2024-01-16,19.1,24.2,15.3,73,0.0,0.0,8.3,3.6
467410,2024-01-17,20.2,25.4,16.6,73,0.0,0.0,9.9,1.9
467410,2024-01-18,21.0,26.4,18.0,78,0.0,0.0,4.1,2.5
467410,2024-01-19,22.5,28.0,19.8,75,0.0,0.0,9.3,2.4
467410,2024-01-20,21.6,26.7,19.1,83,0.0,0.0,8.4,3.7
467410,2024-01-21,19.7,25.9,16.0,74,0.0,0.0,8.8,4.7
467410,2024-01-22,16.4,21.2,12.5,73,0.0,0.0,4.8,5.0
467410,2024-01-23,10.6,13.3,8.5,77,0.0,1.6,0.6,5.9
467410,2024-01-24,13.4,18.1,9.5,68,0.0,0.0,2.4,2.9
467410,2024-01-25,15.2,19.6,12.3,68,0.0,0.0,5.6,3.4
467410,2024-01-26,15.7,21.6,11.7,72,0.0,0.0,9.6,3.8
467410,2024-01-27,16.6,22.9,12.9,71,0.0,0.0,8.0,3.9
467410,2024-01-28,16.7,22.9,12.9,70,0.0,0.0,7.0,4.5
467410,2024-01-29,18.2,24.3,14.2,76,0.0,0.0,9.5,3.5
467410,2024-01-30,20.3,25.6,16.9,82,0.0,0.5,8.0,2.8
467410,2024-01-31,22.4,28.1,18.7,76,0.0,0.0,9.8,1.9
467410,2024-02-01,23.0,27.8,18.2,72,0.0,0.0,10.2,1.8
467410,2024-02-02,22.4,27.1,18.5,76,0.0,0.0,9.2,2.8
467410,2024-02-03,21.3,27.2,18.2,81,0.0,0.0,0.9,2.9
467410,2024-02-04,21.5,25.8,18.9,86,0.0,2.6,0.6,2.7
467410,2024-02-05,20.8,26.9,17.6,78,0.0,0.1,2.6,3.8
467410,2024-02-06,20.0,25.8,17.3,78,0.0,0.0,5.6,3.8
467410,2024-02-07,18.8,23.5,15.3,78,0.0,0.0,5.0,4.7
467410,2024-02-08,17.4,23.2,14.7,78,0.0,0.2,5.2,4.1
467410,2024-02-09,15.2,18.8,13.0,79,1.5,1.7,6.5,5.2
467410,2024-02-10,16.1,21.1,12.7,67,0.0,0.0,3.1,3.9
467410,2024-02-11,17.6,24.5,12.6,52,0.0,0.0,10.2,3.7
467410,2024-02-12,17.7,23.4,13.5,62,0.0,0.0,10.5,2.7
467410,2024-02-13,19.0,25.5,14.1,59,0.0,0.0,10.8,2.4
467410,2024-02-14,22.0,28.3,16.7,48,0.0,0.0,10.7,2.3
467410,2024-02-15,23.4,29.1,19.3,59,0.0,0.0,7.8,2.2
467410,2024-02-16,19.6,24.4,16.9,78,0.0,0.0,8.6,4.4
467410,2024-02-17,20.0,25.8,16.7,77,0.0,0.0,9.7,3.3
467410,2024-02-18,23.7,29.3,18.6,69,0.0,0.0,10.1,2.8
467410,2024-02-19,25.4,29.7,22.0,75,0.0,0.0,8.1,2.8
467410,2024-02-20,26.1,30.2,23.5,76,0.0,0.0,10.6,3.5
467410,2024-02-21,26.2,31.0,22.4,63,0.0,0.0,11.0,3.7
467410,2024-02-22,24.7,29.8,20.9,70,0.0,0.0,10.7,3.2
467410,2024-02-23,21.9,27.3,17.7,71,0.0,0.0,10.8,4.6
467410,2024-02-24,21.2,26.0,17.1,70,0.0,0.0,9.2,4.1
467410,2024-02-25,19.6,23.7,16.4,74,0.0,0.0,9.6,4.6
467410,2024-02-26,17.6,23.6,14.4,71,0.0,0.0,2.1,4.0
467410,2024-02-27,17.8,22.4,14.6,71,0.0,0.0,3.1,3.8
467410,2024-02-28,20.2,27.1,15.9,73,0.0,0.0,9.8,3.1
467410,2024-02-29,21.8,28.1,17.4,76,0.0,0.0,8.6,3.3
467410,2024-03-01,16.7,20.1,14.0,72,0.0,0.0,0.2,5.5
467410,2024-03-02,14.2,15.4,12.9,79,0.0,1.6,0.0,4.0
467410,2024-03-03,18.2,24.8,13.7,73,0.0,0.0,10.2,3.3
467410,2024-03-04,22.2,26.8,16.4,73,0.0,0.0,7.1,2.9
467410,2024-03-05,26.5,30.4,23.6,71,0.0,0.0,9.3,2.4
467410,2024-03-06,25.3,29.1,19.8,71,0.0,0.0,9.7,2.9
467410,2024-03-07,17.6,20.1,15.9,78,2.5,1.5,0.0,4.3
467410,2024-03-08,18.1,23.6,14.7,60,0.0,0.0,8.7,4.3
467410,2024-03-09,17.3,22.3,14.4,51,0.0,0.2,2.4,3.5
467410,2024-03-10,17.6,22.9,14.9,70,0.0,2.3,2.6,2.9
467410,2024-03-11,19.9,24.4,17.3,80,0.0,1.9,4.7,3.0
467410,2024-03-12,20.8,26.3,16.9,64,0.0,0.0,11.0,4.2
467410,2024-03-13,21.3,25.2,18.8,65,0.0,0.0,8.4,2.7
467410,2024-03-14,20.9,27.2,17.5,74,0.0,0.7,5.6,2.5
467410,2024-03-15,21.7,27.3,17.9,76,0.0,0.0,10.0,2.7
467410,2024-03-16,23.6,28.7,18.7,70,0.0,0.0,10.1,2.0
467410,2024-03-17,25.0,29.2,21.7,71,0.0,0.0,10.2,2.5
467410,2024-03-18,22.5,27.4,19.7,79,0.0,0.0,5.4,4.0
467410,2024-03-19,20.1,24.2,16.5,68,0.0,0.0,6.9,5.5
467410,2024-03-20,20.4,25.6,16.3,52,0.0,0.0,10.4,3.0
467410,2024-03-21,21.3,24.4,18.7,62,0.0,0.0,10.1,2.2
467410,2024-03-22,23.4,27.4,18.9,64,0.0,0.0,7.2,1.9
467410,2024-03-23,26.4,30.0,23.1,71,0.0,0.0,9.3,4.2
467410,2024-03-24,27.0,31.1,24.5,78,0.0,0.0,9.1,2.8
467410,2024-03-25,27.2,30.7,25.3,77,0.0,0.0,10.0,3.8
467410,2024-03-26,26.4,30.5,23.2,76,0.0,0.0,7.7,2.8
467410,2024-03-27,24.8,30.1,20.7,68,0.0,0.0,6.8,3.0
467410,2024-03-28,26.3,31.1,23.6,73,0.0,0.0,5.0,2.3
467410,2024-03-29,26.3,29.7,24.1,76,0.0,0.0,4.4,2.5
467410,2024-03-30,26.7,29.4,24.3,78,0.0,0.1,7.0,2.4
467410,2024-03-31,27.3,29.9,24.7,75,0.0,0.0,6.0,2.4
467410,2024-04-01,26.5,31.3,21.8,77,6.5,1.6,6.5,2.4
467410,2024-04-02,27.6,30.5,25.4,77,0.0,0.0,10.0,3.2
467410,2024-04-03,28.1,32.2,25.9,73,0.0,0.0,10.9,2.5
467410,2024-04-04,27.7,31.9,25.0,70,0.0,0.0,11.2,2.3
467410,2024-04-05,26.4,31.0,23.1,72,0.0,0.0,9.6,3.7
467410,2024-04-06,26.4,30.3,23.0,71,0.0,0.0,5.7,2.9
467410,2024-04-07,27.3,31.8,23.7,74,0.0,1.3,7.0,2.5
467410,2024-04-08,27.3,31.3,25.2,76,0.0,0.3,3.7,2.8
467410,2024-04-09,24.3,27.7,21.8,75,0.0,0.0,1.8,3.5
467410,2024-04-10,24.7,28.4,21.5,74,0.0,0.1,5.6,2.6
467410,2024-04-11,26.3,30.6,23.0,75,0.0,0.0,9.7,2.5
467410,2024-04-12,26.9,30.4,24.2,75,0.0,0.0,10.0,1.8
467410,2024-04-13,27.6,30.5,25.4,73,0.0,0.0,8.8,2.2
467410,2024-04-14,28.2,32.0,26.1,77,0.0,0.0,10.7,2.8
467410,2024-04-15,27.6,30.4,25.8,78,0.0,0.0,8.8,2.2
467410,2024-04-16,27.3,30.6,25.3,77,0.0,0.0,9.2,2.2
467410,2024-04-17,27.6,30.8,25.1,73,0.0,0.0,9.5,2.6
467410,2024-04-18,28.4,31.7,26.3,70,0.0,0.0,6.9,2.3
467410,2024-04-19,27.7,30.8,24.7,74,0.0,0.0,9.0,2.4
467410,2024-04-20,28.2,31.5,25.2,73,0.0,0.0,11.2,3.2
467410,2024-04-21,28.9,33.0,25.6,67,0.0,0.0,9.7,2.6
467410,2024-04-22,28.8,32.6,26.4,74,0.0,0.0,5.9,3.0
467410,2024-04-23,28.6,31.3,27.4,73,0.0,0.2,1.7,2.1
467410,2024-04-24,27.2,30.4,25.3,79,2.5,2.3,0.1,1.8
467410,2024-04-25,24.5,26.9,22.5,92,72.0,12.0,0.1,2.5
467410,2024-04-26,23.9,25.2,21.7,88,47.5,9.9,0.1,3.7
467410,2024-04-27,25.1,27.6,23.5,85,4.5,9.7,0.2,3.7
467410,2024-04-28,25.4,28.7,21.9,80,17.0,4.1,0.5,2.7
467410,2024-04-29,27.6,31.7,24.5,78,0.0,0.1,7.4,1.5
467410,2024-04-30,27.8,32.4,24.6,74,1.0,0.6,9.1,3.0
467410,2024-05-01,25.8,30.9,21.9,75,12.0,1.9,0.4,3.1
467410,2024-05-02,26.4,31.4,23.3,78,0.0,0.2,7.4,3.4
467410,2024-05-03,26.5,31.6,22.7,75,0.0,0.0,9.7,3.0
467410,2024-05-04,27.4,31.4,23.9,75,0.0,0.0,11.0,2.4
467410,2024-05-05,28.3,32.0,25.7,80,0.0,0.1,4.8,2.4
467410,2024-05-06,28.6,31.8,26.6,76,0.0,0.0,11.1,2.4
467410,2024-05-07,28.5,32.2,25.8,74,0.0,0.0,8.8,2.8
467410,2024-05-08,28.4,31.8,25.4,69,0.0,0.0,10.0,2.5
467410,2024-05-09,26.9,29.8,23.9,70,0.0,0.0,2.4,2.7
467410,2024-05-10,26.4,30.5,23.0,69,0.0,0.0,11.2,2.3
467410,2024-05-11,28.3,32.7,24.9,61,0.0,0.0,10.3,2.2
467410,2024-05-12,28.9,32.5,27.0,67,0.0,0.0,2.0,1.8
467410,2024-05-13,26.2,29.8,21.9,73,2.5,0.3,4.3,4.0
467410,2024-05-14,24.9,29.3,21.4,66,0.0,0.0,4.4,2.6
467410,2024-05-15,26.3,30.8,22.3,67,0.0,0.0,8.6,2.9
467410,2024-05-16,27.3,31.8,24.8,56,0.0,0.0,6.4,2.2
467410,2024-05-17,26.3,30.2,24.4,66,0.0,0.0,1.2,2.8
467410,2024-05-18,26.0,30.2,23.1,73,0.0,0.1,2.4,3.1
467410,2024-05-19,28.0,32.2,25.2,62,0.0,0.0,2.7,1.9
467410,2024-05-20,27.5,30.0,25.5,76,0.0,1.3,0.1,1.6
467410,2024-05-21,28.2,31.5,24.6,80,2.5,2.8,1.1,1.9
467410,2024-05-22,28.5,30.8,26.5,81,0.0,0.2,1.1,1.8
467410,2024-05-23,28.8,31.9,26.1,79,0.0,0.0,3.1,2.1
467410,2024-05-24,28.3,31.8,26.5,80,0.0,0.2,0.3,2.3
467410,2024-05-25,29.8,34.9,26.8,70,0.0,0.0,4.0,2.1
467410,2024-05-26,27.4,29.1,25.8,86,5.0,4.6,0.0,1.1
467410,2024-05-27,28.2,31.4,25.3,83,0.0,1.5,1.3,2.7
467410,2024-05-28,26.4,28.3,24.0,93,66.0,6.0,0.2,2.5
467410,2024-05-29,27.1,31.5,23.2,84,2.0,1.6,5.1,2.4
467410,2024-05-30,28.8,32.2,25.2,81,0.0,0.6,7.1,3.5
467410,2024-05-31,30.4,33.8,26.8,70,0.0,0.2,4.9,3.3
467410,2024-06-01,30.6,33.8,28.8,71,0.0,0.0,2.9,2.9
467410,2024-06-02,27.3,28.8,25.4,94,69.0,4.9,0.5,3.1
467410,2024-06-03,25.7,29.6,23.0,75,0.0,0.4,3.6,3.7
467410,2024-06-04,25.9,29.6,23.5,80,8.0,4.9,1.2,1.8
467410,2024-06-05,27.1,30.2,24.2,78,0.5,0.2,1.5,1.6
467410,2024-06-06,27.4,30.6,25.8,85,17.5,3.2,0.4,2.0
467410,2024-06-07,28.1,32.3,24.9,83,0.0,0.0,6.2,2.5
467410,2024-06-08,28.8,32.3,26.2,78,0.0,0.0,6.5,1.9
467410,2024-06-09,29.3,32.4,27.4,77,0.0,0.2,5.9,2.0
467410,2024-06-10,28.8,32.5,25.4,80,3.0,1.6,4.5,2.4
467410,2024-06-11,27.9,30.9,25.4,88,40.0,4.7,2.7,2.4
467410,2024-06-12,28.3,30.7,26.1,86,24.0,2.3,4.5,2.4
467410,2024-06-13,28.5,33.0,26.0,84,21.5,2.4,5.4,2.6
467410,2024-06-14,28.6,31.4,25.7,87,93.5,5.7,4.3,3.1
467410,2024-06-15,29.9,33.2,26.8,80,15.0,1.1,10.0,3.3
467410,2024-06-16,30.2,33.1,27.8,77,0.0,0.0,7.6,3.3
467410,2024-06-17,30.3,33.3,28.7,77,0.0,0.0,5.6,3.5
467410,2024-06-18,30.4,34.0,27.9,75,0.0,0.0,10.8,2.8
467410,2024-06-19,30.5,33.6,28.0,77,3.0,0.3,10.8,2.8
467410,2024-06-20,30.9,34.1,28.4,76,0.0,0.0,11.0,3.4
467410,2024-06-21,31.1,34.0,28.8,76,0.0,0.1,9.9,3.7
467410,2024-06-22,31.6,34.9,29.1,74,0.0,0.0,12.3,4.5
467410,2024-06-23,31.4,34.7,29.5,73,0.0,0.0,10.7,3.9
467410,2024-06-24,31.1,34.2,28.6,74,0.0,0.0,10.5,3.5
467410,2024-06-25,31.2,34.2,29.0,73,0.0,0.1,11.3,4.0
467410,2024-06-26,30.9,34.4,29.1,70,0.0,0.0,6.4,2.5
467410,2024-06-27,30.9,34.6,28.1,67,0.0,0.0,10.4,2.6
467410,2024-06-28,31.3,35.2,28.1,69,0.0,0.0,10.8,3.8
467410,2024-06-29,30.2,34.1,25.9,74,22.5,1.2,9.1,4.1
467410,2024-06-30,29.9,32.9,26.1,76,19.5,1.4,9.7,2.9
467410,2024-07-01,30.7,33.8,28.3,76,0.0,0.0,11.2,3.6
467410,2024-07-02,31.1,34.1,28.9,73,0.0,0.1,11.9,3.7
467410,2024-07-03,31.5,35.7,28.5,67,0.0,0.0,11.9,3.3
467410,2024-07-04,31.2,34.8,29.0,75,0.0,1.3,7.1,3.1
467410,2024-07-05,30.5,34.5,28.3,79,1.5,0.5,4.1,2.2
467410,2024-07-06,30.6,34.8,27.9,71,0.0,0.0,9.1,2.5
467410,2024-07-07,29.1,34.2,24.5,74,10.5,3.7,8.7,2.5
467410,2024-07-08,28.6,33.2,25.7,71,3.0,0.4,6.4,2.1
467410,2024-07-09,29.6,33.6,25.8,68,0.0,0.0,12.4,3.0
467410,2024-07-10,30.7,33.6,28.2,72,0.0,0.0,11.2,3.6
467410,2024-07-11,30.7,33.2,28.1,74,0.0,0.1,10.9,3.0
467410,2024-07-12,31.1,34.5,28.1,71,0.0,0.0,12.5,2.4
467410,2024-07-13,30.6,34.2,27.1,69,0.0,0.0,10.2,2.7
467410,2024-07-14,31.4,36.0,27.6,69,7.5,0.7,9.5,2.5
467410,2024-07-15,30.1,35.9,24.5,74,55.5,1.8,7.8,2.5
467410,2024-07-16,30.2,33.9,26.7,68,0.0,0.0,9.6,2.0
467410,2024-07-17,30.8,35.5,27.6,68,0.5,0.2,7.9,2.0
467410,2024-07-18,30.4,34.9,26.0,69,7.0,0.4,9.2,2.0
467410,2024-07-19,30.5,34.1,28.3,77,20.5,2.1,5.4,2.0
467410,2024-07-20,30.9,34.7,28.5,77,0.0,0.1,8.5,2.3
467410,2024-07-21,29.4,34.8,25.7,80,16.0,2.5,3.6,2.8
467410,2024-07-22,30.6,34.3,27.0,74,0.0,0.0,10.7,3.4
467410,2024-07-23,30.3,34.5,26.6,82,12.5,1.1,3.8,3.0
467410,2024-07-24,27.8,28.8,27.0,93,83.0,13.5,0.0,7.1
467410,2024-07-25,27.1,28.6,25.9,97,254.0,23.9,0.0,9.1
467410,2024-07-26,27.2,29.5,24.3,94,157.5,16.2,0.0,7.0
467410,2024-07-27,28.3,30.6,27.1,87,8.5,2.3,0.9,5.0
467410,2024-07-28,29.8,33.2,27.4,77,0.0,0.0,8.9,2.8
467410,2024-07-29,28.4,32.5,25.8,85,11.0,5.7,2.5,2.8
467410,2024-07-30,29.0,32.5,26.3,80,0.0,0.3,10.9,3.8
467410,2024-07-31,29.4,32.1,27.1,78,0.0,0.0,6.6,3.3
467410,2024-08-01,29.8,33.2,25.6,77,16.0,1.3,10.9,2.3
467410,2024-08-02,30.5,33.1,28.2,75,0.0,0.0,9.5,2.3
467410,2024-08-03,30.7,33.2,28.6,75,0.0,0.0,11.9,2.2
467410,2024-08-04,31.0,33.8,29.1,74,0.0,0.0,10.8,2.3
467410,2024-08-05,30.3,34.1,28.0,72,0.0,0.0,8.3,2.2
467410,2024-08-06,28.5,32.6,24.9,77,29.5,4.2,1.5,2.0
467410,2024-08-07,30.0,33.6,26.7,71,0.0,0.0,11.1,1.8
467410,2024-08-08,30.1,33.8,27.7,74,0.0,0.0,8.6,2.2
467410,2024-08-09,27.0,29.1,24.5,90,95.5,10.4,0.0,2.0
467410,2024-08-10,26.7,27.7,25.3,91,38.5,4.8,0.0,2.7
467410,2024-08-11,28.6,32.2,26.2,80,0.0,0.0,6.1,1.9
467410,2024-08-12,29.9,32.9,27.6,76,0.0,0.0,6.9,2.1
467410,2024-08-13,30.0,33.5,28.1,76,0.0,0.0,7.7,2.4
467410,2024-08-14,29.5,33.1,28.1,80,0.0,0.2,6.4,2.2
467410,2024-08-15,27.9,30.6,26.1,86,17.0,2.7,0.5,1.9
467410,2024-08-16,28.0,32.0,25.7,86,19.0,4.9,5.9,2.6
467410,2024-08-17,26.4,29.2,24.9,93,96.0,13.6,0.0,1.9
467410,2024-08-18,27.8,31.9,26.3,85,0.5,1.6,1.8,2.3
467410,2024-08-19,26.3,29.3,24.9,92,31.0,9.6,1.1,3.1
467410,2024-08-20,27.4,33.0,24.3,82,18.0,6.2,1.8,3.7
467410,2024-08-21,29.5,32.9,26.3,73,0.0,0.0,8.9,2.4
467410,2024-08-22,29.8,33.1,26.9,75,0.0,0.0,11.8,2.3
467410,2024-08-23,29.9,32.4,27.7,77,0.0,0.0,9.8,2.0
467410,2024-08-24,29.5,32.6,27.7,77,0.0,0.0,6.3,2.0
467410,2024-08-25,29.9,33.5,26.7,70,0.0,0.0,11.0,2.1
467410,2024-08-26,29.8,32.8,27.1,74,3.0,0.6,10.0,2.0
467410,2024-08-27,29.8,33.1,27.1,73,0.0,0.0,10.5,2.1
467410,2024-08-28,30.3,33.0,28.0,74,0.0,0.0,10.0,2.1
467410,2024-08-29,30.6,33.8,28.5,74,0.0,0.1,10.5,2.6
467410,2024-08-30,31.0,34.2,28.2,72,0.0,0.0,7.2,2.1
467410,2024-08-31,30.8,34.9,27.8,71,0.0,0.0,9.2,3.0
467410,2024-09-01,30.1,33.3,27.9,74,0.5,0.7,4.5,1.7
467410,2024-09-02,30.7,33.6,27.9,74,0.0,0.0,7.9,2.1
467410,2024-09-03,30.4,34.0,27.7,77,3.5,1.0,4.1,2.1
467410,2024-09-04,30.3,34.2,27.7,75,0.0,0.1,3.5,2.3
467410,2024-09-05,28.5,32.7,24.3,84,45.5,2.3,2.1,2.3
467410,2024-09-06,28.4,34.4,25.2,83,31.0,4.8,5.9,2.2
467410,2024-09-07,28.0,31.3,26.2,85,13.5,1.2,1.0,3.0
467410,2024-09-08,27.5,31.7,25.0,85,25.0,4.3,6.0,2.0
467410,2024-09-09,28.1,32.0,25.0,80,1.5,0.8,9.1,2.1
467410,2024-09-10,29.2,32.8,26.2,76,0.0,0.2,8.8,2.0
467410,2024-09-11,29.7,32.9,27.2,76,0.0,0.0,10.6,2.2
467410,2024-09-12,30.1,33.2,28.1,75,0.0,0.1,5.1,2.6
467410,2024-09-13,29.0,32.9,25.7,74,0.5,1.6,7.8,2.2
467410,2024-09-14,27.0,29.7,25.3,79,7.0,2.4,3.5,2.1
467410,2024-09-15,28.7,32.1,25.4,74,0.0,0.0,10.1,2.3
467410,2024-09-16,30.2,32.9,27.8,73,0.0,0.0,8.8,2.3
467410,2024-09-17,30.7,34.2,27.6,74,4.0,1.4,10.1,2.4
467410,2024-09-18,30.3,33.7,28.4,75,0.0,0.4,6.3,2.1
467410,2024-09-19,30.0,32.5,28.0,76,0.5,0.3,8.6,2.8
467410,2024-09-20,28.6,31.4,25.6,81,11.0,1.3,5.1,4.0
467410,2024-09-21,28.3,32.1,25.7,82,13.5,5.4,1.6,2.1
467410,2024-09-22,26.0,28.3,24.6,93,87.0,21.2,0.0,4.4
467410,2024-09-23,28.3,32.4,25.1,81,20.0,4.6,6.9,3.4
467410,2024-09-24,29.1,32.6,26.5,78,0.0,0.0,9.1,2.0
467410,2024-09-25,29.6,32.7,27.6,76,0.0,0.0,7.8,2.7
467410,2024-09-26,29.7,32.9,27.6,76,0.0,0.0,8.2,3.4
467410,2024-09-27,29.1,31.8,27.5,78,0.0,0.1,4.7,3.2
467410,2024-09-28,29.6,33.2,26.8,75,0.0,0.0,7.8,2.8
467410,2024-09-29,29.7,32.3,27.4,74,0.0,0.1,5.7,1.9
467410,2024-09-30,29.4,31.8,28.1,79,0.0,1.0,0.6,1.5
467410,2024-10-01,28.3,30.1,26.1,81,3.0,2.3,0.0,2.1
467410,2024-10-02,25.1,26.6,23.6,92,67.5,20.3,0.0,3.9
467410,2024-10-03,24.2,25.2,23.0,90,31.5,18.7,0.0,5.4
467410,2024-10-04,26.2,30.6,22.8,82,0.0,0.4,1.6,3.4
467410,2024-10-05,27.5,31.6,24.4,81,0.0,0.0,7.4,3.5
467410,2024-10-06,28.0,31.9,25.9,81,1.5,1.1,7.3,2.5
467410,2024-10-07,28.5,31.1,26.1,76,0.0,0.0,10.7,2.0
467410,2024-10-08,28.4,31.8,25.9,76,0.0,0.0,7.2,2.2
467410,2024-10-09,27.5,30.8,24.3,76,0.0,0.0,6.1,2.2
467410,2024-10-10,26.2,30.9,23.4,72,0.0,0.0,9.9,3.6
467410,2024-10-11,26.4,30.1,22.6,71,0.0,0.0,5.3,2.6
467410,2024-10-12,27.4,30.7,24.0,73,0.0,0.0,10.1,2.2
467410,2024-10-13,27.5,30.5,25.3,79,0.0,0.0,9.0,1.9
467410,2024-10-14,28.0,31.0,25.9,77,0.0,0.0,7.5,1.8
467410,2024-10-15,27.9,30.3,26.0,79,0.0,0.0,1.1,2.2
467410,2024-10-16,28.4,31.1,26.7,77,0.0,0.0,8.3,1.9
467410,2024-10-17,28.3,31.5,26.8,78,0.0,0.0,6.9,1.8
467410,2024-10-18,28.5,31.6,26.4,77,0.0,0.0,10.2,2.3
467410,2024-10-19,28.1,30.9,25.5,81,0.0,0.0,4.5,2.4
467410,2024-10-20,28.2,32.4,25.6,76,0.0,0.0,3.8,2.5
467410,2024-10-21,27.6,32.0,24.6,76,0.0,0.0,8.0,3.1
467410,2024-10-22,27.5,31.1,25.0,77,0.0,0.0,5.2,3.1
467410,2024-10-23,26.0,30.6,23.1,70,0.0,0.0,6.8,4.1
467410,2024-10-24,25.2,29.1,22.3,72,0.0,0.0,2.9,4.5
467410,2024-10-25,26.9,30.1,23.9,79,0.0,0.3,3.4,2.6
467410,2024-10-26,27.8,31.5,25.7,83,0.0,0.8,5.0,2.5
467410,2024-10-27,27.6,30.5,25.8,83,1.5,1.5,3.3,1.9
467410,2024-10-28,26.0,28.2,24.3,84,13.5,1.8,0.7,2.9
467410,2024-10-29,25.7,30.9,23.1,75,0.0,0.0,5.8,3.9
467410,2024-10-30,25.8,30.5,22.3,73,0.0,0.0,6.7,4.2
467410,2024-10-31,25.7,27.0,24.3,88,12.0,10.3,0.0,8.2
467410,2024-11-01,26.6,29.7,24.0,84,7.0,3.6,1.1,4.2
467410,2024-11-02,26.8,31.2,23.5,75,0.0,0.0,10.6,2.6
467410,2024-11-03,26.3,30.8,23.2,78,0.0,0.0,10.3,2.9
467410,2024-11-04,26.5,30.1,23.7,77,0.0,0.0,7.3,2.4
467410,2024-11-05,25.1,28.9,22.5,74,0.0,0.0,4.2,3.3
467410,2024-11-06,23.6,28.6,20.9,65,0.0,0.0,9.8,4.3
467410,2024-11-07,23.3,28.4,19.5,66,0.0,0.0,9.1,3.8
467410,2024-11-08,23.5,27.9,21.0,77,0.0,0.0,1.9,3.7
467410,2024-11-09,25.0,29.8,21.8,82,0.0,0.0,9.3,2.7
467410,2024-11-10,25.5,29.9,23.0,80,0.0,0.0,8.5,2.6
467410,2024-11-11,25.3,30.1,21.9,80,0.0,0.8,8.0,3.2
467410,2024-11-12,24.7,26.2,23.6,90,1.5,7.3,0.0,2.1
467410,2024-11-13,25.9,29.2,24.0,85,0.0,0.0,5.8,2.1
467410,2024-11-14,26.1,29.5,24.3,84,0.0,0.5,3.5,2.4
467410,2024-11-15,25.0,27.9,23.1,90,4.0,3.4,0.0,2.9
467410,2024-11-16,24.6,27.2,22.7,89,114.0,9.4,0.9,3.7
467410,2024-11-17,25.8,30.7,23.5,81,0.0,0.0,7.7,3.4
467410,2024-11-18,22.9,25.1,20.5,78,0.0,2.1,0.0,4.1
467410,2024-11-19,22.3,26.2,20.2,77,0.0,0.1,1.6,3.4
467410,2024-11-20,22.9,26.7,20.3,80,0.0,0.0,2.3,3.4
467410,2024-11-21,22.7,27.3,20.2,79,0.0,0.0,5.8,3.9
467410,2024-11-22,22.4,27.0,19.9,74,0.0,0.0,4.1,3.5
467410,2024-11-23,22.7,26.7,19.9,70,0.0,0.0,2.2,3.1
467410,2024-11-24,23.3,27.3,20.4,73,0.0,0.0,8.3,2.5
467410,2024-11-25,23.4,27.4,21.0,80,0.0,0.0,9.1,2.8
467410,2024-11-26,22.4,27.1,17.7,74,0.0,0.0,9.2,5.4
467410,2024-11-27,19.4,24.5,16.6,63,0.0,0.0,8.8,4.5
467410,2024-11-28,19.5,23.8,16.7,52,0.0,0.0,9.8,5.0
467410,2024-11-29,18.9,23.7,16.2,53,0.0,0.0,10.1,4.7
467410,2024-11-30,19.4,23.6,15.7,60,0.0,0.0,10.2,2.7
467410,2024-12-01,20.7,25.3,17.5,70,0.0,0.0,10.1,2.6
467410,2024-12-02,21.2,26.0,17.5,78,0.0,0.0,9.7,2.5
467410,2024-12-03,22.4,26.1,19.4,77,0.0,0.0,8.7,1.6
467410,2024-12-04,22.7,26.9,19.9,74,0.0,0.0,8.5,2.9
467410,2024-12-05,21.7,26.5,18.3,71,0.0,0.0,9.7,3.5
467410,2024-12-06,21.7,27.2,18.1,73,0.0,0.0,9.7,3.8
467410,2024-12-07,21.5,26.7,18.3,75,0.0,0.0,9.2,4.6
467410,2024-12-08,19.4,24.1,16.8,70,0.0,0.0,6.5,4.6
467410,2024-12-09,19.8,23.9,16.9,70,0.0,0.0,8.4,3.9
467410,2024-12-10,21.1,25.6,18.2,73,0.0,0.0,9.2,3.2
467410,2024-12-11,21.6,28.0,18.6,77,0.0,0.0,9.5,3.8
467410,2024-12-12,20.4,25.2,17.2,73,0.0,0.0,7.5,4.3
467410,2024-12-13,19.5,23.1,16.5,75,0.0,0.5,0.0,5.6
467410,2024-12-14,15.7,18.9,13.7,66,0.0,0.0,0.1,6.3
467410,2024-12-15,15.7,20.9,12.6,66,0.0,0.0,3.3,4.1
467410,2024-12-16,15.9,18.8,14.0,66,0.0,0.0,0.0,3.8
467410,2024-12-17,18.0,23.6,13.7,71,0.0,0.0,10.1,3.9
467410,2024-12-18,18.0,23.2,15.4,64,0.0,0.0,7.0,5.6
467410,2024-12-19,15.7,18.2,14.3,59,0.0,0.0,0.2,4.2
467410,2024-12-20,17.3,22.5,13.3,70,0.0,0.0,10.1,3.7
467410,2024-12-21,18.0,22.8,15.0,73,0.0,0.2,1.1,4.3
467410,2024-12-22,15.5,19.2,13.9,63,0.0,0.0,3.0,5.1
467410,2024-12-23,15.4,16.7,13.9,81,9.5,12.6,0.0,3.4
467410,2024-12-24,16.8,18.7,15.2,92,13.5,12.4,0.0,2.3
467410,2024-12-25,19.3,22.5,17.0,87,0.0,0.0,2.1,3.1
467410,2024-12-26,20.2,24.8,17.7,80,0.0,0.0,4.9,4.1
467410,2024-12-27,18.1,20.1,16.9,78,0.0,0.7,0.0,4.0
467410,2024-12-28,16.0,20.3,12.5,66,0.0,0.0,7.6,5.8
467410,2024-12-29,16.1,21.0,11.6,66,0.0,0.0,8.9,3.2
467410,2024-12-30,19.5,24.1,16.6,70,0.0,0.0,5.7,3.5
467410,2024-12-31,18.8,22.0,16.8,64,0.0,0.1,0.6,4.3
467410,2025-01-01,17.7,21.1,15.7,72,0.0,1.0,0.0,3.1
467410,2025-01-02,17.4,18.9,16.5,88,4.5,6.0,0.0,4.0
467410,2025-01-03,17.2,20.4,14.8,74,0.0,0.5,0.8,4.6
467410,2025-01-04,18.0,23.4,13.9,73,0.0,0.0,9.9,2.4
467410,2025-01-05,18.5,23.7,16.0,81,0.0,0.0,3.2,3.7
467410,2025-01-06,18.0,22.8,15.1,68,0.0,0.0,9.9,4.3
467410,2025-01-07,17.3,21.7,13.5,65,0.0,0.0,5.2,2.6
467410,2025-01-08,18.0,22.9,15.4,68,0.0,0.0,5.7,3.3
467410,2025-01-09,17.4,22.0,14.3,70,0.0,0.0,4.1,4.5
467410,2025-01-10,14.3,18.7,12.3,63,0.0,0.0,7.2,5.9
467410,2025-01-11,14.7,19.7,12.3,68,0.0,0.1,5.9,4.7
467410,2025-01-12,15.0,20.0,11.3,52,0.0,0.0,9.0,5.0
467410,2025-01-13,16.0,21.0,10.8,53,0.0,0.0,8.8,2.3
467410,2025-01-14,17.1,20.8,14.4,71,1.0,3.1,1.6,2.6
467410,2025-01-15,15.5,18.1,13.1,79,0.5,3.3,0.0,4.6
467410,2025-01-16,13.7,18.1,11.7,68,0.0,0.0,2.9,4.5
467410,2025-01-17,14.9,20.3,11.1,68,0.0,0.0,9.6,3.6
467410,2025-01-18,16.0,20.1,13.4,72,0.0,1.6,0.3,2.9
467410,2025-01-19,17.6,22.0,14.9,77,0.0,0.4,7.9,4.0
467410,2025-01-20,17.9,23.6,13.9,70,0.0,0.0,8.3,3.1
467410,2025-01-21,18.3,23.2,14.1,67,0.0,0.0,9.9,2.6
467410,2025-01-22,18.8,22.9,16.7,76,0.0,0.0,4.2,2.9
467410,2025-01-23,18.8,24.0,16.4,78,0.0,0.0,8.6,3.9
467410,2025-01-24,18.8,25.1,15.4,77,0.0,0.0,9.5,3.2
467410,2025-01-25,19.0,24.0,16.6,82,0.0,0.0,6.8,3.2
467410,2025-01-26,17.8,23.1,14.9,75,0.0,0.0,6.1,4.7
467410,2025-01-27,13.3,15.4,10.1,64,0.0,0.0,1.6,6.8
467410,2025-01-28,14.0,19.4,9.7,51,0.0,0.6,6.8,4.5
467410,2025-01-29,15.4,20.5,11.9,58,0.0,0.0,7.3,2.8
467410,2025-01-30,17.3,21.7,13.9,67,0.0,0.0,10.0,2.3
467410,2025-01-31,18.2,22.5,15.3,80,0.0,2.2,3.3,2.5
467410,2025-02-01,20.9,27.3,17.1,80,0.5,1.7,4.0,3.5
467410,2025-02-02,18.2,21.9,16.3,83,0.0,0.0,1.0,4.0
467410,2025-02-03,15.6,19.2,12.4,80,0.0,0.0,1.0,5.4
467410,2025-02-04,13.7,16.2,11.9,67,0.0,0.0,0.0,4.5
467410,2025-02-05,15.9,20.3,12.0,59,0.0,0.0,4.0,2.4
467410,2025-02-06,17.3,21.8,14.8,72,0.0,0.0,0.2,2.8
467410,2025-02-07,16.0,21.2,12.6,76,0.0,0.0,5.0,5.9
467410,2025-02-08,13.0,17.8,10.1,65,0.0,0.0,2.2,5.1
467410,2025-02-09,13.4,18.0,9.9,69,0.0,0.0,2.2,4.1
467410,2025-02-10,15.9,22.0,11.4,71,0.0,0.0,10.6,3.3
467410,2025-02-11,17.6,23.0,13.8,79,0.0,0.2,6.3,2.7
467410,2025-02-12,17.4,18.5,16.2,95,54.0,18.8,0.0,3.4
467410,2025-02-13,16.4,18.0,14.9,94,29.5,14.0,0.0,4.3
467410,2025-02-14,16.5,19.3,14.5,88,0.0,1.0,0.0,3.3
467410,2025-02-15,18.9,25.8,15.6,85,0.0,0.0,8.6,2.9
467410,2025-02-16,18.2,25.1,14.7,87,0.0,0.0,6.1,3.6
467410,2025-02-17,19.0,22.7,15.6,78,0.0,0.0,6.9,2.5
467410,2025-02-18,17.9,22.6,15.3,78,0.0,0.0,8.9,4.0
467410,2025-02-19,17.6,23.1,14.7,78,0.0,0.0,5.8,3.2
467410,2025-02-20,17.8,21.6,16.0,82,0.0,0.0,4.7,3.5
467410,2025-02-21,17.4,21.9,15.1,81,0.0,0.0,8.6,5.2
467410,2025-02-22,17.7,23.4,14.1,78,0.0,0.0,9.5,3.9
467410,2025-02-23,17.1,21.7,15.1,79,0.0,0.0,2.5,5.4
467410,2025-02-24,16.4,20.5,14.3,71,0.0,0.0,7.1,4.9
467410,2025-02-25,17.2,22.6,14.2,72,0.0,0.0,9.5,3.2
467410,2025-02-26,17.7,23.2,14.8,80,0.0,0.0,3.3,3.1
467410,2025-02-27,19.3,23.0,15.9,78,0.0,0.0,5.2,3.1
467410,2025-02-28,22.4,27.7,17.2,68,0.0,0.0,9.1,2.4
467410,2025-03-01,23.8,28.2,20.3,66,0.0,0.0,9.7,1.8
467410,2025-03-02,25.0,29.9,21.2,72,0.0,0.0,10.3,2.2
467410,2025-03-03,26.0,29.5,23.7,82,0.0,0.0,8.4,3.7
467410,2025-03-04,24.8,28.9,20.4,82,1.5,1.4,7.5,3.3
467410,2025-03-05,22.6,27.6,18.5,77,0.5,0.4,8.3,3.9
467410,2025-03-06,16.9,18.9,14.8,81,5.0,1.4,0.5,5.4
467410,2025-03-07,17.4,21.5,14.7,75,0.0,0.0,3.2,3.4
467410,2025-03-08,17.6,25.6,14.6,75,0.0,0.0,7.4,4.4
467410,2025-03-09,18.8,25.8,14.3,75,0.0,0.0,10.7,3.9
467410,2025-03-10,19.6,24.8,16.3,80,0.0,0.0,8.3,3.0
467410,2025-03-11,22.7,28.2,17.1,71,0.0,0.0,8.6,2.5
467410,2025-03-12,25.2,29.8,20.3,67,0.0,0.6,8.9,2.2
467410,2025-03-13,26.1,30.1,23.6,77,0.0,0.6,4.4,2.2
467410,2025-03-14,24.6,29.0,20.8,79,0.0,0.0,2.8,2.7
467410,2025-03-15,24.0,28.8,19.7,79,0.0,0.2,4.3,3.3
467410,2025-03-16,17.1,20.6,15.2,62,0.0,0.7,5.0,7.0
467410,2025-03-17,14.6,16.7,12.8,66,0.0,1.9,0.0,4.1
467410,2025-03-18,14.5,16.3,12.3,77,2.5,5.8,0.0,3.2
467410,2025-03-19,17.0,19.5,14.9,55,0.0,0.0,0.1,1.8
467410,2025-03-20,17.7,23.4,13.8,63,0.0,0.0,1.4,2.9
467410,2025-03-21,19.4,24.4,14.9,59,0.0,0.0,10.6,2.2
467410,2025-03-22,20.7,24.6,15.8,52,0.0,0.0,10.8,2.2
467410,2025-03-23,21.8,25.8,17.4,54,0.0,0.0,11.0,2.1
467410,2025-03-24,22.5,26.0,18.4,63,0.0,0.0,11.0,2.2
467410,2025-03-25,23.5,27.1,20.1,73,0.0,0.0,11.0,2.0
467410,2025-03-26,25.2,28.6,21.8,76,0.0,0.0,10.6,3.2
467410,2025-03-27,26.0,28.9,23.8,76,0.0,0.0,11.3,2.5
467410,2025-03-28,24.9,29.3,19.3,69,0.0,0.0,9.3,3.7
467410,2025-03-29,20.0,25.5,16.8,67,0.0,0.0,5.2,4.6
467410,2025-03-30,18.0,22.4,15.3,71,0.0,0.0,3.4,5.0
467410,2025-03-31,17.7,22.9,15.1,76,0.0,0.1,2.0,4.0
467410,2025-04-01,17.9,22.2,15.3,70,0.0,0.0,3.0,5.4
467410,2025-04-02,18.0,21.8,15.7,67,0.0,0.1,1.7,3.3
467410,2025-04-03,21.0,24.7,17.8,65,0.0,0.1,1.7,1.3
467410,2025-04-04,22.7,26.3,19.6,71,0.0,0.0,8.7,2.2
467410,2025-04-05,22.0,24.7,20.2,71,0.0,0.0,0.8,3.7
467410,2025-04-06,22.9,27.8,19.4,71,0.0,0.0,6.4,3.2
467410,2025-04-07,25.0,28.2,22.5,70,0.0,0.0,5.3,2.0
467410,2025-04-08,25.8,29.8,22.6,61,0.0,0.0,9.0,2.5
467410,2025-04-09,25.8,29.8,23.1,70,0.0,0.0,7.7,2.0
467410,2025-04-10,25.7,28.7,24.0,76,0.0,0.0,3.6,2.4
467410,2025-04-11,26.4,29.5,23.1,72,0.0,0.0,8.7,2.6
467410,2025-04-12,27.4,29.9,25.7,70,1.5,0.6,0.8,3.3
467410,2025-04-13,19.9,25.8,18.8,64,4.5,2.0,0.0,4.5
467410,2025-04-14,23.0,27.2,19.2,57,0.0,0.0,9.9,1.9
467410,2025-04-15,25.1,31.4,19.9,47,0.0,0.0,11.3,3.0
467410,2025-04-16,25.2,29.2,21.7,59,0.0,0.0,11.3,2.0
467410,2025-04-17,26.5,31.1,22.5,69,0.0,0.0,8.2,2.3
467410,2025-04-18,26.9,29.6,25.3,77,0.0,0.0,6.0,2.3
467410,2025-04-19,27.1,29.3,25.8,79,0.0,0.3,4.8,2.5
467410,2025-04-20,27.4,30.6,25.4,77,0.0,0.0,7.2,2.3
467410,2025-04-21,27.6,31.4,25.9,76,0.0,0.0,8.4,2.0
467410,2025-04-22,26.9,30.3,24.5,77,0.0,0.0,11.2,2.0
467410,2025-04-23,27.2,30.5,25.4,77,0.0,0.0,5.8,2.1
467410,2025-04-24,27.3,29.6,26.2,76,0.0,0.0,7.5,2.5
467410,2025-04-25,26.8,30.7,23.3,70,0.0,0.1,6.8,2.9
467410,2025-04-26,24.9,29.5,21.9,72,0.0,0.0,2.6,2.9
467410,2025-04-27,26.1,31.3,22.3,74,0.0,0.0,11.4,2.8
467410,2025-04-28,25.4,27.9,23.0,78,5.5,1.5,1.1,2.8
467410,2025-04-29,26.0,29.3,22.7,65,0.0,0.0,10.7,2.4
467410,2025-04-30,26.3,29.2,24.3,68,0.0,0.0,9.3,2.0
467410,2025-05-01,27.1,31.5,24.0,65,0.0,0.0,10.3,2.6
467410,2025-05-02,27.5,31.6,24.4,66,0.0,0.0,11.2,2.7
467410,2025-05-03,29.0,32.9,25.9,64,0.0,0.0,4.1,2.4
467410,2025-05-04,29.0,32.4,26.4,69,0.0,0.0,6.2,2.3
467410,2025-05-05,28.7,32.1,26.5,75,0.0,0.0,10.1,2.7
467410,2025-05-06,28.2,31.3,26.2,77,0.0,0.0,8.4,2.4
467410,2025-05-07,28.3,31.6,26.5,75,0.0,0.0,3.1,2.0
467410,2025-05-08,28.9,30.9,26.0,71,0.0,0.0,11.4,2.3
467410,2025-05-09,30.0,34.1,27.8,69,0.0,0.1,6.6,3.5
467410,2025-05-10,27.0,29.2,25.0,87,27.0,5.2,0.1,1.7
467410,2025-05-11,23.0,27.4,20.8,85,8.5,8.0,0.0,3.8
467410,2025-05-12,24.1,26.6,20.7,75,0.0,0.2,0.0,1.5
467410,2025-05-13,26.9,30.8,23.5,68,0.0,0.0,11.6,2.3
467410,2025-05-14,28.4,32.9,24.3,59,0.0,0.0,12.3,2.7
467410,2025-05-15,29.3,33.2,25.7,63,0.0,0.0,11.1,2.5
467410,2025-05-16,29.2,31.7,27.0,71,0.0,0.0,11.2,2.4
467410,2025-05-17,29.5,32.3,27.0,75,0.0,0.0,12.1,3.3
467410,2025-05-18,29.8,32.7,28.1,77,0.0,0.0,11.0,3.6
467410,2025-05-19,29.5,32.2,27.6,75,0.0,0.0,11.3,2.7
467410,2025-05-20,29.9,32.5,27.4,72,0.0,0.0,11.7,2.7
467410,2025-05-21,30.3,32.8,28.2,74,0.0,0.0,11.2,2.6
467410,2025-05-22,30.3,32.9,28.6,65,0.0,0.0,7.4,2.1
467410,2025-05-23,30.0,32.7,27.5,69,0.0,0.0,10.4,2.3
467410,2025-05-24,29.9,32.0,27.9,73,0.0,0.0,7.1,2.5
467410,2025-05-25,28.1,32.4,24.1,67,0.0,0.1,8.0,3.0
467410,2025-05-26,25.6,29.7,23.1,65,0.0,0.0,3.8,3.3
467410,2025-05-27,27.0,32.1,22.7,67,0.0,0.0,7.6,3.1
467410,2025-05-28,28.3,31.2,25.9,71,0.0,0.2,2.4,1.6
467410,2025-05-29,25.9,29.2,23.6,84,35.5,5.7,1.4,2.9
467410,2025-05-30,26.5,30.6,24.0,77,0.0,0.6,7.1,1.8
467410,2025-05-31,28.2,32.4,25.1,69,0.0,0.0,7.6,2.5
467410,2025-06-01,28.9,32.5,26.4,74,18.0,1.1,8.9,3.3
467410,2025-06-02,28.3,29.7,26.3,90,21.0,2.8,0.5,2.3
467410,2025-06-03,27.0,29.5,25.5,92,99.5,8.1,0.6,2.2
467410,2025-06-04,26.8,29.2,25.5,93,36.5,7.4,0.2,1.9
467410,2025-06-05,28.1,30.8,26.0,84,0.0,0.8,1.2,1.4
467410,2025-06-06,29.3,32.1,27.3,79,0.0,0.0,4.8,2.4
467410,2025-06-07,29.3,31.8,27.4,80,2.0,0.6,7.8,2.8
467410,2025-06-08,29.7,32.3,27.8,78,0.0,0.0,8.8,2.8
467410,2025-06-09,30.4,33.3,28.7,77,0.0,0.0,6.4,2.6
467410,2025-06-10,31.0,34.8,28.4,70,0.0,0.0,10.4,2.5
467410,2025-06-11,30.8,34.6,28.3,73,0.5,0.9,8.5,2.4
467410,2025-06-12,28.6,30.6,25.7,81,2.0,2.6,0.9,2.8
467410,2025-06-13,26.0,27.0,24.7,93,123.5,16.4,0.0,5.0
467410,2025-06-14,29.3,33.2,25.5,75,7.0,2.0,8.3,3.6
467410,2025-06-15,30.4,33.0,27.5,68,0.0,0.0,10.1,3.9
467410,2025-06-16,28.8,31.6,27.1,78,7.5,2.0,3.4,2.3
467410,2025-06-17,29.9,32.6,26.8,73,0.0,0.0,10.1,2.2
467410,2025-06-18,29.3,33.1,26.9,69,0.0,0.0,5.5,2.3
467410,2025-06-19,30.0,33.2,26.5,67,0.5,0.6,8.8,1.9
467410,2025-06-20,29.7,32.8,27.2,73,0.0,0.0,10.4,2.7
467410,2025-06-21,29.7,32.3,27.5,74,0.0,0.0,11.7,2.6
467410,2025-06-22,29.8,32.6,28.0,73,0.0,0.0,8.4,2.2
467410,2025-06-23,29.9,32.4,27.3,73,0.0,0.0,11.4,2.3
467410,2025-06-24,30.2,33.1,28.3,73,0.0,0.0,10.5,2.2
467410,2025-06-25,30.3,32.9,28.5,73,0.0,0.0,9.0,2.6
467410,2025-06-26,29.3,33.7,23.5,74,25.5,2.0,6.7,2.4
467410,2025-06-27,28.4,33.3,24.6,71,0.0,0.6,8.6,2.3
467410,2025-06-28,29.6,33.3,25.6,70,0.0,0.0,11.2,2.6
467410,2025-06-29,29.4,33.2,26.4,75,12.0,2.0,7.7,2.4
467410,2025-06-30,30.0,33.7,26.5,73,0.0,0.0,10.4,2.2
467410,2025-07-01,31.0,34.6,28.6,71,0.0,0.0,8.7,2.3
467410,2025-07-02,30.5,32.9,28.4,74,0.0,0.0,9.0,2.3
467410,2025-07-03,31.0,33.7,28.6,70,0.0,0.0,10.2,2.4
467410,2025-07-04,29.4,32.4,27.4,77,6.0,0.8,3.7,2.5
467410,2025-07-05,28.3,33.1,26.4,74,9.0,0.6,3.0,2.6
467410,2025-07-06,25.9,27.8,24.2,88,121.5,8.3,0.0,5.7
467410,2025-07-07,26.4,28.7,23.7,93,53.5,5.1,0.2,2.7
467410,2025-07-08,28.7,30.6,27.9,88,0.5,0.3,0.8,3.1
467410,2025-07-09,28.4,29.7,26.3,89,9.0,0.6,0.0,4.0
467410,2025-07-10,25.3,26.7,24.3,94,90.0,5.8,0.0,2.8
467410,2025-07-11,27.1,30.9,24.5,88,67.5,2.4,2.4,3.5
467410,2025-07-12,29.2,32.2,26.6,83,0.0,0.0,10.7,3.4
467410,2025-07-13,29.4,32.3,27.7,81,0.0,0.0,10.5,2.4
467410,2025-07-14,29.3,31.6,27.8,81,1.0,0.2,5.4,2.1
467410,2025-07-15,28.5,30.8,26.1,87,31.5,1.6,1.5,2.2
467410,2025-07-16,28.9,31.7,26.4,86,49.0,1.9,4.7,2.3
467410,2025-07-17,29.7,32.5,26.8,80,1.0,0.6,9.4,2.0
467410,2025-07-18,29.9,34.0,26.8,77,0.0,0.7,6.9,2.5
467410,2025-07-19,27.9,29.8,25.9,87,12.0,2.7,0.2,2.2
467410,2025-07-20,27.3,29.7,25.8,85,6.5,2.2,0.2,3.2
467410,2025-07-21,28.2,30.7,27.0,83,0.0,0.5,0.0,3.8
467410,2025-07-22,29.1,31.7,26.5,78,0.0,0.0,0.5,2.7
467410,2025-07-23,29.7,33.1,27.1,78,0.0,0.0,10.8,2.1
467410,2025-07-24,30.2,33.0,28.0,75,0.0,0.0,5.0,2.6
467410,2025-07-25,30.2,33.2,26.8,75,2.0,0.9,5.7,3.0
467410,2025-07-26,28.5,30.9,25.9,85,53.0,3.4,0.0,2.3
467410,2025-07-27,29.8,31.5,28.9,79,0.0,0.0,7.0,3.6
467410,2025-07-28,27.3,29.3,24.8,89,81.5,5.3,0.0,3.2
467410,2025-07-29,26.6,28.3,24.8,93,37.0,3.3,0.0,2.7
467410,2025-07-30,29.1,30.4,26.7,88,3.0,0.4,0.4,4.5
467410,2025-07-31,29.1,30.2,28.4,87,3.0,0.3,0.3,4.4
467410,2025-08-01,28.1,29.4,26.4,90,22.0,1.2,0.2,3.2
467410,2025-08-02,27.3,28.6,25.2,94,200.5,8.9,0.0,2.6
467410,2025-08-03,28.4,30.0,26.7,90,1.5,0.9,0.0,3.1
467410,2025-08-04,26.0,29.1,24.2,92,49.5,4.8,0.0,2.5
467410,2025-08-05,28.2,29.9,26.1,85,0.0,0.0,0.5,3.5
467410,2025-08-06,29.0,31.8,26.7,81,0.0,0.0,10.4,2.6
467410,2025-08-07,29.5,33.0,26.9,75,0.0,0.0,11.0,2.0
467410,2025-08-08,29.8,32.2,27.2,74,0.0,0.0,10.1,2.0
467410,2025-08-09,30.0,32.8,28.1,77,0.0,0.2,9.0,3.3
467410,2025-08-10,29.6,31.8,27.9,77,0.0,0.0,9.6,3.9
467410,2025-08-11,29.2,31.9,26.9,78,0.0,0.3,8.3,3.0
467410,2025-08-12,30.0,32.3,27.8,77,0.5,0.2,10.2,2.7
467410,2025-08-13,27.7,29.5,24.5,87,64.5,7.3,0.0,6.6
467410,2025-08-14,29.2,33.6,26.7,76,13.5,1.3,9.1,4.1
467410,2025-08-15,29.0,32.4,26.1,79,0.0,0.0,11.7,2.1
467410,2025-08-16,29.6,33.4,27.4,75,0.0,0.2,8.7,2.3
467410,2025-08-17,29.7,32.8,27.7,75,0.0,0.2,8.2,2.4
467410,2025-08-18,29.2,33.6,26.1,72,0.0,0.0,8.3,2.8
467410,2025-08-19,29.1,33.7,26.3,72,0.0,0.1,8.5,2.5
467410,2025-08-20,28.4,32.2,25.7,70,0.0,0.1,4.4,2.2
467410,2025-08-21,29.3,32.5,26.5,70,0.0,0.0,11.7,2.0
467410,2025-08-22,30.2,33.6,27.8,71,0.0,0.0,10.1,2.1
467410,2025-08-23,30.6,33.7,27.7,69,0.0,0.0,9.3,2.0
467410,2025-08-24,29.3,33.4,26.7,69,0.0,0.1,4.8,2.2
467410,2025-08-25,29.9,34.0,27.1,72,0.0,0.0,9.7,2.1
467410,2025-08-26,28.7,32.6,24.7,74,0.5,0.8,9.2,2.6
467410,2025-08-27,28.5,30.5,25.9,77,0.0,0.0,2.2,2.3
467410,2025-08-28,29.6,32.4,27.1,75,0.0,0.0,6.5,1.8
467410,2025-08-29,30.1,33.5,27.5,75,0.0,0.0,10.6,2.5
467410,2025-08-30,30.2,33.2,28.7,72,0.0,0.0,10.2,2.6
467410,2025-08-31,29.8,32.0,28.0,75,0.0,0.3,1.7,1.9
467410,2025-09-01,30.0,33.0,28.2,72,0.0,0.0,6.0,2.3
467410,2025-09-02,29.7,32.4,27.7,73,0.0,0.0,2.4,1.9
467410,2025-09-03,30.0,33.5,27.1,66,0.0,0.0,11.1,2.2
467410,2025-09-04,30.1,33.7,27.5,69,0.0,0.0,9.1,2.2
467410,2025-09-05,30.5,33.6,28.0,70,0.0,0.0,7.2,2.6
467410,2025-09-06,30.1,33.7,28.5,73,0.0,0.0,7.9,2.4
467410,2025-09-07,29.6,33.0,27.9,73,0.0,0.0,8.2,3.8
467410,2025-09-08,29.8,33.7,24.9,70,4.5,0.4,8.5,2.6
467410,2025-09-09,30.1,32.8,28.3,70,0.0,0.0,11.0,2.4
467410,2025-09-10,29.5,34.1,26.7,73,0.0,0.1,8.3,2.5
467410,2025-09-11,30.0,34.9,26.8,69,0.0,0.3,9.5,2.2
467410,2025-09-12,30.1,34.7,27.7,68,0.0,0.0,9.9,2.5
467410,2025-09-13,29.8,33.2,27.1,71,0.0,0.0,6.7,2.0
467410,2025-09-14,29.3,32.8,27.1,77,15.5,0.7,8.3,2.0
467410,2025-09-15,29.7,34.7,25.9,71,17.5,0.5,10.3,2.9
467410,2025-09-16,29.2,31.9,27.2,79,0.0,0.0,0.4,1.3
467410,2025-09-17,29.4,31.5,27.9,77,0.0,0.2,3.1,1.6
467410,2025-09-18,28.2,29.7,26.6,81,0.5,0.6,0.2,1.6
467410,2025-09-19,29.0,32.7,26.7,74,0.0,0.1,5.1,2.3
467410,2025-09-20,29.4,33.0,27.0,73,0.5,0.1,5.7,2.2
467410,2025-09-21,29.3,33.4,27.2,77,1.0,0.3,7.9,2.2
467410,2025-09-22,30.0,33.5,27.2,74,0.5,0.3,1.8,1.5
467410,2025-09-23,26.1,28.9,25.5,87,12.5,3.0,0.0,2.6
467410,2025-09-24,26.6,29.3,24.4,87,19.5,2.8,0.9,1.5
467410,2025-09-25,29.1,33.3,25.5,79,0.0,0.0,8.9,2.0
467410,2025-09-26,29.4,32.1,27.5,80,0.0,0.0,3.4,1.8
467410,2025-09-27,29.7,32.2,28.0,76,0.0,0.0,10.0,2.3
467410,2025-09-28,29.4,32.5,27.8,78,0.0,0.0,5.0,2.3
467410,2025-09-29,29.6,32.3,27.3,76,0.0,0.0,8.7,2.2
467410,2025-09-30,29.6,32.6,27.6,76,0.0,0.0,7.4,2.1
467410,2025-10-01,29.7,32.3,28.0,75,0.0,0.0,5.9,2.1
467410,2025-10-02,29.7,32.8,27.8,72,0.0,0.0,9.2,2.6
467410,2025-10-03,29.4,32.6,27.1,74,0.0,0.0,8.3,2.1
467410,2025-10-04,30.0,34.1,27.3,71,0.0,0.0,7.2,1.9
467410,2025-10-05,29.7,32.5,27.6,72,0.0,0.0,10.8,2.3
467410,2025-10-06,29.8,32.8,27.4,74,0.0,0.1,7.0,2.5
467410,2025-10-07,29.5,32.2,27.9,77,0.0,0.0,7.6,2.0
467410,2025-10-08,29.2,32.4,27.2,76,0.0,0.0,9.8,2.2
467410,2025-10-09,29.4,32.6,27.3,73,0.0,0.0,8.2,1.5
467410,2025-10-10,29.6,33.2,27.8,70,0.0,0.0,9.8,1.6
467410,2025-10-11,29.6,33.0,27.6,73,0.0,0.0,9.7,1.9
467410,2025-10-12,29.8,33.3,27.5,70,0.0,0.0,10.5,2.0
467410,2025-10-13,29.9,33.7,27.3,68,0.0,0.0,10.6,2.2
467410,2025-10-14,29.9,34.3,27.2,72,0.0,0.0,9.5,2.7
467410,2025-10-15,29.3,31.7,27.6,73,0.0,0.0,9.3,1.7
467410,2025-10-16,29.7,33.1,27.3,70,0.0,0.0,10.4,2.2
467410,2025-10-17,29.4,32.3,27.3,74,0.0,0.0,10.0,1.8
467410,2025-10-18,29.8,33.2,26.9,73,0.0,0.0,10.4,2.2
467410,2025-10-19,29.0,31.6,27.6,79,0.0,0.0,0.1,1.6
467410,2025-10-20,27.9,30.9,25.6,73,0.0,0.6,1.0,3.9
467410,2025-10-21,26.1,30.0,24.1,71,0.0,0.0,2.7,4.4
467410,2025-10-22,26.1,31.1,23.8,71,0.0,0.0,4.5,4.9
467410,2025-10-23,27.0,31.8,23.4,68,0.0,0.0,4.7,2.9
467410,2025-10-24,26.9,30.8,24.2,70,0.0,0.0,0.8,3.1
467410,2025-10-25,27.0,31.9,24.0,73,0.0,0.0,7.6,3.5
467410,2025-10-26,26.9,31.1,24.2,72,0.0,0.0,7.8,3.8
467410,2025-10-27,25.6,29.4,23.1,71,0.0,0.0,2.5,3.5
467410,2025-10-28,24.6,29.2,22.5,79,0.0,0.0,0.8,3.5
467410,2025-10-29,26.0,31.0,22.1,74,0.0,0.0,7.1,2.1
467410,2025-10-30,27.2,30.5,25.0,75,0.0,0.0,7.9,2.4
467410,2025-10-31,26.3,30.8,23.1,73,0.0,0.0,6.7,4.4
467410,2025-11-01,25.6,29.4,22.0,69,0.0,0.0,9.1,2.5
467410,2025-11-02,26.0,29.8,23.5,66,0.0,0.0,4.1,3.0
467410,2025-11-03,25.3,30.4,22.5,65,0.0,0.0,8.7,2.8
467410,2025-11-04,24.8,29.6,21.9,73,0.0,0.0,8.5,3.2
467410,2025-11-05,25.3,30.7,21.5,76,0.0,0.0,9.6,3.4
467410,2025-11-06,26.4,30.1,22.7,74,0.0,0.0,10.2,2.0
467410,2025-11-07,26.8,29.8,24.7,78,0.0,0.0,8.4,2.1
467410,2025-11-08,26.4,29.2,24.4,80,0.0,0.0,7.4,1.8
467410,2025-11-09,26.3,30.0,24.3,80,0.0,0.0,5.3,2.6
467410,2025-11-10,24.2,25.8,22.8,85,2.0,2.3,0.0,3.5
467410,2025-11-11,24.5,28.2,22.8,86,3.5,1.0,0.3,3.0
467410,2025-11-12,23.4,24.6,22.3,89,3.0,2.8,0.1,5.2
467410,2025-11-13,24.1,27.2,21.8,81,0.0,0.5,1.8,4.0
467410,2025-11-14,24.7,29.4,21.6,71,0.0,0.0,8.2,3.3
467410,2025-11-15,24.4,29.1,20.7,71,0.0,0.0,10.2,2.5
467410,2025-11-16,24.6,29.9,21.0,75,0.0,0.0,10.0,2.9
467410,2025-11-17,24.8,29.7,22.1,80,0.0,0.0,8.8,3.2
467410,2025-11-18,21.4,24.9,17.8,72,0.0,0.0,2.0,5.5
467410,2025-11-19,18.4,22.1,16.1,70,0.0,0.0,4.4,5.6
467410,2025-11-20,19.1,22.9,16.0,67,0.0,0.0,0.8,3.9
467410,2025-11-21,21.1,25.7,18.4,71,0.0,0.0,4.7,3.4
467410,2025-11-22,21.7,27.2,17.7,73,0.0,0.0,10.1,3.0
467410,2025-11-23,22.4,27.8,18.3,77,0.0,0.0,10.2,2.7
467410,2025-11-24,23.2,28.2,20.5,81,0.0,0.0,9.9,2.3
467410,2025-11-25,22.0,26.0,18.2,65,0.0,0.0,8.6,5.1
467410,2025-11-26,21.0,25.9,16.8,62,0.0,0.0,7.2,2.4
467410,2025-11-27,20.5,22.7,19.1,67,0.0,1.6,0.0,3.3
467410,2025-11-28,20.6,23.0,18.4,65,0.0,0.1,0.0,2.2
467410,2025-11-29,21.8,26.5,19.4,69,0.0,0.0,4.3,2.8
467410,2025-11-30,22.0,26.1,19.3,79,0.0,0.0,0.7,3.1
467410,2025-12-01,23.4,29.2,20.5,75,0.0,0.0,8.7,3.9
467410,2025-12-02,23.9,29.8,21.0,78,0.0,0.0,8.6,2.7
467410,2025-12-03,20.7,23.6,17.5,68,0.0,0.0,2.4,4.8
467410,2025-12-04,19.7,23.9,17.0,65,0.0,0.0,5.3,3.1
467410,2025-12-05,20.5,24.9,17.7,68,0.0,0.0,8.6,2.6
467410,2025-12-06,20.5,25.6,16.5,73,0.0,0.0,8.1,3.1
467410,2025-12-07,21.6,25.9,18.8,78,0.0,0.0,10.0,1.9
467410,2025-12-08,21.5,26.4,18.7,76,0.0,0.0,9.8,4.1
467410,2025-12-09,21.1,25.7,17.5,76,0.0,0.0,9.4,3.0
467410,2025-12-10,21.9,27.9,18.7,77,0.0,0.0,9.8,3.3
467410,2025-12-11,21.2,26.8,18.2,72,0.0,0.0,10.1,4.3
467410,2025-12-12,21.6,26.4,18.5,73,0.0,0.0,9.5,2.4
467410,2025-12-13,20.7,25.2,18.3,77,0.0,0.0,7.7,4.7
467410,2025-12-14,18.4,23.6,15.0,59,0.0,0.0,6.7,5.0
467410,2025-12-15,18.7,22.9,14.7,65,0.0,0.0,9.5,2.2
467410,2025-12-16,19.7,25.2,16.5,76,0.0,0.0,7.3,3.2
467410,2025-12-17,20.6,26.6,16.6,77,0.0,0.0,10.0,3.5
467410,2025-12-18,21.3,26.0,18.1,79,0.0,0.0,5.2,2.2
467410,2025-12-19,21.1,23.9,19.7,84,0.0,0.5,0.0,3.0
467410,2025-12-20,21.3,24.4,19.6,88,3.0,3.8,1.3,1.9
467410,2025-12-21,21.0,26.0,17.8,79,0.0,0.0,7.3,3.8
467410,2025-12-22,20.3,25.3,16.8,72,0.0,0.0,5.1,3.0
467410,2025-12-23,20.9,26.0,17.6,78,0.0,0.0,9.1,3.0
467410,2025-12-24,21.7,26.3,19.3,82,0.0,0.0,5.1,2.8
467410,2025-12-25,18.5,21.6,14.2,77,0.0,0.0,4.4,5.2
467410,2025-12-26,16.4,19.5,14.1,67,0.0,0.1,1.7,2.9
467410,2025-12-27,17.6,21.2,15.8,73,0.0,0.1,1.3,3.9
467410,2025-12-28,18.6,23.4,15.6,76,0.0,0.0,2.3,3.2
467410,2025-12-29,19.5,25.8,15.8,76,0.0,0.0,4.8,3.4
467410,2025-12-30,20.6,26.2,17.7,79,0.0,0.0,9.4,4.1
467410,2025-12-31,19.5,24.7,16.4,76,0.0,0.0,9.8,3.8
467410,2026-01-01,18.7,24.2,16.1,73,0.0,0.0,7.7,5.5
467410,2026-01-02,15.2,18.5,11.8,66,0.0,0.0,6.8,6.2
467410,2026-01-03,15.8,20.7,11.5,62,0.0,0.0,9.8,2.9
467410,2026-01-04,17.5,22.1,14.3,69,0.0,0.0,10.2,2.3
467410,2026-01-05,17.8,23.1,14.8,76,0.0,0.0,10.2,4.0
467410,2026-01-06,15.2,18.6,13.0,71,0.0,0.0,6.4,6.4
467410,2026-01-07,14.1,17.8,12.0,58,0.0,0.0,1.9,5.3
467410,2026-01-08,14.9,20.6,12.1,58,0.0,0.0,4.6,4.3
467410,2026-01-09,15.0,18.9,12.3,56,0.0,0.0,0.2,3.4
467410,2026-01-10,17.0,21.0,13.8,63,0.0,0.0,3.1,3.4
467410,2026-01-11,17.8,23.6,14.0,58,0.0,0.0,7.8,3.1
467410,2026-01-12,18.1,22.8,14.4,60,0.0,0.0,3.9,2.4
467410,2026-01-13,19.4,24.5,16.4,57,0.0,0.0,8.6,3.8
467410,2026-01-14,18.9,24.3,14.5,64,0.0,0.0,10.2,2.3
467410,2026-01-15,20.4,26.1,16.4,62,0.0,0.0,6.4,2.9
467410,2026-01-16,21.4,24.3,18.8,61,0.0,0.0,1.9,3.8
467410,2026-01-17,21.2,24.1,18.7,71,0.0,0.0,0.1,2.3
467410,2026-01-18,20.1,25.6,16.8,74,0.0,0.0,9.4,3.3
467410,2026-01-19,19.4,24.9,16.0,77,0.0,0.0,9.4,3.6
467410,2026-01-20,18.4,24.2,14.5,72,0.0,0.0,9.7,4.7
467410,2026-01-21,15.5,20.5,13.1,69,0.0,0.0,5.7,4.8
467410,2026-01-22,15.4,20.7,12.1,68,0.0,0.0,7.1,4.4
467410,2026-01-23,16.4,21.4,12.5,74,0.0,0.0,10.0,3.9
467410,2026-01-24,18.1,23.2,15.3,77,0.0,0.0,8.4,3.6
467410,2026-01-25,19.3,23.7,16.8,78,0.0,0.0,4.1,3.6
467410,2026-01-26,19.8,22.6,17.9,81,0.0,0.0,0.9,2.8
467410,2026-01-27,20.0,25.6,17.0,77,0.0,0.0,7.3,3.5
467410,2026-01-28,17.6,23.3,15.0,75,0.0,0.0,8.6,4.8
467410,2026-01-29,18.6,24.1,14.4,71,0.0,0.1,6.9,3.2
467410,2026-01-30,19.9,25.6,17.7,80,0.0,0.6,3.5,3.4
467410,2026-01-31,19.2,24.2,15.7,80,0.0,0.6,2.8,4.2
467410,2026-02-01,17.1,19.7,15.2,78,0.0,0.4,0.0,4.5
467410,2026-02-02,17.2,21.9,14.9,79,0.0,0.3,2.6,5.2
467410,2026-02-03,17.9,23.8,13.9,74,0.0,0.0,5.4,3.4
467410,2026-02-04,19.9,24.6,16.1,73,0.0,0.0,3.5,2.4
467410,2026-02-05,22.7,27.5,18.8,66,0.0,0.0,8.5,2.0
467410,2026-02-06,21.7,24.3,19.6,82,0.5,2.1,1.5,2.5
467410,2026-02-07,18.1,22.5,15.0,75,0.0,0.0,8.4,5.6
467410,2026-02-08,14.0,17.2,10.7,62,0.0,0.0,5.6,5.5
467410,2026-02-09,15.0,19.5,10.7,66,0.0,0.0,3.5,2.6
467410,2026-02-10,18.5,23.7,13.8,67,0.0,0.0,9.9,3.1
467410,2026-02-11,19.9,25.9,16.3,64,0.0,0.0,10.6,3.5
467410,2026-02-12,19.1,25.3,14.7,73,0.0,0.0,10.6,3.5
467410,2026-02-13,20.7,25.5,15.7,73,0.0,0.0,10.5,2.2
467410,2026-02-14,22.7,26.5,18.6,65,0.0,0.0,10.7,1.8
467410,2026-02-15,24.0,28.7,20.8,69,0.0,0.0,9.9,2.3
467410,2026-02-16,22.3,28.7,18.6,79,0.0,0.0,7.7,3.9
467410,2026-02-17,19.7,24.6,16.4,73,0.0,0.0,9.8,4.5
467410,2026-02-18,18.4,23.9,15.0,68,0.0,0.0,10.2,4.1
467410,2026-02-19,19.7,25.1,16.0,69,0.0,0.0,8.5,3.6
467410,2026-02-20,20.7,25.8,17.4,71,0.0,0.0,9.6,3.4
467410,2026-02-21,21.4,26.2,17.5,71,0.0,0.0,8.5,1.9
467410,2026-02-22,23.0,28.6,18.9,67,0.0,0.0,10.8,3.1
467410,2026-02-23,22.8,28.9,19.5,72,0.0,0.0,9.4,2.9
467410,2026-02-24,23.4,27.0,20.2,76,0.0,0.0,1.7,2.7
467410,2026-02-25,23.8,29.5,20.8,72,0.0,0.0,8.9,3.8
467410,2026-02-26,23.0,27.8,19.5,74,0.0,0.0,10.0,2.8
467410,2026-02-27,23.9,28.6,21.0,68,0.0,0.3,2.2,4.4
467410,2026-02-28,21.0,23.1,19.3,88,2.5,8.9,0.1,3.0
467410,2026-03-01,24.2,28.2,20.1,78,0.5,0.3,8.0,3.4
467410,2026-03-02,25.7,30.3,22.9,80,17.5,0.8,9.9,2.8
467410,2026-03-03,20.6,23.6,17.9,86,11.5,3.1,0.5,3.3
467410,2026-03-04,19.2,22.2,16.6,80,0.0,1.2,0.0,3.2
467410,2026-03-05,19.9,23.2,18.3,87,0.5,2.6,0.0,3.3
467410,2026-03-06,20.7,25.9,17.0,78,0.0,0.0,8.5,4.9
467410,2026-03-07,19.2,25.4,15.4,68,0.0,0.0,10.6,4.5
467410,2026-03-08,19.7,25.9,15.6,70,0.0,0.0,10.5,4.2
467410,2026-03-09,19.2,25.3,16.2,72,0.0,0.0,6.4,4.4
467410,2026-03-10,16.0,17.1,14.9,72,0.0,0.0,0.0,3.9
467410,2026-03-11,18.7,24.9,13.7,66,0.0,0.0,10.4,3.8
467410,2026-03-12,19.2,25.8,15.1,54,0.0,0.0,11.0,5.3
467410,2026-03-13,18.2,22.9,13.8,46,0.0,0.0,11.0,3.9
467410,2026-03-14,19.0,23.3,15.5,63,0.0,0.0,10.4,2.9
467410,2026-03-15,20.1,24.6,16.3,69,0.0,0.0,9.4,3.1
467410,2026-03-16,21.8,25.6,18.5,63,0.0,0.0,10.6,2.6
467410,2026-03-17,22.2,27.9,17.6,67,0.0,0.0,10.9,2.5
467410,2026-03-18,23.9,28.2,19.9,62,0.0,0.0,11.0,2.0
467410,2026-03-19,23.6,28.0,20.2,71,0.0,0.0,9.8,3.3
467410,2026-03-20,22.1,27.5,18.6,75,0.0,0.0,10.5,3.9
467410,2026-03-21,22.4,27.7,19.1,76,0.0,0.0,10.3,4.5
467410,2026-03-22,23.0,28.5,19.0,74,0.0,0.0,10.7,3.3
467410,2026-03-23,24.3,28.9,21.0,74,0.0,0.0,9.8,2.2
467410,2026-03-24,24.5,28.3,21.6,76,0.0,0.0,8.1,2.4
467410,2026-03-25,25.4,29.2,22.7,72,0.0,0.0,10.0,3.1
467410,2026-03-26,24.7,28.2,22.2,72,0.0,0.0,8.2,2.2
467410,2026-03-27,24.8,29.1,21.9,72,0.0,0.0,9.6,3.6
467410,2026-03-28,24.3,29.2,21.4,74,0.0,0.0,8.9,3.4
467410,2026-03-29,25.3,30.0,22.2,74,0.0,0.0,8.5,3.2
467410,2026-03-30,25.7,29.1,22.3,75,0.0,0.0,10.1,2.4
467410,2026-03-31,25.9,28.7,23.5,77,0.0,0.0,10.0,2.4
467410,2026-04-01,24.5,28.2,22.2,81,0.0,0.6,1.0,2.3
467410,2026-04-02,24.6,28.5,21.2,73,0.0,0.0,5.3,2.0
467410,2026-04-03,26.5,30.7,22.3,71,0.0,0.0,8.4,4.3
467410,2026-04-04,23.6,26.6,20.3,85,39.0,10.5,0.0,3.6
467410,2026-04-05,25.5,29.8,21.5,77,0.0,0.2,6.0,3.5
467410,2026-04-06,26.4,29.0,23.4,79,9.0,2.2,3.4,3.9
467410,2026-04-07,25.9,29.4,23.2,81,10.0,1.5,2.7,2.2
467410,2026-04-08,24.7,29.0,21.9,85,2.0,1.4,2.7,2.0
467410,2026-04-09,26.1,29.3,23.5,84,0.0,0.0,8.9,3.1
467410,2026-04-10,26.9,30.3,24.2,74,0.0,0.0,11.3,1.9
467410,2026-04-11,26.6,29.9,24.0,76,0.0,0.0,10.7,2.8
467410,2026-04-12,27.0,30.5,24.1,72,0.0,0.0,11.6,2.4
467410,2026-04-13,27.1,30.4,24.4,71,0.0,0.0,10.9,2.1
467410,2026-04-14,26.7,29.4,24.0,74,0.0,0.0,11.3,2.2
467410,2026-04-15,26.8,29.3,25.1,78,0.0,0.0,7.0,2.4
467410,2026-04-16,26.5,29.4,24.4,80,0.0,0.0,3.7,2.5
467410,2026-04-17,26.2,30.1,23.5,76,0.0,0.0,8.2,2.8
467410,2026-04-18,26.3,29.3,24.2,75,0.0,0.0,9.2,2.9
467410,2026-04-19,26.6,31.1,23.5,72,0.0,0.0,11.2,3.0
467410,2026-04-20,27.0,30.8,24.4,71,0.0,0.0,9.3,2.1
467410,2026-04-21,27.3,30.3,25.5,69,0.0,0.0,8.9,2.6
467410,2026-04-22,27.9,31.3,25.1,71,0.0,0.0,10.7,3.8
467410,2026-04-23,27.7,30.3,25.6,72,0.0,0.0,5.4,1.9
467410,2026-04-24,25.8,28.0,22.5,77,1.0,1.6,0.1,2.2
467410,2026-04-25,22.8,24.5,21.8,87,5.5,3.8,0.0,2.1
467410,2026-04-26,25.2,30.1,21.2,70,0.0,0.0,11.5,3.0
467410,2026-04-27,26.5,31.3,23.4,61,0.0,0.0,10.5,2.0
467410,2026-04-28,27.5,31.3,23.3,56,0.0,0.0,6.2,2.0
467410,2026-04-29,28.1,31.4,25.2,69,0.0,0.0,6.5,3.2
467410,2026-04-30,23.6,27.1,20.4,86,13.0,3.4,1.9,3.6
467410,2026-05-01,24.0,28.7,20.3,75,0.0,0.2,4.0,3.3
467410,2026-05-02,26.7,30.7,23.3,72,0.0,0.0,11.6,1.9
467410,2026-05-03,28.3,31.6,26.0,76,0.0,0.0,11.6,3.0
467410,2026-05-04,26.9,31.1,23.8,70,0.0,0.1,7.0,3.4
467410,2026-05-05,24.1,26.7,22.9,77,0.0,0.2,0.0,3.2
467410,2026-05-06,26.6,30.9,22.4,73,0.0,0.1,11.6,3.4
467410,2026-05-07,27.7,32.5,24.0,72,0.0,0.0,10.7,2.5
467410,2026-05-08,27.9,31.8,23.7,70,0.0,0.0,10.4,3.3
467410,2026-05-09,26.0,31.2,22.3,71,0.0,0.0,7.7,3.9
467410,2026-05-10,26.2,30.7,23.3,74,0.0,0.0,9.3,3.5
467410,2026-05-11,26.8,31.4,23.7,76,0.0,0.0,9.5,3.1
467410,2026-05-12,27.6,31.3,24.6,71,0.0,0.0,10.1,3.2
467410,2026-05-13,27.9,31.2,25.4,71,0.0,0.0,9.9,2.1
467410,2026-05-14,27.0,29.9,24.9,78,1.0,1.7,0.5,2.1
467410,2026-05-15,28.6,33.1,25.0,68,0.0,0.1,9.1,2.6
