Date,Temp_Mean,Temp_Max,Temp_Min,Rainfall_Sum
2010-01-01,18.2,21.4,15.6,0.0
2010-01-02,19.0,22.8,15.7,0.0
2010-01-03,18.2,21.4,16.6,1.4
2010-01-04,18.8,22.2,16.6,0.0
2010-01-05,18.9,23.0,16.5,0.0
2010-01-06,17.8,19.2,16.7,0.0
2010-01-07,18.3,20.9,17.0,0.3
2010-01-08,16.6,17.8,15.2,5.1
2010-01-09,17.5,21.8,14.0,0.0
2010-01-10,18.8,24.0,16.1,0.0
2010-01-11,18.5,22.7,15.8,0.0
2010-01-12,15.2,16.7,13.0,0.0
2010-01-13,15.0,18.6,13.0,0.0
2010-01-14,15.2,19.4,11.5,0.0
2010-01-15,15.9,20.4,11.2,0.0
2010-01-16,17.7,21.9,13.6,0.0
2010-01-17,18.6,22.6,15.1,0.0
2010-01-18,18.9,22.4,16.1,0.1
2010-01-19,20.0,24.5,16.7,0.1
2010-01-20,21.3,26.5,16.8,0.0
2010-01-21,21.8,26.8,18.0,0.0
2010-01-22,19.4,22.7,17.5,0.2
2010-01-23,18.6,22.3,16.6,0.1
2010-01-24,19.8,23.9,17.3,0.0
2010-01-25,19.3,22.5,16.6,2.2
2010-01-26,18.6,21.9,16.2,1.4
2010-01-27,19.8,23.4,16.4,0.0
2010-01-28,20.9,24.9,18.1,0.0
2010-01-29,20.9,25.7,17.7,0.0
2010-01-30,21.3,25.8,17.7,0.0
2010-01-31,21.7,26.5,17.0,0.0
2010-02-01,21.5,26.2,17.4,0.0
2010-02-02,20.8,25.0,18.4,0.0
2010-02-03,20.2,24.7,17.4,0.0
2010-02-04,20.1,24.2,17.7,0.0
2010-02-05,20.4,25.1,17.1,0.0
2010-02-06,20.8,24.5,18.2,0.5
2010-02-07,21.3,25.4,18.7,0.0
2010-02-08,21.7,25.7,17.8,0.0
2010-02-09,23.2,28.3,18.1,0.0
2010-02-10,24.9,29.5,21.1,0.0
2010-02-11,25.4,29.4,22.6,0.0
2010-02-12,19.9,22.7,15.9,5.2
2010-02-13,18.1,20.6,15.8,3.9
2010-02-14,20.3,24.7,17.0,0.5
2010-02-15,19.2,23.4,16.4,4.8
2010-02-16,16.5,19.7,14.9,11.1
2010-02-17,16.1,18.1,14.9,2.6
2010-02-18,15.0,16.4,14.2,4.1
2010-02-19,14.7,15.5,13.6,5.4
2010-02-20,16.5,19.8,14.4,1.6
2010-02-21,18.2,21.9,15.0,0.1
2010-02-22,19.3,23.8,15.2,0.1
2010-02-23,20.5,25.3,16.6,0.0
2010-02-24,22.0,27.8,15.8,0.0
2010-02-25,24.3,27.2,21.8,0.7
2010-02-26,23.9,26.7,22.4,4.5
2010-02-27,23.7,27.0,20.1,0.5
2010-02-28,23.7,27.4,20.6,0.2
2010-03-01,24.2,28.7,19.4,0.0
2010-03-02,24.6,28.4,21.2,0.0
2010-03-03,23.5,27.6,20.0,0.0
2010-03-04,25.3,29.5,21.8,0.0
2010-03-05,25.3,29.5,21.4,0.0
2010-03-06,25.5,29.9,22.0,0.2
2010-03-07,22.7,26.9,19.4,0.1
2010-03-08,21.6,26.4,18.4,0.0
2010-03-09,16.9,19.4,14.3,4.3
2010-03-10,13.7,15.6,11.9,1.2
2010-03-11,17.0,21.2,13.2,0.0
2010-03-12,19.6,23.8,15.6,2.7
2010-03-13,22.1,26.3,18.7,5.8
2010-03-14,24.6,29.0,20.0,0.6
2010-03-15,25.4,28.9,23.0,0.0
2010-03-16,21.9,24.9,19.6,0.1
2010-03-17,21.3,24.9,19.1,0.1
2010-03-18,22.0,26.6,18.7,0.0
2010-03-19,23.0,27.1,19.2,0.0
2010-03-20,24.9,29.6,20.0,0.0
2010-03-21,24.1,27.4,22.1,0.7
2010-03-22,24.0,28.3,20.6,0.0
2010-03-23,25.1,30.1,19.3,0.0
2010-03-24,26.0,30.1,22.4,0.9
2010-03-25,20.8,23.8,17.1,1.5
2010-03-26,19.5,22.4,17.1,0.5
2010-03-27,20.4,23.9,17.6,0.0
2010-03-28,20.8,24.5,17.7,0.0
2010-03-29,21.6,25.1,19.2,0.0
2010-03-30,21.6,24.6,19.0,0.3
2010-03-31,22.5,26.5,19.8,0.0
2010-04-01,24.2,29.3,18.9,0.0
2010-04-02,23.4,27.7,19.7,0.1
2010-04-03,22.1,26.4,19.3,0.3
2010-04-04,23.1,27.1,19.8,0.0
2010-04-05,24.2,28.7,20.1,1.8
2010-04-06,24.5,29.0,21.8,2.4
2010-04-07,22.9,25.9,20.4,0.0
2010-04-08,21.2,25.2,19.4,8.3
2010-04-09,21.9,26.4,18.8,2.1
2010-04-10,23.5,28.8,19.1,0.0
2010-04-11,25.9,30.8,21.2,0.0
2010-04-12,26.5,30.6,23.1,0.0
2010-04-13,25.7,30.0,22.3,0.0
2010-04-14,23.9,28.3,20.9,0.2
2010-04-15,21.1,24.2,17.9,5.2
2010-04-16,20.6,23.8,17.9,3.7
2010-04-17,22.3,26.5,19.9,4.2
2010-04-18,23.3,27.3,20.9,4.6
2010-04-19,25.5,30.4,20.9,0.3
2010-04-20,26.2,29.6,23.3,0.1
2010-04-21,26.9,30.7,22.9,0.0
2010-04-22,27.1,30.6,24.2,0.0
2010-04-23,22.3,24.5,19.7,15.6
2010-04-24,22.0,23.5,20.5,1.7
2010-04-25,22.6,25.5,20.1,0.1
2010-04-26,23.5,27.6,20.6,0.1
2010-04-27,23.3,25.1,21.6,4.4
2010-04-28,23.3,24.8,22.3,12.7
2010-04-29,24.3,27.1,22.1,9.3
2010-04-30,22.2,25.3,19.2,28.1
2010-05-01,23.6,26.3,20.6,0.0
2010-05-02,24.2,27.1,20.4,0.0
2010-05-03,24.5,27.6,21.0,0.2
2010-05-04,24.5,27.9,21.1,0.0
2010-05-05,26.4,30.5,21.9,0.8
2010-05-06,27.0,30.0,24.2,0.0
2010-05-07,26.9,29.5,25.2,0.3
2010-05-08,26.9,30.0,24.0,3.3
2010-05-09,27.4,29.9,25.4,2.1
2010-05-10,26.4,29.8,24.1,24.7
2010-05-11,25.4,27.9,23.7,7.4
2010-05-12,25.4,28.0,23.4,5.5
2010-05-13,25.9,28.9,23.7,2.5
2010-05-14,25.8,28.9,23.6,4.8
2010-05-15,25.6,29.1,22.9,0.0
2010-05-16,25.9,29.3,23.2,0.0
2010-05-17,26.6,30.1,23.7,0.0
2010-05-18,27.2,30.5,24.0,0.0
2010-05-19,26.8,30.2,23.5,0.0
2010-05-20,26.9,30.4,23.7,0.0
2010-05-21,27.6,30.9,23.7,0.3
2010-05-22,28.5,31.5,26.0,0.1
2010-05-23,26.6,28.3,25.2,80.4
2010-05-24,26.5,29.3,24.5,10.3
2010-05-25,26.7,29.7,24.8,5.3
2010-05-26,27.3,30.4,25.5,4.0
2010-05-27,27.4,30.1,25.3,2.2
2010-05-28,26.2,27.9,25.4,40.2
2010-05-29,25.9,27.8,24.6,47.4
2010-05-30,25.5,26.7,24.6,49.2
2010-05-31,25.6,28.5,23.5,2.6
2010-06-01,25.8,28.4,23.5,2.0
2010-06-02,25.0,27.3,22.9,6.9
2010-06-03,23.9,24.9,22.7,31.5
2010-06-04,25.5,28.3,23.6,0.2
2010-06-05,25.3,28.4,23.2,1.3
2010-06-06,25.7,28.5,23.5,0.0
2010-06-07,25.7,28.4,23.3,0.0
2010-06-08,26.1,28.3,24.3,1.8
2010-06-09,27.0,30.2,24.1,0.0
2010-06-10,26.5,28.7,25.1,63.8
2010-06-11,25.5,26.8,24.7,45.8
2010-06-12,26.2,28.7,24.4,37.7
2010-06-13,25.4,26.6,24.7,23.4
2010-06-14,25.9,28.1,24.7,24.2
2010-06-15,26.9,29.9,25.3,6.0
2010-06-16,27.7,30.6,26.0,8.6
2010-06-17,28.2,30.4,26.2,1.0
2010-06-18,28.6,30.9,26.5,0.0
2010-06-19,28.6,30.8,26.6,0.0
2010-06-20,28.6,30.9,26.6,0.8
2010-06-21,27.9,30.8,26.4,10.7
2010-06-22,27.5,30.1,25.5,15.8
2010-06-23,27.2,29.6,25.6,20.1
2010-06-24,26.8,28.7,25.7,14.9
2010-06-25,26.2,27.1,25.4,20.5
2010-06-26,27.2,29.5,25.8,18.9
2010-06-27,27.8,30.4,26.2,3.0
2010-06-28,28.0,31.0,26.3,9.1
2010-06-29,28.4,31.0,26.0,1.0
2010-06-30,28.6,31.4,26.2,2.8
2010-07-01,28.6,31.1,26.7,0.9
2010-07-02,28.5,30.9,26.7,1.1
2010-07-03,28.7,31.0,26.4,0.7
2010-07-04,28.4,30.4,26.5,3.0
2010-07-05,28.5,30.7,26.2,1.1
2010-07-06,28.6,30.8,26.5,5.1
2010-07-07,28.6,30.9,26.6,1.9
2010-07-08,28.5,31.0,26.2,0.4
2010-07-09,28.7,31.0,26.7,2.2
2010-07-10,28.2,30.4,26.3,4.2
2010-07-11,28.6,30.8,26.7,0.5
2010-07-12,28.8,30.6,27.3,3.1
2010-07-13,28.9,31.7,27.2,1.0
2010-07-14,28.5,31.5,26.6,3.7
2010-07-15,28.6,32.1,26.1,2.8
2010-07-16,28.0,31.5,25.6,5.5
2010-07-17,28.0,31.1,26.0,2.1
2010-07-18,28.0,31.0,25.7,4.1
2010-07-19,28.3,31.2,25.7,0.3
2010-07-20,29.0,32.1,26.1,0.7
2010-07-21,28.0,31.5,26.3,19.3
2010-07-22,27.4,30.1,25.6,15.2
2010-07-23,27.2,30.0,25.4,7.2
2010-07-24,27.0,29.4,25.6,31.1
2010-07-25,27.8,30.1,26.3,2.3
2010-07-26,26.5,28.5,25.4,60.9
2010-07-27,25.5,26.3,24.8,116.4
2010-07-28,25.3,26.3,24.6,55.0
2010-07-29,25.4,27.2,24.3,31.0
2010-07-30,26.2,27.7,25.0,24.0
2010-07-31,27.9,30.3,25.6,0.2
2010-08-01,28.4,31.5,25.2,0.4
2010-08-02,28.5,30.8,26.2,0.7
2010-08-03,28.3,30.5,25.7,0.0
2010-08-04,28.5,31.3,25.3,0.0
2010-08-05,28.3,30.9,26.0,7.2
2010-08-06,28.1,30.6,25.8,1.7
2010-08-07,28.2,30.9,26.7,11.8
2010-08-08,28.0,30.9,26.3,3.2
2010-08-09,28.2,30.6,26.4,9.7
2010-08-10,27.9,30.3,26.3,6.9
2010-08-11,28.3,30.4,26.1,10.4
2010-08-12,28.2,30.3,26.5,2.6
2010-08-13,28.5,30.9,26.5,0.9
2010-08-14,28.8,31.4,26.8,0.1
2010-08-15,28.1,30.6,26.3,4.0
2010-08-16,27.8,30.1,26.1,4.2
2010-08-17,28.2,30.9,25.9,0.0
2010-08-18,28.1,31.1,26.0,0.4
2010-08-19,28.0,30.1,25.9,0.7
2010-08-20,28.3,31.2,25.9,0.0
2010-08-21,28.4,30.9,26.2,0.2
2010-08-22,27.7,29.7,26.0,6.5
2010-08-23,27.3,30.3,25.5,4.8
2010-08-24,26.5,29.0,25.2,15.4
2010-08-25,26.9,30.0,24.7,12.6
2010-08-26,27.4,30.0,24.7,2.7
2010-08-27,27.4,30.1,24.9,0.6
2010-08-28,27.4,30.2,25.3,5.8
2010-08-29,26.9,29.7,25.6,14.9
2010-08-30,27.0,29.8,25.1,23.4
2010-08-31,27.5,30.2,25.1,0.4
2010-09-01,26.7,27.3,26.1,36.8
2010-09-02,26.9,29.1,25.7,8.2
2010-09-03,27.2,29.9,24.4,2.5
2010-09-04,27.0,29.3,24.8,1.5
2010-09-05,27.0,29.6,25.3,7.5
2010-09-06,26.5,29.0,25.1,11.8
2010-09-07,26.9,28.6,25.3,4.1
2010-09-08,28.0,30.9,25.6,3.4
2010-09-09,25.9,27.0,25.1,60.7
2010-09-10,26.4,27.9,25.3,17.4
2010-09-11,27.5,30.3,25.8,0.2
2010-09-12,27.4,30.6,25.0,0.6
2010-09-13,27.4,30.0,25.3,1.5
2010-09-14,27.1,29.5,25.1,2.6
2010-09-15,27.4,30.1,24.6,0.3
2010-09-16,27.3,29.9,24.5,0.4
2010-09-17,27.2,30.1,25.0,1.1
2010-09-18,26.9,29.3,24.3,0.0
2010-09-19,26.5,26.8,26.1,267.5
2010-09-20,26.1,27.2,24.8,67.5
2010-09-21,27.5,30.7,25.0,2.2
2010-09-22,27.2,30.5,24.4,2.0
2010-09-23,27.0,30.1,24.7,1.3
2010-09-24,26.6,28.9,24.5,8.7
2010-09-25,26.5,29.1,24.8,4.8
2010-09-26,27.0,29.1,25.3,4.4
2010-09-27,27.5,29.7,25.6,0.3
2010-09-28,27.0,29.5,25.3,4.3
2010-09-29,27.2,29.9,25.4,4.3
2010-09-30,27.3,29.9,24.6,0.9
2010-10-01,27.3,30.0,24.8,0.0
2010-10-02,27.3,29.9,24.8,0.6
2010-10-03,26.8,29.5,24.6,3.0
2010-10-04,26.3,29.2,24.6,2.7
2010-10-05,25.9,28.0,24.3,0.8
2010-10-06,26.0,27.7,24.2,1.8
2010-10-07,26.0,28.8,23.9,2.4
2010-10-08,25.8,27.7,24.5,6.7
2010-10-09,26.1,28.6,24.0,0.2
2010-10-10,26.7,29.4,24.4,0.5
2010-10-11,26.9,29.6,24.7,0.3
2010-10-12,27.1,29.9,25.0,0.5
2010-10-13,27.2,29.8,24.6,0.6
2010-10-14,27.1,30.0,24.9,0.7
2010-10-15,26.3,28.8,24.6,2.8
2010-10-16,26.4,29.4,23.9,0.3
2010-10-17,26.8,29.5,24.9,2.5
2010-10-18,26.8,29.8,24.1,0.0
2010-10-19,26.4,28.3,24.9,0.6
2010-10-20,26.4,28.9,24.6,0.2
2010-10-21,26.5,29.4,24.5,0.1
2010-10-22,25.4,27.3,23.9,15.8
2010-10-23,25.2,26.5,24.6,11.9
2010-10-24,25.8,28.4,24.0,1.2
2010-10-25,25.4,28.3,22.3,0.1
2010-10-26,23.8,26.3,21.6,0.0
2010-10-27,21.2,23.3,19.5,0.0
2010-10-28,20.3,22.9,19.1,0.0
2010-10-29,20.7,23.7,18.7,0.0
2010-10-30,21.1,24.1,19.6,0.0
2010-10-31,21.6,24.9,19.4,0.0
2010-11-01,21.7,25.1,18.6,0.0
2010-11-02,22.4,24.9,20.2,1.3
2010-11-03,22.8,25.3,21.0,0.4
2010-11-04,22.3,23.6,21.2,5.7
2010-11-05,23.4,25.9,21.6,5.4
2010-11-06,23.0,24.9,21.7,1.2
2010-11-07,23.9,26.5,22.3,0.8
2010-11-08,23.6,26.2,21.8,0.6
2010-11-09,22.1,24.3,20.5,0.4
2010-11-10,21.3,23.4,19.7,0.1
2010-11-11,21.6,24.7,19.0,0.0
2010-11-12,21.9,24.7,19.3,0.3
2010-11-13,21.5,22.4,21.0,29.5
2010-11-14,22.9,25.0,21.3,0.3
2010-11-15,23.2,25.8,21.9,7.2
2010-11-16,22.0,23.9,20.8,12.6
2010-11-17,22.2,25.3,20.4,0.2
2010-11-18,22.3,25.1,20.2,0.0
2010-11-19,22.0,25.5,20.1,0.0
2010-11-20,21.9,25.2,19.4,0.0
2010-11-21,22.2,25.4,19.9,0.0
2010-11-22,21.9,25.2,20.2,0.0
2010-11-23,21.3,24.3,19.3,0.0
2010-11-24,21.1,24.4,18.6,0.0
2010-11-25,20.4,23.2,18.7,0.0
2010-11-26,20.5,23.5,17.7,0.0
2010-11-27,20.7,23.0,18.3,0.3
2010-11-28,20.6,23.3,18.4,0.0
2010-11-29,20.7,24.2,18.3,0.0
2010-11-30,20.8,24.6,18.3,0.0
2010-12-01,21.5,24.6,19.1,0.0
2010-12-02,21.7,23.8,20.3,0.9
2010-12-03,21.7,24.8,19.5,1.1
2010-12-04,21.7,24.0,20.2,3.1
2010-12-05,22.1,25.5,20.0,0.0
2010-12-06,21.8,25.9,19.1,0.0
2010-12-07,18.6,20.5,16.3,0.0
2010-12-08,16.6,19.6,14.5,0.0
2010-12-09,17.1,20.9,13.9,0.0
2010-12-10,17.7,21.7,13.5,0.0
2010-12-11,19.7,22.8,17.5,0.0
2010-12-12,20.4,24.2,17.1,0.0
2010-12-13,22.0,26.5,18.1,0.0
2010-12-14,22.4,24.9,21.1,0.0
2010-12-15,21.2,23.0,19.0,2.2
2010-12-16,14.1,18.2,12.5,15.9
2010-12-17,13.8,16.9,11.8,0.2
2010-12-18,15.9,19.4,12.4,0.0
2010-12-19,18.9,23.0,16.2,0.0
2010-12-20,18.7,23.7,15.5,0.0
2010-12-21,19.0,23.1,16.6,0.0
2010-12-22,19.6,23.0,17.3,0.0
2010-12-23,19.5,23.0,16.3,0.0
2010-12-24,19.7,23.1,17.1,0.0
2010-12-25,18.7,22.1,16.3,0.0
2010-12-26,15.2,16.9,13.7,1.1
2010-12-27,15.5,19.6,12.8,0.0
2010-12-28,16.5,21.3,11.9,0.0
2010-12-29,17.5,22.6,12.9,0.0
2010-12-30,17.9,22.2,15.4,0.0
2010-12-31,16.3,19.6,14.3,0.0
2011-01-01,15.7,19.0,13.4,0.0
2011-01-02,16.2,19.6,13.6,0.0
2011-01-03,16.8,19.4,15.1,0.0
2011-01-04,16.7,19.6,14.5,0.0
2011-01-05,18.4,22.0,15.4,0.3
2011-01-06,16.9,18.3,14.8,5.5
2011-01-07,14.7,15.7,13.6,3.4
2011-01-08,17.2,20.9,14.9,0.0
2011-01-09,17.9,20.7,15.8,0.3
2011-01-10,16.4,18.6,15.2,1.0
2011-01-11,15.1,17.3,13.2,4.5
2011-01-12,13.5,14.2,12.6,12.5
2011-01-13,16.5,18.9,14.1,2.1
2011-01-14,18.5,22.5,16.0,0.0
2011-01-15,16.2,18.3,12.7,0.0
2011-01-16,13.5,16.1,11.7,0.0
2011-01-17,15.0,17.5,13.0,0.0
2011-01-18,16.3,20.3,13.4,0.1
2011-01-19,17.7,21.0,15.3,0.0
2011-01-20,17.8,20.1,16.3,0.3
2011-01-21,16.7,18.7,15.3,3.0
2011-01-22,16.7,20.0,14.7,0.4
2011-01-23,17.1,20.8,15.1,0.0
2011-01-24,16.4,19.8,14.1,0.0
2011-01-25,16.7,20.2,14.2,0.0
2011-01-26,17.5,21.3,15.1,0.0
2011-01-27,17.9,22.3,15.2,0.0
2011-01-28,17.5,21.0,15.5,0.0
2011-01-29,14.4,15.2,13.0,6.0
2011-01-30,14.6,18.0,12.9,1.2
2011-01-31,15.1,18.1,13.1,0.2
2011-02-01,16.2,19.5,13.7,0.0
2011-02-02,16.6,20.6,14.1,0.0
2011-02-03,17.4,21.9,14.0,0.0
2011-02-04,18.0,22.8,14.5,0.0
2011-02-05,18.7,23.7,14.7,0.0
2011-02-06,18.3,23.5,14.4,0.0
2011-02-07,18.9,23.0,14.4,0.0
2011-02-08,20.1,24.3,17.2,0.0
2011-02-09,19.8,25.0,15.5,0.0
2011-02-10,20.2,24.4,17.9,0.0
2011-02-11,17.8,22.0,14.4,2.3
2011-02-12,16.7,18.8,14.4,2.4
2011-02-13,17.8,21.4,15.1,0.6
2011-02-14,15.2,17.0,14.0,6.9
2011-02-15,16.0,18.8,13.9,3.6
2011-02-16,18.1,21.5,15.0,1.5
2011-02-17,19.6,24.3,15.8,0.5
2011-02-18,19.1,23.1,16.9,0.0
2011-02-19,18.3,20.8,16.7,0.0
2011-02-20,17.7,20.8,16.1,3.6
2011-02-21,17.5,20.9,15.5,0.7
2011-02-22,18.3,22.2,15.4,0.0
2011-02-23,19.0,22.6,16.1,0.0
2011-02-24,19.7,23.3,16.3,0.0
2011-02-25,20.5,24.3,17.8,0.1
2011-02-26,20.6,24.2,18.2,0.4
2011-02-27,20.5,24.0,18.2,0.0
2011-02-28,21.4,26.2,17.3,0.0
2011-03-01,20.4,24.9,17.4,0.0
2011-03-02,18.5,22.0,16.6,1.3
2011-03-03,18.2,21.8,15.8,1.2
2011-03-04,17.6,20.9,14.9,0.3
2011-03-05,19.1,21.9,16.8,0.0
2011-03-06,20.5,24.4,17.1,1.4
2011-03-07,18.7,20.7,16.0,5.3
2011-03-08,17.6,19.8,15.9,0.2
2011-03-09,18.8,21.5,16.8,0.1
2011-03-10,19.3,21.2,17.3,0.7
2011-03-11,19.0,21.9,17.3,1.7
2011-03-12,19.8,23.3,17.4,0.0
2011-03-13,21.3,25.6,17.6,0.0
2011-03-14,22.2,26.3,17.7,0.0
2011-03-15,21.1,25.0,16.5,1.3
2011-03-16,17.1,20.0,15.6,0.3
2011-03-17,18.5,21.2,16.4,0.0
2011-03-18,19.0,21.0,16.8,4.8
2011-03-19,20.7,24.7,18.1,1.8
2011-03-20,23.7,28.5,18.8,0.0
2011-03-21,24.9,28.6,22.4,0.0
2011-03-22,21.3,25.0,17.4,0.4
2011-03-23,18.9,23.0,16.4,1.7
2011-03-24,18.9,22.3,17.0,0.4
2011-03-25,19.0,22.5,16.9,0.2
2011-03-26,18.8,21.2,17.3,0.2
2011-03-27,17.2,18.6,16.1,4.5
2011-03-28,17.6,20.4,16.0,4.8
2011-03-29,19.6,23.3,17.1,0.0
2011-03-30,19.9,22.9,17.4,0.0
2011-03-31,19.7,22.3,18.0,1.4
2011-04-01,20.8,23.3,18.8,0.1
2011-04-02,21.3,24.2,18.2,0.0
2011-04-03,21.8,25.2,18.1,0.0
2011-04-04,20.4,24.1,18.2,0.1
2011-04-05,20.4,23.7,17.8,0.0
2011-04-06,21.1,23.8,18.6,0.1
2011-04-07,22.0,25.6,19.1,0.0
2011-04-08,22.5,26.7,18.4,0.0
2011-04-09,22.8,26.5,19.6,0.0
2011-04-10,22.7,25.8,20.2,0.0
2011-04-11,23.0,26.3,19.6,0.0
2011-04-12,22.7,25.6,20.5,0.5
2011-04-13,22.8,25.9,20.4,0.2
2011-04-14,23.8,27.1,20.0,0.0
2011-04-15,25.1,28.7,22.3,0.0
2011-04-16,25.0,27.9,22.9,0.8
2011-04-17,23.7,27.9,21.2,6.8
2011-04-18,22.5,24.4,21.4,20.3
2011-04-19,23.0,27.0,19.7,0.3
2011-04-20,22.2,25.5,18.7,0.0
2011-04-21,22.5,25.7,19.9,0.0
2011-04-22,22.9,26.3,19.1,0.1
2011-04-23,23.0,26.0,20.8,0.0
2011-04-24,23.5,26.2,20.9,0.0
2011-04-25,22.9,26.3,18.9,0.0
2011-04-26,23.7,26.6,20.6,0.0
2011-04-27,24.3,27.5,21.5,0.0
2011-04-28,24.1,28.0,20.6,0.0
2011-04-29,24.2,26.0,22.6,0.4
2011-04-30,25.4,28.3,22.2,2.3
2011-05-01,26.4,29.6,23.3,0.3
2011-05-02,25.9,28.7,23.1,0.0
2011-05-03,26.0,30.1,22.6,0.0
2011-05-04,25.3,28.9,22.4,0.0
2011-05-05,25.1,29.6,22.6,1.0
2011-05-06,25.8,30.2,22.1,0.0
2011-05-07,26.6,30.3,22.9,0.0
2011-05-08,27.1,30.6,24.2,0.7
2011-05-09,27.7,31.4,24.0,0.0
2011-05-10,27.4,30.8,24.6,0.0
2011-05-11,27.5,30.6,24.3,0.2
2011-05-12,27.4,30.6,24.7,18.8
2011-05-13,26.7,29.8,24.9,33.2
2011-05-14,26.0,28.1,24.7,4.7
2011-05-15,26.1,29.1,24.4,3.8
2011-05-16,25.7,29.2,23.4,6.1
2011-05-17,23.3,23.9,22.8,18.9
2011-05-18,24.7,26.4,23.0,2.5
2011-05-19,24.7,27.1,23.1,15.8
2011-05-20,24.6,26.1,23.8,21.4
2011-05-21,24.5,27.5,22.7,15.0
2011-05-22,25.6,28.1,23.9,15.4
2011-05-23,25.3,27.4,24.4,31.3
2011-05-24,25.7,28.5,23.9,18.3
2011-05-25,26.0,28.5,24.0,2.3
2011-05-26,26.6,29.1,24.5,1.8
2011-05-27,26.3,29.5,24.2,1.4
2011-05-28,24.6,26.6,23.0,0.0
2011-05-29,24.7,28.0,22.1,0.0
2011-05-30,25.0,27.9,22.2,0.0
2011-05-31,25.2,27.2,23.5,14.4
2011-06-01,25.5,26.3,24.2,22.3
2011-06-02,26.9,28.8,25.3,1.7
2011-06-03,26.7,29.0,24.8,1.3
2011-06-04,27.2,30.2,24.3,0.0
2011-06-05,28.1,31.0,25.4,0.0
2011-06-06,28.1,30.6,25.9,0.0
2011-06-07,28.4,31.0,26.0,0.0
2011-06-08,28.1,30.5,25.1,0.5
2011-06-09,29.2,32.4,26.3,0.0
2011-06-10,29.0,31.6,27.1,0.0
2011-06-11,28.0,30.7,26.1,1.1
2011-06-12,28.0,30.4,25.9,0.4
2011-06-13,28.7,31.3,26.4,0.3
2011-06-14,29.0,31.5,26.5,0.0
2011-06-15,29.0,31.7,26.7,0.3
2011-06-16,29.4,32.6,27.1,0.0
2011-06-17,29.8,33.1,27.2,0.0
2011-06-18,29.6,33.4,26.1,0.0
2011-06-19,29.2,32.7,26.7,0.6
2011-06-20,29.2,32.3,26.8,0.6
2011-06-21,28.5,30.8,26.6,5.6
2011-06-22,29.0,31.5,26.9,3.9
2011-06-23,28.6,31.4,25.6,0.4
2011-06-24,28.9,31.4,26.4,0.0
2011-06-25,26.5,27.8,25.7,38.8
2011-06-26,26.8,28.7,25.3,11.9
2011-06-27,26.4,28.3,25.3,36.7
2011-06-28,25.1,25.7,24.8,74.9
2011-06-29,26.8,29.3,24.9,8.7
2011-06-30,27.7,30.8,24.5,0.0
2011-07-01,27.1,30.2,24.6,2.5
2011-07-02,28.0,30.2,26.0,0.8
2011-07-03,28.2,30.5,25.8,1.4
2011-07-04,28.6,31.1,26.7,0.0
2011-07-05,28.3,31.0,25.9,0.0
2011-07-06,28.3,30.7,26.1,0.0
2011-07-07,27.6,29.9,25.3,0.4
2011-07-08,27.8,30.8,25.0,0.0
2011-07-09,28.1,30.5,25.5,0.5
2011-07-10,26.8,28.9,25.4,12.2
2011-07-11,26.9,29.3,25.5,3.3
2011-07-12,26.8,29.4,25.5,7.1
2011-07-13,26.2,28.4,25.1,4.9
2011-07-14,25.8,27.1,25.0,9.0
2011-07-15,25.4,26.9,24.7,35.6
2011-07-16,26.4,28.0,25.4,14.8
2011-07-17,25.9,28.0,24.8,22.9
2011-07-18,26.1,27.7,24.8,44.3
2011-07-19,26.6,28.4,25.7,101.3
2011-07-20,26.7,29.5,25.3,27.6
2011-07-21,27.2,29.9,25.4,4.1
2011-07-22,27.8,30.6,25.2,0.9
2011-07-23,28.1,30.4,25.4,0.2
2011-07-24,28.0,30.4,25.6,0.0
2011-07-25,27.7,30.0,25.8,2.2
2011-07-26,27.8,29.8,25.9,0.0
2011-07-27,28.1,31.1,25.1,0.0
2011-07-28,28.1,30.6,25.3,3.3
2011-07-29,27.6,30.2,25.8,13.1
2011-07-30,27.2,30.0,25.3,6.5
2011-07-31,27.5,30.2,24.8,3.1
2011-08-01,27.7,30.4,25.5,2.1
2011-08-02,28.0,30.6,25.5,0.6
2011-08-03,27.9,30.6,25.6,0.4
2011-08-04,28.1,31.2,25.4,0.0
2011-08-05,28.4,30.7,26.7,0.5
2011-08-06,28.4,31.0,26.7,5.4
2011-08-07,27.9,30.5,25.8,3.9
2011-08-08,27.7,30.2,26.1,4.6
2011-08-09,27.5,29.2,26.2,2.3
2011-08-10,27.9,30.2,26.0,1.4
2011-08-11,27.8,30.7,25.6,1.4
2011-08-12,28.1,30.7,26.1,1.3
2011-08-13,28.8,31.5,26.4,0.0
2011-08-14,29.2,32.1,26.7,0.0
2011-08-15,29.1,32.1,26.6,0.0
2011-08-16,28.9,31.7,26.7,0.0
2011-08-17,29.0,31.8,25.8,0.0
2011-08-18,28.7,31.4,26.1,0.6
2011-08-19,28.5,31.4,25.6,0.4
2011-08-20,28.7,31.4,26.5,0.6
2011-08-21,28.6,30.7,26.0,0.4
2011-08-22,28.0,30.9,25.6,2.0
2011-08-23,28.2,30.8,25.1,0.2
2011-08-24,28.1,30.8,25.9,0.9
2011-08-25,28.2,31.1,25.3,0.9
2011-08-26,28.6,32.0,24.8,0.0
2011-08-27,29.1,31.7,26.1,1.8
2011-08-28,28.3,29.5,27.0,8.4
2011-08-29,26.7,27.8,26.1,234.3
2011-08-30,26.0,26.7,25.1,103.5
2011-08-31,25.8,26.9,25.1,31.4
2011-09-01,26.8,29.0,25.2,2.0
2011-09-02,27.0,30.0,25.0,3.4
2011-09-03,27.5,30.3,24.5,0.0
2011-09-04,27.4,29.8,24.9,0.0
2011-09-05,26.7,29.4,24.1,0.2
2011-09-06,26.9,29.6,24.8,0.0
2011-09-07,26.8,29.3,24.8,0.6
2011-09-08,27.1,29.2,25.2,1.0
2011-09-09,27.1,29.6,24.8,2.2
2011-09-10,27.3,30.3,24.1,0.5
2011-09-11,27.2,30.1,24.4,0.1
2011-09-12,27.0,29.5,24.6,0.3
2011-09-13,27.0,29.5,24.3,0.0
2011-09-14,27.4,29.9,25.1,0.2
2011-09-15,27.4,29.7,26.0,0.4
2011-09-16,27.2,29.8,25.5,4.8
2011-09-17,27.5,30.2,24.7,0.0
2011-09-18,27.5,30.6,24.7,0.0
2011-09-19,27.1,29.9,24.6,0.0
2011-09-20,26.5,29.0,24.4,0.5
2011-09-21,26.1,29.3,23.4,0.0
2011-09-22,26.2,28.9,24.3,0.7
2011-09-23,26.1,28.7,24.2,0.7
2011-09-24,26.2,28.2,24.8,2.1
2011-09-25,27.0,29.4,24.6,0.0
2011-09-26,27.7,30.9,24.7,0.0
2011-09-27,28.0,31.0,25.2,0.0
2011-09-28,28.4,31.3,25.9,0.0
2011-09-29,28.3,30.3,25.9,2.5
2011-09-30,27.7,30.0,25.5,0.3
2011-10-01,27.7,30.7,25.3,1.7
2011-10-02,26.3,27.2,25.0,12.6
2011-10-03,25.2,27.2,23.8,0.7
2011-10-04,25.8,28.9,23.7,0.0
2011-10-05,26.2,28.7,24.2,0.1
2011-10-06,26.3,28.9,24.0,0.2
2011-10-07,26.3,29.0,24.3,0.8
2011-10-08,26.6,29.3,24.2,0.0
2011-10-09,26.6,28.7,24.7,5.5
2011-10-10,26.4,28.6,25.0,7.0
2011-10-11,25.8,27.1,25.0,9.6
2011-10-12,26.3,28.5,24.8,2.7
2011-10-13,26.4,29.1,24.6,0.1
2011-10-14,25.6,28.4,23.8,8.0
2011-10-15,25.3,27.0,23.6,9.5
2011-10-16,25.7,28.4,24.0,3.4
2011-10-17,25.4,28.1,23.7,1.8
2011-10-18,24.9,27.3,23.2,0.3
2011-10-19,24.6,27.3,22.8,0.1
2011-10-20,24.6,27.9,21.9,0.0
2011-10-21,25.1,28.4,22.5,0.0
2011-10-22,25.4,28.4,22.9,0.0
2011-10-23,25.4,28.3,23.0,0.0
2011-10-24,25.4,28.7,22.9,0.0
2011-10-25,25.1,28.3,23.1,0.2
2011-10-26,24.1,26.7,22.3,0.9
2011-10-27,24.3,27.2,22.4,0.0
2011-10-28,24.3,27.7,21.0,0.0
2011-10-29,24.8,27.9,22.2,0.0
2011-10-30,24.8,27.5,22.7,0.0
2011-10-31,24.9,27.6,22.7,0.0
2011-11-01,24.6,28.4,21.4,0.0
2011-11-02,25.4,28.8,22.8,0.0
2011-11-03,25.5,28.1,23.3,0.9
2011-11-04,25.7,29.0,23.3,0.0
2011-11-05,25.9,29.3,23.4,0.0
2011-11-06,26.1,29.6,23.6,0.0
2011-11-07,25.4,27.0,24.0,15.0
2011-11-08,24.3,26.0,23.1,17.5
2011-11-09,24.5,27.0,22.8,20.9
2011-11-10,23.0,24.5,21.2,16.5
2011-11-11,22.9,25.9,21.3,9.6
2011-11-12,24.1,27.5,21.7,0.0
2011-11-13,24.0,27.0,22.1,0.0
2011-11-14,24.1,27.4,22.0,0.0
2011-11-15,24.4,27.6,22.1,0.0
2011-11-16,24.3,26.7,22.6,5.2
2011-11-17,24.4,25.9,23.1,30.2
2011-11-18,25.7,28.7,22.8,0.5
2011-11-19,25.4,28.3,23.2,14.2
2011-11-20,22.8,24.2,21.9,13.5
2011-11-21,22.8,24.4,21.2,3.0
2011-11-22,22.7,24.2,21.7,3.8
2011-11-23,22.6,24.7,21.1,2.2
2011-11-24,22.3,25.2,20.4,1.9
2011-11-25,22.3,24.8,20.2,0.1
2011-11-26,22.7,24.7,21.3,4.4
2011-11-27,22.7,25.6,21.4,1.2
2011-11-28,22.7,25.7,20.5,0.0
2011-11-29,23.0,26.2,20.0,0.0
2011-11-30,23.3,26.0,21.4,0.1
2011-12-01,21.2,23.2,19.1,0.1
2011-12-02,18.1,19.9,16.6,6.9
2011-12-03,18.5,21.6,16.6,0.6
2011-12-04,19.6,22.7,16.1,0.0
2011-12-05,20.4,22.3,19.1,2.3
2011-12-06,22.0,25.3,19.9,6.3
2011-12-07,22.7,26.0,20.6,0.0
2011-12-08,21.3,24.4,18.8,0.2
2011-12-09,18.0,18.8,17.3,4.1
2011-12-10,18.2,19.7,17.3,0.7
2011-12-11,17.6,18.7,16.6,1.2
2011-12-12,19.3,20.6,18.6,11.0
2011-12-13,20.6,22.8,18.8,6.3
2011-12-14,21.2,23.7,19.7,1.2
2011-12-15,20.6,23.2,18.8,0.0
2011-12-16,18.7,21.0,16.6,0.2
2011-12-17,17.7,20.3,16.2,0.1
2011-12-18,18.1,21.2,16.1,0.0
2011-12-19,18.7,22.1,16.0,0.0
2011-12-20,19.0,20.4,17.9,0.7
2011-12-21,19.6,22.4,18.0,0.2
2011-12-22,18.2,20.2,15.8,1.3
2011-12-23,16.0,18.0,14.6,4.7
2011-12-24,14.7,16.8,13.6,2.0
2011-12-25,16.1,19.5,13.2,0.0
2011-12-26,17.0,20.4,13.9,0.0
2011-12-27,17.9,21.4,14.5,0.2
2011-12-28,18.0,21.7,15.8,0.0
2011-12-29,18.5,22.4,16.0,0.0
2011-12-30,18.5,20.5,17.3,0.1
2011-12-31,17.5,18.3,16.6,4.0
2012-01-01,17.4,20.3,15.6,0.0
2012-01-02,16.9,18.4,15.3,0.0
2012-01-03,17.6,21.3,14.9,0.0
2012-01-04,15.0,16.9,13.4,0.6
2012-01-05,14.5,15.8,13.2,3.5
2012-01-06,16.6,18.9,15.1,8.8
2012-01-07,17.7,21.6,15.3,0.0
2012-01-08,17.9,22.2,15.2,0.0
2012-01-09,18.3,22.2,16.1,0.0
2012-01-10,18.2,21.7,16.1,0.0
2012-01-11,17.8,20.4,16.1,0.0
2012-01-12,17.9,20.3,16.3,0.0
2012-01-13,17.9,19.3,16.7,4.8
2012-01-14,19.5,22.7,17.2,0.1
2012-01-15,20.1,24.4,17.8,0.5
2012-01-16,17.9,20.3,15.9,2.3
2012-01-17,17.4,20.9,14.6,0.0
2012-01-18,18.6,21.4,16.0,0.0
2012-01-19,19.1,23.3,16.5,0.0
2012-01-20,18.4,22.3,15.9,0.0
2012-01-21,17.5,20.1,15.9,0.0
2012-01-22,16.7,19.9,15.4,0.2
2012-01-23,15.2,16.8,13.5,2.5
2012-01-24,16.6,19.8,14.8,1.5
2012-01-25,15.1,17.4,14.0,1.7
2012-01-26,16.4,19.3,14.3,0.4
2012-01-27,17.7,22.1,14.4,0.0
2012-01-28,18.7,23.2,16.0,0.0
2012-01-29,18.0,21.6,16.2,0.0
2012-01-30,17.3,20.3,15.4,0.0
2012-01-31,16.6,19.9,14.8,0.0
2012-02-01,17.0,21.0,14.2,0.0
2012-02-02,17.6,22.4,15.0,0.0
2012-02-03,16.6,19.1,15.0,0.0
2012-02-04,18.5,23.1,15.1,0.0
2012-02-05,19.6,23.9,16.0,0.0
2012-02-06,21.6,25.3,17.4,3.8
2012-02-07,18.7,20.9,14.3,5.4
2012-02-08,14.3,14.9,13.9,4.3
2012-02-09,16.5,20.3,14.0,0.0
2012-02-10,17.7,21.6,15.2,0.0
2012-02-11,18.0,22.4,15.3,0.0
2012-02-12,19.0,23.2,16.0,0.1
2012-02-13,20.6,25.3,16.8,0.0
2012-02-14,21.9,25.1,18.9,0.0
2012-02-15,21.3,24.9,19.0,0.0
2012-02-16,18.7,20.6,16.4,0.4
2012-02-17,16.9,20.5,14.7,4.4
2012-02-18,16.0,19.3,14.2,0.8
2012-02-19,16.5,18.9,14.8,0.0
2012-02-20,18.1,20.1,15.9,1.3
2012-02-21,19.0,20.7,17.3,9.2
2012-02-22,20.4,23.9,17.9,9.1
2012-02-23,22.5,26.4,19.2,6.2
2012-02-24,21.7,24.4,19.7,5.8
2012-02-25,19.6,22.6,16.8,10.6
2012-02-26,17.1,19.3,15.6,4.5
2012-02-27,17.0,19.7,14.9,0.5
2012-02-28,17.4,19.5,15.7,8.6
2012-02-29,19.1,23.4,16.2,3.8
2012-03-01,20.8,25.1,17.2,0.0
2012-03-02,22.0,26.3,18.2,0.0
2012-03-03,21.7,24.9,19.3,0.1
2012-03-04,21.9,27.0,18.8,0.0
2012-03-05,23.9,28.4,18.1,0.0
2012-03-06,23.9,28.2,20.0,0.1
2012-03-07,22.4,25.9,19.6,0.0
2012-03-08,21.6,24.8,19.3,0.1
2012-03-09,19.2,21.4,17.5,2.4
2012-03-10,17.9,21.5,16.1,1.8
2012-03-11,17.1,19.1,16.2,2.3
2012-03-12,18.5,21.5,16.5,3.9
2012-03-13,18.3,20.8,16.6,0.7
2012-03-14,20.0,23.5,17.7,0.0
2012-03-15,21.5,25.9,17.8,0.0
2012-03-16,22.9,26.6,18.3,0.8
2012-03-17,25.6,28.8,23.0,0.0
2012-03-18,25.5,29.0,23.6,2.4
2012-03-19,23.4,26.5,21.0,8.6
2012-03-20,22.3,25.7,20.3,0.4
2012-03-21,21.6,24.2,19.7,0.0
2012-03-22,22.9,26.5,19.6,0.0
2012-03-23,24.0,28.1,20.7,2.9
2012-03-24,17.5,19.7,15.9,3.9
2012-03-25,20.0,22.9,17.1,0.0
2012-03-26,20.8,23.8,18.2,0.0
2012-03-27,20.9,23.8,17.5,0.0
2012-03-28,21.5,24.1,19.1,1.0
2012-03-29,21.9,24.6,18.7,1.0
2012-03-30,22.7,26.4,19.5,0.0
2012-03-31,22.5,25.0,20.2,0.0
2012-04-01,22.3,25.2,19.6,0.0
2012-04-02,23.9,27.2,20.2,0.1
2012-04-03,24.7,27.5,22.6,10.4
2012-04-04,23.2,25.6,21.5,0.6
2012-04-05,23.2,26.3,20.9,0.3
2012-04-06,21.9,22.5,21.3,30.0
2012-04-07,22.2,23.1,21.2,15.1
2012-04-08,22.9,25.5,21.4,1.6
2012-04-09,23.3,26.1,21.0,0.0
2012-04-10,24.7,28.4,21.2,0.6
2012-04-11,25.9,28.9,23.4,0.1
2012-04-12,25.6,29.1,22.1,0.0
2012-04-13,26.0,29.5,22.8,0.3
2012-04-14,25.8,28.9,23.4,1.4
2012-04-15,25.9,28.7,23.2,0.7
2012-04-16,25.2,28.2,22.8,2.4
2012-04-17,23.2,24.5,22.5,46.6
2012-04-18,24.0,27.4,21.9,15.4
2012-04-19,24.6,27.3,22.4,31.8
2012-04-20,24.7,27.5,23.3,16.9
2012-04-21,24.1,25.4,23.3,61.3
2012-04-22,25.0,27.5,23.1,2.5
2012-04-23,25.9,29.4,21.8,0.0
2012-04-24,26.8,29.3,24.7,9.4
2012-04-25,26.0,28.3,24.8,29.0
2012-04-26,25.0,27.2,23.4,22.2
2012-04-27,24.7,27.8,22.6,15.1
2012-04-28,25.5,28.0,23.3,9.9
2012-04-29,26.5,29.2,24.2,5.0
2012-04-30,26.3,28.7,24.6,4.5
2012-05-01,27.3,30.4,24.9,6.2
2012-05-02,26.5,28.8,24.5,10.1
2012-05-03,26.0,29.1,24.5,17.4
2012-05-04,25.0,26.4,23.8,29.8
2012-05-05,25.2,27.9,23.0,0.3
2012-05-06,25.5,28.2,23.2,4.1
2012-05-07,26.3,29.0,23.4,0.0
2012-05-08,27.1,29.5,24.2,0.0
2012-05-09,27.0,30.0,24.6,1.8
2012-05-10,26.9,29.9,24.8,2.5
2012-05-11,25.6,28.0,24.2,28.1
2012-05-12,26.3,28.5,24.3,19.1
2012-05-13,27.2,30.1,24.5,0.0
2012-05-14,27.9,30.9,24.8,0.0
2012-05-15,27.3,30.0,25.6,10.7
2012-05-16,26.2,27.4,25.1,23.2
2012-05-17,25.2,26.8,24.5,66.5
2012-05-18,25.9,28.3,24.4,18.5
2012-05-19,25.6,26.3,24.5,41.1
2012-05-20,24.9,26.0,23.9,60.6
2012-05-21,25.7,29.0,24.0,6.2
2012-05-22,25.6,28.1,23.6,1.2
2012-05-23,26.0,28.9,22.1,0.1
2012-05-24,26.7,29.3,24.2,0.0
2012-05-25,27.2,30.0,23.9,0.0
2012-05-26,26.5,28.8,24.8,24.6
2012-05-27,26.7,30.1,24.4,18.3
2012-05-28,26.3,29.1,24.8,32.5
2012-05-29,26.8,29.7,25.0,27.7
2012-05-30,26.9,29.3,25.4,5.4
2012-05-31,27.2,30.3,25.1,0.2
2012-06-01,27.5,30.3,25.5,3.0
2012-06-02,27.3,30.0,25.2,0.2
2012-06-03,27.5,30.5,24.9,0.0
2012-06-04,27.5,30.2,25.5,0.5
2012-06-05,27.3,29.7,25.3,0.2
2012-06-06,27.5,29.5,25.1,8.0
2012-06-07,28.1,30.9,26.3,14.2
2012-06-08,26.9,28.9,25.5,49.5
2012-06-09,26.4,28.2,25.6,59.2
2012-06-10,26.3,27.7,25.5,93.3
2012-06-11,26.2,27.2,25.5,150.6
2012-06-12,26.1,27.1,25.5,128.7
2012-06-13,26.0,27.1,25.3,49.6
2012-06-14,25.7,26.3,25.1,93.4
2012-06-15,26.0,27.3,25.3,28.9
2012-06-16,27.4,30.1,25.4,7.5
2012-06-17,27.0,30.0,24.7,10.8
2012-06-18,26.9,30.0,25.0,17.7
2012-06-19,26.2,28.1,25.4,85.8
2012-06-20,26.2,26.8,25.7,105.2
2012-06-21,25.7,27.2,24.8,90.1
2012-06-22,26.4,29.0,25.1,29.0
2012-06-23,26.8,29.8,25.1,9.5
2012-06-24,27.3,30.0,25.1,12.4
2012-06-25,27.1,30.0,25.0,10.9
2012-06-26,27.6,30.2,25.2,0.3
2012-06-27,27.9,30.8,25.1,0.4
2012-06-28,27.7,30.3,25.2,0.2
2012-06-29,28.1,30.6,26.3,0.3
2012-06-30,28.6,31.6,26.0,0.0
2012-07-01,28.2,31.4,26.1,0.2
2012-07-02,28.0,31.1,24.9,0.9
2012-07-03,28.3,31.2,25.9,0.0
2012-07-04,27.9,31.0,25.8,4.2
2012-07-05,28.4,32.0,25.5,2.1
2012-07-06,28.5,31.1,26.5,0.0
2012-07-07,28.3,31.1,25.9,0.1
2012-07-08,28.5,31.4,25.8,0.0
2012-07-09,28.5,31.1,25.8,0.0
2012-07-10,28.4,30.7,25.9,1.3
2012-07-11,28.2,30.3,26.2,1.1
2012-07-12,27.9,30.5,25.3,1.3
2012-07-13,28.2,30.9,25.7,0.6
2012-07-14,27.9,30.6,26.1,2.2
2012-07-15,27.9,30.3,25.7,1.3
2012-07-16,28.0,30.5,25.9,8.1
2012-07-17,28.1,30.4,26.2,3.9
2012-07-18,28.1,30.0,26.2,1.8
2012-07-19,28.8,31.2,26.3,0.5
2012-07-20,28.5,31.1,26.4,1.0
2012-07-21,28.9,31.6,26.6,3.4
2012-07-22,27.6,29.5,26.1,4.7
2012-07-23,28.4,31.4,25.8,0.9
2012-07-24,27.7,29.1,25.7,2.7
2012-07-25,26.4,29.7,24.6,27.4
2012-07-26,26.5,29.0,24.9,6.2
2012-07-27,27.2,29.7,25.2,5.1
2012-07-28,27.5,30.0,25.1,0.3
2012-07-29,27.6,30.4,25.3,3.1
2012-07-30,27.6,30.1,25.2,2.0
2012-07-31,27.0,29.0,25.9,27.1
2012-08-01,27.5,29.2,26.2,2.2
2012-08-02,26.1,27.3,24.3,92.1
2012-08-03,26.8,29.8,24.6,10.2
2012-08-04,27.3,29.7,25.5,5.2
2012-08-05,27.2,30.0,25.2,2.2
2012-08-06,27.3,29.9,25.1,2.8
2012-08-07,26.4,28.1,25.3,29.3
2012-08-08,27.2,29.8,25.3,15.1
2012-08-09,26.6,27.9,25.5,13.3
2012-08-10,26.3,28.3,25.2,16.9
2012-08-11,26.2,27.8,25.0,30.6
2012-08-12,26.7,29.1,25.2,5.5
2012-08-13,27.5,30.3,24.7,2.4
2012-08-14,27.7,30.1,25.1,0.7
2012-08-15,28.2,30.5,25.9,0.1
2012-08-16,28.3,31.4,26.4,0.9
2012-08-17,27.8,29.9,26.4,1.0
2012-08-18,26.9,28.7,25.0,5.2
2012-08-19,26.8,29.6,24.2,1.3
2012-08-20,27.2,30.1,24.6,1.4
2012-08-21,27.0,29.3,25.0,6.2
2012-08-22,27.0,29.5,24.4,2.8
2012-08-23,27.8,30.3,25.4,0.0
2012-08-24,27.4,28.7,26.6,55.2
2012-08-25,27.4,29.2,25.8,2.9
2012-08-26,26.6,29.5,24.1,8.8
2012-08-27,27.3,30.2,25.1,6.5
2012-08-28,27.4,29.4,25.9,31.5
2012-08-29,26.9,29.5,25.2,1.4
2012-08-30,26.9,29.5,25.2,1.7
2012-08-31,26.5,29.0,25.0,10.5
2012-09-01,26.5,29.5,24.3,0.9
2012-09-02,26.3,29.2,24.0,3.4
2012-09-03,26.6,29.4,24.0,2.3
2012-09-04,27.1,29.8,23.8,0.8
2012-09-05,27.9,30.7,25.5,0.9
2012-09-06,28.1,30.4,26.2,3.1
2012-09-07,27.2,30.6,25.6,14.2
2012-09-08,27.6,30.5,25.1,0.9
2012-09-09,27.5,30.0,25.1,0.2
2012-09-10,27.6,29.9,25.2,1.5
2012-09-11,27.3,29.6,25.1,0.9
2012-09-12,27.3,30.0,24.5,1.2
2012-09-13,27.6,29.8,24.9,1.0
2012-09-14,26.7,29.5,24.6,1.9
2012-09-15,26.7,30.0,24.6,0.0
2012-09-16,25.8,28.7,23.9,0.0
2012-09-17,25.2,28.9,21.9,0.0
2012-09-18,25.1,28.4,21.1,0.0
2012-09-19,25.6,27.6,23.2,0.1
2012-09-20,25.6,28.0,23.4,0.0
2012-09-21,26.7,29.8,23.6,0.0
2012-09-22,27.3,30.6,24.0,0.0
2012-09-23,27.4,29.9,24.7,0.4
2012-09-24,26.9,29.7,24.1,0.8
2012-09-25,27.0,29.6,25.2,3.4
2012-09-26,27.1,29.7,25.0,0.0
2012-09-27,26.9,30.0,23.9,0.0
2012-09-28,26.2,28.2,25.0,0.0
2012-09-29,25.6,28.4,23.3,0.0
2012-09-30,25.1,27.7,22.9,0.1
2012-10-01,25.3,28.0,22.5,0.0
2012-10-02,24.9,28.0,21.7,0.0
2012-10-03,24.8,27.9,21.8,0.0
2012-10-04,24.6,27.8,21.4,0.0
2012-10-05,25.4,28.2,23.2,0.0
2012-10-06,25.5,28.7,22.9,0.0
2012-10-07,25.5,28.3,23.2,0.0
2012-10-08,25.5,28.6,23.3,0.2
2012-10-09,25.2,28.4,23.3,0.0
2012-10-10,24.7,28.0,22.5,0.0
2012-10-11,24.8,28.3,22.4,0.0
2012-10-12,24.6,27.8,22.5,0.0
2012-10-13,24.3,27.3,21.9,0.0
2012-10-14,24.9,28.4,22.2,0.0
2012-10-15,24.9,28.6,21.8,0.0
2012-10-16,24.6,28.3,22.0,0.0
2012-10-17,24.8,28.6,22.2,0.0
2012-10-18,24.0,27.4,21.8,0.0
2012-10-19,23.8,27.2,20.7,0.0
2012-10-20,23.5,26.6,19.8,0.0
2012-10-21,23.9,26.7,21.2,0.0
2012-10-22,23.8,28.1,19.8,0.0
2012-10-23,24.5,28.7,20.3,0.0
2012-10-24,25.3,28.4,23.2,0.8
2012-10-25,25.3,29.2,21.4,0.0
2012-10-26,26.3,29.5,23.5,0.5
2012-10-27,26.5,28.8,24.3,0.0
2012-10-28,26.4,29.2,24.2,0.0
2012-10-29,25.9,29.1,23.2,0.9
2012-10-30,25.5,28.4,23.4,0.2
2012-10-31,23.1,24.5,21.4,4.8
2012-11-01,23.1,26.3,20.9,1.5
2012-11-02,23.8,26.7,21.3,0.1
2012-11-03,23.7,27.4,20.5,0.0
2012-11-04,24.2,28.0,21.2,0.2
2012-11-05,24.1,27.3,21.7,0.0
2012-11-06,23.7,27.3,21.2,0.0
2012-11-07,23.3,26.4,20.3,0.0
2012-11-08,23.8,26.9,21.5,0.0
2012-11-09,24.3,27.7,20.5,0.0
2012-11-10,25.0,28.6,21.5,0.0
2012-11-11,24.5,27.7,22.6,0.0
2012-11-12,23.8,26.9,21.4,0.0
2012-11-13,24.2,27.9,21.7,0.0
2012-11-14,24.0,27.6,20.5,0.0
2012-11-15,24.7,28.3,21.3,0.0
2012-11-16,24.6,27.1,22.9,1.8
2012-11-17,21.8,22.8,20.6,74.5
2012-11-18,21.1,22.9,20.2,4.7
2012-11-19,22.2,24.9,20.5,0.0
2012-11-20,22.8,25.5,20.7,0.0
2012-11-21,23.3,26.3,21.5,0.7
2012-11-22,23.9,26.7,22.1,23.2
2012-11-23,23.6,27.2,20.7,1.9
2012-11-24,21.7,23.5,20.2,3.0
2012-11-25,23.3,26.7,21.1,0.5
2012-11-26,22.4,26.8,19.4,2.3
2012-11-27,19.8,21.3,18.5,2.8
2012-11-28,21.4,24.0,19.7,0.2
2012-11-29,22.1,24.6,20.7,0.7
2012-11-30,22.1,24.3,20.4,2.8
2012-12-01,22.3,25.0,21.0,1.3
2012-12-02,21.2,22.9,19.8,4.1
2012-12-03,20.1,21.6,19.4,10.8
2012-12-04,20.8,23.2,19.0,1.2
2012-12-05,18.9,20.6,18.2,24.6
2012-12-06,19.3,21.7,17.5,5.5
2012-12-07,19.5,21.8,17.8,1.9
2012-12-08,20.2,21.3,19.3,6.4
2012-12-09,19.5,20.6,18.7,3.1
2012-12-10,19.6,21.6,18.3,0.1
2012-12-11,19.1,22.1,17.5,0.0
2012-12-12,19.4,22.7,16.9,0.0
2012-12-13,20.0,23.4,17.0,0.3
2012-12-14,21.0,25.1,16.6,0.0
2012-12-15,21.5,25.5,17.7,0.0
2012-12-16,22.0,25.7,19.7,0.0
2012-12-17,21.4,25.4,18.6,0.0
2012-12-18,19.6,23.3,16.3,0.6
2012-12-19,17.7,20.4,15.6,0.1
2012-12-20,19.6,23.3,16.8,0.0
2012-12-21,20.6,25.3,16.7,0.0
2012-12-22,20.3,23.4,18.1,0.0
2012-12-23,16.4,18.1,15.4,5.9
2012-12-24,16.9,18.6,15.5,0.0
2012-12-25,18.8,21.4,16.5,0.0
2012-12-26,20.4,23.7,18.0,0.0
2012-12-27,20.3,23.5,18.2,2.4
2012-12-28,20.6,24.4,18.0,1.0
2012-12-29,20.9,24.5,18.6,0.7
2012-12-30,14.4,19.1,11.9,27.4
2012-12-31,13.4,16.0,11.7,0.5
2013-01-01,16.2,19.6,13.6,0.0
2013-01-02,18.4,21.6,15.8,0.7
2013-01-03,17.7,19.1,16.6,6.7
2013-01-04,17.9,21.2,15.7,0.6
2013-01-05,18.3,21.4,16.4,0.0
2013-01-06,18.9,22.2,16.7,0.4
2013-01-07,19.6,22.7,17.9,0.2
2013-01-08,18.7,20.1,17.1,1.2
2013-01-09,16.6,18.2,15.2,6.3
2013-01-10,16.9,19.4,14.8,2.4
2013-01-11,17.6,20.0,16.1,3.0
2013-01-12,18.6,21.3,16.8,2.1
2013-01-13,17.9,20.7,16.4,19.8
2013-01-14,16.3,19.1,14.2,0.0
2013-01-15,16.6,19.9,14.0,0.0
2013-01-16,16.9,20.8,13.6,0.0
2013-01-17,16.5,19.8,14.2,0.0
2013-01-18,15.3,18.0,13.2,0.0
2013-01-19,16.9,20.3,13.8,0.0
2013-01-20,18.0,22.2,14.6,0.0
2013-01-21,18.8,23.2,14.8,0.0
2013-01-22,18.9,23.1,15.4,0.0
2013-01-23,18.6,22.4,16.5,0.0
2013-01-24,18.5,21.3,16.3,0.1
2013-01-25,17.9,20.7,16.1,2.7
2013-01-26,17.4,21.0,15.1,0.0
2013-01-27,17.4,20.5,15.8,0.0
2013-01-28,17.7,20.8,15.1,0.4
2013-01-29,18.1,22.1,15.2,0.0
2013-01-30,18.4,22.8,14.3,0.0
2013-01-31,18.6,22.7,15.0,0.0
2013-02-01,19.8,23.9,16.0,0.0
2013-02-02,21.3,24.4,19.3,0.0
2013-02-03,21.3,25.0,19.1,0.2
2013-02-04,22.4,26.3,18.7,0.2
2013-02-05,22.4,25.1,20.1,0.9
2013-02-06,21.5,25.3,19.1,0.0
2013-02-07,20.6,24.5,17.9,0.0
2013-02-08,18.4,21.6,16.3,0.0
2013-02-09,16.6,19.5,15.0,2.1
2013-02-10,17.7,21.6,15.2,0.0
2013-02-11,18.8,23.0,16.4,0.0
2013-02-12,19.4,24.2,16.8,0.0
2013-02-13,18.9,22.2,16.3,0.5
2013-02-14,20.3,24.4,17.0,0.0
2013-02-15,20.7,24.5,17.8,0.2
2013-02-16,19.2,22.8,16.8,0.8
2013-02-17,20.4,24.2,17.6,0.0
2013-02-18,22.2,27.3,17.1,0.0
2013-02-19,21.0,25.9,16.9,0.1
2013-02-20,18.4,21.9,16.3,1.2
2013-02-21,19.3,23.4,17.0,0.4
2013-02-22,18.9,22.9,17.2,0.0
2013-02-23,19.2,23.3,16.6,0.0
2013-02-24,19.6,23.0,16.7,0.0
2013-02-25,20.4,24.5,17.2,0.0
2013-02-26,21.0,24.6,18.0,0.0
2013-02-27,21.2,25.4,18.3,0.0
2013-02-28,21.0,25.3,17.6,0.0
2013-03-01,22.3,26.4,18.5,0.0
2013-03-02,18.1,20.6,15.4,10.5
2013-03-03,16.1,18.5,15.0,5.1
2013-03-04,17.0,19.8,14.8,1.5
2013-03-05,18.8,21.8,15.9,0.0
2013-03-06,19.0,22.8,15.3,0.0
2013-03-07,18.9,23.9,14.6,0.0
2013-03-08,19.7,24.9,13.6,0.0
2013-03-09,22.3,27.0,18.0,0.0
2013-03-10,21.9,27.1,16.8,0.0
2013-03-11,21.2,25.2,18.6,0.0
2013-03-12,21.7,25.5,18.3,0.0
2013-03-13,22.9,27.1,19.0,1.4
2013-03-14,20.6,24.3,18.2,1.2
2013-03-15,19.6,22.7,17.5,3.0
2013-03-16,20.9,24.7,17.8,0.0
2013-03-17,22.4,26.9,17.7,0.0
2013-03-18,23.4,25.9,21.2,4.7
2013-03-19,24.1,27.9,20.4,0.0
2013-03-20,24.4,27.8,21.8,0.0
2013-03-21,22.5,25.4,20.0,0.4
2013-03-22,23.6,27.6,19.6,0.0
2013-03-23,24.5,29.0,20.3,0.6
2013-03-24,24.5,27.2,21.8,0.4
2013-03-25,23.2,26.8,20.0,0.0
2013-03-26,23.0,27.1,20.4,0.0
2013-03-27,22.4,26.1,20.4,8.1
2013-03-28,23.3,27.2,20.3,0.0
2013-03-29,23.1,26.4,20.6,2.3
2013-03-30,23.1,26.8,20.2,0.0
2013-03-31,23.1,26.3,20.7,8.2
2013-04-01,23.0,25.8,21.3,8.3
2013-04-02,23.6,26.9,20.9,1.7
2013-04-03,22.2,24.6,20.8,16.8
2013-04-04,23.4,26.5,20.7,6.5
2013-04-05,25.0,27.9,22.3,15.9
2013-04-06,22.6,24.6,18.5,24.2
2013-04-07,19.3,20.9,17.8,0.0
2013-04-08,21.3,24.4,18.7,0.0
2013-04-09,21.9,25.6,19.5,0.5
2013-04-10,21.7,24.7,19.5,4.4
2013-04-11,21.3,23.7,19.6,4.3
2013-04-12,20.4,22.6,18.7,5.5
2013-04-13,22.0,24.4,19.9,2.4
2013-04-14,21.5,23.5,19.9,7.1
2013-04-15,22.7,25.8,19.3,0.1
2013-04-16,24.4,28.0,21.1,0.3
2013-04-17,25.0,27.8,22.4,0.0
2013-04-18,25.9,28.8,23.2,1.9
2013-04-19,25.2,27.5,23.4,0.2
2013-04-20,25.0,28.4,22.6,4.6
2013-04-21,23.1,25.9,20.3,5.5
2013-04-22,22.2,24.7,19.9,2.0
2013-04-23,24.3,27.4,21.7,0.0
2013-04-24,25.3,28.3,22.4,0.8
2013-04-25,25.1,27.9,23.0,0.4
2013-04-26,22.7,23.6,22.0,21.2
2013-04-27,22.4,23.6,21.4,10.6
2013-04-28,23.4,25.8,21.2,2.0
2013-04-29,24.5,28.1,20.9,0.0
2013-04-30,25.5,29.2,22.7,13.8
2013-05-01,24.1,26.1,22.7,21.6
2013-05-02,22.5,22.8,22.0,14.0
2013-05-03,22.8,24.5,21.6,11.8
2013-05-04,24.1,26.3,22.1,0.4
2013-05-05,24.8,27.5,22.4,1.7
2013-05-06,25.2,27.8,23.0,5.3
2013-05-07,25.2,27.6,23.0,1.6
2013-05-08,25.5,27.2,23.6,5.0
2013-05-09,26.2,29.1,23.6,2.4
2013-05-10,26.3,29.2,23.7,6.5
2013-05-11,26.0,27.2,24.5,3.1
2013-05-12,24.8,26.9,23.8,20.9
2013-05-13,25.5,28.1,23.7,10.2
2013-05-14,26.2,28.5,24.3,7.8
2013-05-15,26.6,29.5,24.7,15.3
2013-05-16,26.4,28.7,25.2,16.8
2013-05-17,25.8,27.4,24.9,82.0
2013-05-18,25.8,27.3,24.9,18.7
2013-05-19,26.2,27.7,24.5,24.3
2013-05-20,26.0,28.2,24.8,39.9
2013-05-21,25.3,26.8,24.7,62.5
2013-05-22,25.8,27.1,24.8,60.6
2013-05-23,25.2,26.7,24.4,33.9
2013-05-24,26.3,29.3,24.1,6.3
2013-05-25,26.2,28.9,24.4,2.7
2013-05-26,26.9,29.8,23.8,0.2
2013-05-27,27.3,30.3,25.4,7.7
2013-05-28,27.6,30.1,25.0,7.1
2013-05-29,28.0,30.3,25.6,0.1
2013-05-30,27.9,31.0,24.7,0.0
2013-05-31,28.0,30.8,24.5,0.0
2013-06-01,28.2,30.8,25.8,0.0
2013-06-02,27.9,30.7,24.3,0.0
2013-06-03,27.9,30.4,24.9,1.2
2013-06-04,27.7,30.5,25.2,13.6
2013-06-05,27.5,29.5,24.9,0.5
2013-06-06,27.7,30.5,24.7,0.8
2013-06-07,28.1,31.2,24.6,0.4
2013-06-08,28.1,30.8,25.9,1.1
2013-06-09,28.2,30.8,26.2,2.2
2013-06-10,27.7,29.7,25.5,10.5
2013-06-11,27.9,30.5,25.7,5.3
2013-06-12,27.3,29.9,25.6,11.7
2013-06-13,27.0,29.5,25.5,9.4
2013-06-14,27.3,29.4,25.7,8.2
2013-06-15,28.0,30.3,26.2,10.5
2013-06-16,28.0,30.9,25.8,0.7
2013-06-17,28.0,31.0,25.3,1.6
2013-06-18,28.0,30.8,24.9,1.0
2013-06-19,27.9,30.5,25.2,0.3
2013-06-20,28.3,31.4,25.7,0.0
2013-06-21,28.6,30.2,26.9,0.3
2013-06-22,28.5,31.8,26.6,0.9
2013-06-23,27.6,29.9,25.5,7.0
2013-06-24,26.4,29.4,24.8,28.9
2013-06-25,26.9,29.5,25.1,22.9
2013-06-26,28.2,30.4,26.1,4.3
2013-06-27,28.6,31.2,26.5,0.7
2013-06-28,28.5,31.0,25.9,0.4
2013-06-29,28.5,30.8,26.1,0.2
2013-06-30,28.9,31.8,26.2,0.0
2013-07-01,29.4,32.8,26.4,0.5
2013-07-02,28.9,31.4,27.2,0.8
2013-07-03,28.7,31.7,25.7,0.4
2013-07-04,28.8,31.0,26.1,0.2
2013-07-05,28.4,30.9,26.6,2.6
2013-07-06,28.1,30.7,26.3,0.2
2013-07-07,28.3,30.9,26.1,0.5
2013-07-08,28.3,31.3,25.3,0.1
2013-07-09,27.3,30.5,25.0,6.5
2013-07-10,27.7,30.6,24.7,2.4
2013-07-11,28.2,31.2,24.7,0.0
2013-07-12,28.4,30.3,26.4,0.1
2013-07-13,27.4,28.3,26.7,51.6
2013-07-14,27.0,28.8,25.9,4.6
2013-07-15,28.0,31.0,26.1,1.0
2013-07-16,27.5,30.3,25.0,1.5
2013-07-17,27.7,29.8,25.3,0.9
2013-07-18,26.9,28.9,25.0,8.2
2013-07-19,27.8,29.8,26.1,3.3
2013-07-20,27.4,30.0,25.5,1.8
2013-07-21,27.9,30.9,25.2,0.5
2013-07-22,28.2,30.5,26.0,1.8
2013-07-23,28.3,31.0,24.9,0.6
2013-07-24,28.0,31.2,25.9,2.4
2013-07-25,27.0,29.5,25.1,5.0
2013-07-26,27.2,30.3,25.3,10.4
2013-07-27,27.9,30.8,25.2,0.6
2013-07-28,28.1,31.0,25.6,0.9
2013-07-29,28.2,30.9,25.0,0.2
2013-07-30,28.3,31.4,25.6,1.7
2013-07-31,28.1,31.5,25.8,2.8
2013-08-01,28.2,31.2,25.6,5.4
2013-08-02,28.3,31.2,25.8,5.0
2013-08-03,28.1,31.4,25.5,1.2
2013-08-04,28.3,31.2,25.4,0.1
2013-08-05,28.8,31.4,25.8,0.0
2013-08-06,29.3,32.4,26.7,0.0
2013-08-07,28.7,31.3,26.8,0.7
2013-08-08,28.6,31.3,26.0,0.0
2013-08-09,28.7,31.5,25.9,0.4
2013-08-10,28.7,31.7,26.5,2.2
2013-08-11,29.0,31.8,25.6,0.0
2013-08-12,29.2,32.2,26.4,0.0
2013-08-13,29.1,32.1,26.9,2.6
2013-08-14,27.1,28.6,26.0,10.6
2013-08-15,26.4,27.7,25.4,10.9
2013-08-16,26.8,29.0,25.0,13.5
2013-08-17,27.3,30.0,25.5,4.3
2013-08-18,27.9,30.1,26.0,0.4
2013-08-19,27.8,30.3,25.7,1.5
2013-08-20,27.2,29.2,26.2,28.4
2013-08-21,26.8,28.5,26.0,54.6
2013-08-22,26.8,27.8,26.0,53.0
2013-08-23,26.5,28.1,25.7,8.9
2013-08-24,27.5,29.6,25.8,1.6
2013-08-25,27.7,30.4,24.7,1.4
2013-08-26,28.1,30.7,25.8,0.3
2013-08-27,28.2,30.9,25.4,0.3
2013-08-28,27.1,29.2,25.6,18.9
2013-08-29,26.6,27.1,26.0,193.5
2013-08-30,25.9,27.7,24.6,106.9
2013-08-31,25.3,26.4,24.7,129.0
2013-09-01,25.6,28.2,24.3,7.2
2013-09-02,26.1,29.3,23.6,0.0
2013-09-03,26.4,29.7,23.5,0.0
2013-09-04,26.6,29.0,24.1,0.2
2013-09-05,26.6,29.1,24.4,0.0
2013-09-06,26.7,29.2,24.3,0.2
2013-09-07,27.2,30.0,24.3,0.0
2013-09-08,27.7,30.4,25.3,0.0
2013-09-09,27.5,30.5,24.8,1.4
2013-09-10,27.5,30.4,24.3,0.0
2013-09-11,27.6,29.8,25.5,0.5
2013-09-12,27.4,29.9,25.3,5.0
2013-09-13,27.5,30.2,25.6,7.1
2013-09-14,27.1,29.8,25.0,15.2
2013-09-15,27.0,29.8,25.1,15.5
2013-09-16,27.3,29.9,25.8,12.7
2013-09-17,26.9,29.6,24.4,1.6
2013-09-18,27.0,29.9,23.7,0.0
2013-09-19,27.8,30.5,25.4,0.0
2013-09-20,27.5,29.5,25.4,0.0
2013-09-21,27.4,28.5,26.6,37.3
2013-09-22,27.0,28.5,25.9,70.6
2013-09-23,27.6,29.8,26.0,0.1
2013-09-24,27.4,29.7,25.3,0.9
2013-09-25,27.0,29.0,25.5,2.0
2013-09-26,26.8,28.9,25.5,1.9
2013-09-27,26.8,29.0,24.9,0.2
2013-09-28,26.9,29.2,24.4,0.3
2013-09-29,27.3,29.5,25.1,0.4
2013-09-30,27.3,30.1,24.7,0.0
2013-10-01,27.7,29.8,25.7,0.0
2013-10-02,26.6,29.4,24.0,0.0
2013-10-03,24.8,27.7,22.9,0.0
2013-10-04,24.4,27.3,22.2,0.0
2013-10-05,25.1,28.5,22.4,0.0
2013-10-06,26.1,27.3,24.3,0.0
2013-10-07,26.5,29.3,23.8,0.0
2013-10-08,26.7,29.6,24.4,0.0
2013-10-09,26.6,29.7,23.8,0.0
2013-10-10,26.6,29.6,23.9,0.0
2013-10-11,27.3,30.1,25.3,0.0
2013-10-12,27.0,29.6,25.0,0.3
2013-10-13,26.7,28.9,25.2,1.6
2013-10-14,26.2,28.6,23.9,0.2
2013-10-15,25.7,28.3,23.9,0.2
2013-10-16,24.3,26.6,22.3,0.3
2013-10-17,23.6,26.0,21.5,0.0
2013-10-18,24.4,27.3,21.5,0.0
2013-10-19,24.8,27.4,22.8,0.7
2013-10-20,24.8,27.9,23.0,0.0
2013-10-21,24.3,27.5,22.3,0.0
2013-10-22,23.3,26.3,21.4,0.0
2013-10-23,22.6,25.8,20.7,0.0
2013-10-24,22.5,25.6,20.7,0.0
2013-10-25,21.9,24.9,20.3,0.0
2013-10-26,21.8,25.0,19.7,0.0
2013-10-27,21.8,24.8,19.4,0.8
2013-10-28,22.3,25.5,18.9,0.0
2013-10-29,22.7,26.2,18.6,0.0
2013-10-30,24.2,27.3,20.1,0.0
2013-10-31,24.8,28.1,21.1,0.0
2013-11-01,25.2,28.3,23.1,0.0
2013-11-02,25.1,28.3,23.6,5.2
2013-11-03,25.0,27.5,23.5,1.8
2013-11-04,25.0,28.2,23.0,0.0
2013-11-05,24.9,27.9,22.7,0.0
2013-11-06,24.9,28.2,22.8,0.4
2013-11-07,25.0,28.2,22.5,0.7
2013-11-08,25.2,28.4,23.1,0.2
2013-11-09,25.1,28.0,22.8,0.0
2013-11-10,25.7,29.0,24.1,0.0
2013-11-11,25.5,27.5,23.8,1.9
2013-11-12,24.2,26.7,22.8,3.9
2013-11-13,24.1,26.9,22.3,0.1
2013-11-14,23.6,26.6,21.2,0.0
2013-11-15,23.5,27.1,21.3,0.0
2013-11-16,23.1,26.4,20.4,0.0
2013-11-17,21.6,25.2,19.2,0.0
2013-11-18,20.3,23.6,18.1,0.0
2013-11-19,19.9,23.2,17.7,0.0
2013-11-20,20.7,23.1,19.0,0.0
2013-11-21,21.7,24.8,19.0,0.0
2013-11-22,20.9,22.8,19.6,2.0
2013-11-23,21.6,25.7,18.1,0.0
2013-11-24,22.1,25.8,18.8,4.5
2013-11-25,21.2,23.4,19.6,7.0
2013-11-26,20.8,22.8,19.1,2.2
2013-11-27,20.7,24.1,18.6,0.1
2013-11-28,17.7,19.3,16.4,1.2
2013-11-29,16.6,19.4,14.9,0.0
2013-11-30,16.7,20.4,12.7,0.0
2013-12-01,17.9,22.1,14.2,0.0
2013-12-02,18.6,22.7,14.7,0.0
2013-12-03,18.6,22.8,14.4,0.0
2013-12-04,17.7,22.6,13.5,0.0
2013-12-05,17.9,23.0,13.5,0.0
2013-12-06,19.1,23.8,15.0,0.0
2013-12-07,20.5,24.9,15.6,0.0
2013-12-08,21.7,25.6,19.0,0.0
2013-12-09,21.6,25.8,19.4,1.2
2013-12-10,20.1,22.7,18.4,0.0
2013-12-11,19.0,21.3,17.8,0.9
2013-12-12,19.6,22.6,17.3,0.0
2013-12-13,20.0,22.7,18.7,4.4
2013-12-14,21.0,24.1,18.8,3.2
2013-12-15,21.2,23.9,19.7,5.4
2013-12-16,21.8,26.7,18.9,8.6
2013-12-17,18.5,20.6,15.9,48.3
2013-12-18,16.8,18.9,15.0,7.1
2013-12-19,16.2,18.3,15.0,1.0
2013-12-20,16.0,17.3,15.1,5.0
2013-12-21,16.5,18.4,15.4,0.6
2013-12-22,16.8,19.2,15.5,0.7
2013-12-23,18.0,20.7,16.4,0.6
2013-12-24,17.8,20.0,16.6,2.7
2013-12-25,17.5,19.8,16.3,14.2
2013-12-26,16.9,19.8,14.0,3.3
2013-12-27,13.9,15.4,12.6,0.4
2013-12-28,14.9,17.6,12.6,0.0
2013-12-29,15.3,18.0,13.7,0.0
2013-12-30,16.2,19.6,13.9,0.0
2013-12-31,17.0,20.9,14.5,0.0
2014-01-01,17.7,22.1,14.3,0.0
2014-01-02,18.9,23.8,14.6,0.0
2014-01-03,19.8,22.9,17.3,0.3
2014-01-04,18.6,22.1,15.7,0.0
2014-01-05,17.2,21.2,14.0,0.0
2014-01-06,17.9,21.8,14.4,0.0
2014-01-07,18.6,22.9,15.3,0.0
2014-01-08,19.2,23.4,15.7,0.0
2014-01-09,16.9,19.9,15.3,0.5
2014-01-10,17.5,20.8,14.8,0.1
2014-01-11,18.6,22.2,16.0,0.0
2014-01-12,18.1,21.8,16.1,0.2
2014-01-13,17.2,20.6,15.6,0.2
2014-01-14,16.4,18.9,15.0,0.0
2014-01-15,16.3,19.7,13.3,0.0
2014-01-16,16.9,20.2,14.1,0.0
2014-01-17,17.1,20.5,13.3,0.0
2014-01-18,16.1,19.8,13.2,0.0
2014-01-19,15.7,19.2,12.1,0.0
2014-01-20,16.1,19.3,13.4,0.0
2014-01-21,15.1,18.1,13.0,0.0
2014-01-22,14.2,17.6,11.6,0.0
2014-01-23,14.8,19.2,10.6,0.0
2014-01-24,15.1,20.0,10.7,0.0
2014-01-25,17.3,23.2,13.1,0.0
2014-01-26,16.8,22.0,12.6,0.0
2014-01-27,17.5,22.2,14.2,0.0
2014-01-28,17.9,23.0,13.8,0.0
2014-01-29,17.9,23.1,13.0,0.0
2014-01-30,18.0,23.9,12.4,0.0
2014-01-31,19.0,24.5,13.6,0.0
2014-02-01,20.0,24.5,15.5,0.0
2014-02-02,21.4,24.8,19.7,5.5
2014-02-03,22.0,25.7,19.8,5.4
2014-02-04,19.8,23.1,17.8,2.0
2014-02-05,19.6,22.8,17.3,2.6
2014-02-06,20.6,24.5,17.8,1.3
2014-02-07,20.6,24.1,18.5,0.2
2014-02-08,19.5,22.6,17.4,0.1
2014-02-09,18.0,21.1,15.4,1.4
2014-02-10,13.8,15.2,12.1,10.0
2014-02-11,13.2,15.6,12.0,2.5
2014-02-12,15.6,18.9,12.9,0.3
2014-02-13,16.1,17.9,14.7,7.2
2014-02-14,15.4,18.1,13.8,1.3
2014-02-15,16.1,18.5,14.5,0.8
2014-02-16,17.9,21.9,14.4,0.0
2014-02-17,19.6,25.2,14.4,0.0
2014-02-18,20.5,25.2,16.4,1.9
2014-02-19,14.8,17.0,13.4,10.4
2014-02-20,14.5,17.8,12.4,1.0
2014-02-21,15.1,18.6,11.7,0.0
2014-02-22,16.5,20.3,12.3,0.0
2014-02-23,17.4,21.7,14.2,0.0
2014-02-24,17.7,21.3,14.6,0.0
2014-02-25,19.0,23.8,13.8,0.0
2014-02-26,20.7,25.2,16.7,0.2
2014-02-27,20.7,25.0,17.2,0.0
2014-02-28,20.8,25.3,18.1,0.1
2014-03-01,21.3,24.8,18.5,0.0
2014-03-02,20.5,23.7,17.3,0.0
2014-03-03,18.4,20.7,16.4,2.6
2014-03-04,19.1,22.7,16.9,0.3
2014-03-05,19.2,22.2,17.6,0.0
2014-03-06,18.6,21.1,16.9,3.5
2014-03-07,18.6,22.1,16.2,2.0
2014-03-08,18.5,22.0,17.2,1.4
2014-03-09,17.6,20.6,15.8,0.9
2014-03-10,17.7,20.0,16.2,1.8
2014-03-11,18.8,22.5,16.7,0.5
2014-03-12,21.3,26.4,17.1,3.9
2014-03-13,20.6,23.2,17.1,12.8
2014-03-14,17.8,21.1,15.9,0.6
2014-03-15,18.5,21.7,15.6,0.0
2014-03-16,19.5,22.7,15.8,0.0
2014-03-17,20.7,24.3,16.8,0.0
2014-03-18,22.3,26.2,18.0,0.0
2014-03-19,23.7,27.8,20.9,0.0
2014-03-20,21.5,26.2,17.4,0.2
2014-03-21,17.3,20.0,15.9,1.7
2014-03-22,18.8,21.7,16.8,0.1
2014-03-23,19.8,22.2,17.7,0.4
2014-03-24,20.1,22.7,17.5,0.1
2014-03-25,21.3,25.1,17.0,0.0
2014-03-26,23.4,26.6,20.0,0.0
2014-03-27,23.2,26.3,20.7,23.1
2014-03-28,25.0,28.7,21.5,0.6
2014-03-29,25.1,28.5,22.7,6.2
2014-03-30,24.5,27.5,21.8,0.0
2014-03-31,23.8,27.1,22.2,4.7
2014-04-01,22.4,25.9,20.4,18.1
2014-04-02,22.1,25.6,19.9,4.4
2014-04-03,22.2,24.4,20.3,4.6
2014-04-04,21.7,24.3,20.4,13.6
2014-04-05,21.7,24.5,18.9,0.1
2014-04-06,22.4,25.8,18.6,0.8
2014-04-07,21.5,23.3,20.0,5.5
2014-04-08,22.2,25.2,19.4,1.8
2014-04-09,23.4,26.9,19.8,0.0
2014-04-10,23.8,27.6,20.6,0.0
2014-04-11,23.9,26.9,21.6,0.0
2014-04-12,24.6,28.0,21.1,0.0
2014-04-13,25.0,28.0,21.9,0.0
2014-04-14,24.3,27.3,22.0,0.4
2014-04-15,23.5,26.2,21.3,0.4
2014-04-16,23.9,26.6,21.5,0.1
2014-04-17,25.2,29.0,21.9,0.0
2014-04-18,25.5,28.3,22.8,0.0
2014-04-19,25.5,28.5,23.5,0.0
2014-04-20,25.5,28.3,22.9,0.3
2014-04-21,25.3,29.0,22.7,0.0
2014-04-22,25.4,29.2,22.9,0.1
2014-04-23,24.3,27.0,22.3,0.3
2014-04-24,25.1,28.9,22.2,0.0
2014-04-25,25.2,28.8,22.5,0.0
2014-04-26,25.5,28.8,22.6,1.4
2014-04-27,25.7,29.1,23.1,0.0
2014-04-28,25.6,29.2,23.3,0.0
2014-04-29,24.9,27.7,21.9,0.0
2014-04-30,23.7,26.6,21.6,4.2
2014-05-01,23.0,25.3,21.6,5.8
2014-05-02,24.3,27.0,22.5,7.0
2014-05-03,24.6,26.8,22.8,15.5
2014-05-04,23.9,25.8,22.4,14.0
2014-05-05,24.1,26.6,22.1,34.3
2014-05-06,21.7,22.8,20.8,23.2
2014-05-07,22.5,25.1,20.7,17.3
2014-05-08,24.3,27.2,22.0,2.5
2014-05-09,24.5,26.9,22.8,10.0
2014-05-10,25.9,28.7,23.2,31.2
2014-05-11,27.0,30.1,24.6,0.3
2014-05-12,26.4,28.6,24.9,29.7
2014-05-13,26.5,28.6,24.7,2.5
2014-05-14,27.1,29.9,24.9,2.8
2014-05-15,26.9,29.1,25.5,7.9
2014-05-16,27.1,29.8,25.0,5.5
2014-05-17,27.4,30.4,24.3,1.3
2014-05-18,26.7,28.3,25.0,5.0
2014-05-19,26.3,28.3,24.7,15.4
2014-05-20,25.7,26.7,24.8,21.0
2014-05-21,25.6,27.9,24.5,24.0
2014-05-22,26.8,29.7,24.7,2.6
2014-05-23,26.5,28.6,25.0,3.3
2014-05-24,27.2,30.0,24.1,0.0
2014-05-25,27.4,30.5,24.3,4.1
2014-05-26,27.7,30.5,25.0,1.6
2014-05-27,27.2,29.2,25.5,4.3
2014-05-28,27.1,30.2,25.1,48.2
2014-05-29,27.9,30.4,25.5,1.0
2014-05-30,27.7,30.3,25.8,3.8
2014-05-31,28.2,30.7,25.0,0.0
2014-06-01,28.2,30.8,25.7,0.9
2014-06-02,28.1,30.5,25.3,1.3
2014-06-03,26.6,27.5,25.8,26.4
2014-06-04,26.6,28.2,25.1,3.3
2014-06-05,27.2,30.2,24.4,3.2
2014-06-06,27.3,30.4,25.3,17.1
2014-06-07,26.3,27.8,25.3,23.7
2014-06-08,26.2,28.0,25.1,18.0
2014-06-09,26.8,28.7,25.1,13.9
2014-06-10,27.5,30.0,25.4,1.4
2014-06-11,27.5,30.3,25.4,6.2
2014-06-12,27.4,30.6,25.9,27.5
2014-06-13,26.9,28.4,25.7,5.0
2014-06-14,26.4,27.6,25.4,32.3
2014-06-15,26.7,28.1,25.8,34.0
2014-06-16,27.1,28.8,26.0,6.1
2014-06-17,27.6,29.9,25.3,17.4
2014-06-18,28.0,30.2,26.3,3.4
2014-06-19,28.2,30.6,26.0,0.5
2014-06-20,27.7,30.0,26.6,6.8
2014-06-21,27.8,29.6,26.8,3.8
2014-06-22,27.8,30.0,26.4,6.0
2014-06-23,27.8,30.0,26.1,15.5
2014-06-24,27.5,30.1,25.5,9.2
2014-06-25,27.6,29.6,25.9,16.6
2014-06-26,28.6,31.1,26.5,0.2
2014-06-27,28.6,30.7,26.4,1.2
2014-06-28,28.4,31.2,26.5,4.1
2014-06-29,28.6,31.0,26.8,7.1
2014-06-30,28.8,31.1,26.8,0.3
2014-07-01,29.1,31.5,26.7,2.4
2014-07-02,29.0,31.4,26.3,0.0
2014-07-03,29.1,31.5,26.5,0.0
2014-07-04,28.7,31.0,26.7,2.5
2014-07-05,28.7,31.0,26.8,3.1
2014-07-06,29.1,31.4,26.7,1.5
2014-07-07,29.3,31.8,27.1,1.4
2014-07-08,29.1,31.2,27.7,0.0
2014-07-09,28.7,31.5,26.3,4.1
2014-07-10,29.2,31.1,27.7,2.2
2014-07-11,29.2,31.5,27.4,0.9
2014-07-12,29.2,31.8,27.0,0.3
2014-07-13,29.3,31.7,27.1,0.6
2014-07-14,29.3,31.6,27.0,1.4
2014-07-15,29.4,31.9,27.2,0.4
2014-07-16,29.3,31.8,26.6,0.0
2014-07-17,29.1,32.0,26.6,3.6
2014-07-18,28.8,32.4,26.6,4.7
2014-07-19,27.8,30.2,25.9,7.2
2014-07-20,28.3,30.6,25.8,0.2
2014-07-21,29.0,31.5,26.5,0.5
2014-07-22,28.7,31.0,26.2,9.4
2014-07-23,27.1,28.0,26.6,159.2
2014-07-24,27.7,29.7,26.5,10.9
2014-07-25,27.2,29.5,25.6,14.1
2014-07-26,28.0,30.9,25.5,2.2
2014-07-27,27.9,30.7,25.7,2.3
2014-07-28,28.0,30.6,25.8,1.5
2014-07-29,28.4,31.1,26.2,0.3
2014-07-30,29.0,31.2,26.5,0.6
2014-07-31,28.6,31.1,26.6,1.1
2014-08-01,26.8,29.7,24.8,48.6
2014-08-02,27.4,29.7,25.6,12.1
2014-08-03,28.0,30.4,26.3,5.0
2014-08-04,28.0,29.8,26.4,0.0
2014-08-05,27.8,30.0,26.4,5.0
2014-08-06,27.7,29.9,26.3,16.0
2014-08-07,26.9,29.6,25.5,21.7
2014-08-08,27.3,30.3,25.2,3.0
2014-08-09,27.2,30.0,26.1,9.1
2014-08-10,27.3,29.2,26.2,12.9
2014-08-11,26.9,28.7,25.9,13.9
2014-08-12,26.4,28.4,25.6,21.9
2014-08-13,26.1,27.1,25.0,41.7
2014-08-14,27.1,29.4,25.4,6.7
2014-08-15,28.2,30.8,25.8,0.8
2014-08-16,28.3,30.9,26.1,1.2
2014-08-17,28.4,30.7,26.8,0.7
2014-08-18,28.1,29.8,26.5,5.8
2014-08-19,26.8,28.9,25.2,6.8
2014-08-20,26.9,29.7,24.8,1.8
2014-08-21,27.3,30.1,24.1,0.0
2014-08-22,27.9,30.4,25.3,0.0
2014-08-23,27.8,30.6,24.9,0.1
2014-08-24,27.9,30.9,25.1,0.0
2014-08-25,28.3,31.0,25.9,0.4
2014-08-26,28.4,31.3,25.4,0.1
2014-08-27,28.4,31.5,26.0,0.4
2014-08-28,28.4,31.4,25.7,0.6
2014-08-29,27.8,30.8,25.7,4.1
2014-08-30,27.8,30.8,25.6,1.9
2014-08-31,27.8,30.5,25.0,2.6
2014-09-01,28.3,31.2,25.6,0.3
2014-09-02,28.3,31.2,24.9,0.0
2014-09-03,28.0,31.1,24.6,0.0
2014-09-04,27.9,30.9,25.0,0.3
2014-09-05,28.3,31.0,25.3,0.6
2014-09-06,28.4,31.2,26.5,4.4
2014-09-07,28.3,30.6,26.4,4.1
2014-09-08,27.8,30.0,25.8,14.4
2014-09-09,28.3,30.9,25.9,1.4
2014-09-10,28.2,30.4,25.4,0.4
2014-09-11,27.9,30.7,25.8,1.2
2014-09-12,28.3,31.4,26.2,0.6
2014-09-13,28.4,30.8,26.1,0.2
2014-09-14,28.8,31.8,26.0,0.0
2014-09-15,29.5,33.3,26.7,0.0
2014-09-16,28.7,31.9,25.9,2.5
2014-09-17,28.3,31.3,25.5,0.2
2014-09-18,29.0,31.9,26.4,0.0
2014-09-19,28.9,31.5,26.3,0.5
2014-09-20,28.6,32.1,26.5,10.0
2014-09-21,26.6,27.3,25.4,47.5
2014-09-22,26.6,29.4,24.8,7.3
2014-09-23,26.4,28.5,25.1,14.9
2014-09-24,27.0,29.3,25.1,6.6
2014-09-25,27.4,30.0,25.1,1.4
2014-09-26,27.6,30.0,25.0,0.1
2014-09-27,27.6,30.1,24.8,0.1
2014-09-28,27.2,29.6,24.9,0.8
2014-09-29,27.4,29.6,25.3,0.1
2014-09-30,27.3,29.6,24.8,0.0
2014-10-01,27.2,29.6,24.9,0.9
2014-10-02,26.9,29.6,25.0,0.5
2014-10-03,26.6,29.6,24.3,0.2
2014-10-04,24.8,27.8,22.7,0.0
2014-10-05,24.9,28.1,22.5,0.0
2014-10-06,25.4,28.3,22.9,0.0
2014-10-07,25.1,27.7,22.7,0.0
2014-10-08,25.0,27.8,22.4,0.0
2014-10-09,25.6,28.7,23.2,0.0
2014-10-10,25.8,29.5,22.9,0.0
2014-10-11,25.5,29.2,23.2,0.0
2014-10-12,24.5,27.5,22.3,0.0
2014-10-13,24.0,27.8,20.9,0.0
2014-10-14,23.6,27.3,20.2,0.0
2014-10-15,23.6,27.0,20.1,0.0
2014-10-16,23.7,25.9,21.0,0.0
2014-10-17,24.3,27.1,21.6,0.0
2014-10-18,24.5,27.8,20.4,0.0
2014-10-19,25.2,28.5,22.1,0.0
2014-10-20,25.3,29.8,21.5,0.0
2014-10-21,25.7,29.8,21.3,0.0
2014-10-22,25.9,29.6,22.1,0.0
2014-10-23,25.0,27.7,23.5,6.6
2014-10-24,24.8,27.8,22.1,1.5
2014-10-25,25.2,28.6,22.3,0.0
2014-10-26,25.6,29.1,22.9,0.0
2014-10-27,26.0,29.3,22.8,0.0
2014-10-28,25.4,28.1,23.0,3.0
2014-10-29,25.3,27.8,23.1,0.8
2014-10-30,25.3,27.1,23.8,0.2
2014-10-31,25.2,27.4,23.5,0.0
2014-11-01,25.2,28.3,22.5,0.1
2014-11-02,25.2,29.0,22.5,0.0
2014-11-03,23.5,26.0,21.9,0.0
2014-11-04,23.1,25.8,21.2,0.0
2014-11-05,23.1,25.7,21.1,0.0
2014-11-06,23.4,26.9,20.3,0.0
2014-11-07,23.4,25.7,20.9,1.0
2014-11-08,23.8,26.5,21.6,0.0
2014-11-09,23.7,26.9,21.9,0.0
2014-11-10,23.8,27.1,20.9,0.0
2014-11-11,23.6,27.0,21.1,0.0
2014-11-12,23.4,25.8,21.6,0.0
2014-11-13,22.3,24.2,20.6,14.2
2014-11-14,21.7,23.7,20.3,5.4
2014-11-15,22.4,24.3,20.1,3.0
2014-11-16,22.3,24.8,20.7,0.5
2014-11-17,22.1,23.8,20.9,0.7
2014-11-18,22.2,25.2,20.6,0.0
2014-11-19,22.0,24.6,20.1,0.1
2014-11-20,22.0,25.1,19.4,0.0
2014-11-21,22.3,26.0,19.6,0.0
2014-11-22,22.9,26.9,20.2,0.0
2014-11-23,22.8,26.3,19.8,0.0
2014-11-24,22.9,26.4,20.3,0.0
2014-11-25,22.5,26.4,18.9,0.0
2014-11-26,23.5,27.1,20.6,0.0
2014-11-27,23.9,27.4,21.3,0.0
2014-11-28,24.3,27.9,21.4,0.0
2014-11-29,24.5,27.5,22.5,0.0
2014-11-30,24.6,27.7,22.5,0.0
2014-12-01,22.4,24.6,19.2,1.6
2014-12-02,19.3,20.6,18.2,4.6
2014-12-03,20.8,22.7,19.0,2.1
2014-12-04,19.1,20.6,16.8,17.9
2014-12-05,17.8,20.1,16.3,0.7
2014-12-06,19.0,21.7,16.8,0.1
2014-12-07,19.9,23.0,17.7,0.0
2014-12-08,20.0,23.6,17.1,0.0
2014-12-09,20.8,23.2,18.6,0.0
2014-12-10,21.4,24.1,19.9,0.8
2014-12-11,20.5,22.3,18.8,0.1
2014-12-12,17.0,18.6,16.1,7.8
2014-12-13,17.2,19.5,16.1,0.0
2014-12-14,17.8,20.3,15.8,0.0
2014-12-15,19.3,23.2,16.4,0.0
2014-12-16,17.7,20.3,14.9,0.0
2014-12-17,14.6,16.7,13.2,0.0
2014-12-18,16.2,19.2,13.2,0.0
2014-12-19,17.2,18.1,16.2,1.9
2014-12-20,17.8,20.1,16.7,0.4
2014-12-21,17.4,20.7,15.0,0.0
2014-12-22,16.7,20.4,13.9,0.0
2014-12-23,17.5,20.0,15.0,0.0
2014-12-24,20.0,24.1,16.9,0.0
2014-12-25,18.3,19.8,17.2,6.7
2014-12-26,18.1,19.7,17.2,8.6
2014-12-27,18.3,20.7,16.3,1.5
2014-12-28,17.2,18.7,15.1,3.5
2014-12-29,16.3,19.4,14.6,0.0
2014-12-30,16.7,20.4,14.0,0.0
2014-12-31,16.9,20.9,13.9,0.0
2015-01-01,16.0,19.9,13.5,0.0
2015-01-02,16.3,18.7,13.8,0.0
2015-01-03,17.0,19.7,14.5,0.0
2015-01-04,17.9,22.1,14.6,0.0
2015-01-05,18.9,24.1,13.8,0.0
2015-01-06,20.3,25.3,16.7,0.0
2015-01-07,18.3,20.8,15.9,0.6
2015-01-08,15.7,18.1,14.3,3.4
2015-01-09,16.8,19.7,14.8,0.3
2015-01-10,17.1,19.7,15.3,0.4
2015-01-11,18.0,21.4,14.7,0.0
2015-01-12,18.5,20.8,15.6,2.2
2015-01-13,18.8,22.7,16.0,4.1
2015-01-14,17.2,20.5,15.3,10.7
2015-01-15,17.4,21.0,15.5,0.0
2015-01-16,17.2,20.4,15.2,0.0
2015-01-17,16.9,20.3,14.8,0.0
2015-01-18,16.6,19.7,14.6,0.0
2015-01-19,17.3,20.5,14.9,0.0
2015-01-20,18.4,20.8,16.7,0.4
2015-01-21,18.0,20.6,16.5,0.6
2015-01-22,17.1,20.6,13.8,0.0
2015-01-23,15.7,20.3,11.5,0.0
2015-01-24,16.0,21.3,11.6,0.0
2015-01-25,18.0,21.9,13.1,0.0
2015-01-26,19.1,23.4,15.7,0.2
2015-01-27,18.4,20.2,17.3,18.3
2015-01-28,18.1,20.9,16.6,9.5
2015-01-29,18.5,22.3,16.4,0.1
2015-01-30,17.8,21.5,15.9,0.0
2015-01-31,17.1,20.6,15.0,0.0
2015-02-01,17.3,19.9,15.3,0.3
2015-02-02,17.7,21.1,15.6,0.2
2015-02-03,17.9,21.6,15.8,0.0
2015-02-04,17.6,21.7,14.9,0.0
2015-02-05,15.3,18.1,13.4,0.0
2015-02-06,15.2,17.6,13.6,1.0
2015-02-07,16.7,20.7,14.1,0.1
2015-02-08,16.9,19.7,15.1,0.0
2015-02-09,14.9,17.6,13.4,0.2
2015-02-10,15.2,18.6,11.9,0.0
2015-02-11,16.1,19.9,12.6,0.0
2015-02-12,17.0,21.0,14.2,0.0
2015-02-13,16.8,21.8,11.7,0.0
2015-02-14,18.2,22.2,14.0,0.0
2015-02-15,20.5,24.7,16.8,1.9
2015-02-16,20.0,23.7,17.6,14.9
2015-02-17,20.1,23.3,17.2,0.0
2015-02-18,19.9,23.2,17.4,0.6
2015-02-19,19.4,22.4,17.2,1.2
2015-02-20,19.4,22.4,17.4,0.3
2015-02-21,20.5,24.8,16.2,1.6
2015-02-22,21.1,24.1,19.2,9.2
2015-02-23,20.7,23.6,18.7,0.0
2015-02-24,21.0,25.1,18.3,3.1
2015-02-25,21.4,25.3,18.4,0.1
2015-02-26,22.2,26.9,18.0,0.0
2015-02-27,21.3,25.2,18.9,0.0
2015-02-28,21.2,25.0,18.1,0.0
2015-03-01,19.8,23.3,16.8,0.2
2015-03-02,18.7,22.1,16.2,0.5
2015-03-03,21.0,25.6,17.0,1.6
2015-03-04,20.4,24.5,18.1,0.0
2015-03-05,20.3,24.4,17.4,0.0
2015-03-06,20.0,23.6,18.0,0.0
2015-03-07,20.0,23.2,17.9,0.0
2015-03-08,20.7,24.8,18.0,0.0
2015-03-09,21.5,24.9,18.4,0.0
2015-03-10,19.1,21.6,17.6,2.9
2015-03-11,18.5,21.3,16.7,0.4
2015-03-12,18.6,22.1,16.8,1.3
2015-03-13,19.7,23.6,16.3,0.0
2015-03-14,21.1,25.3,17.5,0.0
2015-03-15,23.3,28.0,18.7,0.2
2015-03-16,24.2,27.0,22.2,1.2
2015-03-17,24.5,28.4,22.2,0.0
2015-03-18,24.0,28.3,20.6,0.0
2015-03-19,24.0,28.5,20.1,0.0
2015-03-20,23.4,27.5,20.5,0.0
2015-03-21,23.1,26.9,20.7,0.0
2015-03-22,22.4,25.5,20.6,2.6
2015-03-23,21.3,25.4,18.1,4.7
2015-03-24,21.7,25.7,18.6,1.2
2015-03-25,20.6,23.0,19.3,6.8
2015-03-26,20.7,23.6,18.8,3.3
2015-03-27,20.8,23.6,18.9,3.0
2015-03-28,21.8,25.2,18.8,0.0
2015-03-29,22.4,26.3,18.8,0.0
2015-03-30,24.0,28.3,20.5,0.0
2015-03-31,25.1,29.1,22.0,0.2
2015-04-01,25.5,29.5,22.2,0.0
2015-04-02,25.8,29.8,23.0,0.0
2015-04-03,26.1,30.2,23.2,0.0
2015-04-04,26.4,30.1,23.3,0.0
2015-04-05,26.2,30.3,22.4,0.0
2015-04-06,25.1,27.1,23.6,26.4
2015-04-07,24.7,27.6,22.5,1.0
2015-04-08,22.1,25.7,20.1,0.1
2015-04-09,22.0,25.5,19.3,0.0
2015-04-10,22.2,25.5,20.0,0.2
2015-04-11,20.3,21.8,19.3,25.5
2015-04-12,21.3,24.5,19.1,6.5
2015-04-13,21.2,24.1,18.1,0.0
2015-04-14,19.6,22.7,16.7,0.0
2015-04-15,21.3,26.3,14.2,0.0
2015-04-16,23.3,27.7,18.8,0.0
2015-04-17,24.0,28.4,19.2,0.0
2015-04-18,26.6,29.4,24.4,1.1
2015-04-19,26.8,29.7,24.3,0.0
2015-04-20,26.5,29.5,24.3,0.0
2015-04-21,24.7,27.7,21.6,15.4
2015-04-22,23.5,26.4,21.2,4.3
2015-04-23,24.2,26.9,22.2,0.6
2015-04-24,24.4,27.6,21.9,1.1
2015-04-25,24.6,27.8,22.0,1.3
2015-04-26,24.7,27.5,21.9,0.4
2015-04-27,24.9,27.8,21.5,0.2
2015-04-28,25.6,28.9,22.5,3.7
2015-04-29,25.6,28.5,23.4,0.7
2015-04-30,26.0,28.8,23.4,1.3
2015-05-01,25.8,28.5,23.7,10.1
2015-05-02,26.5,30.0,23.5,0.4
2015-05-03,26.3,28.7,23.7,1.9
2015-05-04,26.5,29.7,23.7,4.1
2015-05-05,25.6,28.9,24.1,10.6
2015-05-06,26.4,30.1,23.4,0.3
2015-05-07,26.6,29.4,23.4,0.0
2015-05-08,26.9,29.5,25.0,1.8
2015-05-09,27.6,30.4,25.0,0.0
2015-05-10,27.1,30.2,24.4,1.4
2015-05-11,26.3,28.1,24.8,0.1
2015-05-12,26.5,29.2,24.6,4.2
2015-05-13,27.5,30.8,24.7,0.4
2015-05-14,28.2,31.9,25.2,0.0
2015-05-15,28.1,31.0,25.4,0.1
2015-05-16,27.7,31.3,24.5,0.0
2015-05-17,27.7,31.0,24.9,0.0
2015-05-18,27.6,31.3,23.6,0.0
2015-05-19,27.9,30.6,25.1,1.2
2015-05-20,27.3,30.1,25.9,12.0
2015-05-21,26.1,28.7,24.8,19.0
2015-05-22,25.6,26.8,24.8,50.4
2015-05-23,25.8,27.2,24.8,80.8
2015-05-24,25.8,26.5,25.2,110.4
2015-05-25,25.6,26.6,25.0,105.2
2015-05-26,26.0,27.9,24.9,24.2
2015-05-27,26.6,29.6,24.9,13.1
2015-05-28,27.5,30.0,25.0,0.6
2015-05-29,27.7,30.5,25.6,4.7
2015-05-30,28.0,30.4,25.4,4.2
2015-05-31,26.8,29.4,25.5,28.4
2015-06-01,27.7,30.3,25.5,0.7
2015-06-02,28.1,31.1,25.5,0.2
2015-06-03,28.2,31.0,26.0,0.5
2015-06-04,28.1,30.4,25.9,0.9
2015-06-05,27.7,30.1,25.4,0.8
2015-06-06,27.7,30.5,26.0,5.4
2015-06-07,28.3,30.7,26.0,0.6
2015-06-08,28.1,30.7,25.7,0.0
2015-06-09,28.2,31.2,24.5,0.0
2015-06-10,28.5,31.2,25.6,1.0
2015-06-11,28.9,31.5,25.9,0.0
2015-06-12,28.7,31.3,25.7,0.6
2015-06-13,29.1,32.0,26.8,0.0
2015-06-14,29.3,32.1,27.2,0.0
2015-06-15,29.2,32.1,26.5,0.0
2015-06-16,29.3,32.2,26.7,0.0
2015-06-17,29.2,31.8,26.9,0.3
2015-06-18,29.2,31.8,26.1,0.3
2015-06-19,29.0,32.0,26.3,2.3
2015-06-20,29.3,32.2,27.2,1.5
2015-06-21,29.3,32.9,26.1,1.8
2015-06-22,29.1,31.6,27.2,0.1
2015-06-23,29.0,31.1,27.2,1.8
2015-06-24,28.4,30.6,27.1,3.5
2015-06-25,28.4,31.0,26.5,9.6
2015-06-26,28.8,31.3,27.1,5.2
2015-06-27,28.9,31.6,26.6,3.7
2015-06-28,28.8,31.5,26.9,1.1
2015-06-29,29.1,31.2,27.1,1.0
2015-06-30,28.8,31.4,26.5,5.0
2015-07-01,28.5,30.6,26.7,3.7
2015-07-02,28.5,31.2,26.4,3.9
2015-07-03,29.0,31.5,26.4,0.2
2015-07-04,29.0,31.6,25.8,0.6
2015-07-05,29.3,32.3,26.8,0.0
2015-07-06,28.7,31.0,27.1,5.4
2015-07-07,28.0,30.5,26.7,8.1
2015-07-08,27.2,28.7,26.6,52.4
2015-07-09,28.2,30.7,26.4,0.8
2015-07-10,28.0,29.8,26.4,0.5
2015-07-11,27.9,29.8,26.4,39.4
2015-07-12,27.7,30.0,26.4,15.8
2015-07-13,27.6,30.3,26.0,16.1
2015-07-14,27.7,30.1,25.8,1.2
2015-07-15,27.8,30.3,25.9,1.5
2015-07-16,28.1,30.5,26.0,1.6
2015-07-17,28.1,30.6,25.9,1.3
2015-07-18,28.2,30.7,26.6,4.8
2015-07-19,26.8,28.1,25.7,14.8
2015-07-20,26.3,28.0,25.5,21.3
2015-07-21,28.2,30.5,26.3,2.4
2015-07-22,27.3,29.2,25.5,18.7
2015-07-23,27.4,29.9,25.1,4.5
2015-07-24,27.6,30.1,25.3,0.3
2015-07-25,27.8,30.4,24.9,1.9
2015-07-26,27.9,30.4,25.3,2.8
2015-07-27,27.1,30.1,25.2,7.9
2015-07-28,27.2,29.6,25.2,3.8
2015-07-29,27.8,30.5,24.8,0.7
2015-07-30,28.0,31.0,25.5,0.0
2015-07-31,28.0,30.8,24.8,0.1
2015-08-01,28.2,30.3,26.0,0.6
2015-08-02,28.1,30.8,25.0,0.0
2015-08-03,28.2,31.0,24.9,0.0
2015-08-04,28.0,31.0,24.7,0.0
2015-08-05,27.8,30.6,24.8,0.0
2015-08-06,28.0,30.8,25.1,0.1
2015-08-07,28.2,31.9,25.2,0.1
2015-08-08,26.9,27.8,26.3,92.1
2015-08-09,26.6,28.1,25.9,57.5
2015-08-10,28.1,30.8,26.2,2.3
2015-08-11,27.8,30.0,26.1,0.6
2015-08-12,27.3,30.1,25.7,2.7
2015-08-13,26.7,28.8,25.4,42.1
2015-08-14,26.3,28.4,24.9,46.7
2015-08-15,26.5,28.1,24.9,24.4
2015-08-16,26.9,28.9,26.0,28.1
2015-08-17,27.7,29.2,26.2,5.8
2015-08-18,27.4,29.9,25.5,7.5
2015-08-19,27.5,29.6,25.2,1.4
2015-08-20,27.9,30.8,25.4,0.3
2015-08-21,28.3,31.1,25.4,0.0
2015-08-22,28.3,30.7,25.9,0.0
2015-08-23,28.0,30.3,26.3,6.4
2015-08-24,27.9,30.9,26.2,17.2
2015-08-25,26.9,29.0,25.8,18.4
2015-08-26,25.7,26.7,25.1,49.4
2015-08-27,25.5,26.4,25.0,51.4
2015-08-28,25.3,26.4,24.7,52.7
2015-08-29,25.3,26.1,24.6,81.4
2015-08-30,25.5,26.6,24.5,34.3
2015-08-31,25.7,27.4,24.8,29.4
2015-09-01,26.2,29.1,24.5,27.7
2015-09-02,27.3,30.1,24.6,2.1
2015-09-03,27.4,30.2,24.4,0.2
2015-09-04,27.6,30.4,24.8,1.3
2015-09-05,27.5,30.2,24.4,0.0
2015-09-06,27.6,30.0,25.0,1.2
2015-09-07,26.1,27.3,25.4,26.0
2015-09-08,26.6,28.9,25.0,3.9
2015-09-09,27.0,29.6,25.3,0.2
2015-09-10,26.3,29.2,23.9,0.0
2015-09-11,26.0,28.2,23.8,0.3
2015-09-12,26.3,28.8,24.3,0.0
2015-09-13,26.5,29.2,24.1,0.0
2015-09-14,27.0,29.9,23.7,0.3
2015-09-15,27.3,30.1,25.0,3.1
2015-09-16,27.1,30.1,24.5,3.4
2015-09-17,27.0,30.1,24.7,2.0
2015-09-18,26.5,29.8,24.1,0.0
2015-09-19,26.0,29.1,22.7,0.0
2015-09-20,26.6,29.1,24.1,0.1
2015-09-21,26.7,29.3,25.2,8.2
2015-09-22,27.0,29.6,24.8,1.7
2015-09-23,27.3,30.2,24.8,0.1
2015-09-24,27.5,30.1,24.8,0.4
2015-09-25,27.8,30.1,26.2,0.3
2015-09-26,27.5,30.3,25.7,0.2
2015-09-27,26.3,28.6,24.8,0.0
2015-09-28,26.6,27.9,25.4,50.2
2015-09-29,26.7,27.6,26.0,102.4
2015-09-30,27.8,30.7,26.2,0.8
2015-10-01,27.2,29.9,24.5,1.1
2015-10-02,27.5,30.2,25.2,0.0
2015-10-03,27.5,30.3,25.4,4.4
2015-10-04,27.2,30.1,24.8,0.6
2015-10-05,27.3,30.2,25.2,0.3
2015-10-06,27.1,29.5,25.4,2.2
2015-10-07,26.5,28.9,24.4,0.8
2015-10-08,26.2,29.0,24.2,8.4
2015-10-09,26.0,28.3,24.4,11.9
2015-10-10,25.7,27.9,24.1,7.7
2015-10-11,25.1,26.9,24.0,0.0
2015-10-12,24.6,26.0,23.6,1.0
2015-10-13,25.1,27.6,23.2,1.9
2015-10-14,24.5,26.6,22.8,0.2
2015-10-15,24.2,26.8,21.8,0.0
2015-10-16,24.9,27.6,22.0,0.0
2015-10-17,24.9,28.4,21.3,0.0
2015-10-18,25.4,28.4,22.9,0.0
2015-10-19,26.1,29.0,23.6,0.0
2015-10-20,25.5,26.8,24.9,10.6
2015-10-21,25.2,26.2,24.4,9.3
2015-10-22,25.1,26.1,24.0,3.4
2015-10-23,25.6,28.2,23.6,0.1
2015-10-24,25.8,28.4,23.9,2.2
2015-10-25,25.9,28.6,24.0,6.8
2015-10-26,25.2,26.5,24.2,12.4
2015-10-27,25.3,27.4,23.4,0.4
2015-10-28,25.4,28.0,23.4,1.9
2015-10-29,25.0,27.8,23.0,1.3
2015-10-30,25.0,28.0,22.5,0.0
2015-10-31,25.1,28.1,22.9,0.0
2015-11-01,24.4,27.2,22.7,0.7
2015-11-02,23.8,26.3,22.1,0.1
2015-11-03,24.4,27.6,22.1,0.0
2015-11-04,25.1,28.2,22.5,0.0
2015-11-05,25.3,28.0,23.6,0.0
2015-11-06,25.5,28.3,23.4,0.0
2015-11-07,25.6,28.2,23.1,0.0
2015-11-08,25.7,28.6,23.3,0.0
2015-11-09,25.9,29.0,23.9,0.0
2015-11-10,24.8,27.8,23.1,0.8
2015-11-11,24.6,26.9,22.8,2.2
2015-11-12,24.7,27.1,22.7,0.3
2015-11-13,24.9,27.4,23.0,0.1
2015-11-14,24.9,27.3,22.3,5.5
2015-11-15,25.1,28.2,22.5,0.0
2015-11-16,24.9,27.8,22.1,0.0
2015-11-17,25.6,29.1,22.7,0.0
2015-11-18,25.6,29.0,22.7,0.0
2015-11-19,25.3,28.4,23.4,0.0
2015-11-20,25.0,27.9,22.8,0.2
2015-11-21,24.9,27.2,22.9,0.4
2015-11-22,24.6,27.6,22.5,0.0
2015-11-23,24.5,28.0,22.2,0.0
2015-11-24,24.0,27.0,22.3,0.0
2015-11-25,23.0,26.1,20.3,0.0
2015-11-26,19.5,21.5,17.4,0.0
2015-11-27,19.1,21.8,16.8,0.0
2015-11-28,20.5,23.6,18.2,0.0
2015-11-29,21.8,25.2,18.8,0.0
2015-11-30,22.4,25.6,20.0,0.0
2015-12-01,22.5,25.7,20.1,0.0
2015-12-02,22.3,25.7,19.7,0.0
2015-12-03,21.9,24.8,19.7,0.0
2015-12-04,21.9,24.2,20.1,0.4
2015-12-05,21.9,24.4,19.8,0.2
2015-12-06,20.1,22.0,18.6,22.8
2015-12-07,20.4,22.4,19.2,19.1
2015-12-08,21.5,24.7,19.1,1.7
2015-12-09,21.9,24.7,20.4,14.1
2015-12-10,21.0,23.9,19.2,21.9
2015-12-11,20.6,23.8,18.4,0.0
2015-12-12,21.1,24.4,18.5,0.0
2015-12-13,21.4,25.4,18.9,0.0
2015-12-14,21.6,25.0,19.8,0.0
2015-12-15,20.1,23.5,17.8,0.0
2015-12-16,17.3,19.5,15.2,0.0
2015-12-17,15.1,17.0,13.6,0.1
2015-12-18,16.4,19.6,13.4,0.0
2015-12-19,18.1,22.5,13.9,0.0
2015-12-20,19.1,21.1,16.5,0.0
2015-12-21,20.7,23.8,18.3,0.0
2015-12-22,21.5,24.7,19.6,1.3
2015-12-23,22.4,26.2,19.5,0.0
2015-12-24,22.3,26.0,20.0,0.0
2015-12-25,20.5,22.8,18.1,0.0
2015-12-26,19.3,21.9,17.8,0.5
2015-12-27,19.4,21.7,17.9,0.1
2015-12-28,18.9,22.2,17.3,0.6
2015-12-29,18.6,21.4,16.9,0.1
2015-12-30,18.7,22.3,16.8,0.0
2015-12-31,18.8,22.3,16.8,0.0
2016-01-01,19.2,23.0,16.4,0.0
2016-01-02,19.4,22.8,17.4,14.5
2016-01-03,19.9,21.8,18.6,48.8
2016-01-04,21.3,24.0,19.6,14.4
2016-01-05,21.9,25.0,19.7,5.2
2016-01-06,20.2,22.0,17.5,26.6
2016-01-07,19.3,22.3,17.4,0.7
2016-01-08,18.4,20.2,16.7,1.9
2016-01-09,18.5,22.0,16.1,0.0
2016-01-10,18.9,22.4,16.2,0.0
2016-01-11,19.2,21.9,18.0,2.1
2016-01-12,18.4,21.7,16.5,3.1
2016-01-13,17.2,19.2,15.6,5.7
2016-01-14,16.9,20.1,14.4,0.0
2016-01-15,17.0,18.1,15.7,1.2
2016-01-16,19.1,22.6,16.7,1.5
2016-01-17,19.1,21.7,17.2,33.9
2016-01-18,17.2,19.7,15.1,0.6
2016-01-19,17.3,19.8,16.0,1.6
2016-01-20,17.7,19.7,15.4,0.1
2016-01-21,18.6,21.6,17.0,4.5
2016-01-22,18.4,21.7,16.4,4.8
2016-01-23,13.9,16.4,11.2,7.5
2016-01-24,8.3,10.5,7.4,6.5
2016-01-25,10.7,13.4,8.0,0.0
2016-01-26,14.5,18.0,11.3,0.0
2016-01-27,16.6,19.5,13.9,5.9
2016-01-28,18.0,21.2,16.0,6.7
2016-01-29,18.0,21.1,16.4,22.3
2016-01-30,18.1,20.9,16.2,18.2
2016-01-31,18.2,22.7,15.5,0.0
2016-02-01,16.7,19.3,14.9,3.4
2016-02-02,14.7,16.6,13.7,6.3
2016-02-03,16.1,19.3,13.9,1.0
2016-02-04,17.3,20.3,15.7,2.1
2016-02-05,16.6,19.8,13.9,4.0
2016-02-06,13.8,16.2,12.1,0.2
2016-02-07,13.3,17.0,11.2,0.0
2016-02-08,14.3,18.3,11.3,0.0
2016-02-09,14.9,19.9,9.5,0.0
2016-02-10,17.4,21.9,13.3,0.0
2016-02-11,21.0,25.2,16.0,2.1
2016-02-12,22.7,25.1,20.8,1.3
2016-02-13,23.2,26.6,20.9,1.6
2016-02-14,21.1,25.8,15.9,1.5
2016-02-15,14.1,15.7,13.2,2.5
2016-02-16,14.3,15.7,13.3,5.5
2016-02-17,16.5,19.3,14.1,1.1
2016-02-18,17.6,20.4,15.9,0.1
2016-02-19,18.5,22.9,15.7,0.0
2016-02-20,17.0,18.2,16.5,0.8
2016-02-21,18.5,21.3,16.1,1.2
2016-02-22,19.3,22.6,17.2,4.1
2016-02-23,18.4,21.3,16.3,2.6
2016-02-24,16.6,19.0,15.1,9.5
2016-02-25,17.6,20.3,15.9,1.0
2016-02-26,17.7,20.0,16.4,1.2
2016-02-27,17.8,21.2,15.8,0.0
2016-02-28,18.7,22.3,15.9,0.0
2016-02-29,18.9,22.4,15.8,0.0
2016-03-01,17.6,20.6,14.8,0.0
2016-03-02,17.8,20.9,15.4,0.0
2016-03-03,18.5,21.8,14.9,0.0
2016-03-04,20.5,24.2,17.5,0.0
2016-03-05,21.3,25.5,17.8,0.0
2016-03-06,21.6,25.0,19.2,0.0
2016-03-07,21.6,25.3,18.6,0.0
2016-03-08,22.9,27.0,19.1,0.0
2016-03-09,22.6,25.9,18.9,1.6
2016-03-10,17.6,20.9,14.5,12.1
2016-03-11,15.4,17.3,14.2,6.7
2016-03-12,18.1,21.0,15.5,0.9
2016-03-13,19.9,23.7,17.2,48.8
2016-03-14,18.4,20.6,17.1,13.4
2016-03-15,17.7,18.9,17.0,4.8
2016-03-16,19.7,23.0,17.0,0.6
2016-03-17,21.5,25.3,18.1,0.0
2016-03-18,23.3,27.8,19.6,2.0
2016-03-19,23.1,26.3,21.0,0.3
2016-03-20,22.1,25.5,20.1,0.5
2016-03-21,20.5,23.5,19.1,3.0
2016-03-22,21.1,24.2,18.9,4.3
2016-03-23,21.2,24.6,19.0,4.6
2016-03-24,17.5,19.2,15.6,15.8
2016-03-25,15.4,17.3,14.2,11.4
2016-03-26,16.6,20.7,13.9,0.0
2016-03-27,16.9,20.4,14.1,0.0
2016-03-28,17.0,21.6,12.8,0.0
2016-03-29,18.0,23.0,12.8,0.0
2016-03-30,20.6,25.1,15.9,0.0
2016-03-31,21.9,24.6,19.2,3.4
2016-04-01,22.9,25.8,20.5,0.4
2016-04-02,23.8,27.1,20.7,0.0
2016-04-03,24.5,27.8,21.2,1.0
2016-04-04,24.2,27.4,21.2,0.0
2016-04-05,24.5,28.0,20.7,0.0
2016-04-06,25.8,30.1,20.7,0.0
2016-04-07,26.2,29.7,23.7,0.7
2016-04-08,25.7,28.8,22.9,0.0
2016-04-09,25.2,28.7,21.7,0.0
2016-04-10,25.1,28.1,22.3,2.3
2016-04-11,24.3,27.3,22.3,10.8
2016-04-12,24.1,27.0,21.6,5.2
2016-04-13,23.8,24.8,23.1,50.4
2016-04-14,25.0,28.3,22.5,17.2
2016-04-15,25.1,28.3,23.0,20.7
2016-04-16,25.7,29.0,22.1,0.0
2016-04-17,26.1,29.1,22.8,0.0
2016-04-18,24.6,28.8,21.9,1.4
2016-04-19,24.2,27.4,21.4,0.0
2016-04-20,25.3,29.3,22.0,0.0
2016-04-21,26.5,29.6,24.0,4.6
2016-04-22,26.2,29.4,23.2,0.7
2016-04-23,26.7,30.1,24.0,0.3
2016-04-24,25.9,28.5,23.7,4.6
2016-04-25,26.1,29.4,23.1,0.4
2016-04-26,26.6,30.0,23.4,0.5
2016-04-27,26.1,29.6,24.1,11.8
2016-04-28,25.5,28.6,23.2,4.5
2016-04-29,24.7,26.8,23.2,3.7
2016-04-30,24.6,27.0,22.7,0.9
2016-05-01,25.5,29.1,22.1,0.3
2016-05-02,26.8,30.2,23.5,2.8
2016-05-03,27.0,29.6,24.5,1.2
2016-05-04,26.8,29.6,24.3,2.1
2016-05-05,27.8,31.3,23.9,0.0
2016-05-06,28.2,31.0,25.9,0.0
2016-05-07,28.0,31.6,24.5,0.0
2016-05-08,28.4,31.7,25.7,0.4
2016-05-09,28.6,31.9,26.0,0.0
2016-05-10,28.1,31.0,25.4,2.6
2016-05-11,25.3,27.2,23.9,19.6
2016-05-12,26.1,28.5,24.1,10.1
2016-05-13,26.6,29.5,24.4,0.7
2016-05-14,27.0,29.4,25.1,6.5
2016-05-15,27.1,29.7,24.8,11.9
2016-05-16,25.9,27.9,24.2,16.7
2016-05-17,25.2,27.7,23.5,1.7
2016-05-18,25.9,29.1,23.0,0.0
2016-05-19,26.3,29.0,23.4,0.0
2016-05-20,26.7,29.2,24.0,2.2
2016-05-21,26.0,26.9,24.8,26.6
2016-05-22,25.5,26.5,24.8,47.2
2016-05-23,26.2,29.1,24.8,33.2
2016-05-24,26.9,29.5,25.1,8.0
2016-05-25,27.4,30.2,24.7,0.6
2016-05-26,28.3,31.1,25.8,5.2
2016-05-27,28.8,31.7,26.5,0.2
2016-05-28,28.6,30.9,26.6,2.7
2016-05-29,28.3,30.6,26.4,2.7
2016-05-30,28.4,30.6,26.1,3.0
2016-05-31,28.7,31.0,26.2,1.1
2016-06-01,28.8,31.0,26.6,1.9
2016-06-02,28.4,30.4,26.7,4.8
2016-06-03,28.6,31.0,26.0,1.6
2016-06-04,28.7,31.6,26.3,3.0
2016-06-05,28.1,30.8,26.2,24.4
2016-06-06,27.3,28.8,26.1,19.6
2016-06-07,27.0,29.9,25.4,12.7
2016-06-08,26.9,29.5,25.0,19.5
2016-06-09,26.5,29.3,25.0,26.4
2016-06-10,25.6,26.1,25.0,79.8
2016-06-11,25.8,26.7,25.3,78.6
2016-06-12,26.4,28.3,25.1,47.3
2016-06-13,25.9,26.6,25.2,57.0
2016-06-14,26.7,28.2,25.3,18.9
2016-06-15,27.8,30.5,25.5,11.1
2016-06-16,28.1,30.9,25.9,5.9
2016-06-17,28.6,31.1,26.1,0.5
2016-06-18,28.9,31.8,26.1,0.5
2016-06-19,28.3,31.7,25.2,5.4
2016-06-20,28.8,32.2,25.5,0.9
2016-06-21,28.6,31.1,26.4,2.9
2016-06-22,29.1,31.7,26.7,0.0
2016-06-23,29.1,31.7,27.1,0.6
2016-06-24,29.0,31.9,26.8,1.9
2016-06-25,29.1,31.3,27.3,1.8
2016-06-26,29.3,31.9,26.9,0.2
2016-06-27,28.9,32.3,26.3,8.6
2016-06-28,29.7,32.4,27.4,0.1
2016-06-29,29.6,32.6,27.1,0.0
2016-06-30,29.0,32.6,26.4,2.6
2016-07-01,28.7,32.2,25.5,0.7
2016-07-02,28.9,31.7,27.1,2.2
2016-07-03,29.1,32.0,26.8,0.2
2016-07-04,29.4,32.9,26.9,0.9
2016-07-05,29.2,32.3,26.2,0.3
2016-07-06,28.9,31.6,26.6,2.8
2016-07-07,28.6,31.1,26.3,1.6
2016-07-08,27.3,27.9,26.7,123.5
2016-07-09,27.0,27.9,26.1,126.8
2016-07-10,26.5,27.9,26.0,56.6
2016-07-11,26.4,28.3,25.5,36.1
2016-07-12,26.3,29.1,25.4,28.8
2016-07-13,27.3,30.3,25.4,10.8
2016-07-14,28.3,30.8,26.3,5.5
2016-07-15,28.7,31.4,26.2,1.0
2016-07-16,28.9,31.4,26.3,0.3
2016-07-17,28.7,31.0,26.5,1.2
2016-07-18,27.9,30.0,26.4,9.3
2016-07-19,27.8,30.7,26.3,8.6
2016-07-20,28.5,31.0,25.8,0.5
2016-07-21,28.8,31.5,26.1,0.7
2016-07-22,28.9,31.3,26.1,0.1
2016-07-23,28.6,31.1,25.5,0.1
2016-07-24,28.7,31.5,26.3,0.2
2016-07-25,28.5,30.8,26.0,0.1
2016-07-26,28.6,30.9,25.3,0.4
2016-07-27,28.9,31.5,26.1,1.3
2016-07-28,29.1,31.6,26.1,0.8
2016-07-29,28.7,32.2,25.7,2.0
2016-07-30,28.6,31.7,25.3,0.0
2016-07-31,29.1,31.8,26.1,0.8
2016-08-01,29.1,31.9,27.1,0.9
2016-08-02,28.9,31.4,26.9,0.0
2016-08-03,28.3,31.2,26.2,1.0
2016-08-04,28.7,31.9,25.6,0.0
2016-08-05,28.6,31.3,26.0,0.1
2016-08-06,28.9,31.4,26.3,1.1
2016-08-07,28.7,31.1,26.4,2.4
2016-08-08,28.7,31.4,26.5,0.4
2016-08-09,28.8,31.7,27.0,3.6
2016-08-10,28.5,30.6,26.3,1.0
2016-08-11,26.9,27.6,26.5,31.3
2016-08-12,26.2,26.8,25.7,26.0
2016-08-13,26.2,26.8,25.5,25.3
2016-08-14,27.4,30.2,25.9,10.3
2016-08-15,27.1,28.6,26.1,5.2
2016-08-16,27.1,29.2,26.0,1.1
2016-08-17,27.1,29.6,25.9,14.4
2016-08-18,26.9,28.1,25.6,9.7
2016-08-19,27.7,29.7,25.8,12.1
2016-08-20,28.0,30.4,25.1,1.1
2016-08-21,28.3,30.8,25.6,0.5
2016-08-22,28.3,31.2,25.6,0.0
2016-08-23,28.2,30.8,25.6,0.4
2016-08-24,28.5,31.1,26.1,0.3
2016-08-25,28.9,31.2,26.9,0.2
2016-08-26,28.7,30.9,26.8,0.0
2016-08-27,28.4,30.7,26.2,1.2
2016-08-28,28.0,30.5,26.0,11.0
2016-08-29,27.5,29.6,25.9,7.2
2016-08-30,25.7,26.4,25.1,20.7
2016-08-31,26.7,29.5,24.7,0.0
2016-09-01,26.9,29.8,24.7,7.8
2016-09-02,26.0,27.2,25.4,31.1
2016-09-03,26.0,28.0,25.3,33.5
2016-09-04,27.1,29.9,25.4,15.3
2016-09-05,27.1,29.0,26.0,9.8
2016-09-06,26.3,28.4,25.2,44.2
2016-09-07,25.7,26.5,25.0,90.5
2016-09-08,26.0,27.2,25.2,20.5
2016-09-09,26.7,29.3,24.9,12.8
2016-09-10,27.3,30.1,24.5,1.1
2016-09-11,27.7,30.6,25.3,1.2
2016-09-12,27.8,30.7,25.0,0.1
2016-09-13,27.9,30.6,25.7,1.7
2016-09-14,26.8,27.4,25.9,151.3
2016-09-15,27.1,29.4,25.4,21.4
2016-09-16,27.5,30.1,24.7,0.0
2016-09-17,26.7,28.0,25.5,18.0
2016-09-18,27.3,30.0,25.3,0.3
2016-09-19,27.2,30.1,24.9,0.2
2016-09-20,27.0,30.0,24.4,0.3
2016-09-21,27.0,29.6,24.5,0.4
2016-09-22,27.2,29.6,24.9,3.3
2016-09-23,27.4,30.0,25.2,1.0
2016-09-24,27.4,30.3,24.3,0.0
2016-09-25,27.6,30.5,25.1,0.0
2016-09-26,27.4,30.3,24.9,0.0
2016-09-27,26.6,27.2,26.1,182.4
2016-09-28,26.4,27.0,25.9,87.2
2016-09-29,26.8,28.7,25.4,3.2
2016-09-30,26.7,29.8,24.7,19.4
2016-10-01,25.9,26.8,25.3,15.6
2016-10-02,27.1,29.6,24.7,0.4
2016-10-03,26.9,29.8,24.2,0.7
2016-10-04,27.0,29.5,24.9,0.0
2016-10-05,27.2,29.0,25.6,0.4
2016-10-06,26.8,28.3,25.2,4.2
2016-10-07,26.5,29.6,24.9,30.2
2016-10-08,25.6,26.7,25.0,67.5
2016-10-09,25.2,26.3,24.4,77.6
2016-10-10,25.6,28.0,24.1,4.0
2016-10-11,25.5,27.9,24.4,14.8
2016-10-12,26.1,29.2,23.7,0.2
2016-10-13,25.9,28.7,23.6,0.0
2016-10-14,26.2,29.2,23.3,0.0
2016-10-15,26.6,29.6,23.8,0.0
2016-10-16,26.7,29.7,24.4,0.0
2016-10-17,26.8,29.5,24.4,0.0
2016-10-18,27.3,29.7,24.9,0.0
2016-10-19,27.2,29.7,24.9,0.0
2016-10-20,28.3,31.5,25.6,0.0
2016-10-21,28.0,29.9,26.9,0.0
2016-10-22,27.5,29.7,26.1,5.9
2016-10-23,27.1,29.8,24.5,1.9
2016-10-24,27.4,29.9,25.2,0.3
2016-10-25,27.1,29.7,24.7,0.6
2016-10-26,27.1,29.7,25.1,0.0
2016-10-27,27.3,29.9,24.9,0.0
2016-10-28,27.0,29.1,25.1,0.1
2016-10-29,27.2,30.0,25.3,0.1
2016-10-30,26.2,28.4,24.7,1.8
2016-10-31,25.7,28.4,24.0,0.1
2016-11-01,25.2,28.1,23.4,0.0
2016-11-02,24.2,26.5,22.6,0.3
2016-11-03,23.7,26.0,22.0,0.0
2016-11-04,23.9,26.1,22.3,0.4
2016-11-05,23.7,26.6,21.3,0.0
2016-11-06,24.3,27.5,21.8,0.0
2016-11-07,24.7,27.4,22.6,0.1
2016-11-08,24.1,27.2,21.7,0.1
2016-11-09,23.4,26.0,21.6,0.0
2016-11-10,22.7,24.5,21.5,0.0
2016-11-11,23.1,25.5,21.1,0.0
2016-11-12,24.2,26.6,22.4,0.0
2016-11-13,24.0,27.2,21.5,0.0
2016-11-14,24.5,27.6,22.2,0.0
2016-11-15,25.0,28.5,22.0,0.0
2016-11-16,25.0,28.1,22.8,0.0
2016-11-17,24.9,27.7,22.6,0.0
2016-11-18,24.6,27.4,22.8,0.1
2016-11-19,25.2,28.9,22.1,0.0
2016-11-20,25.6,28.8,23.0,1.3
2016-11-21,25.6,28.3,23.4,0.2
2016-11-22,24.7,26.9,23.6,2.4
2016-11-23,23.0,24.1,21.7,6.4
2016-11-24,22.4,25.1,20.4,4.5
2016-11-25,23.1,26.4,20.3,0.0
2016-11-26,23.1,26.1,21.6,2.4
2016-11-27,20.8,21.5,20.3,39.3
2016-11-28,21.7,23.5,20.2,0.6
2016-11-29,22.3,24.9,20.5,1.5
2016-11-30,22.0,23.4,21.4,10.0
2016-12-01,22.0,24.2,20.3,2.5
2016-12-02,21.8,24.6,20.0,0.9
2016-12-03,22.4,25.6,20.0,0.7
2016-12-04,23.0,26.4,20.8,0.0
2016-12-05,23.3,26.4,21.0,0.0
2016-12-06,22.2,24.1,20.9,0.0
2016-12-07,21.7,23.6,20.4,0.2
2016-12-08,21.5,24.0,20.2,0.5
2016-12-09,22.2,25.6,19.8,0.0
2016-12-10,21.8,25.2,19.6,0.5
2016-12-11,21.9,24.9,19.6,0.7
2016-12-12,21.8,24.8,19.9,0.0
2016-12-13,22.1,26.0,19.2,0.0
2016-12-14,20.7,24.2,18.7,0.0
2016-12-15,18.2,20.4,16.2,1.4
2016-12-16,17.3,18.9,15.9,0.5
2016-12-17,18.8,21.6,17.0,0.0
2016-12-18,19.4,23.5,16.3,0.0
2016-12-19,20.5,24.8,17.4,0.0
2016-12-20,22.1,26.4,19.2,0.0
2016-12-21,22.8,26.0,20.0,0.0
2016-12-22,22.6,25.8,20.3,0.0
2016-12-23,21.4,23.6,19.7,1.2
2016-12-24,21.4,24.0,19.6,0.4
2016-12-25,21.7,24.7,19.8,0.6
2016-12-26,21.4,24.7,18.7,0.0
2016-12-27,19.0,20.7,16.7,1.0
2016-12-28,16.7,17.8,15.8,6.8
2016-12-29,18.1,20.2,17.2,0.7
2016-12-30,19.0,21.0,16.9,0.0
2016-12-31,20.1,23.6,17.2,0.0
2017-01-01,20.6,25.4,17.5,0.0
2017-01-02,19.8,25.9,16.5,0.0
2017-01-03,20.0,25.0,15.7,0.0
2017-01-04,20.0,25.2,15.6,0.0
2017-01-05,20.7,25.2,17.6,0.1
2017-01-06,20.5,26.0,16.6,0.0
2017-01-07,22.0,27.0,18.9,0.0
2017-01-08,22.0,27.4,18.5,0.0
2017-01-09,19.6,26.2,15.2,0.0
2017-01-10,18.9,25.8,13.8,0.0
2017-01-11,19.6,25.6,14.0,0.0
2017-01-12,20.7,26.4,17.5,0.0
2017-01-13,19.8,25.0,16.4,0.5
2017-01-14,17.0,21.4,15.1,2.1
2017-01-15,17.5,22.5,13.9,2.9
2017-01-16,17.3,22.8,12.8,4.9
2017-01-17,18.5,24.5,13.6,0.0
2017-01-18,19.7,26.3,15.5,0.0
2017-01-19,20.5,27.6,16.9,3.1
2017-01-20,17.3,23.0,12.3,0.0
2017-01-21,15.6,21.6,12.2,0.0
2017-01-22,16.7,23.7,12.8,0.0
2017-01-23,17.2,21.7,13.4,0.0
2017-01-24,17.1,20.9,13.6,0.1
2017-01-25,17.8,23.3,14.1,0.3
2017-01-26,16.6,23.5,11.5,0.0
2017-01-27,17.6,24.9,12.5,0.0
2017-01-28,18.1,25.0,12.6,0.0
2017-01-29,20.0,27.7,15.5,0.0
2017-01-30,20.2,27.5,16.0,0.0
2017-01-31,17.8,22.6,13.6,0.4
2017-02-01,18.8,22.5,16.6,0.6
2017-02-02,17.9,23.9,14.4,0.0
2017-02-03,17.8,24.0,13.1,0.0
2017-02-04,19.0,23.8,16.0,0.3
2017-02-05,19.4,25.9,15.4,0.0
2017-02-06,19.3,25.9,14.6,0.1
2017-02-07,19.1,23.5,15.4,0.0
2017-02-08,18.9,24.2,15.6,0.0
2017-02-09,15.7,20.2,11.9,0.0
2017-02-10,13.9,19.0,9.6,0.0
2017-02-11,14.3,19.0,11.6,0.0
2017-02-12,15.6,21.3,10.2,0.2
2017-02-13,17.0,23.5,10.3,0.0
2017-02-14,17.4,24.5,11.2,0.5
2017-02-15,17.0,23.2,12.6,0.0
2017-02-16,17.7,25.4,11.2,0.0
2017-02-17,19.9,27.7,13.6,0.0
2017-02-18,19.3,27.1,14.2,0.0
2017-02-19,19.6,26.0,14.1,0.0
2017-02-20,22.9,29.0,17.9,1.6
2017-02-21,22.0,27.8,18.0,3.7
2017-02-22,22.1,27.8,16.0,1.7
2017-02-23,21.5,29.2,13.2,4.5
2017-02-24,15.8,20.2,12.9,0.0
2017-02-25,17.2,25.5,13.2,0.1
2017-02-26,16.3,22.0,13.0,0.1
2017-02-27,17.4,24.5,11.6,0.0
2017-02-28,18.4,24.8,13.0,0.0
2017-03-01,18.9,25.1,14.5,0.0
2017-03-02,18.7,25.0,14.4,0.0
2017-03-03,18.3,24.4,12.5,0.0
2017-03-04,20.4,26.3,15.4,0.0
2017-03-05,22.2,28.9,15.9,0.0
2017-03-06,21.3,28.6,14.1,6.2
2017-03-07,17.9,23.9,13.6,5.9
2017-03-08,15.5,17.5,13.9,11.1
2017-03-09,19.2,25.5,13.8,0.5
2017-03-10,21.6,28.3,16.6,3.3
2017-03-11,21.5,27.0,16.6,0.8
2017-03-12,22.0,28.5,16.9,0.0
2017-03-13,24.1,30.9,19.0,0.0
2017-03-14,19.8,26.4,15.8,1.2
2017-03-15,19.3,24.5,14.1,0.3
2017-03-16,20.3,26.9,16.3,0.5
2017-03-17,20.8,27.3,14.8,0.0
2017-03-18,22.4,29.9,16.6,0.6
2017-03-19,23.8,30.0,19.5,1.5
2017-03-20,24.4,28.4,20.9,0.7
2017-03-21,23.9,31.6,19.1,0.0
2017-03-22,22.6,28.6,17.9,0.6
2017-03-23,23.5,30.5,17.9,0.1
2017-03-24,22.6,27.7,17.3,0.0
2017-03-25,22.3,28.9,15.8,1.2
2017-03-26,16.5,17.8,14.8,0.4
2017-03-27,20.6,27.0,14.4,0.2
2017-03-28,21.4,27.5,15.9,0.0
2017-03-29,22.9,29.4,19.0,0.0
2017-03-30,23.4,29.3,17.7,0.0
2017-03-31,23.1,30.0,14.7,8.7
2017-04-01,18.1,24.5,14.2,3.5
2017-04-02,19.2,26.3,12.6,0.0
2017-04-03,21.0,25.4,16.4,0.0
2017-04-04,21.8,26.6,15.8,0.0
2017-04-05,23.1,29.3,17.9,0.0
2017-04-06,23.8,29.5,17.4,0.1
2017-04-07,25.0,28.8,21.0,1.0
2017-04-08,25.5,31.0,20.0,0.4
2017-04-09,25.7,31.2,21.5,0.5
2017-04-10,26.8,32.1,22.0,0.0
2017-04-11,26.1,29.6,24.2,9.9
2017-04-12,23.2,26.8,19.4,43.3
2017-04-13,20.2,23.5,17.5,19.2
2017-04-14,23.2,28.6,19.0,2.4
2017-04-15,25.0,29.7,20.4,0.9
2017-04-16,26.2,30.9,22.4,1.1
2017-04-17,26.5,31.0,22.6,3.2
2017-04-18,26.5,29.5,23.8,0.4
2017-04-19,26.5,30.5,22.5,0.9
2017-04-20,26.3,30.0,23.2,1.2
2017-04-21,26.3,30.1,22.8,2.6
2017-04-22,22.8,27.1,18.6,46.0
2017-04-23,22.0,25.5,18.2,2.9
2017-04-24,23.1,26.8,20.0,2.6
2017-04-25,24.5,29.0,21.5,2.1
2017-04-26,25.5,30.0,21.9,10.8
2017-04-27,21.5,26.8,16.1,18.5
2017-04-28,20.5,25.9,15.4,0.9
2017-04-29,21.4,26.8,15.8,0.0
2017-04-30,22.7,28.0,17.0,0.0
2017-05-01,24.0,29.8,18.7,0.0
2017-05-02,25.7,30.6,21.3,0.5
2017-05-03,25.9,30.9,22.0,1.2
2017-05-04,26.4,30.5,22.5,1.0
2017-05-05,26.8,31.9,22.2,1.1
2017-05-06,26.4,31.0,23.0,4.3
2017-05-07,26.4,30.7,22.2,0.5
2017-05-08,27.1,31.1,23.9,1.6
2017-05-09,26.9,30.3,23.9,3.9
2017-05-10,27.2,32.0,23.1,0.9
2017-05-11,27.7,31.8,24.5,0.3
2017-05-12,28.5,33.5,24.2,3.5
2017-05-13,27.8,31.7,24.5,5.4
2017-05-14,27.9,32.5,24.0,2.4
2017-05-15,26.9,31.4,24.5,12.3
2017-05-16,24.4,26.0,21.7,73.2
2017-05-17,24.7,29.3,20.8,2.6
2017-05-18,25.9,29.5,23.0,3.1
2017-05-19,24.8,27.5,22.6,4.8
2017-05-20,24.3,29.0,20.6,7.7
2017-05-21,26.3,31.0,21.7,0.5
2017-05-22,27.1,30.6,24.0,0.3
2017-05-23,27.2,31.0,23.9,1.3
2017-05-24,26.9,29.5,24.7,10.1
2017-05-25,26.1,29.5,23.6,47.4
2017-05-26,25.1,29.2,22.0,6.3
2017-05-27,26.4,29.5,23.2,0.1
2017-05-28,26.2,29.1,23.7,0.2
2017-05-29,27.0,30.9,23.7,0.6
2017-05-30,26.6,30.2,24.9,16.4
2017-05-31,27.6,31.5,24.6,0.7
2017-06-01,26.7,29.0,24.8,28.4
2017-06-02,26.2,27.8,24.7,50.5
2017-06-03,25.4,27.6,24.0,55.7
2017-06-04,27.2,32.0,24.5,21.0
2017-06-05,27.3,30.6,24.2,10.0
2017-06-06,28.3,31.8,25.1,3.1
2017-06-07,28.5,32.0,25.5,6.8
2017-06-08,28.1,31.6,25.8,5.9
2017-06-09,28.2,32.0,25.0,1.4
2017-06-10,28.9,32.5,25.2,1.0
2017-06-11,28.5,32.2,25.0,5.5
2017-06-12,28.5,31.6,26.5,10.8
2017-06-13,27.8,32.5,25.2,11.7
2017-06-14,25.6,28.1,23.6,22.6
2017-06-15,25.6,27.1,24.6,25.0
2017-06-16,25.8,29.2,23.5,18.9
2017-06-17,25.1,26.6,23.6,47.7
2017-06-18,26.5,30.2,24.1,6.1
2017-06-19,27.6,30.5,24.4,2.7
2017-06-20,28.2,30.9,26.0,3.8
2017-06-21,28.5,31.5,25.4,1.3
2017-06-22,28.8,32.0,26.1,0.8
2017-06-23,28.4,31.5,25.5,1.0
2017-06-24,28.1,31.2,25.8,5.0
2017-06-25,28.5,31.4,25.9,1.5
2017-06-26,28.6,31.5,25.6,4.0
2017-06-27,28.5,32.1,25.6,1.6
2017-06-28,28.5,32.3,25.2,0.5
2017-06-29,28.1,31.5,25.8,5.0
2017-06-30,27.5,32.0,24.7,10.5
2017-07-01,28.4,32.3,24.7,1.7
2017-07-02,27.8,31.5,24.9,14.8
2017-07-03,27.9,31.7,24.4,3.1
2017-07-04,27.8,31.6,25.0,11.7
2017-07-05,28.1,31.8,25.0,0.6
2017-07-06,27.8,30.6,25.9,6.7
2017-07-07,28.4,31.9,25.6,0.3
2017-07-08,28.3,31.9,25.4,6.2
2017-07-09,28.0,31.5,25.2,4.2
2017-07-10,28.3,31.7,25.1,2.5
2017-07-11,28.6,32.5,25.5,7.5
2017-07-12,28.1,32.1,24.8,3.7
2017-07-13,28.2,32.5,25.2,0.8
2017-07-14,28.0,31.9,25.0,4.0
2017-07-15,28.1,31.7,25.2,0.6
2017-07-16,27.6,31.4,25.6,3.3
2017-07-17,27.9,31.7,25.3,3.0
2017-07-18,28.3,32.2,25.9,1.9
2017-07-19,27.8,31.8,25.4,2.7
2017-07-20,28.2,31.6,25.3,0.6
2017-07-21,28.5,32.0,25.4,2.3
2017-07-22,27.9,31.8,25.6,4.8
2017-07-23,28.1,31.1,26.5,12.5
2017-07-24,28.4,31.8,25.5,1.7
2017-07-25,28.1,32.0,25.6,6.9
2017-07-26,27.8,31.2,25.8,12.5
2017-07-27,28.0,32.2,24.9,0.6
2017-07-28,28.5,32.2,26.2,0.9
2017-07-29,27.1,28.6,26.2,25.8
2017-07-30,28.5,34.2,25.5,96.5
2017-07-31,26.7,28.0,24.9,77.9
2017-08-01,26.6,28.5,24.5,16.8
2017-08-02,26.7,28.6,24.4,11.9
2017-08-03,27.7,31.2,25.2,6.4
2017-08-04,27.8,30.9,25.2,7.1
2017-08-05,28.5,31.6,25.5,1.8
2017-08-06,28.6,31.4,25.9,1.9
2017-08-07,28.8,31.8,26.2,3.8
2017-08-08,28.2,31.0,25.9,3.8
2017-08-09,28.6,31.4,26.3,3.3
2017-08-10,28.4,31.7,25.5,4.9
2017-08-11,28.4,31.9,25.3,4.8
2017-08-12,28.7,31.6,26.0,4.3
2017-08-13,28.5,31.4,25.8,2.1
2017-08-14,28.4,31.6,25.1,0.1
2017-08-15,28.4,31.5,25.2,0.1
2017-08-16,28.2,31.4,25.6,1.9
2017-08-17,28.6,32.5,25.2,0.1
2017-08-18,28.5,32.3,25.1,4.1
2017-08-19,28.6,32.0,26.2,2.2
2017-08-20,28.7,32.3,25.8,0.8
2017-08-21,28.9,31.5,26.0,0.3
2017-08-22,28.2,31.6,26.0,17.0
2017-08-23,28.4,32.8,25.0,0.0
2017-08-24,27.5,31.8,25.9,16.1
2017-08-25,27.3,31.5,24.5,3.6
2017-08-26,27.9,31.5,24.6,0.2
2017-08-27,27.7,31.0,25.2,4.3
2017-08-28,27.3,32.4,24.0,6.3
2017-08-29,28.2,31.5,25.2,0.0
2017-08-30,28.5,32.5,25.8,0.1
2017-08-31,27.8,30.8,25.9,0.8
2017-09-01,26.7,29.3,25.6,23.2
2017-09-02,27.2,30.3,24.8,3.6
2017-09-03,27.6,30.7,26.1,7.7
2017-09-04,27.9,31.4,25.2,2.4
2017-09-05,28.0,32.2,25.0,4.4
2017-09-06,28.1,31.7,26.2,2.0
2017-09-07,28.1,30.2,25.8,5.9
2017-09-08,27.9,31.0,25.5,1.0
2017-09-09,27.9,31.0,25.1,1.4
2017-09-10,28.0,31.4,25.0,0.1
2017-09-11,27.8,31.5,24.5,0.1
2017-09-12,28.2,32.0,25.4,0.0
2017-09-13,28.6,32.4,26.0,1.3
2017-09-14,28.2,33.0,25.0,0.8
2017-09-15,27.6,32.0,23.7,0.0
2017-09-16,28.0,32.5,23.8,0.0
2017-09-17,27.8,31.5,24.4,2.9
2017-09-18,28.3,31.8,25.9,1.2
2017-09-19,28.1,31.9,25.1,0.3
2017-09-20,28.3,32.5,24.5,1.0
2017-09-21,27.6,30.9,25.2,5.8
2017-09-22,28.1,31.9,24.9,7.9
2017-09-23,28.9,32.3,25.7,0.1
2017-09-24,28.9,33.2,26.2,2.1
2017-09-25,28.9,32.6,26.0,0.4
2017-09-26,28.9,32.1,26.2,0.7
2017-09-27,29.3,33.3,26.9,0.0
2017-09-28,28.8,31.5,26.6,1.3
2017-09-29,28.0,32.0,25.7,0.3
2017-09-30,27.7,30.6,25.3,1.6
2017-10-01,27.9,31.4,25.2,2.9
2017-10-02,28.2,32.2,24.9,0.9
2017-10-03,28.0,31.5,25.5,1.1
2017-10-04,27.7,29.9,25.9,0.6
2017-10-05,27.8,30.8,25.4,0.3
2017-10-06,28.1,32.6,24.5,0.0
2017-10-07,28.2,32.2,25.5,0.0
2017-10-08,28.5,32.0,25.8,0.0
2017-10-09,28.6,32.0,25.7,0.1
2017-10-10,28.8,33.1,25.1,0.0
2017-10-11,29.0,33.3,25.8,2.0
2017-10-12,28.9,32.7,26.7,0.0
2017-10-13,26.1,28.2,24.0,21.7
2017-10-14,25.1,27.0,23.8,30.3
2017-10-15,26.1,29.6,23.8,7.3
2017-10-16,27.0,30.9,24.0,0.4
2017-10-17,27.6,31.4,25.0,0.0
2017-10-18,27.0,31.0,24.0,0.0
2017-10-19,25.7,29.6,22.5,0.0
2017-10-20,25.2,30.0,22.4,0.3
2017-10-21,23.6,27.3,20.8,0.0
2017-10-22,21.9,27.4,17.9,0.0
2017-10-23,21.2,26.7,15.2,0.0
2017-10-24,23.1,28.5,18.9,0.0
2017-10-25,23.5,28.3,19.3,0.2
2017-10-26,22.9,27.3,18.6,0.9
2017-10-27,22.4,28.5,18.1,0.0
2017-10-28,22.8,28.8,19.1,0.0
2017-10-29,22.1,29.0,16.3,0.0
2017-10-30,22.0,27.9,18.0,0.0
2017-10-31,21.7,26.5,16.6,0.0
2017-11-01,22.4,27.9,17.0,0.0
2017-11-02,24.7,30.8,20.5,1.6
2017-11-03,24.1,28.5,21.0,5.4
2017-11-04,22.6,27.8,19.0,0.0
2017-11-05,22.2,27.2,17.5,0.0
2017-11-06,23.0,25.9,20.2,2.5
2017-11-07,24.6,29.4,21.2,0.0
2017-11-08,25.2,30.2,21.8,0.0
2017-11-09,24.9,28.8,21.7,0.3
2017-11-10,25.4,29.3,22.6,0.2
2017-11-11,24.1,27.5,21.2,6.5
2017-11-12,21.9,24.4,20.0,12.4
2017-11-13,23.8,27.9,20.6,0.1
2017-11-14,24.3,28.6,21.5,0.5
2017-11-15,24.2,28.2,20.6,0.5
2017-11-16,24.5,29.4,21.1,0.3
2017-11-17,25.1,30.9,21.6,0.0
2017-11-18,24.4,29.8,19.9,0.3
2017-11-19,21.9,26.0,17.6,0.0
2017-11-20,22.4,27.5,19.3,0.2
2017-11-21,22.4,27.4,18.5,0.0
2017-11-22,22.4,27.1,18.5,0.2
2017-11-23,19.8,25.6,16.2,0.0
2017-11-24,19.2,24.4,14.6,0.0
2017-11-25,21.1,26.5,17.5,0.0
2017-11-26,22.2,27.5,18.5,1.2
2017-11-27,22.0,27.2,17.6,5.6
2017-11-28,23.5,28.8,19.8,0.0
2017-11-29,23.0,27.9,19.8,0.0
2017-11-30,23.4,29.0,20.2,0.0
2017-12-01,21.7,27.3,18.5,0.0
2017-12-02,21.4,27.4,17.5,0.0
2017-12-03,22.0,28.4,18.0,0.0
2017-12-04,20.4,27.6,16.1,0.0
2017-12-05,18.3,24.1,14.9,0.0
2017-12-06,18.5,23.9,14.5,0.1
2017-12-07,19.9,24.5,17.0,2.9
2017-12-08,16.6,19.1,14.5,1.5
2017-12-09,17.0,21.4,12.9,0.0
2017-12-10,18.0,25.1,13.4,0.0
2017-12-11,18.5,25.5,13.6,0.0
2017-12-12,18.6,21.0,16.8,0.0
2017-12-13,20.1,25.0,15.7,0.0
2017-12-14,20.6,25.6,16.6,0.6
2017-12-15,20.4,25.5,16.2,0.6
2017-12-16,19.2,24.8,14.9,0.0
2017-12-17,16.3,22.1,13.1,0.0
2017-12-18,17.2,22.9,13.5,0.0
2017-12-19,16.3,18.5,14.6,0.2
2017-12-20,16.7,22.8,12.6,0.0
2017-12-21,16.2,22.6,10.1,0.0
2017-12-22,17.9,24.8,12.8,0.0
2017-12-23,18.3,24.3,13.6,0.0
2017-12-24,19.7,27.1,14.3,0.0
2017-12-25,18.9,22.9,16.1,0.1
2017-12-26,18.8,25.5,14.6,0.0
2017-12-27,18.6,24.2,12.6,0.1
2017-12-28,20.5,24.5,17.6,0.1
2017-12-29,20.2,26.4,16.2,0.1
2017-12-30,19.7,25.4,16.4,0.0
2017-12-31,18.2,23.5,14.9,0.0
2018-01-01,18.1,25.0,12.2,0.0
2018-01-02,19.2,25.5,13.5,0.0
2018-01-03,20.5,24.9,17.0,0.3
2018-01-04,19.7,23.4,17.6,8.7
2018-01-05,18.9,23.4,16.5,5.9
2018-01-06,18.3,22.7,15.3,6.1
2018-01-07,20.6,25.9,17.4,1.3
2018-01-08,21.9,28.1,18.4,7.9
2018-01-09,13.0,20.3,11.3,1.9
2018-01-10,13.5,19.0,11.3,0.1
2018-01-11,12.7,17.3,9.4,0.0
2018-01-12,11.4,18.1,7.2,0.0
2018-01-13,11.7,18.8,4.9,0.0
2018-01-14,14.0,21.4,7.3,0.0
2018-01-15,16.0,23.3,11.1,0.0
2018-01-16,18.7,24.4,14.2,0.0
2018-01-17,20.8,24.3,17.7,3.4
2018-01-18,21.0,25.5,18.2,0.0
2018-01-19,20.6,25.9,17.7,1.0
2018-01-20,20.2,26.8,16.1,0.0
2018-01-21,19.3,24.3,15.9,0.0
2018-01-22,20.1,26.4,17.0,5.2
2018-01-23,18.9,26.1,14.3,0.0
2018-01-24,18.3,26.1,13.1,0.0
2018-01-25,18.2,24.5,13.7,0.0
2018-01-26,18.3,24.7,13.9,0.0
2018-01-27,17.5,24.0,12.8,1.0
2018-01-28,17.8,23.0,13.8,10.7
2018-01-29,14.8,21.6,11.6,4.1
2018-01-30,14.9,20.8,10.6,3.2
2018-01-31,16.6,22.6,13.2,0.4
2018-02-01,13.8,19.8,9.9,1.4
2018-02-02,15.1,21.9,10.7,0.5
2018-02-03,12.2,17.0,9.4,1.5
2018-02-04,11.3,15.8,8.8,0.0
2018-02-05,10.5,14.2,8.1,0.0
2018-02-06,12.4,18.0,7.7,0.0
2018-02-07,12.7,15.7,10.0,0.6
2018-02-08,14.0,18.1,10.9,2.9
2018-02-09,17.3,23.5,13.4,0.5
2018-02-10,18.2,24.4,13.9,0.3
2018-02-11,14.9,19.5,11.9,0.2
2018-02-12,14.9,22.5,10.1,0.0
2018-02-13,15.1,21.0,9.2,0.1
2018-02-14,17.0,23.7,10.9,0.0
2018-02-15,21.1,30.0,13.2,0.0
2018-02-16,21.6,27.8,17.5,2.4
2018-02-17,20.0,26.9,15.4,0.0
2018-02-18,20.3,28.1,14.7,0.0
2018-02-19,21.8,30.1,14.4,0.0
2018-02-20,21.4,28.0,16.1,0.0
2018-02-21,20.6,26.5,17.5,3.0
2018-02-22,16.8,20.4,13.2,3.5
2018-02-23,18.1,25.0,13.1,0.2
2018-02-24,18.9,24.2,15.6,1.6
2018-02-25,20.1,26.5,15.5,1.6
2018-02-26,19.0,26.6,14.0,0.1
2018-02-27,19.7,26.5,13.9,0.0
2018-02-28,21.1,29.1,16.1,2.9
2018-03-01,21.7,29.4,17.0,0.0
2018-03-02,23.4,29.5,18.5,0.0
2018-03-03,24.8,31.4,19.5,1.2
2018-03-04,25.6,31.2,20.5,0.0
2018-03-05,26.7,30.5,21.7,1.0
2018-03-06,21.8,29.6,16.5,0.5
2018-03-07,20.5,27.0,16.1,10.6
2018-03-08,16.0,19.1,11.1,3.5
2018-03-09,15.1,21.7,10.4,1.5
2018-03-10,16.7,23.2,9.2,0.1
2018-03-11,18.4,24.8,12.2,0.0
2018-03-12,18.7,25.5,12.1,0.0
2018-03-13,19.7,27.4,12.8,0.0
2018-03-14,21.1,27.8,14.5,0.0
2018-03-15,21.0,29.4,15.6,25.8
2018-03-16,22.6,28.5,18.2,0.3
2018-03-17,20.9,27.5,15.0,0.1
2018-03-18,21.8,28.0,17.0,0.0
2018-03-19,23.4,29.5,17.9,2.7
2018-03-20,22.1,27.9,17.7,6.5
2018-03-21,18.3,23.0,13.6,0.0
2018-03-22,17.5,24.5,10.8,0.0
2018-03-23,18.6,26.8,11.0,0.0
2018-03-24,19.5,26.0,12.6,0.0
2018-03-25,20.5,26.5,14.7,0.0
2018-03-26,21.3,27.2,16.0,0.0
2018-03-27,21.7,27.9,15.8,0.4
2018-03-28,22.5,28.9,16.3,0.2
2018-03-29,22.8,28.4,18.0,0.1
2018-03-30,23.6,29.2,18.2,0.0
2018-03-31,23.7,27.1,20.9,0.9
2018-04-01,23.7,28.0,20.4,1.0
2018-04-02,24.0,28.1,20.6,0.5
2018-04-03,24.1,28.3,20.0,0.8
2018-04-04,24.9,30.6,20.1,0.0
2018-04-05,25.4,30.9,20.4,0.0
2018-04-06,23.8,28.6,17.4,1.7
2018-04-07,18.9,24.4,16.1,0.0
2018-04-08,20.2,26.2,15.2,0.0
2018-04-09,20.9,27.8,14.3,0.0
2018-04-10,23.5,31.3,15.4,0.2
2018-04-11,27.0,33.2,21.8,0.4
2018-04-12,26.5,32.2,22.0,8.6
2018-04-13,27.3,32.0,22.9,3.6
2018-04-14,27.6,33.0,23.1,1.9
2018-04-15,24.8,30.8,18.5,12.3
2018-04-16,22.9,29.0,17.1,3.8
2018-04-17,22.4,27.9,17.9,4.2
2018-04-18,22.7,29.2,17.4,0.0
2018-04-19,24.5,29.7,19.8,0.0
2018-04-20,25.0,29.6,20.2,0.0
2018-04-21,25.6,31.6,21.7,0.4
2018-04-22,26.7,32.7,21.4,0.0
2018-04-23,28.0,33.2,22.4,0.5
2018-04-24,27.3,31.0,24.5,1.2
2018-04-25,25.7,29.6,22.9,5.9
2018-04-26,25.8,30.9,21.5,1.0
2018-04-27,26.2,31.1,21.6,0.6
2018-04-28,26.6,30.5,22.8,1.0
2018-04-29,26.9,31.5,23.1,0.0
2018-04-30,27.4,32.8,22.5,0.3
2018-05-01,27.8,32.2,23.8,2.4
2018-05-02,27.9,32.7,23.4,0.1
2018-05-03,28.5,34.0,24.0,0.6
2018-05-04,27.7,32.2,24.4,0.5
2018-05-05,27.7,34.2,23.0,0.0
2018-05-06,28.8,34.3,23.5,1.2
2018-05-07,29.1,33.6,25.4,0.4
2018-05-08,26.0,28.9,24.1,44.2
2018-05-09,24.4,26.7,23.0,26.0
2018-05-10,25.0,29.1,21.8,1.6
2018-05-11,26.0,29.4,23.0,1.0
2018-05-12,25.8,29.0,22.4,1.2
2018-05-13,26.8,30.5,23.6,0.0
2018-05-14,27.1,31.6,22.4,0.1
2018-05-15,28.1,32.8,23.9,0.0
2018-05-16,28.6,33.1,24.1,4.0
2018-05-17,28.7,32.0,26.0,0.9
2018-05-18,28.0,32.0,24.8,0.0
2018-05-19,27.9,32.3,23.5,0.0
2018-05-20,28.3,31.9,25.1,1.5
2018-05-21,28.0,31.3,25.4,2.0
2018-05-22,28.6,33.2,24.5,1.4
2018-05-23,28.6,33.3,24.5,0.3
2018-05-24,29.2,33.1,25.0,0.5
2018-05-25,29.0,33.3,25.1,0.2
2018-05-26,29.2,33.6,25.9,0.6
2018-05-27,29.6,34.0,25.6,0.0
2018-05-28,29.8,33.7,26.1,1.9
2018-05-29,29.3,33.2,25.5,9.1
2018-05-30,29.5,33.3,26.5,2.0
2018-05-31,29.7,34.2,25.5,0.1
2018-06-01,29.9,35.2,26.5,1.2
2018-06-02,29.1,34.2,24.5,0.7
2018-06-03,30.1,34.0,25.4,2.3
2018-06-04,28.8,34.2,25.6,5.5
2018-06-05,29.5,34.3,25.4,1.8
2018-06-06,29.2,35.0,25.1,6.4
2018-06-07,29.4,34.7,25.8,1.1
2018-06-08,29.4,33.9,25.8,0.3
2018-06-09,29.8,34.5,26.0,0.6
2018-06-10,28.4,32.2,25.8,12.6
2018-06-11,27.1,30.5,25.5,37.7
2018-06-12,27.9,31.3,24.8,3.1
2018-06-13,28.3,32.8,24.7,0.2
2018-06-14,27.0,29.8,25.1,27.7
2018-06-15,26.5,28.6,25.2,174.0
2018-06-16,25.9,30.0,22.2,28.1
2018-06-17,26.3,30.0,24.5,57.8
2018-06-18,26.0,28.2,24.9,47.0
2018-06-19,25.6,26.7,24.1,69.7
2018-06-20,24.6,25.5,23.5,59.6
2018-06-21,26.4,29.5,24.2,27.3
2018-06-22,26.9,30.0,25.0,20.1
2018-06-23,27.8,30.4,25.5,1.6
2018-06-24,28.0,30.8,25.9,1.5
2018-06-25,28.0,30.9,25.4,1.0
2018-06-26,28.2,31.5,25.1,1.3
2018-06-27,27.6,31.1,24.9,4.0
2018-06-28,27.3,30.3,24.6,9.3
2018-06-29,27.4,30.0,25.2,3.7
2018-06-30,27.3,30.5,24.2,11.2
2018-07-01,27.0,30.5,24.8,13.9
2018-07-02,25.4,27.2,23.9,27.8
2018-07-03,25.9,28.5,23.8,21.2
2018-07-04,25.9,28.4,23.5,15.3
2018-07-05,26.7,28.9,24.1,11.8
2018-07-06,26.3,28.5,24.0,17.6
2018-07-07,26.6,30.3,25.0,14.1
2018-07-08,27.7,32.3,24.1,1.6
2018-07-09,28.0,31.9,24.4,2.4
2018-07-10,27.9,30.7,25.8,2.5
2018-07-11,27.8,30.3,25.5,3.8
2018-07-12,27.1,31.0,24.6,12.8
2018-07-13,27.3,31.1,24.9,4.2
2018-07-14,27.8,30.5,24.7,0.8
2018-07-15,27.8,30.5,25.0,0.3
2018-07-16,28.4,31.5,25.9,0.2
2018-07-17,29.3,33.0,26.0,0.6
2018-07-18,29.1,32.2,26.5,5.0
2018-07-19,27.4,30.4,24.9,10.9
2018-07-20,27.2,30.7,23.8,2.9
2018-07-21,27.5,31.0,24.8,4.2
2018-07-22,27.3,30.5,24.5,9.7
2018-07-23,28.1,31.5,24.8,6.4
2018-07-24,27.7,31.2,25.5,9.5
2018-07-25,27.5,31.2,25.5,4.9
2018-07-26,27.4,30.5,24.8,4.6
2018-07-27,27.2,31.2,24.8,3.4
2018-07-28,27.4,31.2,24.4,7.3
2018-07-29,27.7,31.4,23.9,2.5
2018-07-30,28.2,31.3,25.1,0.2
2018-07-31,28.7,31.7,26.0,1.1
2018-08-01,28.9,32.1,25.5,2.0
2018-08-02,27.9,30.8,25.3,14.2
2018-08-03,27.6,30.5,25.1,11.4
2018-08-04,28.1,31.4,25.5,2.5
2018-08-05,27.6,31.7,24.9,5.2
2018-08-06,27.1,31.4,23.6,17.6
2018-08-07,27.2,30.4,24.1,8.8
2018-08-08,27.6,30.9,24.2,3.1
2018-08-09,27.7,31.6,25.2,9.2
2018-08-10,27.4,31.3,24.8,8.2
2018-08-11,27.2,31.1,24.2,10.0
2018-08-12,28.2,32.2,24.4,1.1
2018-08-13,26.4,28.8,25.2,22.0
2018-08-14,26.4,29.6,24.7,33.3
2018-08-15,26.2,29.1,24.6,29.8
2018-08-16,26.7,29.8,25.0,19.4
2018-08-17,27.1,30.4,24.3,19.9
2018-08-18,26.4,29.0,24.8,27.5
2018-08-19,26.1,29.0,25.0,24.8
2018-08-20,26.8,30.0,24.6,6.6
2018-08-21,26.9,30.0,24.6,9.0
2018-08-22,27.0,30.8,25.4,11.9
2018-08-23,26.1,27.9,24.0,124.9
2018-08-24,26.2,27.5,24.6,133.3
2018-08-25,25.6,28.6,24.0,35.1
2018-08-26,25.7,27.7,24.8,20.8
2018-08-27,25.0,25.6,24.2,83.3
2018-08-28,24.7,25.4,24.1,132.0
2018-08-29,24.8,25.2,24.4,107.9
2018-08-30,25.3,26.9,23.7,35.7
2018-08-31,26.1,30.0,22.8,1.7
2018-09-01,27.1,30.9,24.1,1.7
2018-09-02,26.6,30.3,23.6,2.0
2018-09-03,26.9,30.5,23.1,0.7
2018-09-04,27.2,30.4,24.4,3.5
2018-09-05,27.5,31.0,24.9,1.2
2018-09-06,26.8,30.7,24.7,12.1
2018-09-07,26.8,30.5,24.1,6.0
2018-09-08,26.9,30.7,24.8,2.6
2018-09-09,26.5,30.6,23.9,4.1
2018-09-10,26.1,29.5,23.6,17.0
2018-09-11,26.2,29.0,24.1,13.1
2018-09-12,27.0,30.9,23.9,2.6
2018-09-13,27.7,31.0,24.9,0.0
2018-09-14,28.1,31.8,25.5,0.0
2018-09-15,27.0,29.4,24.9,2.0
2018-09-16,28.1,32.7,24.5,5.3
2018-09-17,27.2,31.2,25.0,6.2
2018-09-18,26.9,31.0,23.9,2.9
2018-09-19,27.2,29.9,25.0,0.2
2018-09-20,27.4,30.8,24.1,0.0
2018-09-21,27.4,30.8,24.5,0.2
2018-09-22,27.4,31.4,24.3,1.5
2018-09-23,27.4,31.2,23.9,1.3
2018-09-24,26.9,30.6,24.0,1.9
2018-09-25,26.8,30.5,24.1,2.2
2018-09-26,26.1,30.2,23.3,1.2
2018-09-27,25.9,30.8,22.2,0.0
2018-09-28,26.3,31.1,22.5,0.0
2018-09-29,25.8,28.9,23.2,0.0
2018-09-30,25.6,29.9,22.5,0.0
2018-10-01,25.9,29.1,23.5,0.0
2018-10-02,24.8,28.8,20.9,1.6
2018-10-03,23.7,28.9,18.8,0.2
2018-10-04,23.6,28.4,20.0,0.0
2018-10-05,24.4,28.6,22.2,0.0
2018-10-06,24.9,29.2,20.1,0.3
2018-10-07,25.4,29.7,21.8,1.1
2018-10-08,25.3,29.5,21.2,0.8
2018-10-09,25.6,29.4,22.9,1.1
2018-10-10,25.3,29.2,22.1,2.9
2018-10-11,24.2,29.1,20.9,0.4
2018-10-12,22.5,26.4,19.0,12.3
2018-10-13,23.9,28.8,19.4,0.0
2018-10-14,25.1,29.3,20.9,0.5
2018-10-15,25.4,30.9,22.0,0.4
2018-10-16,25.2,30.1,21.7,1.2
2018-10-17,23.9,29.5,20.9,0.1
2018-10-18,24.2,28.6,20.2,0.2
2018-10-19,24.5,29.1,21.9,3.3
2018-10-20,24.1,28.6,20.0,0.4
2018-10-21,24.1,28.8,20.3,0.0
2018-10-22,24.4,28.8,20.3,1.7
2018-10-23,24.8,30.0,21.1,0.7
2018-10-24,24.5,29.8,19.6,0.6
2018-10-25,24.8,29.8,20.5,0.4
2018-10-26,24.7,30.4,20.6,0.0
2018-10-27,23.7,30.0,19.0,0.0
2018-10-28,21.2,27.4,15.6,0.0
2018-10-29,21.2,28.0,15.1,0.0
2018-10-30,22.8,29.5,15.8,0.0
2018-10-31,22.3,27.6,18.8,1.7
2018-11-01,21.6,27.8,17.5,0.0
2018-11-02,21.6,25.9,18.4,3.5
2018-11-03,23.9,30.3,18.8,0.0
2018-11-04,24.9,30.1,21.9,0.2
2018-11-05,24.5,29.8,20.7,0.0
2018-11-06,24.7,29.6,21.1,0.0
2018-11-07,24.9,29.6,21.3,0.0
2018-11-08,24.7,29.9,20.8,0.0
2018-11-09,24.7,29.8,20.6,0.0
2018-11-10,24.0,27.9,20.3,0.0
2018-11-11,24.3,29.1,21.1,0.0
2018-11-12,23.8,29.6,20.1,0.0
2018-11-13,23.7,29.9,19.5,0.0
2018-11-14,23.3,29.2,17.3,0.0
2018-11-15,23.4,29.4,17.5,0.0
2018-11-16,24.6,30.2,19.5,0.0
2018-11-17,24.8,29.3,21.2,0.3
2018-11-18,24.6,30.0,19.8,0.8
2018-11-19,24.4,30.4,20.3,0.1
2018-11-20,22.6,27.8,17.8,0.9
2018-11-21,24.2,30.4,19.4,0.0
2018-11-22,22.7,27.8,18.8,0.0
2018-11-23,21.2,27.2,16.5,0.0
2018-11-24,21.4,28.0,15.2,0.0
2018-11-25,22.4,27.9,17.8,2.0
2018-11-26,20.9,24.2,18.5,4.1
2018-11-27,22.1,26.8,18.0,0.0
2018-11-28,21.3,24.6,18.9,0.9
2018-11-29,21.6,27.2,18.4,0.1
2018-11-30,21.9,26.5,17.7,1.2
2018-12-01,21.9,27.6,17.2,0.0
2018-12-02,21.6,27.5,16.5,0.0
2018-12-03,22.6,29.8,17.8,0.0
2018-12-04,24.2,31.2,17.8,0.0
2018-12-05,24.9,31.0,20.5,0.0
2018-12-06,24.7,31.0,20.3,0.1
2018-12-07,22.8,29.0,18.8,0.0
2018-12-08,21.1,27.5,17.0,0.0
2018-12-09,21.0,26.5,17.0,0.2
2018-12-10,21.6,27.8,17.4,0.2
2018-12-11,22.1,27.4,18.0,0.0
2018-12-12,18.9,25.6,15.6,0.0
2018-12-13,19.0,25.0,14.0,0.4
2018-12-14,20.0,26.5,14.2,0.0
2018-12-15,20.4,26.2,15.1,0.0
2018-12-16,21.8,28.5,17.8,0.0
2018-12-17,19.2,24.9,14.9,0.0
2018-12-18,18.2,25.0,12.0,0.0
2018-12-19,19.3,24.8,14.4,0.0
2018-12-20,20.2,27.6,13.6,0.0
2018-12-21,20.9,28.4,15.9,0.0
2018-12-22,22.7,29.5,18.4,0.0
2018-12-23,22.4,27.0,19.0,1.4
2018-12-24,20.7,26.2,17.3,0.7
2018-12-25,22.0,28.8,17.9,1.4
2018-12-26,22.9,28.7,19.8,0.0
2018-12-27,20.6,26.7,16.5,0.9
2018-12-28,18.3,24.1,14.7,0.0
2018-12-29,16.8,23.0,12.6,0.0
2018-12-30,17.2,23.0,10.6,0.0
2018-12-31,18.5,24.3,14.9,0.0
2019-01-01,18.2,22.9,14.4,0.0
2019-01-02,17.2,18.5,16.0,7.3
2019-01-03,19.0,24.1,15.9,2.2
2019-01-04,20.2,26.4,15.5,0.0
2019-01-05,22.0,29.0,17.4,0.1
2019-01-06,20.2,25.2,17.5,1.6
2019-01-07,20.7,27.2,15.7,0.0
2019-01-08,21.3,27.8,17.9,0.0
2019-01-09,20.5,26.6,16.4,0.0
2019-01-10,21.5,28.5,16.8,0.1
2019-01-11,22.0,28.4,18.0,0.0
2019-01-12,21.8,28.5,17.6,0.2
2019-01-13,20.1,26.8,16.4,1.4
2019-01-14,20.2,26.7,15.4,0.0
2019-01-15,20.7,27.5,16.6,0.9
2019-01-16,18.1,21.0,15.9,5.3
2019-01-17,17.1,21.3,13.5,0.5
2019-01-18,16.9,23.0,10.7,0.0
2019-01-19,19.0,22.4,16.8,1.5
2019-01-20,19.3,23.9,15.9,1.9
2019-01-21,15.4,17.7,13.8,5.7
2019-01-22,15.9,22.0,12.1,0.0
2019-01-23,16.0,22.9,10.1,0.0
2019-01-24,16.8,24.2,10.6,0.0
2019-01-25,17.5,25.0,12.6,0.0
2019-01-26,16.2,22.5,11.9,0.0
2019-01-27,16.5,23.5,12.4,0.0
2019-01-28,16.8,24.6,10.4,0.0
2019-01-29,17.4,25.7,11.4,0.0
2019-01-30,18.4,26.9,11.8,0.0
2019-01-31,20.2,27.1,12.5,0.0
2019-02-01,17.9,24.0,12.8,0.0
2019-02-02,18.9,26.6,12.5,0.0
2019-02-03,21.7,29.0,14.6,0.7
2019-02-04,22.2,26.5,17.8,1.7
2019-02-05,20.8,28.0,16.4,3.0
2019-02-06,20.7,27.0,14.9,0.0
2019-02-07,22.5,30.8,16.1,0.0
2019-02-08,21.1,28.4,15.6,0.0
2019-02-09,20.2,28.4,14.6,0.0
2019-02-10,19.6,26.6,13.5,0.0
2019-02-11,20.1,26.8,15.6,0.0
2019-02-12,20.6,28.4,14.7,0.0
2019-02-13,21.9,29.6,16.4,0.1
2019-02-14,22.0,29.2,17.5,0.0
2019-02-15,22.2,29.1,16.4,0.3
2019-02-16,22.7,28.5,18.6,0.7
2019-02-17,20.7,27.0,16.0,0.0
2019-02-18,22.3,27.6,16.2,3.7
2019-02-19,24.9,30.8,21.7,0.3
2019-02-20,23.8,29.5,18.7,1.9
2019-02-21,23.6,27.7,20.2,0.9
2019-02-22,22.2,29.4,18.1,0.6
2019-02-23,19.8,26.2,14.7,0.0
2019-02-24,18.7,23.4,16.1,14.4
2019-02-25,20.1,27.0,15.3,5.7
2019-02-26,20.7,27.9,14.1,0.0
2019-02-27,21.5,28.4,15.7,0.0
2019-02-28,22.9,29.4,18.9,0.1
2019-03-01,21.8,28.8,16.8,0.0
2019-03-02,22.1,28.4,16.6,0.0
2019-03-03,22.4,27.5,20.1,4.1
2019-03-04,21.1,27.8,15.6,0.0
2019-03-05,22.6,31.5,15.9,1.2
2019-03-06,22.1,29.8,16.2,7.3
2019-03-07,16.1,18.5,13.4,20.7
2019-03-08,16.6,21.7,12.6,7.7
2019-03-09,20.5,23.9,16.4,33.0
2019-03-10,21.1,25.9,17.4,13.8
2019-03-11,18.5,22.8,15.9,4.2
2019-03-12,19.5,25.4,13.9,0.0
2019-03-13,20.7,24.7,16.5,1.1
2019-03-14,21.5,26.4,18.0,0.1
2019-03-15,19.0,23.9,16.4,0.1
2019-03-16,21.2,25.9,15.4,0.0
2019-03-17,22.2,27.4,17.4,0.3
2019-03-18,21.8,27.8,17.1,0.1
2019-03-19,22.9,29.9,17.5,0.0
2019-03-20,23.9,29.2,18.0,0.0
2019-03-21,24.7,29.9,20.2,0.0
2019-03-22,23.7,30.1,19.1,0.2
2019-03-23,19.0,23.0,15.9,17.5
2019-03-24,19.1,23.6,14.2,1.4
2019-03-25,21.5,26.9,17.1,0.3
2019-03-26,21.8,28.2,16.6,0.0
2019-03-27,22.8,29.1,17.1,0.0
2019-03-28,24.5,30.5,19.9,0.2
2019-03-29,24.5,29.0,21.3,0.4
2019-03-30,23.7,28.7,19.8,4.0
2019-03-31,23.4,28.1,19.9,1.5
2019-04-01,21.0,25.5,17.0,3.1
2019-04-02,22.1,28.0,17.1,1.7
2019-04-03,23.1,29.6,18.9,0.3
2019-04-04,23.3,29.8,17.9,3.3
2019-04-05,23.6,29.3,19.3,0.1
2019-04-06,23.7,29.6,18.5,0.0
2019-04-07,24.4,30.0,19.0,0.0
2019-04-08,25.4,31.1,20.1,0.0
2019-04-09,26.8,32.7,20.7,0.0
2019-04-10,26.5,32.5,21.9,0.0
2019-04-11,25.7,31.2,20.7,0.2
2019-04-12,24.1,30.5,19.3,0.0
2019-04-13,24.6,30.3,20.4,0.2
2019-04-14,25.5,31.3,21.1,0.3
2019-04-15,24.1,29.4,20.5,16.0
2019-04-16,23.1,27.8,20.8,28.6
2019-04-17,23.9,29.1,19.5,0.8
2019-04-18,25.2,31.0,20.4,0.0
2019-04-19,25.8,31.2,22.6,10.7
2019-04-20,26.3,31.8,22.1,8.1
2019-04-21,26.4,30.1,23.5,6.6
2019-04-22,26.7,30.9,22.9,1.1
2019-04-23,26.7,31.5,22.8,0.0
2019-04-24,26.5,30.8,22.8,0.0
2019-04-25,26.1,31.0,21.5,0.0
2019-04-26,25.8,30.3,22.6,5.5
2019-04-27,26.0,30.5,22.3,2.9
2019-04-28,26.0,29.8,22.5,0.8
2019-04-29,26.8,31.5,22.1,1.6
2019-04-30,26.9,30.0,24.8,4.2
2019-05-01,24.6,28.1,21.2,27.3
2019-05-02,23.2,27.1,19.6,11.2
2019-05-03,23.8,28.0,20.6,5.1
2019-05-04,24.7,27.4,22.1,0.5
2019-05-05,23.5,26.7,21.1,7.7
2019-05-06,22.2,24.5,20.9,52.4
2019-05-07,21.8,25.3,19.7,6.5
2019-05-08,22.9,26.8,19.1,0.9
2019-05-09,23.9,26.5,20.7,8.5
2019-05-10,23.9,27.0,21.2,10.4
2019-05-11,25.9,30.6,22.0,0.8
2019-05-12,26.4,31.2,22.0,0.7
2019-05-13,26.8,30.6,22.6,2.8
2019-05-14,27.2,31.4,23.0,0.6
2019-05-15,26.7,29.4,24.1,23.7
2019-05-16,27.5,31.2,24.1,10.2
2019-05-17,27.5,30.5,24.9,14.1
2019-05-18,26.8,30.0,24.8,22.5
2019-05-19,27.9,31.4,25.0,5.8
2019-05-20,26.4,29.4,24.5,33.4
2019-05-21,25.9,28.5,23.8,19.2
2019-05-22,26.3,29.5,23.5,0.0
2019-05-23,24.9,28.3,21.9,21.4
2019-05-24,25.5,29.5,22.5,2.3
2019-05-25,26.2,29.6,22.9,0.5
2019-05-26,26.9,31.2,23.2,0.3
2019-05-27,26.5,28.6,24.5,18.7
2019-05-28,26.1,29.8,23.8,14.4
2019-05-29,25.9,29.1,23.5,8.3
2019-05-30,26.0,29.8,22.6,14.3
2019-05-31,26.3,30.0,23.2,18.5
2019-06-01,27.2,31.0,24.1,14.5
2019-06-02,27.6,30.9,24.8,18.3
2019-06-03,27.9,30.8,25.5,0.9
2019-06-04,27.2,29.9,24.9,17.7
2019-06-05,27.9,31.9,24.0,1.8
2019-06-06,28.8,32.7,25.0,0.8
2019-06-07,28.6,31.4,26.1,3.4
2019-06-08,28.6,32.0,25.8,0.6
2019-06-09,27.8,30.8,24.9,3.2
2019-06-10,27.2,31.1,25.3,17.0
2019-06-11,25.8,27.8,23.8,26.9
2019-06-12,27.0,30.9,25.0,27.2
2019-06-13,27.1,30.6,24.8,19.4
2019-06-14,26.1,29.9,24.2,39.0
2019-06-15,26.9,31.6,22.9,3.3
2019-06-16,26.2,30.2,23.9,52.0
2019-06-17,27.8,32.0,24.0,8.4
2019-06-18,28.8,33.2,24.6,0.4
2019-06-19,28.9,32.0,26.2,0.9
2019-06-20,28.4,31.6,25.0,1.7
2019-06-21,28.6,31.5,25.6,1.7
2019-06-22,29.0,32.3,26.4,3.0
2019-06-23,28.3,31.4,25.9,5.1
2019-06-24,27.6,30.8,26.1,10.2
2019-06-25,27.0,29.5,25.0,4.6
2019-06-26,26.5,30.1,24.8,12.4
2019-06-27,27.3,30.8,24.1,25.0
2019-06-28,28.2,31.2,25.5,3.6
2019-06-29,28.3,31.5,26.0,5.2
2019-06-30,28.7,31.6,26.6,4.9
2019-07-01,28.8,31.9,25.6,4.0
2019-07-02,26.5,28.1,25.8,33.6
2019-07-03,26.6,29.1,25.2,24.4
2019-07-04,27.8,30.7,25.9,10.1
2019-07-05,27.4,29.5,25.0,12.5
2019-07-06,27.1,29.1,25.5,14.5
2019-07-07,27.5,30.8,25.4,11.6
2019-07-08,27.3,30.2,25.7,16.6
2019-07-09,26.9,30.0,25.1,10.6
2019-07-10,26.7,29.5,24.9,25.1
2019-07-11,27.2,30.4,25.0,13.4
2019-07-12,28.1,31.7,25.1,7.8
2019-07-13,27.8,30.8,25.1,5.0
2019-07-14,28.2,31.1,25.5,2.8
2019-07-15,28.5,31.8,25.4,2.4
2019-07-16,28.8,32.3,25.9,0.3
2019-07-17,29.0,33.1,25.9,0.0
2019-07-18,27.8,29.9,26.2,13.1
2019-07-19,27.2,31.0,25.0,22.2
2019-07-20,26.3,28.9,24.1,39.0
2019-07-21,27.4,29.9,25.5,10.9
2019-07-22,27.5,30.5,25.5,0.5
2019-07-23,27.4,30.6,25.0,2.9
2019-07-24,27.8,30.8,25.1,3.2
2019-07-25,28.1,31.2,25.0,3.1
2019-07-26,28.3,31.4,25.8,7.6
2019-07-27,27.2,29.7,25.4,15.2
2019-07-28,27.1,31.1,25.0,8.4
2019-07-29,28.2,32.8,25.0,0.9
2019-07-30,28.6,32.0,25.2,2.9
2019-07-31,28.5,31.8,26.4,2.4
2019-08-01,27.7,31.1,25.6,0.4
2019-08-02,27.0,31.0,25.0,10.0
2019-08-03,27.2,30.9,24.5,2.7
2019-08-04,28.0,31.5,24.9,3.0
2019-08-05,28.0,31.5,26.0,2.1
2019-08-06,28.0,32.2,25.4,4.7
2019-08-07,28.2,31.6,25.9,5.0
2019-08-08,28.6,32.7,25.5,7.2
2019-08-09,28.7,31.5,26.9,6.4
2019-08-10,29.1,30.7,26.8,15.9
2019-08-11,27.5,29.9,25.3,16.2
2019-08-12,27.9,30.9,25.2,26.9
2019-08-13,26.7,29.6,24.8,44.2
2019-08-14,27.3,31.0,25.0,27.3
2019-08-15,27.0,29.0,25.5,25.7
2019-08-16,26.3,28.6,24.6,39.0
2019-08-17,26.2,30.0,24.2,33.1
2019-08-18,25.9,29.1,24.5,51.6
2019-08-19,25.2,27.1,23.9,40.4
2019-08-20,25.7,27.8,24.6,68.5
2019-08-21,26.3,29.4,24.9,15.6
2019-08-22,27.5,31.1,24.8,5.4
2019-08-23,28.4,32.2,26.0,2.9
2019-08-24,26.7,28.4,25.2,65.9
2019-08-25,27.4,30.2,25.5,48.0
2019-08-26,28.7,30.9,26.3,0.2
2019-08-27,28.0,31.9,24.8,0.0
2019-08-28,28.2,31.9,25.1,0.0
2019-08-29,28.0,31.5,26.4,8.2
2019-08-30,26.9,30.2,25.1,16.0
2019-08-31,26.9,29.7,24.5,4.3
2019-09-01,28.3,31.4,25.9,2.7
2019-09-02,27.6,30.8,25.3,2.2
2019-09-03,27.4,31.3,25.0,1.5
2019-09-04,26.3,29.1,24.2,39.9
2019-09-05,26.5,29.6,24.6,26.3
2019-09-06,26.7,31.0,24.2,17.8
2019-09-07,27.0,30.2,24.5,10.7
2019-09-08,27.1,30.8,24.6,8.4
2019-09-09,27.3,30.4,24.5,1.2
2019-09-10,26.5,28.0,25.1,13.1
2019-09-11,27.7,31.1,24.6,0.0
2019-09-12,28.1,31.7,25.3,0.1
2019-09-13,28.0,31.5,25.1,0.7
2019-09-14,27.4,31.3,25.0,3.8
2019-09-15,27.2,30.0,25.4,6.0
2019-09-16,26.8,29.1,25.1,0.4
2019-09-17,27.0,29.8,24.5,1.2
2019-09-18,26.6,30.4,22.6,0.6
2019-09-19,25.7,29.2,23.5,5.7
2019-09-20,25.1,29.4,22.5,0.1
2019-09-21,25.6,28.4,23.2,0.0
2019-09-22,26.1,30.6,22.5,0.0
2019-09-23,24.9,30.1,20.3,0.4
2019-09-24,25.0,29.5,19.8,0.0
2019-09-25,25.8,29.0,23.0,2.0
2019-09-26,26.1,29.5,22.5,0.3
2019-09-27,26.4,30.9,22.5,0.0
2019-09-28,26.9,31.5,23.1,0.3
2019-09-29,27.6,32.0,24.0,0.0
2019-09-30,26.8,30.8,24.0,0.5
2019-10-01,27.2,30.6,24.6,1.5
2019-10-02,27.1,31.2,23.9,1.7
2019-10-03,27.4,32.0,24.2,0.6
2019-10-04,26.7,30.9,23.9,0.6
2019-10-05,26.9,30.9,23.5,0.2
2019-10-06,26.9,30.1,24.0,0.1
2019-10-07,27.5,31.9,24.8,0.0
2019-10-08,27.4,31.2,24.5,0.2
2019-10-09,26.4,30.5,23.8,2.2
2019-10-10,26.3,30.6,22.9,2.1
2019-10-11,26.4,31.5,22.5,0.6
2019-10-12,26.4,31.0,24.1,3.3
2019-10-13,26.1,29.5,23.7,10.0
2019-10-14,25.9,29.4,23.5,2.1
2019-10-15,25.3,29.9,22.5,1.4
2019-10-16,24.8,28.6,20.6,1.7
2019-10-17,25.4,30.9,21.3,0.0
2019-10-18,24.2,29.5,19.0,0.0
2019-10-19,24.5,30.3,19.7,0.0
2019-10-20,24.1,28.6,19.6,2.2
2019-10-21,23.9,28.9,18.9,0.1
2019-10-22,24.4,29.1,20.4,0.4
2019-10-23,25.4,31.0,21.4,0.0
2019-10-24,25.1,30.2,21.5,0.0
2019-10-25,25.2,30.0,20.5,0.1
2019-10-26,24.8,28.7,20.2,1.7
2019-10-27,25.1,30.3,20.8,0.9
2019-10-28,25.4,31.8,21.3,0.4
2019-10-29,24.5,31.0,20.4,1.2
2019-10-30,25.1,31.1,19.9,0.6
2019-10-31,26.3,31.5,22.4,8.5
2019-11-01,26.5,31.5,23.4,2.2
2019-11-02,26.3,31.5,22.3,0.0
2019-11-03,25.8,32.0,21.3,0.0
2019-11-04,24.3,29.6,20.9,0.0
2019-11-05,24.8,30.5,20.5,0.0
2019-11-06,24.5,29.9,20.5,1.3
2019-11-07,24.7,31.0,19.6,0.0
2019-11-08,23.3,30.0,17.9,0.4
2019-11-09,22.8,30.0,17.0,0.0
2019-11-10,22.4,28.3,17.2,0.0
2019-11-11,22.4,28.4,16.7,0.0
2019-11-12,23.2,28.7,18.0,0.0
2019-11-13,23.6,29.4,19.0,0.0
2019-11-14,22.9,29.5,18.4,0.0
2019-11-15,23.4,28.0,19.2,0.0
2019-11-16,23.5,28.3,19.9,0.0
2019-11-17,24.0,30.4,18.9,0.0
2019-11-18,23.9,30.9,19.9,0.0
2019-11-19,21.6,27.1,18.6,0.7
2019-11-20,21.4,25.6,17.4,0.0
2019-11-21,23.3,30.1,17.7,0.0
2019-11-22,24.7,31.1,20.6,0.0
2019-11-23,24.2,30.0,19.1,0.2
2019-11-24,24.8,31.6,20.2,0.0
2019-11-25,24.9,31.2,20.6,0.3
2019-11-26,23.5,29.4,19.2,0.0
2019-11-27,23.7,30.2,19.1,0.1
2019-11-28,20.9,28.6,16.5,0.0
2019-11-29,19.9,26.6,13.6,0.2
2019-11-30,21.0,27.7,15.3,0.1
2019-12-01,22.4,29.3,18.4,0.1
2019-12-02,18.9,24.4,13.8,0.0
2019-12-03,17.3,23.9,11.0,0.0
2019-12-04,17.2,22.2,14.6,4.9
2019-12-05,15.0,17.6,13.9,21.2
2019-12-06,14.8,16.8,13.8,13.5
2019-12-07,15.6,20.4,12.8,2.8
2019-12-08,16.0,22.6,10.2,0.3
2019-12-09,17.0,23.5,11.1,0.0
2019-12-10,18.6,24.4,14.9,0.0
2019-12-11,18.6,26.1,14.4,0.0
2019-12-12,19.2,25.1,14.8,0.0
2019-12-13,18.9,26.4,13.9,0.0
2019-12-14,19.3,27.0,13.6,0.0
2019-12-15,20.5,27.9,15.4,0.0
2019-12-16,21.7,28.5,17.0,0.0
2019-12-17,22.4,30.1,16.1,0.0
2019-12-18,21.7,29.1,15.9,0.0
2019-12-19,21.0,27.8,16.4,0.0
2019-12-20,19.9,25.5,15.6,1.6
2019-12-21,21.0,27.5,16.4,0.1
2019-12-22,21.4,27.9,17.6,0.0
2019-12-23,20.0,27.4,15.2,0.0
2019-12-24,20.1,28.0,15.2,0.0
2019-12-25,20.8,28.3,16.0,0.0
2019-12-26,21.9,29.6,16.9,0.0
2019-12-27,18.2,23.5,15.0,0.1
2019-12-28,18.6,24.1,14.9,0.0
2019-12-29,18.8,20.2,17.5,24.1
2019-12-30,19.9,23.5,17.6,2.3
2019-12-31,18.4,22.0,14.9,5.8
2020-01-01,17.5,24.5,13.6,0.9
2020-01-02,17.9,24.9,13.3,0.8
2020-01-03,18.6,25.0,14.7,0.0
2020-01-04,18.8,24.7,13.5,0.0
2020-01-05,19.2,24.2,14.9,0.0
2020-01-06,19.7,25.4,16.3,0.0
2020-01-07,20.4,26.4,15.8,0.0
2020-01-08,19.6,26.5,15.1,0.0
2020-01-09,18.6,25.9,12.6,0.0
2020-01-10,19.4,26.1,14.8,0.0
2020-01-11,19.8,26.4,15.2,0.0
2020-01-12,17.8,23.0,13.8,0.0
2020-01-13,17.1,24.4,12.2,0.8
2020-01-14,18.7,26.5,14.2,0.0
2020-01-15,17.8,25.0,11.9,0.0
2020-01-16,19.3,26.6,14.0,0.0
2020-01-17,18.4,24.9,14.5,0.0
2020-01-18,16.9,24.5,11.7,0.0
2020-01-19,17.8,24.8,12.6,0.0
2020-01-20,18.3,26.6,12.9,0.0
2020-01-21,18.2,27.2,10.9,0.0
2020-01-22,20.7,27.5,14.4,0.0
2020-01-23,22.8,28.6,17.6,0.0
2020-01-24,22.6,29.5,18.8,0.0
2020-01-25,21.4,28.1,17.2,1.5
2020-01-26,19.3,25.5,16.9,10.6
2020-01-27,18.3,23.5,14.1,2.7
2020-01-28,14.5,16.6,12.4,7.3
2020-01-29,14.6,20.5,10.9,0.0
2020-01-30,13.4,19.4,9.7,0.0
2020-01-31,13.2,20.2,6.7,0.0
2020-02-01,14.5,22.5,7.1,0.0
2020-02-02,15.8,23.8,7.8,0.0
2020-02-03,17.5,24.5,11.6,0.0
2020-02-04,18.2,26.1,12.6,0.0
2020-02-05,18.3,25.5,13.8,0.0
2020-02-06,18.1,24.2,10.9,0.0
2020-02-07,19.2,26.2,15.2,0.0
2020-02-08,17.8,25.8,12.9,0.0
2020-02-09,17.0,25.3,12.0,0.0
2020-02-10,17.3,24.5,11.9,2.9
2020-02-11,19.2,23.8,15.1,0.0
2020-02-12,22.0,29.1,15.1,0.0
2020-02-13,22.2,27.8,17.4,2.7
2020-02-14,23.3,30.5,18.6,2.2
2020-02-15,24.7,30.5,19.3,1.3
2020-02-16,20.5,27.8,11.6,1.3
2020-02-17,13.9,19.8,10.8,0.9
2020-02-18,15.0,21.4,8.1,0.0
2020-02-19,16.3,23.5,9.6,0.0
2020-02-20,18.1,25.8,12.0,0.0
2020-02-21,19.5,26.4,14.5,0.0
2020-02-22,19.6,27.4,14.1,0.0
2020-02-23,20.6,26.1,15.1,0.0
2020-02-24,21.5,28.0,16.2,0.0
2020-02-25,23.2,30.9,17.1,0.0
2020-02-26,23.6,31.5,16.8,0.1
2020-02-27,22.6,29.2,17.6,0.0
2020-02-28,22.5,29.0,17.8,0.0
2020-02-29,23.5,29.5,18.3,1.1
2020-03-01,23.7,30.4,18.6,1.0
2020-03-02,21.8,29.2,16.1,0.0
2020-03-03,22.0,29.7,15.6,0.0
2020-03-04,22.5,30.0,17.5,0.7
2020-03-05,19.1,26.2,14.9,6.1
2020-03-06,20.3,26.0,14.5,2.8
2020-03-07,23.3,31.1,17.1,0.0
2020-03-08,23.5,30.9,17.5,0.0
2020-03-09,24.9,30.9,19.5,0.0
2020-03-10,22.2,27.2,17.2,10.7
2020-03-11,21.2,27.4,15.6,0.1
2020-03-12,23.5,31.1,18.7,1.3
2020-03-13,24.4,31.2,19.5,1.7
2020-03-14,18.6,21.5,17.0,3.9
2020-03-15,19.6,26.1,14.9,0.0
2020-03-16,20.0,25.8,13.6,0.0
2020-03-17,21.0,26.9,14.6,0.0
2020-03-18,21.9,28.6,15.6,2.0
2020-03-19,23.7,30.2,19.0,0.1
2020-03-20,23.8,30.0,18.5,0.0
2020-03-21,23.9,30.4,17.7,0.0
2020-03-22,24.8,30.5,19.4,0.0
2020-03-23,25.2,31.7,20.4,0.0
2020-03-24,24.3,30.2,18.9,0.0
2020-03-25,25.2,32.4,19.8,0.3
2020-03-26,27.0,33.5,21.0,0.0
2020-03-27,27.2,31.6,23.0,0.9
2020-03-28,23.3,30.8,16.5,7.3
2020-03-29,21.2,28.2,14.2,0.0
2020-03-30,23.7,31.4,16.9,0.0
2020-03-31,24.5,32.2,18.5,0.1
2020-04-01,23.7,29.7,19.1,1.4
2020-04-02,21.5,28.5,18.0,2.7
2020-04-03,23.4,29.6,18.5,0.0
2020-04-04,22.5,29.5,18.0,0.0
2020-04-05,21.1,28.0,15.7,0.3
2020-04-06,19.7,24.0,16.7,9.6
2020-04-07,21.4,27.6,17.6,15.5
2020-04-08,21.6,28.0,15.2,0.0
2020-04-09,22.6,29.2,17.5,0.0
2020-04-10,22.9,28.4,17.6,0.1
2020-04-11,23.9,30.1,18.5,0.0
2020-04-12,21.0,25.5,17.0,4.9
2020-04-13,19.3,26.0,14.2,0.0
2020-04-14,20.2,25.5,14.1,0.0
2020-04-15,21.8,28.9,15.7,0.0
2020-04-16,21.8,29.4,13.1,0.0
2020-04-17,24.2,31.2,16.8,0.0
2020-04-18,26.2,33.0,19.8,0.0
2020-04-19,26.6,32.3,22.2,0.0
2020-04-20,26.6,33.1,21.1,0.0
2020-04-21,26.3,32.8,20.9,0.0
2020-04-22,25.1,31.5,20.5,1.6
2020-04-23,22.3,26.7,18.9,2.3
2020-04-24,20.5,24.3,17.1,6.7
2020-04-25,22.8,29.6,17.4,0.0
2020-04-26,24.7,30.6,20.0,0.0
2020-04-27,24.9,31.4,19.0,0.0
2020-04-28,25.3,29.9,20.8,3.1
2020-04-29,25.7,32.3,21.4,0.1
2020-04-30,25.9,32.2,20.0,0.0
2020-05-01,27.3,33.5,21.8,0.0
2020-05-02,27.5,33.2,22.9,1.7
2020-05-03,27.5,32.0,23.4,0.0
2020-05-04,27.8,33.8,22.8,0.0
2020-05-05,27.9,32.9,23.0,0.0
2020-05-06,28.6,33.5,23.5,0.0
2020-05-07,29.3,33.8,25.0,0.0
2020-05-08,29.2,34.0,24.6,0.1
2020-05-09,29.4,34.5,25.1,0.1
2020-05-10,29.3,34.3,24.9,0.0
2020-05-11,29.2,34.0,25.5,5.6
2020-05-12,27.9,32.9,24.5,13.9
2020-05-13,27.8,33.0,22.5,0.0
2020-05-14,28.5,33.1,23.8,0.4
2020-05-15,29.5,34.7,23.9,0.0
2020-05-16,29.7,35.3,25.5,0.7
2020-05-17,28.7,34.8,25.7,3.1
2020-05-18,27.9,32.0,25.4,3.1
2020-05-19,25.3,28.4,23.4,44.0
2020-05-20,25.5,29.5,22.9,29.4
2020-05-21,25.0,27.5,23.1,36.7
2020-05-22,25.5,26.5,24.8,77.2
2020-05-23,26.9,29.4,25.0,17.8
2020-05-24,27.0,31.7,24.4,13.3
2020-05-25,27.6,30.5,24.7,4.1
2020-05-26,27.3,30.5,25.4,20.4
2020-05-27,26.6,28.6,24.9,21.2
2020-05-28,26.8,30.8,24.5,40.4
2020-05-29,26.9,30.6,23.9,16.7
2020-05-30,27.6,31.2,25.2,11.7
2020-05-31,28.1,31.8,24.2,3.7
2020-06-01,28.3,31.9,24.4,0.7
2020-06-02,28.1,31.9,24.6,0.0
2020-06-03,28.1,31.8,24.6,0.0
2020-06-04,28.3,32.8,23.8,0.1
2020-06-05,27.9,31.6,24.9,14.1
2020-06-06,27.4,31.4,24.9,19.0
2020-06-07,27.2,31.7,24.3,17.0
2020-06-08,26.5,30.3,24.1,15.1
2020-06-09,26.6,29.4,23.2,0.9
2020-06-10,28.1,31.6,25.1,0.8
2020-06-11,28.4,32.0,24.9,0.0
2020-06-12,28.6,32.8,25.8,4.4
2020-06-13,28.3,31.8,25.6,5.2
2020-06-14,28.9,32.0,25.8,0.6
2020-06-15,28.4,31.8,25.0,1.2
2020-06-16,28.4,32.2,24.6,0.3
2020-06-17,28.4,32.0,24.2,0.0
2020-06-18,28.5,32.5,24.6,0.2
2020-06-19,28.8,32.4,25.0,0.5
2020-06-20,28.8,32.5,25.2,0.7
2020-06-21,28.7,31.8,25.7,3.8
2020-06-22,29.1,32.1,26.4,2.3
2020-06-23,28.9,31.9,25.8,1.9
2020-06-24,29.0,32.5,26.1,3.5
2020-06-25,28.7,31.7,26.0,5.2
2020-06-26,29.1,32.7,26.4,5.5
2020-06-27,29.2,32.8,25.7,0.3
2020-06-28,29.4,33.0,25.6,0.1
2020-06-29,29.5,32.7,26.9,2.1
2020-06-30,28.3,31.9,26.5,12.7
2020-07-01,27.9,31.9,26.2,13.2
2020-07-02,28.0,31.2,26.0,12.7
2020-07-03,28.8,32.5,25.2,1.7
2020-07-04,29.0,32.8,25.2,0.5
2020-07-05,28.9,32.6,25.5,2.3
2020-07-06,28.6,31.5,26.1,6.0
2020-07-07,28.5,31.7,25.9,11.9
2020-07-08,28.8,32.3,26.5,8.5
2020-07-09,29.0,31.7,26.5,4.9
2020-07-10,29.6,33.1,26.4,0.2
2020-07-11,29.5,33.2,26.1,0.7
2020-07-12,29.7,34.0,26.5,0.7
2020-07-13,29.6,33.3,26.4,0.0
2020-07-14,29.5,33.4,26.4,1.8
2020-07-15,27.2,30.0,25.2,24.6
2020-07-16,28.3,31.9,25.5,13.4
2020-07-17,28.9,32.2,26.4,5.1
2020-07-18,29.4,33.1,25.7,0.3
2020-07-19,29.6,33.1,26.8,1.2
2020-07-20,28.6,32.2,25.9,7.2
2020-07-21,28.9,33.5,25.2,2.2
2020-07-22,29.0,33.7,25.8,5.3
2020-07-23,29.5,33.9,26.3,4.6
2020-07-24,29.4,33.2,26.2,1.1
2020-07-25,29.2,32.6,26.5,6.1
2020-07-26,28.9,32.0,26.5,4.0
2020-07-27,28.6,32.5,26.2,2.7
2020-07-28,27.6,31.1,26.0,6.3
2020-07-29,27.8,32.5,25.1,14.2
2020-07-30,28.2,30.9,25.5,2.9
2020-07-31,29.3,32.7,25.6,0.3
2020-08-01,29.0,32.3,26.4,3.7
2020-08-02,28.1,32.8,25.8,13.5
2020-08-03,26.7,29.1,25.6,43.1
2020-08-04,26.4,28.1,25.1,21.3
2020-08-05,28.3,33.0,24.9,1.1
2020-08-06,28.8,34.2,25.0,1.2
2020-08-07,28.7,32.8,25.8,2.7
2020-08-08,28.3,32.3,25.2,2.6
2020-08-09,28.5,31.9,25.6,4.4
2020-08-10,27.9,32.5,26.0,28.3
2020-08-11,27.4,29.0,26.0,8.6
2020-08-12,28.3,32.0,25.7,9.0
2020-08-13,28.0,32.8,24.9,5.4
2020-08-14,27.6,31.6,25.2,5.4
2020-08-15,27.1,31.2,23.9,1.4
2020-08-16,27.1,31.8,24.5,19.6
2020-08-17,27.7,31.3,24.4,1.3
2020-08-18,28.3,31.9,25.0,1.3
2020-08-19,28.2,32.6,26.1,6.8
2020-08-20,28.4,31.2,25.8,0.7
2020-08-21,28.1,32.4,25.5,15.8
2020-08-22,27.0,30.2,24.6,34.3
2020-08-23,27.6,31.1,25.4,9.0
2020-08-24,27.4,31.0,25.1,6.6
2020-08-25,27.2,31.0,25.4,17.7
2020-08-26,26.2,28.4,24.5,24.8
2020-08-27,26.5,30.0,24.9,26.6
2020-08-28,26.6,28.6,25.5,29.9
2020-08-29,27.7,30.7,25.4,3.4
2020-08-30,28.2,30.9,25.5,3.2
2020-08-31,27.6,30.7,25.9,3.1
2020-09-01,27.6,31.0,25.4,4.6
2020-09-02,27.7,31.4,25.6,14.2
2020-09-03,27.8,31.4,25.4,20.8
2020-09-04,27.4,31.5,24.5,2.5
2020-09-05,27.4,31.4,24.6,2.0
2020-09-06,25.6,31.0,21.0,0.0
2020-09-07,25.5,30.7,19.8,0.0
2020-09-08,27.5,31.9,24.0,0.2
2020-09-09,27.5,32.0,23.2,0.3
2020-09-10,27.5,31.9,24.9,11.8
2020-09-11,27.7,31.2,24.5,3.8
2020-09-12,27.2,31.1,24.6,9.9
2020-09-13,27.4,32.0,24.5,8.3
2020-09-14,28.2,32.2,24.6,1.5
2020-09-15,28.2,32.3,25.9,1.5
2020-09-16,28.6,32.6,24.9,0.3
2020-09-17,28.9,32.4,25.7,0.2
2020-09-18,28.4,32.9,25.6,3.5
2020-09-19,28.0,31.1,25.7,2.5
2020-09-20,27.4,31.8,24.6,5.6
2020-09-21,27.7,31.5,25.0,3.6
2020-09-22,27.4,31.7,23.6,3.3
2020-09-23,27.5,32.0,23.6,0.6
2020-09-24,27.3,32.0,23.6,1.3
2020-09-25,26.5,30.6,23.5,0.0
2020-09-26,26.9,31.0,23.1,0.0
2020-09-27,27.2,31.4,24.2,0.9
2020-09-28,26.6,31.8,22.6,0.0
2020-09-29,26.8,31.8,23.2,0.9
2020-09-30,26.6,32.2,22.5,0.2
2020-10-01,26.4,30.8,22.7,1.8
2020-10-02,26.9,31.0,23.0,1.0
2020-10-03,27.3,31.5,24.4,0.5
2020-10-04,27.5,31.9,23.5,0.0
2020-10-05,27.8,32.2,23.5,0.0
2020-10-06,27.0,32.7,23.2,0.0
2020-10-07,26.1,30.8,22.1,0.0
2020-10-08,25.9,29.6,22.7,0.1
2020-10-09,26.2,32.0,21.7,0.0
2020-10-10,26.4,32.7,21.6,0.0
2020-10-11,27.1,33.0,21.2,0.0
2020-10-12,28.0,33.1,24.0,0.5
2020-10-13,28.1,33.0,24.0,0.0
2020-10-14,28.1,32.8,24.6,0.0
2020-10-15,27.9,31.7,24.4,0.0
2020-10-16,27.9,32.0,24.6,0.6
2020-10-17,27.0,30.6,23.6,1.1
2020-10-18,26.3,31.8,22.2,1.2
2020-10-19,26.1,32.3,21.4,0.1
2020-10-20,26.8,33.0,22.0,0.0
2020-10-21,27.5,33.2,22.3,0.1
2020-10-22,25.1,29.8,20.1,12.1
2020-10-23,21.9,27.3,19.1,2.2
2020-10-24,22.6,27.2,18.5,0.0
2020-10-25,25.6,29.8,21.8,0.0
2020-10-26,26.2,30.5,22.3,0.0
2020-10-27,26.6,31.3,22.4,0.0
2020-10-28,26.8,31.5,22.3,0.0
2020-10-29,27.1,31.2,24.0,1.1
2020-10-30,25.3,31.2,21.1,0.8
2020-10-31,24.4,28.6,20.1,0.0
2020-11-01,24.9,30.4,20.7,0.0
2020-11-02,25.4,31.1,20.6,0.0
2020-11-03,24.2,31.1,20.0,0.0
2020-11-04,24.4,28.8,20.0,0.0
2020-11-05,24.7,30.0,20.1,0.0
2020-11-06,25.5,32.6,20.0,6.0
2020-11-07,24.3,26.7,23.0,41.3
2020-11-08,23.3,28.5,19.7,0.0
2020-11-09,21.0,24.8,18.5,4.7
2020-11-10,21.5,26.3,17.8,0.0
2020-11-11,22.7,27.8,18.3,0.0
2020-11-12,23.0,28.0,17.8,0.0
2020-11-13,23.0,25.4,21.2,0.7
2020-11-14,23.4,28.2,20.5,1.6
2020-11-15,23.0,27.2,19.6,0.4
2020-11-16,23.9,28.9,20.0,0.0
2020-11-17,24.1,29.1,20.3,0.0
2020-11-18,24.6,30.2,19.9,0.0
2020-11-19,25.5,31.9,20.6,0.0
2020-11-20,26.1,31.9,22.1,0.0
2020-11-21,25.8,30.5,22.8,1.1
2020-11-22,25.9,31.8,22.1,0.4
2020-11-23,24.5,29.5,20.1,0.4
2020-11-24,24.7,29.6,20.8,0.0
2020-11-25,24.6,29.5,20.5,0.0
2020-11-26,25.1,30.4,20.5,0.0
2020-11-27,24.3,30.9,20.3,0.0
2020-11-28,22.6,29.4,17.8,0.0
2020-11-29,22.5,28.6,17.5,0.0
2020-11-30,22.5,27.4,19.6,0.0
2020-12-01,22.6,28.2,17.5,0.3
2020-12-02,22.2,28.2,18.0,0.0
2020-12-03,19.7,25.1,16.5,0.0
2020-12-04,19.7,27.0,14.6,0.0
2020-12-05,20.2,27.8,15.5,0.0
2020-12-06,21.4,29.0,15.1,0.0
2020-12-07,22.5,28.9,18.5,0.0
2020-12-08,21.4,27.6,18.5,2.8
2020-12-09,20.8,26.7,18.3,2.3
2020-12-10,22.7,29.0,19.1,0.4
2020-12-11,23.0,28.5,18.8,0.0
2020-12-12,22.0,28.6,18.3,0.1
2020-12-13,21.3,28.9,15.8,0.0
2020-12-14,20.4,27.8,16.5,0.0
2020-12-15,18.8,26.2,14.6,0.0
2020-12-16,18.7,25.6,14.6,0.0
2020-12-17,18.7,26.1,13.2,0.0
2020-12-18,20.0,26.5,15.3,0.0
2020-12-19,19.4,26.0,15.3,0.0
2020-12-20,18.7,25.6,13.9,0.0
2020-12-21,17.1,20.0,15.1,3.2
2020-12-22,18.9,25.5,14.2,3.5
2020-12-23,20.2,26.3,17.4,8.5
2020-12-24,20.5,27.0,16.2,0.5
2020-12-25,18.9,25.5,14.1,0.0
2020-12-26,19.2,26.8,12.9,0.0
2020-12-27,21.6,28.1,16.8,0.0
2020-12-28,21.9,28.3,17.8,0.5
2020-12-29,21.7,29.0,17.0,0.0
2020-12-30,15.6,19.9,10.3,0.0
2020-12-31,11.5,17.9,7.0,0.0
2021-01-01,12.9,20.9,6.4,0.0
2021-01-02,15.1,22.3,9.2,0.0
2021-01-03,16.9,25.3,10.6,0.0
2021-01-04,18.5,26.4,14.0,0.0
2021-01-05,19.1,25.3,15.6,0.0
2021-01-06,17.6,23.5,12.3,0.6
2021-01-07,15.6,20.3,11.6,1.3
2021-01-08,10.7,15.2,8.4,0.1
2021-01-09,11.1,17.3,7.2,0.0
2021-01-10,13.3,20.0,5.7,0.0
2021-01-11,14.1,19.1,10.9,1.0
2021-01-12,12.8,19.2,9.2,0.6
2021-01-13,13.2,21.8,5.8,0.0
2021-01-14,14.4,23.8,5.9,0.0
2021-01-15,15.7,25.0,7.8,0.0
2021-01-16,16.9,25.0,10.1,0.0
2021-01-17,15.7,23.5,11.3,0.0
2021-01-18,14.8,22.8,8.8,0.0
2021-01-19,16.1,24.0,8.2,0.0
2021-01-20,18.2,26.4,11.9,0.0
2021-01-21,20.9,28.5,15.2,0.0
2021-01-22,20.3,23.9,18.0,1.6
2021-01-23,20.6,27.4,16.9,0.0
2021-01-24,19.2,26.7,14.1,0.0
2021-01-25,19.1,27.9,13.1,0.0
2021-01-26,19.0,26.0,13.1,0.0
2021-01-27,18.7,25.6,13.8,0.0
2021-01-28,17.4,25.0,13.2,0.0
2021-01-29,16.6,22.5,10.2,0.2
2021-01-30,17.4,22.9,12.5,0.0
2021-01-31,17.6,25.1,12.2,0.0
2021-02-01,18.2,26.6,10.8,0.0
2021-02-02,19.1,27.7,12.9,0.0
2021-02-03,18.2,25.9,10.7,0.2
2021-02-04,18.8,26.2,12.2,0.0
2021-02-05,18.6,26.1,13.0,0.0
2021-02-06,19.3,27.0,13.4,0.0
2021-02-07,19.5,28.8,12.6,0.0
2021-02-08,20.4,26.6,14.4,0.0
2021-02-09,19.8,25.6,14.1,0.0
2021-02-10,19.6,25.5,15.6,2.7
2021-02-11,20.0,27.0,16.6,8.5
2021-02-12,19.2,25.6,15.3,0.0
2021-02-13,19.9,26.4,16.0,0.0
2021-02-14,19.1,26.0,15.1,0.6
2021-02-15,19.6,27.1,14.6,0.0
2021-02-16,19.9,27.2,14.8,0.0
2021-02-17,19.2,25.6,14.6,0.0
2021-02-18,16.7,23.1,12.1,0.0
2021-02-19,16.2,22.4,10.0,0.0
2021-02-20,17.0,24.0,11.1,0.0
2021-02-21,17.9,25.0,10.4,0.0
2021-02-22,19.8,28.1,12.2,0.0
2021-02-23,20.8,28.0,16.2,0.1
2021-02-24,21.2,27.8,15.9,0.0
2021-02-25,22.3,27.6,17.8,0.2
2021-02-26,23.0,30.9,16.9,0.0
2021-02-27,21.2,29.5,16.5,0.0
2021-02-28,21.5,29.4,15.2,0.0
2021-03-01,22.8,30.1,16.0,0.0
2021-03-02,22.1,27.9,16.1,0.1
2021-03-03,20.1,26.5,14.8,3.8
2021-03-04,21.5,29.0,15.1,0.0
2021-03-05,23.0,29.4,17.8,0.0
2021-03-06,23.6,30.9,18.8,0.5
2021-03-07,21.8,28.0,17.5,0.2
2021-03-08,20.9,28.8,15.4,0.0
2021-03-09,21.9,29.6,16.0,0.0
2021-03-10,21.8,29.1,15.9,0.0
2021-03-11,22.4,29.7,16.7,0.0
2021-03-12,22.9,30.1,16.5,0.0
2021-03-13,22.1,29.2,16.4,0.0
2021-03-14,21.6,28.4,16.0,0.0
2021-03-15,22.1,28.6,17.5,0.0
2021-03-16,24.1,31.4,18.5,0.0
2021-03-17,25.1,32.0,19.6,0.0
2021-03-18,24.1,31.4,18.5,0.0
2021-03-19,24.1,31.6,18.4,0.0
2021-03-20,24.7,31.8,19.0,0.0
2021-03-21,22.2,30.2,16.1,0.0
2021-03-22,17.5,23.4,15.1,0.2
2021-03-23,20.0,26.1,14.2,0.4
2021-03-24,20.1,25.1,16.7,9.7
2021-03-25,20.2,27.8,13.8,0.0
2021-03-26,21.4,28.4,14.8,0.0
2021-03-27,24.0,31.6,18.1,0.4
2021-03-28,25.0,31.0,20.5,0.3
2021-03-29,25.3,31.6,20.0,0.0
2021-03-30,26.9,33.5,22.6,0.1
2021-03-31,26.7,32.3,22.0,0.0
2021-04-01,26.6,32.5,21.2,0.0
2021-04-02,27.1,33.7,21.8,0.0
2021-04-03,26.5,34.2,22.0,0.0
2021-04-04,26.1,32.5,21.4,0.0
2021-04-05,24.3,30.1,19.2,0.0
2021-04-06,23.3,29.3,17.2,0.0
2021-04-07,22.9,27.0,18.0,0.0
2021-04-08,23.4,29.4,19.2,0.1
2021-04-09,21.7,28.8,16.4,0.0
2021-04-10,22.6,30.0,16.2,0.0
2021-04-11,23.7,30.6,17.4,0.0
2021-04-12,24.9,31.2,19.0,0.0
2021-04-13,25.9,32.8,20.0,0.0
2021-04-14,25.5,32.1,21.0,0.0
2021-04-15,24.8,32.4,19.3,0.0
2021-04-16,25.3,32.8,19.5,0.0
2021-04-17,26.2,33.4,20.8,0.0
2021-04-18,26.3,30.3,23.5,0.2
2021-04-19,25.3,28.8,21.6,0.0
2021-04-20,26.0,30.1,22.2,0.0
2021-04-21,26.5,31.5,21.9,0.0
2021-04-22,26.3,32.2,22.1,0.0
2021-04-23,26.7,32.5,22.5,0.5
2021-04-24,26.0,32.2,20.5,2.6
2021-04-25,24.1,28.4,22.3,3.9
2021-04-26,24.3,28.5,21.6,5.1
2021-04-27,23.9,27.9,21.4,1.4
2021-04-28,25.0,31.0,19.3,0.0
2021-04-29,23.3,26.3,20.4,8.2
2021-04-30,24.4,30.9,19.3,0.0
2021-05-01,24.8,31.0,18.5,0.0
2021-05-02,26.2,32.3,20.0,0.0
2021-05-03,25.0,27.1,23.2,1.6
2021-05-04,27.7,34.2,22.5,0.0
2021-05-05,28.2,33.2,23.4,1.7
2021-05-06,27.3,34.0,21.4,0.0
2021-05-07,28.2,34.0,22.9,0.0
2021-05-08,28.6,34.2,25.0,0.1
2021-05-09,28.6,34.5,23.4,0.0
2021-05-10,28.3,33.6,24.2,0.3
2021-05-11,29.2,34.5,25.8,0.3
2021-05-12,29.4,35.0,24.5,0.0
2021-05-13,30.0,34.8,25.4,0.0
2021-05-14,30.2,35.3,25.8,0.0
2021-05-15,30.2,36.0,24.4,0.0
2021-05-16,30.7,36.0,27.4,0.0
2021-05-17,30.5,35.5,26.2,0.2
2021-05-18,30.3,34.8,26.4,0.8
2021-05-19,30.4,36.2,26.0,0.0
2021-05-20,30.8,35.6,27.2,0.0
2021-05-21,30.7,35.0,27.0,0.1
2021-05-22,30.7,36.0,26.1,0.1
2021-05-23,30.9,35.8,26.6,2.0
2021-05-24,30.7,35.0,26.9,2.0
2021-05-25,29.4,34.7,25.7,6.3
2021-05-26,29.6,33.8,26.1,3.0
2021-05-27,30.3,35.5,25.1,0.3
2021-05-28,30.5,35.0,26.5,0.8
2021-05-29,29.6,33.8,27.3,9.5
2021-05-30,27.2,31.5,25.6,35.6
2021-05-31,27.4,30.6,25.0,15.4
2021-06-01,27.7,31.6,24.9,35.1
2021-06-02,29.2,33.4,25.8,0.3
2021-06-03,29.5,33.5,24.6,0.6
2021-06-04,29.7,34.5,26.6,9.3
2021-06-05,25.7,27.2,24.7,63.4
2021-06-06,25.4,26.8,24.5,169.9
2021-06-07,26.7,29.9,24.2,4.5
2021-06-08,27.3,31.8,24.6,4.5
2021-06-09,27.9,32.0,24.4,2.2
2021-06-10,27.7,31.8,24.7,8.8
2021-06-11,28.2,31.7,25.0,4.6
2021-06-12,28.2,32.1,25.1,6.9
2021-06-13,28.1,32.1,25.3,6.0
2021-06-14,28.5,32.8,24.1,0.4
2021-06-15,28.2,31.5,25.5,5.8
2021-06-16,27.9,30.5,26.0,9.1
2021-06-17,28.1,31.5,26.0,16.6
2021-06-18,28.2,31.1,25.6,14.0
2021-06-19,27.8,30.4,25.7,14.7
2021-06-20,27.7,30.4,26.0,14.3
2021-06-21,26.3,28.3,24.2,27.3
2021-06-22,25.2,26.4,24.2,51.3
2021-06-23,24.7,26.0,23.6,68.7
2021-06-24,26.2,29.5,24.1,17.0
2021-06-25,26.4,30.3,24.2,22.9
2021-06-26,27.0,30.6,24.4,21.9
2021-06-27,26.4,30.6,24.0,40.0
2021-06-28,26.5,30.3,24.3,27.6
2021-06-29,26.8,31.3,24.8,26.2
2021-06-30,27.8,31.1,24.8,1.2
2021-07-01,28.2,31.7,25.2,0.4
2021-07-02,28.2,30.9,25.6,3.0
2021-07-03,28.4,31.9,25.5,0.0
2021-07-04,28.5,32.8,24.9,0.5
2021-07-05,28.6,32.8,25.2,3.3
2021-07-06,27.8,29.9,25.6,10.0
2021-07-07,29.0,32.3,26.4,0.0
2021-07-08,28.3,31.9,25.6,2.8
2021-07-09,28.6,32.5,25.5,1.0
2021-07-10,28.1,32.9,24.9,10.4
2021-07-11,28.3,32.8,25.0,4.0
2021-07-12,28.9,33.0,25.5,1.6
2021-07-13,28.6,32.7,26.0,4.4
2021-07-14,28.0,32.8,25.0,2.4
2021-07-15,27.4,32.0,25.1,10.2
2021-07-16,27.2,32.1,24.1,10.9
2021-07-17,27.7,32.0,24.8,4.1
2021-07-18,28.3,32.3,24.6,0.6
2021-07-19,27.8,31.3,25.7,12.8
2021-07-20,27.2,30.9,25.5,11.3
2021-07-21,28.0,31.4,25.5,3.7
2021-07-22,28.6,31.4,26.0,2.1
2021-07-23,28.6,30.8,26.7,4.6
2021-07-24,28.0,30.9,25.6,8.8
2021-07-25,27.8,30.9,26.1,21.9
2021-07-26,27.9,31.0,25.7,15.2
2021-07-27,28.5,31.9,25.5,4.2
2021-07-28,27.4,30.1,25.3,15.1
2021-07-29,27.2,30.4,24.9,30.0
2021-07-30,26.3,29.8,24.9,45.1
2021-07-31,25.4,26.4,24.6,79.4
2021-08-01,25.4,26.4,23.9,127.0
2021-08-02,26.4,28.4,24.5,54.2
2021-08-03,26.7,29.7,24.9,36.2
2021-08-04,26.7,29.9,25.0,35.8
2021-08-05,26.5,28.1,25.6,32.5
2021-08-06,26.5,27.2,26.0,63.1
2021-08-07,26.3,27.0,25.0,76.9
2021-08-08,26.1,28.3,24.7,42.7
2021-08-09,27.2,29.9,24.5,24.8
2021-08-10,27.1,29.5,25.1,24.5
2021-08-11,27.8,31.1,25.5,4.5
2021-08-12,27.4,30.5,25.1,12.2
2021-08-13,26.6,29.5,25.1,18.3
2021-08-14,26.3,28.8,24.9,34.6
2021-08-15,27.6,30.8,24.9,3.5
2021-08-16,28.0,31.6,25.0,0.9
2021-08-17,28.3,32.0,25.0,1.2
2021-08-18,28.1,31.7,25.0,0.9
2021-08-19,28.1,31.5,25.5,0.8
2021-08-20,27.7,31.0,24.8,2.4
2021-08-21,27.4,31.0,24.7,10.0
2021-08-22,27.4,31.2,23.9,0.2
2021-08-23,28.0,31.5,24.2,0.2
2021-08-24,27.7,30.9,25.5,10.5
2021-08-25,28.2,31.9,25.2,0.9
2021-08-26,27.6,32.1,24.3,5.1
2021-08-27,27.7,32.4,23.5,0.3
2021-08-28,28.2,32.5,25.0,0.0
2021-08-29,28.3,32.3,24.6,0.0
2021-08-30,27.4,29.6,24.9,0.6
2021-08-31,27.8,30.3,24.9,1.4
2021-09-01,27.8,31.4,25.2,2.7
2021-09-02,26.9,30.9,23.6,11.2
2021-09-03,26.8,31.0,23.7,4.5
2021-09-04,26.9,31.5,24.5,11.7
2021-09-05,27.0,31.7,24.3,5.2
2021-09-06,27.3,31.2,24.1,4.0
2021-09-07,27.8,32.5,24.5,1.1
2021-09-08,27.4,31.4,24.9,3.8
2021-09-09,28.2,31.5,25.4,0.8
2021-09-10,28.9,32.8,25.5,0.1
2021-09-11,28.9,31.6,26.0,3.0
2021-09-12,27.5,29.5,25.7,11.9
2021-09-13,26.9,29.3,25.2,14.0
2021-09-14,27.6,31.2,24.8,23.2
2021-09-15,27.3,31.8,24.4,21.1
2021-09-16,27.1,30.9,24.5,13.6
2021-09-17,27.8,31.4,25.0,1.9
2021-09-18,28.0,32.2,25.5,1.5
2021-09-19,28.4,32.7,25.0,0.4
2021-09-20,28.4,32.6,24.9,0.5
2021-09-21,27.9,30.9,24.8,1.7
2021-09-22,27.9,32.0,25.1,2.0
2021-09-23,27.7,32.3,24.5,1.1
2021-09-24,27.8,31.5,24.9,2.0
2021-09-25,28.4,32.3,25.4,0.8
2021-09-26,28.2,31.8,25.1,0.0
2021-09-27,28.1,32.2,24.2,0.1
2021-09-28,28.0,31.5,25.0,0.6
2021-09-29,28.4,31.6,25.2,0.3
2021-09-30,28.5,33.0,25.2,0.0
2021-10-01,27.7,31.8,24.4,2.2
2021-10-02,27.9,32.2,24.4,0.4
2021-10-03,28.1,32.3,24.5,0.0
2021-10-04,28.2,32.7,24.5,0.0
2021-10-05,27.6,32.3,22.1,0.0
2021-10-06,28.6,33.2,24.1,0.0
2021-10-07,28.1,31.6,25.9,9.3
2021-10-08,28.6,32.8,25.2,0.0
2021-10-09,28.6,32.5,25.6,1.9
2021-10-10,28.5,33.0,24.6,0.0
2021-10-11,26.8,32.5,24.4,21.1
2021-10-12,27.3,30.6,24.0,33.8
2021-10-13,27.4,29.6,25.0,16.5
2021-10-14,24.9,27.1,23.9,31.1
2021-10-15,26.3,30.2,23.7,2.4
2021-10-16,26.3,30.5,23.5,0.9
2021-10-17,24.4,28.0,20.9,3.0
2021-10-18,23.8,28.5,19.0,0.0
2021-10-19,24.5,29.5,20.2,1.1
2021-10-20,25.0,29.5,21.0,0.0
2021-10-21,25.1,30.1,21.5,0.7
2021-10-22,23.0,27.4,19.9,0.0
2021-10-23,24.1,29.5,19.4,1.0
2021-10-24,24.4,29.5,21.1,5.2
2021-10-25,23.8,29.5,19.0,0.7
2021-10-26,24.3,29.7,19.6,2.2
2021-10-27,24.4,29.2,20.6,1.8
2021-10-28,24.4,29.0,20.5,0.5
2021-10-29,23.3,27.9,18.5,0.1
2021-10-30,23.8,29.0,18.9,0.4
2021-10-31,24.0,29.5,19.2,0.2
2021-11-01,24.6,29.9,20.0,0.3
2021-11-02,24.5,30.0,19.2,0.0
2021-11-03,24.8,30.0,20.6,0.7
2021-11-04,25.1,30.1,21.9,2.3
2021-11-05,25.0,30.7,20.8,0.0
2021-11-06,25.9,32.2,21.0,0.0
2021-11-07,25.5,31.5,20.6,0.0
2021-11-08,23.5,29.9,18.3,0.7
2021-11-09,20.4,26.4,17.4,0.0
2021-11-10,20.3,25.2,16.9,0.0
2021-11-11,20.3,27.6,14.2,0.0
2021-11-12,22.2,28.0,17.4,2.4
2021-11-13,20.8,25.7,17.5,20.8
2021-11-14,20.7,27.0,16.5,0.0
2021-11-15,21.8,28.2,16.1,0.0
2021-11-16,23.0,29.1,18.5,0.0
2021-11-17,23.0,28.8,18.2,0.0
2021-11-18,23.3,29.4,19.9,0.0
2021-11-19,23.6,30.1,19.4,0.0
2021-11-20,23.8,29.6,18.8,0.0
2021-11-21,24.0,30.0,19.8,1.3
2021-11-22,22.3,29.6,17.8,0.0
2021-11-23,19.3,25.7,16.1,0.0
2021-11-24,19.6,26.0,13.9,0.0
2021-11-25,21.0,26.2,16.6,0.5
2021-11-26,21.7,27.5,18.6,2.3
2021-11-27,22.0,28.5,16.7,0.0
2021-11-28,22.0,23.6,20.9,4.2
2021-11-29,22.8,28.1,19.5,0.0
2021-11-30,22.6,27.5,19.3,0.7
2021-12-01,17.7,23.7,13.1,0.0
2021-12-02,17.1,24.6,10.9,0.0
2021-12-03,17.3,25.0,12.6,0.0
2021-12-04,16.6,24.1,10.0,0.0
2021-12-05,18.9,26.1,12.9,0.0
2021-12-06,19.6,27.0,14.4,0.0
2021-12-07,19.8,27.2,14.5,0.0
2021-12-08,19.5,25.7,13.6,0.0
2021-12-09,20.4,26.9,15.1,0.0
2021-12-10,20.9,27.1,15.4,0.0
2021-12-11,21.9,27.9,17.9,0.0
2021-12-12,21.1,29.0,17.0,0.0
2021-12-13,19.8,27.0,15.0,0.0
2021-12-14,20.5,28.1,14.4,0.0
2021-12-15,21.6,29.2,17.0,0.0
2021-12-16,21.7,28.7,16.7,0.0
2021-12-17,20.7,28.2,15.4,0.0
2021-12-18,17.2,23.0,12.4,0.0
2021-12-19,19.3,24.6,15.8,0.0
2021-12-20,19.2,22.2,17.2,2.7
2021-12-21,19.1,21.2,16.9,16.4
2021-12-22,20.2,25.6,17.2,0.0
2021-12-23,20.8,27.5,16.0,1.5
2021-12-24,21.3,26.9,17.8,0.0
2021-12-25,18.6,21.5,15.9,1.4
2021-12-26,15.7,19.2,13.0,4.7
2021-12-27,14.2,16.7,11.5,3.3
2021-12-28,16.7,24.0,10.9,0.0
2021-12-29,18.0,24.9,13.8,0.0
2021-12-30,17.6,24.6,13.8,0.0
2021-12-31,16.9,23.9,11.9,0.0
2022-01-01,17.8,24.7,13.1,0.0
2022-01-02,17.7,25.4,12.8,0.0
2022-01-03,18.0,26.0,12.6,0.0
2022-01-04,18.8,26.4,13.5,0.0
2022-01-05,19.9,26.4,15.2,2.5
2022-01-06,18.9,22.4,15.5,3.9
2022-01-07,17.2,22.9,13.8,10.9
2022-01-08,17.4,24.1,13.1,0.0
2022-01-09,17.7,24.6,13.0,0.2
2022-01-10,17.7,24.3,12.6,0.0
2022-01-11,16.6,20.1,12.8,0.1
2022-01-12,15.1,20.2,11.7,0.0
2022-01-13,15.7,22.0,11.8,0.0
2022-01-14,15.2,22.4,9.0,0.0
2022-01-15,17.1,24.7,11.8,0.0
2022-01-16,18.4,26.4,12.8,0.0
2022-01-17,18.4,24.8,15.6,6.8
2022-01-18,17.4,23.1,14.1,16.5
2022-01-19,18.1,24.9,14.6,0.7
2022-01-20,18.2,24.8,12.6,1.2
2022-01-21,18.9,24.1,15.2,1.6
2022-01-22,18.3,22.3,15.7,4.5
2022-01-23,19.6,26.0,15.1,0.0
2022-01-24,19.0,23.5,15.9,0.0
2022-01-25,19.1,26.0,14.7,0.1
2022-01-26,19.6,27.4,14.6,0.0
2022-01-27,20.3,26.4,16.8,0.0
2022-01-28,18.7,22.5,16.9,20.3
2022-01-29,17.4,19.5,16.1,7.4
2022-01-30,16.0,21.2,10.9,1.1
2022-01-31,15.2,21.8,7.9,0.0
2022-02-01,17.3,21.9,13.1,5.7
2022-02-02,18.8,25.3,14.7,0.1
2022-02-03,18.4,25.0,15.2,1.8
2022-02-04,17.5,25.1,13.6,0.2
2022-02-05,15.7,22.3,11.1,0.1
2022-02-06,15.9,23.2,10.0,0.0
2022-02-07,17.0,23.8,11.4,10.2
2022-02-08,18.0,23.2,14.1,6.0
2022-02-09,17.9,25.4,12.6,0.1
2022-02-10,18.3,25.8,13.6,0.0
2022-02-11,18.2,25.5,12.9,0.0
2022-02-12,19.1,25.4,15.6,0.0
2022-02-13,19.1,25.6,14.8,3.0
2022-02-14,15.8,18.2,12.4,22.5
2022-02-15,16.0,21.5,10.8,2.8
2022-02-16,17.2,24.4,12.5,0.3
2022-02-17,16.9,23.1,12.4,1.6
2022-02-18,18.6,25.0,15.1,4.2
2022-02-19,17.5,23.2,13.2,10.8
2022-02-20,10.6,12.9,9.1,25.6
2022-02-21,11.7,15.0,8.9,2.1
2022-02-22,15.4,20.0,12.9,8.0
2022-02-23,13.6,14.6,12.6,23.8
2022-02-24,15.3,22.1,11.9,0.0
2022-02-25,15.9,22.8,10.3,0.2
2022-02-26,17.3,24.8,12.6,0.0
2022-02-27,17.9,25.3,12.6,0.0
2022-02-28,19.1,26.7,12.6,0.0
2022-03-01,20.9,28.8,14.6,0.0
2022-03-02,21.0,27.9,16.6,0.0
2022-03-03,20.1,27.8,14.7,0.0
2022-03-04,21.3,28.2,15.5,0.0
2022-03-05,21.4,27.4,16.8,0.0
2022-03-06,21.0,27.5,15.9,0.0
2022-03-07,17.6,21.6,12.6,2.3
2022-03-08,16.1,21.8,10.0,0.0
2022-03-09,18.8,24.1,13.1,0.0
2022-03-10,19.7,25.8,13.6,0.0
2022-03-11,20.6,27.9,14.1,0.0
2022-03-12,21.1,27.5,15.2,0.0
2022-03-13,22.6,31.0,15.6,0.0
2022-03-14,23.8,31.0,18.1,0.0
2022-03-15,24.0,30.7,18.8,0.0
2022-03-16,22.9,28.1,18.5,0.0
2022-03-17,23.5,27.6,19.5,8.6
2022-03-18,24.6,29.4,20.1,0.7
2022-03-19,23.4,27.3,19.0,0.0
2022-03-20,23.6,29.7,18.8,0.0
2022-03-21,24.6,30.2,20.4,3.0
2022-03-22,25.1,30.8,20.7,15.1
2022-03-23,18.3,20.2,16.2,22.9
2022-03-24,18.9,22.1,15.6,8.9
2022-03-25,24.1,30.9,18.4,1.7
2022-03-26,26.9,31.0,23.7,0.3
2022-03-27,23.3,27.0,18.9,25.3
2022-03-28,18.9,23.3,16.2,49.4
2022-03-29,20.9,26.6,16.0,4.6
2022-03-30,23.6,29.0,19.5,0.1
2022-03-31,24.4,30.5,20.1,2.1
2022-04-01,19.5,23.7,16.5,4.8
2022-04-02,15.5,17.5,14.0,4.5
2022-04-03,14.5,18.0,12.8,14.5
2022-04-04,18.2,25.2,10.6,0.0
2022-04-05,20.8,27.5,15.8,0.0
2022-04-06,21.1,27.0,16.2,0.0
2022-04-07,21.2,27.2,15.9,0.2
2022-04-08,22.4,26.1,18.1,0.2
2022-04-09,23.2,27.3,18.8,0.0
2022-04-10,24.4,29.2,19.5,1.7
2022-04-11,25.3,30.4,22.0,0.9
2022-04-12,25.3,31.0,20.7,0.0
2022-04-13,25.4,29.5,21.6,0.8
2022-04-14,25.0,29.7,21.2,4.1
2022-04-15,23.3,30.6,18.4,0.0
2022-04-16,22.4,27.6,16.0,0.1
2022-04-17,22.7,28.0,18.4,0.0
2022-04-18,23.6,29.9,18.6,0.0
2022-04-19,22.7,29.4,18.0,0.0
2022-04-20,23.4,29.5,18.4,0.0
2022-04-21,25.0,31.8,18.9,0.5
2022-04-22,26.4,32.7,20.6,0.2
2022-04-23,26.2,31.4,22.5,35.8
2022-04-24,27.3,31.5,23.6,5.1
2022-04-25,28.3,33.8,23.5,0.1
2022-04-26,28.7,33.3,25.6,0.3
2022-04-27,28.6,33.8,24.0,0.0
2022-04-28,27.9,32.2,24.0,0.5
2022-04-29,28.4,34.1,22.9,1.5
2022-04-30,27.2,33.2,22.9,4.3
2022-05-01,23.7,29.8,18.3,5.2
2022-05-02,17.4,19.7,16.0,29.9
2022-05-03,21.0,26.4,15.6,5.8
2022-05-04,24.3,29.4,20.0,0.0
2022-05-05,25.4,30.2,20.9,0.7
2022-05-06,25.7,31.3,20.5,0.3
2022-05-07,26.3,30.9,22.3,3.0
2022-05-08,25.8,30.3,22.9,14.8
2022-05-09,24.6,29.0,22.6,18.8
2022-05-10,25.9,30.6,21.6,4.1
2022-05-11,25.4,30.4,22.6,16.6
2022-05-12,25.4,27.9,22.5,5.4
2022-05-13,25.4,28.6,23.0,10.0
2022-05-14,23.8,25.2,21.9,72.6
2022-05-15,24.4,29.4,21.5,44.4
2022-05-16,19.8,21.5,18.2,40.0
2022-05-17,22.0,27.7,18.0,2.7
2022-05-18,24.1,29.8,18.3,0.1
2022-05-19,25.1,29.9,21.8,0.2
2022-05-20,26.3,30.6,23.2,3.5
2022-05-21,26.0,30.4,22.4,0.6
2022-05-22,25.9,29.4,22.0,1.1
2022-05-23,25.3,28.6,22.6,13.3
2022-05-24,25.5,29.4,23.6,64.5
2022-05-25,25.4,28.6,23.9,55.0
2022-05-26,25.2,28.4,24.0,64.2
2022-05-27,25.4,29.2,23.4,47.0
2022-05-28,27.5,32.5,23.1,0.0
2022-05-29,27.7,31.4,24.5,2.0
2022-05-30,28.1,30.9,25.4,1.4
2022-05-31,27.5,30.0,25.3,9.8
2022-06-01,27.9,31.9,24.5,1.3
2022-06-02,27.8,31.0,24.3,2.0
2022-06-03,27.1,31.1,24.8,12.5
2022-06-04,26.4,29.5,24.5,12.7
2022-06-05,27.2,31.2,24.8,8.4
2022-06-06,26.6,31.1,23.6,10.4
2022-06-07,25.7,30.5,23.5,25.9
2022-06-08,25.4,28.5,23.6,28.2
2022-06-09,26.3,29.9,22.9,7.1
2022-06-10,26.9,31.0,24.4,13.5
2022-06-11,27.4,31.0,25.2,31.7
2022-06-12,27.9,31.6,24.5,0.7
2022-06-13,27.8,31.5,25.1,0.6
2022-06-14,28.0,31.2,25.1,1.4
2022-06-15,27.5,31.4,25.1,21.8
2022-06-16,27.8,32.1,24.5,3.8
2022-06-17,27.9,31.1,24.8,1.5
2022-06-18,28.2,33.0,23.8,0.0
2022-06-19,28.4,32.0,24.9,1.3
2022-06-20,28.2,31.7,24.6,1.1
2022-06-21,28.4,32.1,24.4,0.9
2022-06-22,28.7,32.5,24.8,2.8
2022-06-23,28.4,32.2,25.5,3.2
2022-06-24,27.1,32.2,24.4,14.9
2022-06-25,27.5,31.1,24.8,8.1
2022-06-26,27.7,31.0,25.1,3.0
2022-06-27,28.0,32.5,24.5,1.3
2022-06-28,28.0,32.2,25.0,5.7
2022-06-29,27.3,31.0,25.6,2.7
2022-06-30,27.8,32.3,24.5,2.6
2022-07-01,27.6,31.2,24.5,17.5
2022-07-02,26.9,30.0,25.5,19.0
2022-07-03,27.2,31.2,24.7,7.5
2022-07-04,27.1,30.5,25.3,29.0
2022-07-05,26.9,30.6,25.4,17.6
2022-07-06,27.6,31.1,25.4,5.1
2022-07-07,27.6,31.6,24.6,8.2
2022-07-08,28.5,32.8,24.9,0.6
2022-07-09,28.9,32.8,25.4,2.4
2022-07-10,28.7,32.9,25.1,0.4
2022-07-11,28.9,32.5,25.1,0.0
2022-07-12,29.3,32.7,26.5,1.2
2022-07-13,28.9,32.5,25.7,4.4
2022-07-14,28.5,31.6,25.6,9.4
2022-07-15,28.7,31.3,26.4,2.1
2022-07-16,28.0,30.6,24.8,23.7
2022-07-17,28.7,31.8,25.9,2.1
2022-07-18,28.8,31.6,25.9,2.9
2022-07-19,28.8,31.8,26.1,3.0
2022-07-20,29.1,33.2,25.1,0.0
2022-07-21,29.2,32.8,25.2,0.1
2022-07-22,29.2,32.8,25.5,0.1
2022-07-23,29.1,32.6,25.2,0.0
2022-07-24,29.3,32.9,25.9,0.3
2022-07-25,29.6,33.9,26.0,0.1
2022-07-26,29.6,32.5,26.6,0.5
2022-07-27,28.7,32.9,26.1,1.4
2022-07-28,28.7,33.0,25.4,2.6
2022-07-29,28.6,32.9,25.5,8.8
2022-07-30,28.3,32.3,25.8,13.7
2022-07-31,28.3,32.6,24.5,7.5
2022-08-01,27.8,31.6,25.3,16.5
2022-08-02,26.5,27.8,25.2,8.6
2022-08-03,26.5,31.0,24.3,21.2
2022-08-04,27.2,31.6,24.1,11.2
2022-08-05,27.8,33.2,23.5,0.5
2022-08-06,28.6,32.8,25.0,1.2
2022-08-07,27.8,32.2,24.5,1.5
2022-08-08,27.3,32.8,23.5,0.7
2022-08-09,27.7,31.4,25.5,1.3
2022-08-10,27.8,33.1,24.4,0.4
2022-08-11,26.7,31.9,23.8,20.7
2022-08-12,27.1,31.6,24.4,11.6
2022-08-13,27.7,32.2,24.5,4.2
2022-08-14,28.5,32.2,25.1,1.4
2022-08-15,27.5,32.2,25.1,17.7
2022-08-16,28.1,33.3,24.6,0.5
2022-08-17,26.8,31.4,24.7,26.4
2022-08-18,26.6,29.7,24.9,23.1
2022-08-19,28.0,31.6,23.9,0.0
2022-08-20,28.5,32.5,25.0,0.1
2022-08-21,28.5,32.3,24.7,0.0
2022-08-22,28.8,32.8,24.4,0.0
2022-08-23,29.5,32.5,26.8,0.5
2022-08-24,29.0,31.6,26.7,2.8
2022-08-25,29.3,33.0,26.2,0.3
2022-08-26,28.6,32.8,24.6,1.2
2022-08-27,29.1,33.6,24.9,1.3
2022-08-28,28.4,32.8,26.1,12.6
2022-08-29,27.3,30.9,24.8,8.0
2022-08-30,28.1,31.8,25.0,2.6
2022-08-31,28.5,32.6,25.5,4.3
2022-09-01,28.2,32.4,24.8,1.1
2022-09-02,28.1,30.0,26.7,1.3
2022-09-03,27.7,30.2,26.3,7.1
2022-09-04,27.6,30.8,23.6,7.0
2022-09-05,27.8,31.5,24.8,7.6
2022-09-06,27.5,31.5,25.2,18.6
2022-09-07,27.2,31.2,25.1,8.5
2022-09-08,26.6,31.2,24.4,22.4
2022-09-09,27.4,31.0,24.6,0.1
2022-09-10,27.1,30.2,23.5,1.1
2022-09-11,26.0,31.3,20.9,1.3
2022-09-12,27.3,30.3,25.5,2.3
2022-09-13,26.9,30.3,24.8,1.4
2022-09-14,27.4,32.3,22.5,0.0
2022-09-15,27.5,32.5,22.6,0.6
2022-09-16,26.8,31.2,23.6,3.5
2022-09-17,27.0,31.8,22.8,0.5
2022-09-18,26.9,31.6,22.4,0.4
2022-09-19,27.3,31.8,23.2,2.0
2022-09-20,26.1,30.9,23.1,7.5
2022-09-21,25.8,30.2,23.5,2.3
2022-09-22,26.4,30.4,22.5,0.9
2022-09-23,26.5,30.7,22.2,0.1
2022-09-24,27.3,31.6,23.8,0.1
2022-09-25,27.7,32.8,23.1,0.0
2022-09-26,28.1,32.5,24.3,0.0
2022-09-27,28.2,31.6,24.6,0.3
2022-09-28,28.2,32.6,24.7,3.1
2022-09-29,28.0,33.2,24.9,0.8
2022-09-30,28.3,33.5,24.0,1.7
2022-10-01,28.5,34.0,23.8,0.5
2022-10-02,29.1,34.9,24.5,0.3
2022-10-03,28.9,34.8,24.4,0.0
2022-10-04,28.9,33.4,25.7,0.2
2022-10-05,28.8,33.3,25.4,0.3
2022-10-06,28.0,33.3,24.7,2.9
2022-10-07,27.6,33.0,24.8,1.8
2022-10-08,27.2,31.4,23.5,0.3
2022-10-09,27.2,33.5,23.8,5.1
2022-10-10,24.6,30.0,20.0,0.0
2022-10-11,23.9,29.7,17.7,0.0
2022-10-12,25.4,32.3,20.2,0.0
2022-10-13,26.1,33.6,20.4,0.0
2022-10-14,26.8,33.7,21.9,0.0
2022-10-15,27.1,33.2,22.1,0.0
2022-10-16,27.2,32.1,23.5,0.1
2022-10-17,27.4,34.1,23.0,0.0
2022-10-18,24.6,31.7,21.1,0.0
2022-10-19,24.7,31.2,18.9,0.0
2022-10-20,26.2,32.3,21.3,0.0
2022-10-21,26.1,31.8,20.5,0.0
2022-10-22,27.1,32.3,22.8,0.2
2022-10-23,26.3,30.4,23.4,0.3
2022-10-24,25.3,30.9,20.8,0.0
2022-10-25,24.7,29.6,20.4,0.0
2022-10-26,25.0,29.7,20.2,0.0
2022-10-27,25.9,31.4,21.4,0.0
2022-10-28,26.1,33.5,21.4,0.0
2022-10-29,26.6,33.4,22.0,0.0
2022-10-30,25.8,32.2,20.2,0.7
2022-10-31,23.1,26.6,20.3,47.7
2022-11-01,23.5,28.6,20.0,0.5
2022-11-02,23.9,29.4,19.4,0.0
2022-11-03,25.2,31.5,20.9,1.5
2022-11-04,24.7,30.0,21.1,0.4
2022-11-05,22.4,26.9,19.2,0.2
2022-11-06,22.3,28.2,17.5,0.0
2022-11-07,23.3,28.8,18.7,0.1
2022-11-08,23.8,27.6,20.8,0.2
2022-11-09,24.0,29.1,19.8,0.0
2022-11-10,25.0,30.4,21.0,0.0
2022-11-11,25.0,30.3,21.5,0.0
2022-11-12,25.3,30.9,21.9,0.0
2022-11-13,25.2,31.0,21.4,0.0
2022-11-14,25.2,30.6,21.5,0.1
2022-11-15,24.7,30.6,20.6,0.2
2022-11-16,24.4,30.0,20.5,1.2
2022-11-17,25.0,31.6,20.8,0.0
2022-11-18,24.9,31.7,20.5,0.0
2022-11-19,24.9,31.0,20.5,0.0
2022-11-20,25.4,31.6,20.9,0.0
2022-11-21,25.7,31.0,21.6,0.0
2022-11-22,25.6,30.8,22.1,0.3
2022-11-23,25.0,30.0,22.1,11.8
2022-11-24,24.3,29.9,20.4,0.1
2022-11-25,24.8,30.8,21.0,0.8
2022-11-26,23.9,28.4,20.8,0.1
2022-11-27,24.4,29.4,20.0,0.0
2022-11-28,25.4,31.5,19.8,0.0
2022-11-29,26.3,32.0,21.4,0.0
2022-11-30,24.0,28.2,19.2,0.0
2022-12-01,21.4,27.6,17.9,0.0
2022-12-02,21.5,27.5,17.2,0.0
2022-12-03,23.2,30.4,18.3,0.0
2022-12-04,23.2,30.0,20.0,0.0
2022-12-05,20.9,26.9,17.5,0.0
2022-12-06,20.2,26.6,15.8,0.3
2022-12-07,21.2,28.8,16.6,0.0
2022-12-08,20.3,28.1,15.1,0.0
2022-12-09,20.4,27.1,16.9,0.0
2022-12-10,20.4,28.0,14.4,0.0
2022-12-11,20.2,27.0,16.3,0.0
2022-12-12,18.6,24.7,15.4,1.5
2022-12-13,19.1,25.2,15.4,0.0
2022-12-14,18.4,25.0,14.5,1.4
2022-12-15,19.2,26.1,13.9,0.4
2022-12-16,21.6,29.5,16.6,0.0
2022-12-17,15.2,18.4,11.4,12.3
2022-12-18,12.0,16.8,7.3,0.7
2022-12-19,13.4,21.4,6.1,0.0
2022-12-20,16.5,24.0,10.1,0.0
2022-12-21,17.4,23.8,13.4,0.0
2022-12-22,16.3,23.4,12.0,0.0
2022-12-23,15.3,22.6,10.6,0.0
2022-12-24,13.7,22.0,8.7,0.0
2022-12-25,13.7,21.6,6.9,0.0
2022-12-26,14.9,23.2,7.1,0.0
2022-12-27,16.4,25.0,8.5,0.0
2022-12-28,17.5,26.2,11.1,0.0
2022-12-29,16.8,20.5,13.1,0.0
2022-12-30,17.6,23.0,14.4,0.0
2022-12-31,18.1,25.9,12.2,1.9
2023-01-01,18.2,21.9,15.8,1.2
2023-01-02,18.4,21.5,16.5,9.5
2023-01-03,18.9,25.0,15.0,0.0
2023-01-04,17.8,25.4,12.8,0.0
2023-01-05,19.0,27.2,14.1,0.0
2023-01-06,19.5,26.5,15.6,0.0
2023-01-07,19.1,26.0,12.9,0.0
2023-01-08,20.3,26.2,15.1,0.0
2023-01-09,20.1,28.0,15.1,0.5
2023-01-10,20.4,26.0,16.9,0.5
2023-01-11,20.7,26.5,17.7,1.4
2023-01-12,21.1,28.4,17.0,0.0
2023-01-13,22.6,29.1,16.0,0.0
2023-01-14,24.1,29.5,19.9,0.4
2023-01-15,21.2,27.8,14.4,0.0
2023-01-16,16.2,23.3,12.6,1.2
2023-01-17,16.5,24.8,11.3,0.0
2023-01-18,16.8,23.8,12.1,0.0
2023-01-19,17.5,25.9,11.6,0.0
2023-01-20,18.6,26.6,13.4,0.0
2023-01-21,18.8,28.6,12.9,0.0
2023-01-22,20.4,27.8,15.3,0.0
2023-01-23,20.6,27.2,16.7,0.1
2023-01-24,14.8,19.3,9.2,0.0
2023-01-25,13.0,20.2,6.7,0.0
2023-01-26,15.8,23.5,8.9,0.0
2023-01-27,15.1,21.5,9.4,0.0
2023-01-28,12.0,19.5,6.9,0.0
2023-01-29,14.2,21.6,8.6,0.0
2023-01-30,15.5,24.0,8.3,0.0
2023-01-31,15.1,23.2,9.5,0.0
2023-02-01,19.6,28.9,10.8,0.0
2023-02-02,20.3,28.6,15.2,0.0
2023-02-03,18.8,26.6,13.5,0.2
2023-02-04,19.2,27.0,13.9,0.0
2023-02-05,19.9,28.0,14.6,1.0
2023-02-06,21.1,29.2,15.8,0.1
2023-02-07,22.5,30.1,17.3,0.5
2023-02-08,21.1,29.5,15.6,0.0
2023-02-09,21.9,28.8,16.1,0.1
2023-02-10,23.3,29.6,17.9,1.8
2023-02-11,22.4,29.4,16.5,0.0
2023-02-12,23.7,30.8,18.0,0.0
2023-02-13,24.3,32.1,18.0,0.2
2023-02-14,17.6,21.6,14.6,0.6
2023-02-15,16.0,23.7,12.4,0.9
2023-02-16,17.3,24.4,10.8,0.0
2023-02-17,18.7,25.8,13.4,0.0
2023-02-18,20.7,30.2,12.6,0.0
2023-02-19,20.5,28.8,15.6,0.0
2023-02-20,18.3,25.8,14.5,0.0
2023-02-21,17.5,25.5,12.2,0.0
2023-02-22,17.0,26.0,11.2,0.0
2023-02-23,18.7,26.3,13.1,0.0
2023-02-24,19.0,27.1,14.1,0.0
2023-02-25,16.8,23.8,12.1,0.0
2023-02-26,16.1,23.1,10.9,0.0
2023-02-27,17.0,24.2,10.5,0.0
2023-02-28,18.3,26.5,12.2,0.0
2023-03-01,19.3,28.1,13.1,0.0
2023-03-02,18.9,27.5,13.9,0.0
2023-03-03,17.2,23.8,10.8,0.0
2023-03-04,18.2,27.0,11.8,0.2
2023-03-05,18.5,26.2,11.5,0.0
2023-03-06,18.4,24.5,12.1,0.1
2023-03-07,19.0,25.5,12.1,0.0
2023-03-08,19.6,26.0,13.5,0.0
2023-03-09,19.7,27.2,12.6,0.0
2023-03-10,20.1,26.2,12.4,0.0
2023-03-11,21.2,27.3,16.1,0.0
2023-03-12,21.0,28.6,14.6,0.0
2023-03-13,19.3,26.5,13.2,0.0
2023-03-14,20.2,26.4,14.8,0.0
2023-03-15,21.0,28.2,13.9,0.0
2023-03-16,21.9,29.0,15.2,0.0
2023-03-17,22.8,30.0,17.5,0.0
2023-03-18,22.7,29.5,18.0,0.0
2023-03-19,22.3,29.8,15.9,0.0
2023-03-20,23.4,31.1,17.9,0.0
2023-03-21,24.4,31.0,19.0,0.6
2023-03-22,24.9,31.0,20.1,0.0
2023-03-23,24.1,30.7,17.9,0.0
2023-03-24,24.8,32.0,17.7,0.0
2023-03-25,24.4,31.0,19.1,1.7
2023-03-26,21.3,25.5,17.4,2.0
2023-03-27,20.9,28.6,14.9,0.1
2023-03-28,21.0,28.1,15.6,11.5
2023-03-29,21.8,27.3,17.2,0.0
2023-03-30,22.9,30.1,17.9,0.0
2023-03-31,22.7,29.5,17.2,1.1
2023-04-01,22.2,27.4,18.0,1.0
2023-04-02,23.5,29.8,18.2,0.0
2023-04-03,23.9,29.5,19.4,0.0
2023-04-04,24.0,30.3,19.4,0.0
2023-04-05,24.9,31.1,18.5,0.1
2023-04-06,26.1,31.4,21.4,1.0
2023-04-07,23.8,28.9,18.5,0.2
2023-04-08,21.9,27.8,16.5,0.0
2023-04-09,22.9,26.3,19.9,0.0
2023-04-10,22.7,29.4,17.8,0.0
2023-04-11,23.9,31.5,18.0,0.0
2023-04-12,24.9,32.7,19.4,0.0
2023-04-13,24.8,32.0,19.2,0.0
2023-04-14,26.4,33.9,19.9,0.0
2023-04-15,27.2,32.5,23.0,1.5
2023-04-16,27.1,33.2,22.6,0.5
2023-04-17,26.7,32.7,21.1,0.0
2023-04-18,28.4,35.0,23.0,0.0
2023-04-19,27.1,33.3,22.6,6.7
2023-04-20,24.0,26.0,22.7,62.9
2023-04-21,24.6,29.0,21.9,13.0
2023-04-22,24.9,30.3,20.9,1.3
2023-04-23,24.9,29.7,21.2,7.1
2023-04-24,25.1,30.5,21.5,2.1
2023-04-25,24.2,28.8,20.4,0.6
2023-04-26,24.0,29.4,20.0,0.3
2023-04-27,24.1,29.4,18.8,0.5
2023-04-28,25.4,32.2,20.0,0.1
2023-04-29,26.6,33.0,21.2,0.0
2023-04-30,26.1,30.4,22.5,1.4
2023-05-01,25.5,30.8,19.9,2.5
2023-05-02,26.4,32.3,21.7,0.0
2023-05-03,27.0,33.1,21.8,0.0
2023-05-04,28.3,34.3,22.2,0.0
2023-05-05,28.8,33.8,23.6,0.7
2023-05-06,29.7,35.2,24.8,0.0
2023-05-07,26.8,31.8,24.5,17.3
2023-05-08,25.2,29.6,21.2,33.6
2023-05-09,23.1,27.5,19.8,1.3
2023-05-10,23.8,28.4,18.9,0.0
2023-05-11,25.2,29.8,21.5,1.7
2023-05-12,25.2,29.1,21.5,3.6
2023-05-13,24.6,29.0,21.6,2.7
2023-05-14,23.9,26.8,22.1,1.1
2023-05-15,23.9,26.7,21.5,24.3
2023-05-16,25.2,29.9,22.1,1.5
2023-05-17,27.4,32.8,21.9,0.3
2023-05-18,27.2,31.6,23.9,7.8
2023-05-19,27.1,31.5,24.1,11.6
2023-05-20,27.3,31.4,24.1,5.6
2023-05-21,28.1,33.1,23.8,0.5
2023-05-22,28.6,32.6,25.4,2.1
2023-05-23,25.8,29.9,23.3,57.2
2023-05-24,25.7,29.5,22.9,29.4
2023-05-25,27.2,31.5,23.0,2.6
2023-05-26,27.2,31.0,24.0,3.6
2023-05-27,27.1,30.5,24.0,1.7
2023-05-28,27.3,32.0,23.8,0.0
2023-05-29,27.8,31.9,23.0,0.0
2023-05-30,29.6,34.8,24.9,0.0
2023-05-31,29.2,34.4,25.1,3.0
2023-06-01,28.7,33.5,25.9,0.2
2023-06-02,29.2,33.4,25.0,6.2
2023-06-03,28.7,33.5,25.0,4.7
2023-06-04,28.1,33.6,24.9,12.7
2023-06-05,27.4,32.0,24.0,2.9
2023-06-06,28.5,33.4,24.1,0.7
2023-06-07,28.6,32.9,24.6,1.7
2023-06-08,28.4,32.0,25.3,5.3
2023-06-09,28.6,32.5,25.5,2.7
2023-06-10,27.9,32.7,25.2,5.6
2023-06-11,26.9,30.5,24.5,47.2
2023-06-12,26.3,29.5,24.5,52.6
2023-06-13,26.0,29.5,24.0,62.2
2023-06-14,27.3,31.6,23.9,22.0
2023-06-15,25.4,26.0,24.8,34.7
2023-06-16,27.1,29.3,24.4,21.8
2023-06-17,28.0,30.9,25.5,11.6
2023-06-18,29.0,32.8,26.1,0.1
2023-06-19,28.6,33.2,24.3,0.0
2023-06-20,28.6,31.7,25.5,3.2
2023-06-21,28.7,32.0,25.7,3.2
2023-06-22,28.8,32.3,25.5,1.6
2023-06-23,28.7,32.8,25.7,1.1
2023-06-24,28.8,33.2,25.5,0.1
2023-06-25,28.8,33.6,24.6,1.4
2023-06-26,28.5,33.2,24.9,11.4
2023-06-27,28.3,33.5,24.3,2.3
2023-06-28,28.2,31.5,25.3,0.3
2023-06-29,28.6,32.2,25.5,8.1
2023-06-30,28.8,32.5,26.4,8.6
2023-07-01,29.0,32.7,27.0,4.1
2023-07-02,29.5,33.0,26.6,2.2
2023-07-03,29.4,33.2,25.7,0.7
2023-07-04,29.3,34.0,25.1,0.0
2023-07-05,29.1,33.2,25.0,1.1
2023-07-06,29.2,33.0,25.2,0.7
2023-07-07,29.2,34.0,24.7,0.0
2023-07-08,29.6,33.5,25.7,0.0
2023-07-09,29.7,33.5,25.8,0.6
2023-07-10,29.6,33.5,26.4,2.4
2023-07-11,28.1,32.1,26.1,7.4
2023-07-12,28.8,33.8,25.0,3.6
2023-07-13,28.9,34.0,25.2,1.0
2023-07-14,29.9,34.8,25.1,0.7
2023-07-15,30.2,35.0,26.6,5.5
2023-07-16,28.1,33.6,26.4,27.0
2023-07-17,29.8,35.2,25.2,0.6
2023-07-18,29.2,34.2,25.5,0.5
2023-07-19,28.1,33.8,25.6,14.9
2023-07-20,27.8,33.3,25.2,10.7
2023-07-21,28.6,33.3,24.5,4.4
2023-07-22,29.0,33.5,24.6,0.7
2023-07-23,28.4,33.6,24.3,5.5
2023-07-24,29.4,33.5,25.5,0.1
2023-07-25,29.6,33.2,25.9,0.3
2023-07-26,29.6,33.4,26.6,1.0
2023-07-27,26.7,29.5,25.5,63.3
2023-07-28,26.0,27.2,25.3,111.9
2023-07-29,28.9,31.8,26.4,0.0
2023-07-30,27.4,30.9,25.4,10.8
2023-07-31,27.1,30.7,24.8,11.9
2023-08-01,27.9,32.3,24.4,1.1
2023-08-02,28.4,31.5,25.7,7.1
2023-08-03,28.2,32.2,24.9,6.2
2023-08-04,24.7,26.4,23.1,76.7
2023-08-05,25.5,28.1,23.6,24.0
2023-08-06,27.0,29.9,24.4,4.5
2023-08-07,27.4,31.3,24.6,5.3
2023-08-08,27.4,30.6,24.6,17.7
2023-08-09,27.4,30.8,24.4,27.9
2023-08-10,26.7,30.3,24.0,25.8
2023-08-11,26.9,30.0,23.5,20.2
2023-08-12,27.9,31.8,24.5,14.4
2023-08-13,28.2,31.0,25.5,14.0
2023-08-14,27.5,31.0,24.7,17.4
2023-08-15,28.1,31.6,25.2,6.9
2023-08-16,27.1,30.3,25.4,36.7
2023-08-17,26.3,29.5,24.1,40.7
2023-08-18,25.9,29.2,24.5,32.0
2023-08-19,26.6,29.9,24.0,38.3
2023-08-20,27.9,31.5,25.1,14.2
2023-08-21,28.0,32.1,24.8,3.0
2023-08-22,28.0,31.6,24.4,2.1
2023-08-23,28.2,32.2,25.0,1.3
2023-08-24,27.8,32.2,25.2,6.5
2023-08-25,27.9,33.0,24.6,2.1
2023-08-26,27.4,31.9,24.8,10.0
2023-08-27,27.7,31.3,23.8,6.0
2023-08-28,28.3,32.5,24.0,1.3
2023-08-29,28.8,33.0,24.9,0.9
2023-08-30,28.8,32.8,25.6,0.5
2023-08-31,27.4,30.7,25.4,10.1
2023-09-01,27.4,31.2,24.5,5.2
2023-09-02,28.0,30.7,25.6,6.0
2023-09-03,26.8,28.5,24.6,74.6
2023-09-04,26.6,28.9,25.4,62.1
2023-09-05,27.4,31.2,25.3,6.2
2023-09-06,27.2,30.6,25.1,1.6
2023-09-07,26.3,30.5,24.5,49.9
2023-09-08,25.9,28.7,24.6,42.5
2023-09-09,25.4,28.0,24.2,30.3
2023-09-10,25.1,28.0,23.5,164.3
2023-09-11,26.0,29.8,23.0,6.1
2023-09-12,26.3,30.0,23.0,1.5
2023-09-13,26.8,31.0,23.1,0.0
2023-09-14,27.0,31.4,22.7,0.2
2023-09-15,26.9,31.4,23.9,1.7
2023-09-16,27.4,32.3,23.4,1.7
2023-09-17,27.5,32.1,23.9,1.8
2023-09-18,27.9,32.3,24.1,0.0
2023-09-19,27.8,32.6,24.2,0.0
2023-09-20,27.9,31.9,24.4,0.4
2023-09-21,28.1,32.5,24.7,0.0
2023-09-22,28.0,32.5,23.9,1.1
2023-09-23,27.6,32.0,24.2,1.9
2023-09-24,28.1,31.8,24.2,0.9
2023-09-25,28.0,31.9,25.2,0.7
2023-09-26,27.8,32.1,25.2,2.9
2023-09-27,27.4,31.4,25.5,3.3
2023-09-28,27.6,31.9,24.8,1.2
2023-09-29,28.3,32.8,24.5,0.1
2023-09-30,28.4,32.8,25.0,1.3
2023-10-01,27.9,33.5,25.5,1.5
2023-10-02,28.1,33.1,24.6,0.7
2023-10-03,26.9,32.5,22.5,0.0
2023-10-04,27.8,29.9,26.9,2.1
2023-10-05,27.7,29.9,26.5,10.1
2023-10-06,26.2,31.0,24.6,13.8
2023-10-07,26.1,30.6,23.6,7.3
2023-10-08,25.9,31.4,23.1,17.5
2023-10-09,26.3,30.2,23.2,2.2
2023-10-10,26.6,31.1,23.1,0.0
2023-10-11,25.9,31.0,23.0,1.5
2023-10-12,26.1,30.0,22.8,1.4
2023-10-13,25.9,30.0,22.2,0.2
2023-10-14,25.5,30.3,21.5,0.8
2023-10-15,25.3,29.2,21.4,0.6
2023-10-16,24.6,28.9,22.2,1.6
2023-10-17,24.4,26.4,23.1,6.1
2023-10-18,24.8,29.0,21.4,0.0
2023-10-19,25.7,30.2,21.5,0.1
2023-10-20,26.1,30.8,22.6,3.1
2023-10-21,24.6,30.0,19.9,0.1
2023-10-22,25.2,29.5,21.6,0.0
2023-10-23,25.4,30.8,21.9,0.5
2023-10-24,25.8,31.1,21.9,0.3
2023-10-25,25.9,30.7,22.3,0.5
2023-10-26,25.3,30.0,21.7,1.1
2023-10-27,25.1,29.4,20.8,1.1
2023-10-28,25.3,30.0,22.0,0.6
2023-10-29,24.6,29.4,20.6,0.5
2023-10-30,24.7,30.3,21.6,0.2
2023-10-31,24.7,30.5,19.5,0.0
2023-11-01,25.3,30.5,21.5,0.1
2023-11-02,24.9,30.2,20.5,0.5
2023-11-03,24.9,31.3,19.8,0.0
2023-11-04,25.0,31.8,20.0,0.0
2023-11-05,25.5,32.2,20.4,0.0
2023-11-06,26.2,32.7,20.8,0.0
2023-11-07,25.7,31.2,21.8,0.2
2023-11-08,25.5,30.5,21.0,0.0
2023-11-09,25.8,31.1,21.4,0.0
2023-11-10,27.0,33.8,21.7,0.0
2023-11-11,25.8,32.2,20.9,0.0
2023-11-12,24.8,31.5,20.8,0.1
2023-11-13,22.3,28.9,18.5,0.0
2023-11-14,22.4,28.0,17.9,0.0
2023-11-15,23.4,30.0,17.9,0.0
2023-11-16,23.5,30.0,19.7,0.4
2023-11-17,19.9,25.5,15.4,0.0
2023-11-18,18.4,25.5,12.9,0.0
2023-11-19,18.9,24.9,11.9,0.2
2023-11-20,20.1,26.1,13.6,0.0
2023-11-21,21.6,27.7,16.7,0.0
2023-11-22,21.1,28.1,14.9,0.0
2023-11-23,21.3,29.3,14.2,0.0
2023-11-24,21.8,28.3,16.0,0.0
2023-11-25,21.7,28.1,16.8,0.0
2023-11-26,21.3,28.8,15.6,0.0
2023-11-27,22.4,29.5,16.9,0.0
2023-11-28,23.0,29.2,17.6,0.0
2023-11-29,24.8,29.9,21.5,1.1
2023-11-30,24.4,29.5,20.5,0.3
2023-12-01,20.9,26.0,17.4,4.7
2023-12-02,20.9,27.9,16.0,0.0
2023-12-03,21.7,27.5,17.8,0.9
2023-12-04,21.1,25.6,18.0,14.1
2023-12-05,21.9,28.1,18.4,0.0
2023-12-06,21.0,26.5,17.6,1.4
2023-12-07,21.3,27.0,17.1,0.0
2023-12-08,21.6,27.4,16.6,0.3
2023-12-09,22.7,29.7,17.2,0.0
2023-12-10,24.5,31.6,18.2,0.0
2023-12-11,24.9,30.5,20.0,0.6
2023-12-12,24.6,31.2,20.0,1.0
2023-12-13,22.7,30.1,17.1,0.1
2023-12-14,23.8,30.6,18.8,0.0
2023-12-15,24.6,31.4,19.9,0.0
2023-12-16,20.9,28.5,14.7,0.0
2023-12-17,17.4,23.0,13.1,0.9
2023-12-18,20.3,28.0,13.4,0.0
2023-12-19,21.6,27.3,17.6,0.3
2023-12-20,17.1,20.1,14.9,2.1
2023-12-21,14.7,18.3,11.8,0.0
2023-12-22,13.3,19.1,9.1,0.5
2023-12-23,14.7,18.2,10.9,5.7
2023-12-24,16.7,23.6,11.3,0.1
2023-12-25,15.2,23.2,9.8,0.0
2023-12-26,16.7,23.6,8.9,0.0
2023-12-27,18.9,23.8,14.4,0.1
2023-12-28,19.7,23.8,17.5,20.1
2023-12-29,19.7,26.5,15.7,0.0
2023-12-30,19.8,25.6,15.9,2.3
2023-12-31,20.9,28.1,16.4,0.3
2024-01-01,18.6,25.3,14.3,0.0
2024-01-02,18.2,25.2,12.1,0.0
2024-01-03,17.8,24.0,12.7,0.0
2024-01-04,16.2,23.8,9.2,0.0
2024-01-05,16.8,24.8,11.1,0.0
2024-01-06,17.6,25.4,12.4,0.0
2024-01-07,17.3,25.4,12.2,0.0
2024-01-08,17.8,25.0,11.9,0.0
2024-01-09,19.9,27.2,16.0,2.1
2024-01-10,18.4,25.1,13.5,0.0
2024-01-11,16.2,23.4,9.8,0.0
2024-01-12,16.8,24.3,10.2,0.0
2024-01-13,17.7,25.0,11.7,0.0
2024-01-14,18.5,25.5,13.7,0.0
2024-01-15,18.2,26.1,12.6,0.1
2024-01-16,18.6,25.2,12.9,0.0
2024-01-17,19.6,27.3,13.3,0.0
2024-01-18,21.0,28.4,15.1,0.0
2024-01-19,22.9,30.1,17.0,0.0
2024-01-20,21.8,29.0,17.9,0.0
2024-01-21,19.5,27.0,15.4,7.9
2024-01-22,16.7,24.1,12.2,13.1
2024-01-23,10.6,12.9,8.8,6.2
2024-01-24,13.4,20.7,8.0,0.0
2024-01-25,14.5,20.7,9.1,0.0
2024-01-26,15.5,22.7,9.5,0.0
2024-01-27,16.4,23.6,11.2,0.0
2024-01-28,16.7,23.8,12.1,0.0
2024-01-29,17.7,26.4,11.8,0.0
2024-01-30,20.4,28.0,15.4,0.0
2024-01-31,21.3,29.7,15.9,0.0
2024-02-01,21.4,29.0,15.6,0.0
2024-02-02,21.6,29.6,16.8,0.0
2024-02-03,21.5,30.0,15.4,0.0
2024-02-04,22.1,28.6,17.6,2.3
2024-02-05,21.9,28.5,18.0,2.6
2024-02-06,20.4,28.0,15.1,0.0
2024-02-07,19.3,27.4,14.4,1.1
2024-02-08,17.2,24.4,13.4,19.4
2024-02-09,16.0,22.2,12.8,3.8
2024-02-10,16.5,23.1,12.6,0.0
2024-02-11,16.1,24.3,10.3,0.0
2024-02-12,15.5,23.0,8.4,0.0
2024-02-13,16.7,24.9,9.4,0.0
2024-02-14,18.9,28.4,10.2,0.0
2024-02-15,20.8,29.7,12.2,0.0
2024-02-16,19.5,26.2,14.8,0.0
2024-02-17,19.2,27.0,13.1,0.0
2024-02-18,21.8,29.4,13.8,0.0
2024-02-19,24.3,31.0,17.8,0.0
2024-02-20,25.8,31.1,21.8,0.0
2024-02-21,25.2,32.6,18.1,0.0
2024-02-22,24.2,30.7,19.2,0.0
2024-02-23,21.3,29.5,16.2,0.0
2024-02-24,20.3,27.6,14.6,0.0
2024-02-25,19.6,26.7,14.8,0.0
2024-02-26,18.6,26.0,12.8,0.0
2024-02-27,18.4,24.6,14.8,0.0
2024-02-28,19.6,27.7,13.4,0.0
2024-02-29,21.5,29.2,14.9,0.1
2024-03-01,17.1,21.4,13.5,1.0
2024-03-02,14.8,19.4,11.9,9.1
2024-03-03,18.2,25.9,12.6,0.0
2024-03-04,21.2,28.8,12.9,0.0
2024-03-05,26.1,31.1,21.9,0.0
2024-03-06,24.8,30.1,19.0,1.5
2024-03-07,19.1,24.5,15.8,12.5
2024-03-08,19.0,26.8,14.4,0.4
2024-03-09,17.3,26.0,11.4,1.1
2024-03-10,17.7,22.4,14.4,1.0
2024-03-11,20.1,25.9,15.9,4.1
2024-03-12,20.4,27.9,15.8,0.2
2024-03-13,20.7,25.5,16.3,0.1
2024-03-14,20.6,27.4,15.3,0.0
2024-03-15,21.6,29.0,15.4,0.0
2024-03-16,22.9,30.1,16.8,0.0
2024-03-17,24.2,31.6,18.1,0.0
2024-03-18,23.1,30.8,18.5,0.0
2024-03-19,20.8,26.9,15.9,0.0
2024-03-20,20.2,25.8,14.9,0.0
2024-03-21,20.7,24.9,16.1,0.2
2024-03-22,22.9,29.6,15.1,0.0
2024-03-23,26.0,31.2,20.0,0.6
2024-03-24,27.6,33.5,21.8,0.2
2024-03-25,27.4,33.0,23.6,0.0
2024-03-26,26.3,33.7,20.3,0.0
2024-03-27,24.9,33.2,18.9,0.0
2024-03-28,24.7,31.4,20.4,9.1
2024-03-29,26.5,32.0,22.2,0.0
2024-03-30,26.7,32.7,22.6,3.8
2024-03-31,27.3,32.8,22.0,0.8
2024-04-01,26.8,30.8,23.6,1.3
2024-04-02,27.5,34.3,21.6,0.0
2024-04-03,28.5,34.0,24.2,0.0
2024-04-04,27.2,33.5,20.5,0.0
2024-04-05,26.9,35.2,20.6,0.0
2024-04-06,27.1,33.0,21.7,0.4
2024-04-07,27.1,34.7,22.3,1.0
2024-04-08,27.8,34.8,23.1,0.7
2024-04-09,25.3,30.8,21.5,2.4
2024-04-10,25.0,30.7,19.8,12.2
2024-04-11,26.1,32.3,21.4,0.5
2024-04-12,27.0,32.8,22.1,0.2
2024-04-13,27.6,33.8,22.6,0.9
2024-04-14,28.2,34.0,23.0,0.1
2024-04-15,27.5,33.0,22.9,0.0
2024-04-16,27.1,32.8,22.1,0.0
2024-04-17,27.1,32.8,21.1,0.0
2024-04-18,27.8,34.0,23.1,4.0
2024-04-19,27.8,32.5,24.5,1.2
2024-04-20,27.4,33.0,22.4,0.0
2024-04-21,28.5,35.7,22.0,0.0
2024-04-22,28.9,34.3,24.6,0.0
2024-04-23,28.1,34.2,22.1,0.8
2024-04-24,25.5,29.4,23.1,30.6
2024-04-25,24.6,29.0,22.1,62.8
2024-04-26,24.2,25.6,22.9,36.7
2024-04-27,25.7,30.2,23.0,19.0
2024-04-28,27.0,31.2,24.0,2.1
2024-04-29,27.0,31.5,22.4,0.0
2024-04-30,27.0,33.0,23.0,1.5
2024-05-01,25.7,30.9,22.8,4.5
2024-05-02,25.8,31.4,21.6,0.6
2024-05-03,25.9,30.8,21.1,0.0
2024-05-04,26.7,31.2,22.3,0.4
2024-05-05,27.0,32.0,23.2,0.7
2024-05-06,27.2,32.0,23.3,0.4
2024-05-07,27.4,32.4,23.1,1.0
2024-05-08,27.0,31.0,23.0,0.7
2024-05-09,26.1,30.1,21.5,10.0
2024-05-10,25.8,30.5,21.5,0.1
2024-05-11,26.9,32.0,21.5,0.0
2024-05-12,28.0,33.5,23.1,3.7
2024-05-13,25.8,30.4,21.4,1.1
2024-05-14,24.8,29.8,20.0,15.9
2024-05-15,25.8,30.9,20.8,1.6
2024-05-16,25.7,30.8,21.1,0.6
2024-05-17,26.5,31.8,23.0,0.5
2024-05-18,25.7,30.9,22.1,0.5
2024-05-19,26.4,31.6,22.5,0.0
2024-05-20,25.8,30.1,22.8,15.6
2024-05-21,26.3,31.9,23.6,24.1
2024-05-22,26.9,30.9,23.9,13.9
2024-05-23,27.1,30.7,23.6,1.8
2024-05-24,26.6,30.5,23.7,2.0
2024-05-25,27.4,32.4,24.4,3.9
2024-05-26,25.8,28.7,24.5,23.9
2024-05-27,26.8,29.6,24.2,50.1
2024-05-28,25.7,28.6,24.1,37.0
2024-05-29,27.1,31.5,24.1,0.1
2024-05-30,27.7,32.6,24.8,19.6
2024-05-31,29.3,32.1,27.0,7.6
2024-06-01,29.6,33.7,25.2,1.3
2024-06-02,26.2,27.8,25.2,68.7
2024-06-03,25.7,29.9,22.2,5.4
2024-06-04,25.4,29.7,22.6,11.3
2024-06-05,26.4,30.4,23.0,1.5
2024-06-06,26.2,29.5,23.6,20.7
2024-06-07,26.9,31.6,23.6,7.2
2024-06-08,27.3,31.4,23.7,5.0
2024-06-09,27.5,31.0,24.4,15.3
2024-06-10,28.2,32.0,25.0,7.8
2024-06-11,27.3,30.7,24.7,25.4
2024-06-12,27.2,30.8,25.4,24.1
2024-06-13,28.0,31.6,25.0,16.1
2024-06-14,28.3,31.5,25.2,9.0
2024-06-15,29.2,32.8,26.5,1.5
2024-06-16,28.6,32.0,25.4,4.8
2024-06-17,28.3,32.2,26.4,12.3
2024-06-18,29.0,32.5,25.5,0.3
2024-06-19,29.1,32.5,26.0,0.0
2024-06-20,29.4,32.6,26.2,0.7
2024-06-21,29.9,33.2,27.2,0.3
2024-06-22,30.2,33.3,27.1,0.8
2024-06-23,29.6,32.7,27.2,2.4
2024-06-24,29.2,33.3,26.3,2.2
2024-06-25,28.7,33.0,25.9,1.9
2024-06-26,29.1,33.7,25.2,2.0
2024-06-27,29.3,33.8,25.1,3.4
2024-06-28,29.8,34.5,25.7,2.6
2024-06-29,28.5,31.7,26.5,11.7
2024-06-30,29.1,32.6,26.5,2.0
2024-07-01,29.8,33.2,26.9,1.0
2024-07-02,29.7,34.0,25.9,3.0
2024-07-03,29.6,35.0,24.6,0.8
2024-07-04,29.9,34.8,26.7,0.7
2024-07-05,29.4,34.1,26.1,2.5
2024-07-06,29.4,34.0,25.6,2.5
2024-07-07,28.7,34.2,25.1,3.9
2024-07-08,27.1,33.3,24.1,13.0
2024-07-09,28.5,33.9,23.4,1.9
2024-07-10,29.3,33.2,25.5,3.0
2024-07-11,29.2,33.6,26.4,3.1
2024-07-12,29.7,34.0,26.0,3.6
2024-07-13,29.6,34.4,26.1,3.3
2024-07-14,29.6,34.8,25.1,4.2
2024-07-15,30.4,36.3,25.9,0.0
2024-07-16,29.7,34.6,26.0,4.8
2024-07-17,29.6,35.2,25.7,7.8
2024-07-18,29.9,35.3,25.6,1.1
2024-07-19,29.8,35.3,25.6,0.7
2024-07-20,29.7,35.0,25.9,1.9
2024-07-21,28.5,35.0,24.8,10.7
2024-07-22,29.7,35.3,25.2,1.8
2024-07-23,29.4,34.6,26.6,9.8
2024-07-24,27.2,28.7,26.3,53.0
2024-07-25,27.4,28.2,27.0,274.8
2024-07-26,26.5,27.8,25.0,60.8
2024-07-27,28.2,30.5,25.8,3.9
2024-07-28,28.2,32.5,25.0,1.9
2024-07-29,27.2,31.6,25.2,16.8
2024-07-30,27.8,31.6,24.7,9.2
2024-07-31,27.9,31.5,25.7,5.4
2024-08-01,28.6,32.5,25.1,3.6
2024-08-02,29.1,32.7,25.7,0.3
2024-08-03,29.3,33.3,26.0,0.3
2024-08-04,29.2,32.7,26.0,2.5
2024-08-05,28.2,32.8,25.5,1.7
2024-08-06,27.8,32.2,25.1,6.7
2024-08-07,27.9,32.8,24.0,4.8
2024-08-08,27.8,31.4,25.8,13.8
2024-08-09,27.6,31.4,24.8,29.2
2024-08-10,26.7,30.3,24.0,29.4
2024-08-11,27.5,31.0,24.1,8.1
2024-08-12,28.4,32.0,25.5,6.3
2024-08-13,27.8,31.2,25.4,11.5
2024-08-14,26.9,30.3,25.3,14.8
2024-08-15,27.1,30.0,25.1,15.9
2024-08-16,26.8,31.0,24.7,24.6
2024-08-17,26.3,28.6,24.5,26.0
2024-08-18,26.9,30.8,24.9,50.6
2024-08-19,25.9,27.5,24.9,42.5
2024-08-20,26.8,32.1,23.9,26.0
2024-08-21,28.2,32.8,25.3,3.6
2024-08-22,28.4,33.2,23.2,0.0
2024-08-23,28.3,32.4,24.5,0.4
2024-08-24,28.0,32.0,24.4,3.2
2024-08-25,28.2,32.2,24.5,0.1
2024-08-26,28.1,31.9,24.4,0.6
2024-08-27,28.2,32.1,24.6,0.0
2024-08-28,28.7,32.4,25.5,0.1
2024-08-29,28.4,32.8,25.9,4.1
2024-08-30,28.2,32.5,25.6,2.0
2024-08-31,28.9,33.7,25.8,5.5
2024-09-01,28.2,32.9,24.9,3.0
2024-09-02,28.7,33.2,24.9,0.6
2024-09-03,29.4,33.5,25.8,0.9
2024-09-04,29.4,33.8,26.0,0.2
2024-09-05,28.5,33.0,26.5,5.3
2024-09-06,28.1,33.6,25.2,9.1
2024-09-07,26.4,30.0,24.0,25.0
2024-09-08,26.2,30.8,23.8,41.0
2024-09-09,26.3,30.0,23.7,8.7
2024-09-10,27.4,32.2,23.7,7.5
2024-09-11,27.9,32.2,24.9,2.3
2024-09-12,27.9,32.7,25.1,3.3
2024-09-13,27.7,31.9,25.2,2.2
2024-09-14,26.2,29.5,23.7,23.6
2024-09-15,27.3,31.1,23.6,0.7
2024-09-16,28.2,32.3,24.1,0.0
2024-09-17,29.3,33.7,25.9,1.0
2024-09-18,28.6,32.8,25.5,7.0
2024-09-19,28.0,32.0,25.0,4.2
2024-09-20,28.0,31.2,26.1,15.3
2024-09-21,26.6,30.2,25.1,26.3
2024-09-22,25.6,27.0,24.5,83.3
2024-09-23,26.3,30.8,23.9,36.2
2024-09-24,27.1,31.8,23.6,9.4
2024-09-25,27.8,31.6,24.8,0.0
2024-09-26,28.0,32.2,24.7,0.8
2024-09-27,27.0,31.0,24.1,4.2
2024-09-28,27.6,32.2,24.4,0.9
2024-09-29,27.9,32.2,25.1,2.0
2024-09-30,28.7,33.3,25.6,0.4
2024-10-01,26.9,29.8,25.5,33.5
2024-10-02,24.9,26.1,22.7,127.1
2024-10-03,23.3,24.5,22.1,210.0
2024-10-04,24.9,28.1,22.0,0.8
2024-10-05,26.1,31.0,22.0,1.6
2024-10-06,26.3,31.4,23.5,0.7
2024-10-07,26.9,30.8,23.9,0.0
2024-10-08,26.5,30.8,23.6,1.9
2024-10-09,25.5,29.8,22.6,1.8
2024-10-10,24.7,29.9,21.0,0.5
2024-10-11,24.3,30.4,19.1,0.0
2024-10-12,25.3,30.5,21.5,4.2
2024-10-13,25.7,30.2,22.0,3.1
2024-10-14,26.4,30.6,22.6,0.5
2024-10-15,26.4,31.0,23.0,3.5
2024-10-16,26.9,30.6,23.5,0.2
2024-10-17,27.0,30.9,24.0,0.3
2024-10-18,27.3,31.6,23.8,0.0
2024-10-19,26.9,31.7,22.9,0.0
2024-10-20,27.0,31.0,23.9,0.2
2024-10-21,26.9,31.9,22.5,0.3
2024-10-22,27.0,31.5,23.2,0.0
2024-10-23,24.5,29.5,21.2,0.0
2024-10-24,24.3,29.2,20.5,0.0
2024-10-25,26.6,32.0,22.0,0.0
2024-10-26,26.8,30.8,24.8,2.7
2024-10-27,26.0,29.4,24.2,13.7
2024-10-28,25.6,28.6,23.0,6.5
2024-10-29,24.6,30.2,21.2,0.0
2024-10-30,24.2,28.9,19.7,0.0
2024-10-31,24.9,26.4,23.4,67.3
2024-11-01,25.6,29.1,23.2,21.9
2024-11-02,25.4,29.8,21.9,0.0
2024-11-03,25.2,29.6,21.6,0.0
2024-11-04,25.5,29.2,23.0,0.4
2024-11-05,24.1,28.6,20.9,0.0
2024-11-06,22.0,27.0,18.7,0.0
2024-11-07,21.5,26.9,17.0,0.0
2024-11-08,22.8,28.0,19.2,0.0
2024-11-09,24.4,29.9,20.2,0.0
2024-11-10,24.8,30.0,21.5,0.0
2024-11-11,24.3,29.1,20.5,0.8
2024-11-12,23.5,25.2,22.2,7.4
2024-11-13,25.0,29.2,21.9,0.0
2024-11-14,25.0,28.8,22.6,0.0
2024-11-15,25.5,30.0,23.0,19.2
2024-11-16,25.3,29.6,23.1,58.8
2024-11-17,25.0,29.9,21.9,0.0
2024-11-18,21.4,24.2,19.4,3.1
2024-11-19,20.8,23.5,18.4,0.8
2024-11-20,22.1,27.8,17.8,1.2
2024-11-21,21.8,27.0,18.7,0.0
2024-11-22,21.5,27.4,17.9,0.1
2024-11-23,21.5,27.0,16.9,8.4
2024-11-24,22.2,27.0,18.5,0.1
2024-11-25,22.5,27.0,19.4,0.0
2024-11-26,21.5,26.2,16.4,0.0
2024-11-27,18.3,24.5,14.8,0.0
2024-11-28,17.9,23.4,13.9,0.0
2024-11-29,17.5,23.7,13.9,0.0
2024-11-30,17.7,25.0,11.4,0.0
2024-12-01,18.9,26.1,13.1,0.0
2024-12-02,20.1,26.9,14.4,0.0
2024-12-03,21.3,27.9,15.0,0.0
2024-12-04,21.8,28.7,16.8,0.0
2024-12-05,21.3,28.0,16.5,0.0
2024-12-06,21.5,29.0,16.0,0.0
2024-12-07,21.6,28.2,17.2,0.0
2024-12-08,19.7,26.3,15.8,0.0
2024-12-09,19.2,25.5,13.9,0.0
2024-12-10,20.3,27.0,14.7,0.0
2024-12-11,21.3,28.7,16.4,0.0
2024-12-12,20.2,26.0,16.0,0.0
2024-12-13,19.7,25.2,16.8,1.3
2024-12-14,16.5,22.0,13.1,0.0
2024-12-15,15.6,21.9,11.1,0.0
2024-12-16,15.5,18.4,12.8,0.0
2024-12-17,17.7,25.1,12.1,0.0
2024-12-18,17.5,23.4,13.9,0.0
2024-12-19,15.8,20.6,12.9,0.0
2024-12-20,17.4,24.0,11.9,0.0
2024-12-21,17.9,23.0,14.6,0.1
2024-12-22,15.9,20.8,13.1,0.1
2024-12-23,14.2,15.9,12.4,14.8
2024-12-24,15.5,17.1,14.4,10.6
2024-12-25,18.5,23.6,14.8,0.0
2024-12-26,19.9,25.2,17.3,0.0
2024-12-27,17.3,19.0,15.5,2.9
2024-12-28,15.8,20.9,11.0,0.0
2024-12-29,14.5,20.5,7.6,0.0
2024-12-30,18.2,24.0,14.1,0.0
2024-12-31,17.9,21.8,15.6,1.8
2025-01-01,16.7,19.5,14.8,2.5
2025-01-02,16.7,17.9,15.8,5.9
2025-01-03,16.0,19.0,12.2,0.2
2025-01-04,16.4,23.9,10.0,0.0
2025-01-05,18.2,25.1,14.8,0.0
2025-01-06,17.8,23.6,12.9,0.0
2025-01-07,16.8,22.9,9.9,0.0
2025-01-08,17.7,24.5,13.2,0.0
2025-01-09,17.0,23.7,13.1,0.0
2025-01-10,14.5,20.4,11.9,0.2
2025-01-11,14.7,21.6,10.4,0.9
2025-01-12,14.6,21.1,9.8,0.0
2025-01-13,15.1,23.6,6.1,0.0
2025-01-14,16.9,24.0,10.4,2.7
2025-01-15,15.1,16.8,11.4,2.7
2025-01-16,13.9,21.8,9.2,0.0
2025-01-17,14.3,21.4,8.6,0.0
2025-01-18,14.8,19.8,11.0,1.7
2025-01-19,17.0,22.0,13.7,0.6
2025-01-20,16.6,23.5,10.1,0.0
2025-01-21,16.9,23.4,11.0,0.0
2025-01-22,18.4,24.9,12.9,0.0
2025-01-23,19.5,26.3,14.8,0.7
2025-01-24,18.9,26.4,13.1,0.0
2025-01-25,18.8,26.5,14.1,0.8
2025-01-26,17.4,24.5,12.9,0.2
2025-01-27,13.3,15.6,9.9,0.0
2025-01-28,13.4,20.2,8.1,0.0
2025-01-29,15.7,21.9,10.9,0.0
2025-01-30,17.1,24.3,9.9,0.0
2025-01-31,17.5,22.5,14.1,13.4
2025-02-01,19.8,26.0,15.9,5.7
2025-02-02,18.9,26.1,14.9,1.6
2025-02-03,16.4,23.8,12.6,1.1
2025-02-04,14.1,19.5,10.9,0.8
2025-02-05,16.0,21.8,10.5,0.0
2025-02-06,17.8,25.0,11.8,0.0
2025-02-07,17.0,23.0,13.1,0.0
2025-02-08,14.2,20.5,10.3,0.0
2025-02-09,14.2,21.5,9.4,0.0
2025-02-10,15.6,23.6,8.5,0.0
2025-02-11,17.8,26.0,10.6,0.6
2025-02-12,17.4,18.8,16.2,37.2
2025-02-13,15.7,17.9,14.1,24.6
2025-02-14,16.4,21.5,12.9,5.6
2025-02-15,19.1,25.6,14.4,0.0
2025-02-16,18.9,25.6,14.8,0.0
2025-02-17,18.4,23.8,13.2,0.0
2025-02-18,17.2,23.9,13.1,0.0
2025-02-19,16.5,21.8,11.5,0.0
2025-02-20,17.4,23.5,13.4,0.0
2025-02-21,17.6,23.5,14.1,0.0
2025-02-22,17.1,23.2,12.3,0.0
2025-02-23,17.6,23.5,14.1,0.3
2025-02-24,15.7,21.9,12.0,1.3
2025-02-25,16.3,22.5,11.4,0.0
2025-02-26,17.2,23.1,12.4,0.0
2025-02-27,18.5,25.0,13.9,0.0
2025-02-28,20.5,27.4,14.4,0.0
2025-03-01,21.8,28.8,15.6,0.0
2025-03-02,23.8,30.8,17.0,0.0
2025-03-03,26.0,31.2,22.4,0.0
2025-03-04,24.0,29.5,20.3,27.7
2025-03-05,21.6,28.1,17.0,6.6
2025-03-06,17.2,21.5,14.4,1.4
2025-03-07,17.4,23.4,13.4,0.0
2025-03-08,17.8,25.1,13.4,0.0
2025-03-09,18.6,26.2,12.7,0.0
2025-03-10,19.6,27.0,14.2,0.0
2025-03-11,22.2,29.1,15.0,0.0
2025-03-12,24.7,31.5,18.2,0.0
2025-03-13,23.7,29.9,20.8,33.3
2025-03-14,23.6,28.0,20.0,1.3
2025-03-15,22.8,27.9,18.9,50.6
2025-03-16,16.7,20.3,13.5,0.0
2025-03-17,14.1,17.1,12.6,1.0
2025-03-18,13.9,16.0,11.9,7.6
2025-03-19,16.1,20.7,12.8,0.0
2025-03-20,16.8,23.1,11.1,0.0
2025-03-21,17.4,24.2,11.0,0.0
2025-03-22,18.3,25.3,11.9,0.0
2025-03-23,19.6,26.4,13.0,0.0
2025-03-24,21.0,27.5,13.9,0.0
2025-03-25,22.9,30.0,15.5,0.0
2025-03-26,25.0,31.0,19.8,0.0
2025-03-27,26.9,33.0,22.1,0.0
2025-03-28,25.6,33.0,19.1,0.0
2025-03-29,20.9,28.5,16.0,0.0
2025-03-30,19.2,26.4,15.0,1.0
2025-03-31,19.2,25.9,14.5,2.2
2025-04-01,18.2,24.1,14.5,4.1
2025-04-02,18.0,23.8,14.2,0.0
2025-04-03,21.1,26.1,15.2,1.1
2025-04-04,22.7,27.8,17.1,0.6
2025-04-05,22.8,28.2,19.1,0.1
2025-04-06,23.3,29.6,18.8,0.0
2025-04-07,24.9,30.7,20.2,0.0
2025-04-08,26.3,31.8,21.4,0.0
2025-04-09,25.7,31.0,20.0,0.0
2025-04-10,26.0,30.5,22.1,0.6
2025-04-11,26.5,32.5,20.6,1.4
2025-04-12,27.7,31.5,24.1,0.7
2025-04-13,21.0,24.7,18.5,12.0
2025-04-14,22.7,28.9,17.8,0.0
2025-04-15,23.6,32.1,16.0,0.0
2025-04-16,25.0,31.1,18.7,0.0
2025-04-17,26.5,33.7,18.8,0.0
2025-04-18,28.1,32.8,23.5,0.0
2025-04-19,28.2,32.5,24.2,0.0
2025-04-20,28.6,34.1,23.7,0.0
2025-04-21,28.6,34.5,23.6,0.0
2025-04-22,27.5,33.5,20.9,0.0
2025-04-23,27.8,33.0,22.4,0.5
2025-04-24,28.1,32.9,24.1,0.4
2025-04-25,26.8,32.4,22.3,1.6
2025-04-26,25.6,31.6,20.1,0.4
2025-04-27,27.3,34.0,20.9,0.0
2025-04-28,25.4,28.6,22.7,13.4
2025-04-29,26.1,30.6,21.1,0.0
2025-04-30,27.0,31.6,23.0,0.0
2025-05-01,27.3,33.5,21.5,0.0
2025-05-02,27.9,34.0,22.1,0.0
2025-05-03,29.2,34.6,23.4,0.1
2025-05-04,29.4,35.2,25.3,1.8
2025-05-05,29.5,35.2,25.0,0.1
2025-05-06,29.0,34.4,24.7,10.6
2025-05-07,27.5,31.9,24.0,2.3
2025-05-08,28.2,32.7,23.0,0.0
2025-05-09,28.6,35.4,24.4,34.0
2025-05-10,25.7,29.0,23.5,61.3
2025-05-11,22.2,24.5,19.7,75.4
2025-05-12,22.7,26.1,19.1,5.4
2025-05-13,25.6,30.5,21.0,0.3
2025-05-14,26.4,32.4,20.8,0.0
2025-05-15,27.3,32.6,21.6,0.6
2025-05-16,27.7,32.2,23.4,1.7
2025-05-17,28.3,33.8,23.9,2.9
2025-05-18,29.2,34.1,26.5,3.5
2025-05-19,29.5,34.0,25.3,0.9
2025-05-20,30.0,35.2,24.8,0.0
2025-05-21,30.8,35.5,26.5,0.0
2025-05-22,30.9,36.0,26.0,0.0
2025-05-23,30.6,34.6,26.4,0.2
2025-05-24,30.1,34.2,26.5,3.3
2025-05-25,27.4,32.7,23.9,6.9
2025-05-26,24.9,30.2,21.5,4.8
2025-05-27,27.0,33.0,20.8,1.6
2025-05-28,27.8,32.3,24.0,4.1
2025-05-29,24.9,28.2,22.9,31.5
2025-05-30,25.4,30.1,22.6,18.9
2025-05-31,26.9,32.0,22.5,0.2
2025-06-01,27.2,31.9,24.0,10.9
2025-06-02,27.2,29.9,25.4,29.9
2025-06-03,26.8,31.0,25.4,34.3
2025-06-04,25.9,29.5,24.7,52.6
2025-06-05,26.4,29.4,24.0,19.1
2025-06-06,26.9,30.5,24.0,3.4
2025-06-07,28.5,31.5,25.9,1.5
2025-06-08,28.8,32.2,25.5,2.2
2025-06-09,29.0,33.5,25.7,2.0
2025-06-10,29.4,33.8,25.8,2.2
2025-06-11,28.8,33.9,25.1,1.6
2025-06-12,27.6,33.8,25.1,36.1
2025-06-13,25.4,26.0,24.3,100.8
2025-06-14,28.3,33.0,23.9,17.2
2025-06-15,29.1,32.6,26.0,0.1
2025-06-16,27.5,31.0,24.7,19.6
2025-06-17,28.0,31.7,24.0,6.9
2025-06-18,27.4,32.4,25.2,14.0
2025-06-19,28.0,32.6,24.5,0.0
2025-06-20,28.2,32.3,24.5,0.1
2025-06-21,28.6,32.0,25.0,0.7
2025-06-22,28.7,32.8,25.0,0.5
2025-06-23,28.9,32.8,24.9,0.5
2025-06-24,29.3,33.6,25.5,0.6
2025-06-25,28.6,34.5,25.0,11.3
2025-06-26,28.3,34.1,24.8,1.0
2025-06-27,27.5,31.8,24.0,0.8
2025-06-28,28.1,33.1,23.0,0.0
2025-06-29,27.8,34.0,24.6,17.6
2025-06-30,28.4,32.5,24.2,1.2
2025-07-01,29.0,34.0,25.1,0.8
2025-07-02,28.9,33.2,25.7,4.0
2025-07-03,29.6,33.7,26.1,0.0
2025-07-04,27.6,33.8,24.7,18.0
2025-07-05,26.5,33.0,24.0,27.1
2025-07-06,25.3,27.4,23.6,49.7
2025-07-07,25.9,27.4,24.4,53.0
2025-07-08,26.3,30.9,23.4,23.7
2025-07-09,25.1,27.5,23.6,29.4
2025-07-10,24.7,27.0,23.2,70.5
2025-07-11,26.7,29.8,24.3,22.9
2025-07-12,28.9,32.1,26.1,0.8
2025-07-13,28.7,31.7,25.5,0.7
2025-07-14,28.5,31.4,25.1,1.8
2025-07-15,27.8,30.1,25.8,9.2
2025-07-16,28.4,31.8,26.0,5.2
2025-07-17,28.6,31.6,25.5,2.5
2025-07-18,28.4,32.6,25.4,4.6
2025-07-19,27.0,29.2,25.5,15.4
2025-07-20,26.3,29.7,24.4,20.9
2025-07-21,26.4,28.0,24.7,13.0
2025-07-22,27.2,31.0,24.0,0.4
2025-07-23,28.4,32.5,24.5,0.0
2025-07-24,28.6,32.8,25.6,0.7
2025-07-25,27.9,32.9,25.6,23.8
2025-07-26,27.7,31.0,25.5,22.6
2025-07-27,27.4,31.3,24.4,20.7
2025-07-28,26.0,28.6,24.5,69.0
2025-07-29,25.5,28.2,24.1,68.3
2025-07-30,25.1,27.8,23.8,83.8
2025-07-31,25.6,28.2,24.2,47.1
2025-08-01,25.7,28.2,24.0,38.1
2025-08-02,25.5,28.2,24.0,56.1
2025-08-03,25.0,26.8,24.1,40.9
2025-08-04,25.0,27.1,24.1,39.4
2025-08-05,27.3,30.4,24.1,0.6
2025-08-06,28.3,32.0,25.2,0.0
2025-08-07,27.9,32.0,24.0,0.0
2025-08-08,28.1,31.8,24.0,0.0
2025-08-09,27.9,31.9,25.0,4.7
2025-08-10,27.5,31.5,25.0,8.3
2025-08-11,27.7,31.0,25.0,7.6
2025-08-12,27.7,31.7,24.9,2.8
2025-08-13,26.3,28.0,24.9,94.6
2025-08-14,28.2,32.2,25.5,3.0
2025-08-15,27.6,31.1,24.1,0.0
2025-08-16,28.4,32.3,24.5,0.0
2025-08-17,27.7,31.9,25.4,2.0
2025-08-18,27.3,32.9,24.2,9.1
2025-08-19,26.6,32.0,23.5,7.4
2025-08-20,27.0,30.6,23.9,2.0
2025-08-21,27.6,32.5,22.6,0.1
2025-08-22,28.2,32.8,24.0,0.0
2025-08-23,29.0,34.0,24.9,0.9
2025-08-24,27.8,33.5,24.2,0.2
2025-08-25,27.5,32.6,23.9,1.1
2025-08-26,27.3,31.8,24.5,4.2
2025-08-27,26.7,29.8,24.0,1.8
2025-08-28,28.2,31.9,24.5,0.1
2025-08-29,28.5,32.8,24.6,0.1
2025-08-30,28.4,32.2,24.6,0.7
2025-08-31,28.2,31.7,25.0,1.2
2025-09-01,28.2,32.7,25.2,6.5
2025-09-02,28.6,32.0,25.5,0.1
2025-09-03,28.6,33.0,24.9,1.0
2025-09-04,28.5,33.8,24.9,0.9
2025-09-05,28.3,33.1,24.1,1.0
2025-09-06,28.7,33.3,25.2,0.5
2025-09-07,27.8,32.5,25.1,4.1
2025-09-08,29.5,34.9,24.9,0.7
2025-09-09,30.0,33.9,26.5,0.3
2025-09-10,29.3,36.0,25.5,2.9
2025-09-11,29.0,35.9,24.4,0.7
2025-09-12,29.8,35.5,25.5,0.5
2025-09-13,28.3,33.7,25.6,6.9
2025-09-14,28.3,33.7,24.5,2.7
2025-09-15,29.4,35.6,24.9,0.6
2025-09-16,29.6,33.9,25.1,0.0
2025-09-17,28.6,32.8,25.6,0.4
2025-09-18,27.0,30.8,24.5,4.9
2025-09-19,27.8,32.5,25.0,0.1
2025-09-20,27.3,33.0,24.3,3.0
2025-09-21,28.0,32.4,24.2,0.7
2025-09-22,28.1,33.3,24.9,3.8
2025-09-23,26.5,29.6,24.3,13.2
2025-09-24,27.1,31.9,23.4,21.2
2025-09-25,28.5,32.5,24.5,0.1
2025-09-26,28.7,32.3,25.5,0.0
2025-09-27,28.8,33.0,25.5,0.0
2025-09-28,28.0,32.9,24.7,2.4
2025-09-29,27.9,33.4,24.3,2.5
2025-09-30,28.5,33.5,24.8,2.1
2025-10-01,28.7,33.2,24.4,1.5
2025-10-02,29.4,34.2,25.6,0.0
2025-10-03,29.4,34.6,24.5,0.0
2025-10-04,30.0,35.6,25.2,0.3
2025-10-05,29.3,35.0,24.5,3.1
2025-10-06,28.8,34.8,24.9,2.7
2025-10-07,28.7,33.2,25.1,1.3
2025-10-08,29.4,34.2,25.5,0.2
2025-10-09,29.3,34.0,25.2,0.0
2025-10-10,29.5,34.5,25.0,0.0
2025-10-11,29.6,35.5,24.9,0.2
2025-10-12,29.8,35.3,24.7,0.1
2025-10-13,29.9,35.1,25.4,0.8
2025-10-14,29.5,37.0,24.9,2.2
2025-10-15,29.0,33.2,25.4,0.2
2025-10-16,29.8,34.6,24.6,0.6
2025-10-17,29.9,34.3,25.6,0.0
2025-10-18,30.3,36.2,24.8,0.0
2025-10-19,28.7,31.0,26.0,0.0
2025-10-20,28.0,33.8,23.6,4.4
2025-10-21,27.0,34.7,22.5,3.7
2025-10-22,27.0,32.2,23.4,0.0
2025-10-23,27.6,32.9,23.0,0.0
2025-10-24,27.7,32.8,23.0,0.1
2025-10-25,28.8,35.2,23.2,0.0
2025-10-26,28.0,35.1,22.5,20.2
2025-10-27,25.0,32.0,21.1,4.1
2025-10-28,25.3,30.0,21.4,0.0
2025-10-29,26.2,32.7,20.4,0.0
2025-10-30,27.6,33.0,23.8,0.6
2025-10-31,27.0,33.8,22.8,0.0
2025-11-01,26.2,31.7,21.3,0.0
2025-11-02,27.3,31.8,24.0,0.0
2025-11-03,26.6,33.5,22.2,0.0
2025-11-04,25.8,32.7,21.0,0.0
2025-11-05,26.2,33.8,21.4,0.0
2025-11-06,27.3,33.1,21.7,0.0
2025-11-07,27.9,33.3,23.9,0.1
2025-11-08,27.4,31.9,23.4,0.0
2025-11-09,27.6,32.6,23.5,0.0
2025-11-10,25.4,30.0,23.0,27.8
2025-11-11,25.0,30.0,22.3,14.4
2025-11-12,23.9,27.5,21.9,18.3
2025-11-13,24.4,28.1,21.4,4.1
2025-11-14,23.6,29.0,19.9,0.0
2025-11-15,23.5,28.9,19.1,0.0
2025-11-16,23.7,29.6,19.0,0.0
2025-11-17,24.1,30.0,20.8,0.0
2025-11-18,21.7,27.9,17.5,0.0
2025-11-19,19.1,24.6,16.0,0.3
2025-11-20,19.1,24.2,14.8,0.0
2025-11-21,21.4,27.6,16.6,0.0
2025-11-22,21.6,28.9,15.3,0.0
2025-11-23,22.8,30.5,16.5,0.0
2025-11-24,23.4,30.3,18.3,0.0
2025-11-25,22.5,28.5,17.9,0.0
2025-11-26,21.2,27.5,14.6,0.0
2025-11-27,20.7,23.5,18.5,1.3
2025-11-28,20.3,23.0,17.7,1.7
2025-11-29,22.5,28.6,18.0,0.0
2025-11-30,22.9,30.4,17.6,0.0
2025-12-01,23.7,31.3,19.6,0.1
2025-12-02,24.1,31.5,19.8,0.0
2025-12-03,20.7,24.0,16.5,0.0
2025-12-04,19.1,25.5,13.4,3.0
2025-12-05,20.0,25.9,14.6,0.0
2025-12-06,20.7,28.1,14.9,0.0
2025-12-07,21.3,27.9,15.4,0.0
2025-12-08,21.3,28.5,16.5,0.0
2025-12-09,21.0,28.1,15.4,0.0
2025-12-10,22.4,30.1,17.2,0.0
2025-12-11,21.5,28.0,17.5,0.0
2025-12-12,21.4,28.2,15.6,0.0
2025-12-13,21.4,27.9,17.1,0.0
2025-12-14,19.0,25.5,13.4,0.0
2025-12-15,18.3,25.0,12.6,0.0
2025-12-16,19.9,26.9,13.7,0.0
2025-12-17,20.9,29.5,15.4,0.0
2025-12-18,21.4,28.0,15.9,0.2
2025-12-19,21.7,28.0,18.0,0.7
2025-12-20,21.6,25.4,18.9,4.5
2025-12-21,21.0,27.2,17.7,0.0
2025-12-22,20.5,27.1,15.0,0.0
2025-12-23,21.9,28.8,17.1,0.0
2025-12-24,22.0,28.5,17.2,0.0
2025-12-25,19.4,24.5,13.6,0.0
2025-12-26,16.3,21.1,11.9,0.1
2025-12-27,17.3,22.0,14.8,1.4
2025-12-28,18.0,23.9,13.6,0.0
2025-12-29,19.0,26.0,14.0,0.0
2025-12-30,20.4,28.2,15.9,0.0
2025-12-31,19.4,26.9,14.3,0.0
2026-01-01,18.9,25.8,15.1,0.6
2026-01-02,15.6,20.4,10.6,0.1
2026-01-03,15.0,21.6,7.5,0.0
2026-01-04,17.4,24.5,11.1,0.0
2026-01-05,17.6,25.0,11.8,0.0
2026-01-06,15.7,22.0,11.9,0.0
2026-01-07,14.5,19.0,11.2,0.7
2026-01-08,15.2,22.3,10.6,0.0
2026-01-09,15.4,22.3,11.8,0.8
2026-01-10,17.1,23.5,12.1,0.0
2026-01-11,18.7,25.2,12.7,0.0
2026-01-12,18.8,25.8,12.9,0.0
2026-01-13,19.6,26.9,15.4,0.0
2026-01-14,18.6,26.2,10.9,0.0
2026-01-15,20.3,27.6,14.2,0.0
2026-01-16,21.5,26.0,18.1,0.0
2026-01-17,21.4,24.5,18.5,0.0
2026-01-18,20.8,27.7,16.0,0.0
2026-01-19,19.8,27.1,15.1,0.0
2026-01-20,19.1,26.9,14.4,0.0
2026-01-21,16.5,24.0,11.8,0.0
2026-01-22,15.9,23.0,10.8,0.3
2026-01-23,17.3,24.2,12.1,0.1
2026-01-24,19.2,26.0,15.0,0.0
2026-01-25,19.7,27.1,14.9,0.7
2026-01-26,20.7,26.8,16.1,0.3
2026-01-27,20.2,27.5,16.5,0.3
2026-01-28,18.5,26.1,14.3,0.0
2026-01-29,19.0,26.5,12.4,0.0
2026-01-30,20.8,28.5,15.9,1.1
2026-01-31,20.1,27.0,15.9,0.0
2026-02-01,17.3,22.9,14.1,5.5
2026-02-02,17.5,23.6,13.8,2.3
2026-02-03,17.7,24.8,11.9,0.0
2026-02-04,20.3,27.8,14.3,0.0
2026-02-05,22.5,30.1,17.0,0.0
2026-02-06,21.8,26.9,18.2,5.1
2026-02-07,18.1,24.3,14.1,0.2
2026-02-08,14.2,19.5,9.1,0.0
2026-02-09,13.9,20.4,7.2,0.0
2026-02-10,18.2,25.1,12.3,0.0
2026-02-11,19.3,27.2,13.1,0.0
2026-02-12,19.6,27.8,13.0,0.0
2026-02-13,20.8,28.6,13.6,0.0
2026-02-14,22.3,30.2,15.5,0.0
2026-02-15,23.6,32.0,17.0,0.0
2026-02-16,22.4,31.0,17.5,0.0
2026-02-17,20.1,27.0,15.1,0.0
2026-02-18,18.8,26.0,14.1,0.1
2026-02-19,19.1,26.7,13.6,0.6
2026-02-20,20.4,27.4,15.2,0.0
2026-02-21,20.7,28.5,13.9,0.0
2026-02-22,22.9,30.1,17.2,0.0
2026-02-23,22.7,29.4,16.1,0.0
2026-02-24,24.1,29.1,19.2,0.0
2026-02-25,24.2,31.2,20.5,0.0
2026-02-26,23.4,31.0,18.1,0.0
2026-02-27,23.9,30.8,20.0,0.0
2026-02-28,20.6,22.5,19.0,12.9
2026-03-01,23.3,27.6,19.0,1.5
2026-03-02,24.6,29.8,21.0,1.9
2026-03-03,20.9,24.2,17.5,16.1
2026-03-04,19.1,22.0,16.1,3.0
2026-03-05,20.6,24.8,17.8,9.9
2026-03-06,20.9,26.9,15.4,0.0
2026-03-07,18.3,25.7,13.1,0.0
2026-03-08,19.0,26.2,13.1,0.0
2026-03-09,19.2,25.9,15.4,0.0
2026-03-10,16.8,20.6,13.6,0.0
2026-03-11,18.6,25.7,12.4,0.0
2026-03-12,19.2,28.2,13.6,0.0
2026-03-13,18.2,23.5,12.1,0.0
2026-03-14,19.7,26.4,13.7,0.0
2026-03-15,20.1,25.9,14.4,0.0
2026-03-16,21.9,26.8,17.0,0.0
2026-03-17,22.0,29.4,15.4,0.0
2026-03-18,23.6,30.5,16.5,0.0
2026-03-19,23.5,29.5,19.0,0.3
2026-03-20,22.7,30.5,17.2,0.0
2026-03-21,23.0,30.1,18.0,0.0
2026-03-22,23.2,30.5,17.2,0.0
2026-03-23,24.5,30.8,19.1,0.0
2026-03-24,24.9,31.5,19.5,0.0
2026-03-25,26.1,31.5,21.1,0.0
2026-03-26,25.4,30.5,21.4,0.0
2026-03-27,25.7,31.9,20.9,0.1
2026-03-28,25.2,31.8,20.4,0.2
2026-03-29,25.7,31.8,21.5,0.1
2026-03-30,26.4,31.8,21.0,0.2
2026-03-31,26.6,33.0,21.1,0.0
2026-04-01,25.5,31.6,21.6,4.2
2026-04-02,23.7,27.8,19.6,3.2
2026-04-03,25.4,30.9,20.6,0.2
2026-04-04,23.1,27.0,20.7,56.3
2026-04-05,24.3,29.0,20.2,9.0
2026-04-06,25.3,28.8,23.1,5.6
2026-04-07,25.3,30.1,22.1,2.4
2026-04-08,25.1,29.5,22.0,14.3
2026-04-09,25.6,29.8,21.9,1.0
2026-04-10,25.5,30.0,22.1,0.0
2026-04-11,25.2,29.6,21.0,0.0
2026-04-12,25.7,30.2,21.0,0.0
2026-04-13,25.1,30.1,20.4,0.0
2026-04-14,25.4,30.9,20.2,0.0
2026-04-15,25.6,30.0,21.0,0.2
2026-04-16,26.1,30.2,22.6,2.5
2026-04-17,25.6,30.2,21.5,0.1
2026-04-18,25.3,30.2,22.0,4.0
2026-04-19,25.7,31.0,22.0,1.4
2026-04-20,26.4,31.6,21.4,0.2
2026-04-21,26.4,31.8,22.9,0.5
2026-04-22,27.6,32.9,22.6,0.1
2026-04-23,27.5,32.2,22.8,0.3
2026-04-24,25.7,30.5,22.4,1.8
2026-04-25,22.6,26.6,20.8,18.8
2026-04-26,24.0,29.7,19.7,0.0
2026-04-27,24.8,30.6,19.6,0.0
2026-04-28,25.5,32.0,18.6,0.1
2026-04-29,27.8,33.1,22.4,0.4
2026-04-30,25.2,29.9,20.6,3.4
2026-05-01,24.4,31.0,18.9,1.6
2026-05-02,26.9,32.9,21.7,0.0
2026-05-03,29.0,34.1,24.9,0.3
2026-05-04,27.7,33.7,24.3,0.2
2026-05-05,23.9,29.2,21.1,17.3
2026-05-06,25.1,30.6,20.8,5.3
2026-05-07,26.3,32.2,21.3,0.2
2026-05-08,27.0,32.6,22.5,0.0
2026-05-09,25.5,31.7,20.6,0.0
2026-05-10,26.2,34.2,21.5,1.2
2026-05-11,27.2,34.0,22.2,0.0
2026-05-12,27.6,33.3,22.8,0.0
2026-05-13,28.7,34.5,24.0,0.0
2026-05-14,27.0,32.0,24.2,11.1
