* MD (Multifield Daily Data Format)
* 以 '*' 字元開頭的文字為格式說明
* 以 '#' 字元開頭的文字為氣象資料欄位標題列9個字元一組
********************************************************************************
* 格式說明:
* 站碼(stno) 時間(yyyymmdd) 氣象資料欄位
* 1~6        8~15           第16個字元開始每個氣象要素(欄位)9個字元
* 時間為當地時間(Local Time)
* yyyy:西元年
* mm:月
* dd:日
********************************************************************************
* 欄位標題說明:
* 極值發生時間欄位格式為 hhmmss 6位字元  其中 hh:小時(00~23時) mm:分鐘(00~59分) ss:秒(00~59秒)
*
* CD11 平均雲量(10分量)
* EP01 20cm箱外蒸發量(mm)
* EP04 20cm箱內蒸發量(mm)
* EP05 A型蒸發量(mm)
* GR01 全天空日射量(MJ/㎡)
* GR02 最大小時全天空日射量(MJ/㎡)
* GR03 最大小時全天空日射量時間
* PP01 降水量(mm)
* PP02 降水時數(hour)
* PP03 最大十分鐘降水量(mm)
* PP04 最大十分鐘降水量起始時間
* PP05 最大六十分鐘降水量(mm)
* PP06 最大六十分鐘降水量起始時間
* PS01 平均測站氣壓(hPa)                
* PS02 平均海平面氣壓(hPa)
* PS03 最高測站氣壓(hPa)                  
* PS04 最高測站氣壓時間
* PS05 最低測站氣壓(hPa)
* PS06 最低測站氣壓時間
* PS07 最高海平面氣壓(hPa)
* PS08 最高海平面氣壓時間
* PS09 最低海平面氣壓(hPa)
* PS10 最低海平面氣壓時間
* RH01 平均相對溼度(%)
* RH02 最大相對溼度(%)
* RH03 最大相對溼度時間
* RH04 最小相對溼度(%)
* RH05 最小相對溼度時間
* SD01 雪深(cm)
* SS01 日照時數(hour)
* SS02 日照率(%)
* ST01 天空狀況
* ST02 地面狀況
* ST03 雷暴
* ST04 液態降水1
* ST05 液態降水2
* ST06 固態降水1
* ST07 固態降水2
* ST08 固態降水3
* ST09 視障1
* ST10 視障2
* ST11 光象1
* ST12 光象2
* TB01 黑球溫度(℃)
* TD01 平均露點溫度(℃)
* TD02 最高露點溫度(℃)
* TD03 最高露點溫度時間
* TD04 最低露點溫度(℃)
* TD05 最低露點溫度時間
* TG01 最低草溫(℃)
* TS01 地表溫度0cm(℃)
* TS02 地中溫度5cm(℃)
* TS03 地中溫度10cm(℃)
* TS04 地中溫度20cm(℃)
* TS05 地中溫度30cm(℃)
* TS06 地中溫度50cm(℃)
* TS07 地中溫度100cm(℃)
* TS08 地中溫度200cm(℃)
* TS09 地中溫度300cm(℃)
* TS10 地中溫度500cm(℃)
* TW01 平均溼球溫度(℃)
* TX01 平均氣溫(℃)
* TX02 絕對最高氣溫(℃)
* TX03 絕對最高氣溫時間
* TX04 絕對最低氣溫(℃)
* TX05 絕對最低氣溫時間
* TX10 氣溫日較差(℃)
* VP01 平均水氣壓(hPa)
* VP02 最大水氣壓(hPa)
* VP03 最大水氣壓時間
* VP04 最小水氣壓(hPa)
* VP05 最小水氣壓時間
* VS01 平均能見度(km)
* WD01 平均風風速(m/s)
* WD02 平均風風向(360 degree)
* WD03 平均風程(m/s)
* WD04 最大平均風風速(m/s)
* WD05 最大平均風風向(360 degree)
* WD06 最大平均風時間
* WD07 最大瞬間風風速(m/s)
* WD08 最大瞬間風風向(360 degree)
* WD09 最大瞬間風時間
* UV01 紫外線指數
********************************************************************************
* 特殊值:
* -999.1:儀器故障待修
* -9.6/-999.6:資料累計於後
* -9.5/-99.5/-999.5/-999.5/-9999.5/-9995:因故障而無資料
* -9.7/-99.7/-999.7/-999.7/-9999.7/-9997:因不明原因而無資料
* -9.8:雨跡(Trace)
* None:未觀測而無資料
********************************************************************************
# stno yyyymmdd     PS01     PS02     PS03     PS04     PS05     PS06     TX01     TX02     TX03     TX04     TX05     TD01     RH01     RH04     RH05     WD01     WD02     WD07     WD08     WD09     PP01     PP02     PP03     PP04     PP05     PP06     SS01     SS02     GR01     VS01     EP05     UV01     UV03     CD11     TS01     TS02     TS03     TS04     TS05     TS06     TS07
467410 20120101   1017.7   1020.9   1020.0   085800   1014.9   144400     17.2     22.8   140400     14.4   235200     12.3       73       58   140400      4.1     10.0     11.8     20.0   154800      0.0      0.0      0.0     None      0.0     None      6.9     64.4    14.63      3.6     None     4.86   120000      5.1     None     None     None     None     None     None     None
467410 20120102   1017.3   1020.5   1019.5   090900   1015.7   154900     16.1     19.6   152700     13.6   074100     11.8       76       61   145600      2.9     10.0      8.2     10.0   051500      0.0      0.0      0.0     None      0.0     None      0.0      0.0     5.36      2.6     None     2.61   140000      9.1     None     None     None     None     None     None     None
467410 20120103   1016.8   1020.0   1018.6   082300   1014.4   151300     17.5     22.9   122200     14.0   062400     12.9       75       56   120600      3.1     10.0      9.9     10.0   135800      0.0      0.0      0.0     None      0.0     None      9.0     84.0    15.06      2.1     None     4.89   130000      2.3     None     None     None     None     None     None     None
467410 20120104   1019.5   1022.7   1021.8   092800   1017.4   144100     14.1     18.1   135500     11.3   221400      9.3       73       60   135500      5.5     10.0     14.8     10.0   050500      0.0      0.0      0.0     None      0.0     None      4.9     45.7    13.50      4.8     None     4.57   130000      7.0     None     None     None     None     None     None     None
467410 20120105   1019.2   1022.5   1021.9   091100   1017.1   154800     12.8     13.9   144400     11.2   035200     10.1       84       73   000100      3.4     10.0      9.6     20.0   031600      1.5      2.2      0.4   204000      1.0   200100      0.0      0.0     3.81      2.4     None     1.67   120000     10.0     None     None     None     None     None     None     None
467410 20120106   1018.3   1021.6   1019.8   220800   1017.1   140800     16.2     19.6   111600     13.4   000100     13.5       85       74   111600      4.4     10.0     12.5     10.0   161400      0.0      0.0      0.0     None      0.0     None      2.5     23.3    11.00      3.9     None     4.34   120000      9.3     None     None     None     None     None     None     None
467410 20120107   1019.7   1022.9   1021.3   093300   1018.3   035300     17.3     21.9   143600     15.2   011800     14.0       82       64   143500      3.7     10.0     10.9     10.0   032100      0.0      0.0      0.0     None      0.0     None      4.8     44.7    12.18      5.3     None     4.39   130000      8.0     None     None     None     None     None     None     None
467410 20120108   1019.2   1022.4   1021.3   093500   1016.8   144300     18.4     23.3   135600     15.5   071400     14.7       80       62   130500      4.1     10.0     12.3     20.0   200100      0.0      0.0      0.0     None      0.0     None      7.9     73.5    15.34      4.1     None     4.90   120000      6.0     None     None     None     None     None     None     None
467410 20120109   1017.9   1021.1   1019.4   095500   1015.8   145400     18.5     24.0   144600     15.8   233800     14.6       79       59   132300      4.2     10.0     12.4     30.0   091100      0.0      0.0      0.0     None      0.0     None      7.7     71.5    15.14      4.8     None     5.55   120000      4.0     None     None     None     None     None     None     None
467410 20120110   1017.6   1020.8   1019.1   091400   1015.3   145700     18.3     24.7   140500     14.8   063700     14.1       77       57   140200      4.1     10.0      8.9     10.0   200100      0.0      0.0      0.0     None      0.0     None      4.7     43.6    13.45      3.0     None     5.17   120000      5.4     None     None     None     None     None     None     None
467410 20120111   1019.3   1022.5   1020.8   205200   1017.3   150200     17.5     20.9   120300     15.2   232600     12.0       71       59   115100      5.0     10.0     11.9    350.0   162300      0.0      0.0      0.0     None      0.0     None      0.0      0.0     8.20      3.1     None     3.65   120000      9.5     None     None     None     None     None     None     None
467410 20120112   1018.8   1022.0   1021.3   090100   1016.5   145200     17.3     21.1   141100     14.8   024900     12.5       74       62   134100      3.0     10.0      7.9    360.0   181900      0.0      0.0      0.0     None      0.0     None      0.0      0.0     7.35      2.9     None     3.57   130000      9.8     None     None     None     None     None     None     None
467410 20120113   1016.7   1019.9   1019.1   095900   1014.8   150600     18.2     20.5   135100     16.7   041200     15.6       85       75   135000      3.6     10.0     11.2     10.0   100400     -9.8      1.2     -9.8   165000     -9.8   165000      0.0      0.0     4.83      1.9     None     2.88   130000      9.9     None     None     None     None     None     None     None
467410 20120114   1012.7   1015.8   1014.9   000900   1010.4   150400     19.6     24.4   125500     17.2   044900     17.0       85       67   124100      2.0    350.0      6.8     20.0   192100      0.0      0.0      0.0     None      0.0     None      0.5      4.6     9.67      2.8     None     4.39   130000      9.4     None     None     None     None     None     None     None
467410 20120115   1007.9   1011.0   1010.9   000100   1005.0   150800     21.1     27.2   130300     17.3   070000     17.6       81       65   124100      2.5     20.0     10.8    340.0   235959      0.0      0.0      0.0     None      0.0     None      3.8     35.1    12.99      2.2     None     5.07   130000      9.4     None     None     None     None     None     None     None
467410 20120116   1009.7   1012.9   1011.2   084600   1007.4   133900     17.2     20.3   141300     14.7   235500     13.7       80       65   083900      5.0     10.0     16.1     10.0   022000      0.5      0.3      0.5   120800      0.5   120800      0.0      0.0     2.12     12.3     None     2.01   130000      9.4     None     None     None     None     None     None     None
467410 20120117   1011.9   1015.1   1013.9   093300   1010.6   024800     16.8     21.1   122400     13.8   040200     13.1       79       63   122300      4.2    360.0     10.7    360.0   140200      0.0      0.0      0.0     None      0.0     None      7.4     68.2    15.25      6.5     None     5.37   120000      4.1     None     None     None     None     None     None     None
467410 20120118   1011.8   1014.9   1014.0   092700   1009.7   143100     19.3     25.0   135700     16.1   005600     15.1       77       56   131100      2.4     20.0      8.4     20.0   114200     -9.8      0.7     -9.8   074800     -9.8   074800      3.2     29.5    11.38      3.4     None     5.03   120000      6.8     None     None     None     None     None     None     None
467410 20120119   1011.7   1014.9   1013.6   085400   1009.9   141100     19.5     26.4   130600     15.8   061600     15.6       79       55   131400      3.8     10.0     11.0    320.0   143500      0.0      0.0      0.0     None      0.0     None      8.8     81.0    18.19      3.0     None     5.65   130000      2.1     None     None     None     None     None     None     None
467410 20120120   1012.5   1015.7   1014.9   095500   1010.7   155100     18.4     23.1   154500     16.0   064000     15.1       82       64   153200      3.2     20.0      9.7    340.0   130400      0.0      0.0      0.0     None      0.0     None      6.3     57.9    14.30      1.3     None     4.91   120000      4.5     None     None     None     None     None     None     None
467410 20120121   1012.3   1015.5   1014.5   095200   1010.7   175400     18.4     22.8   135100     16.2   035800     15.0       81       65   135100      3.1    360.0      9.9     20.0   212400      0.0      0.0      0.0     None      0.0     None      5.3     48.6    13.00      1.7     None     4.49   120000      7.1     None     None     None     None     None     None     None
467410 20120122   1013.4   1016.6   1015.4   235100   1011.5   142200     16.4     19.9   121600     13.0   235400     12.9       80       66   122700      5.0     10.0     12.1     10.0   205700      0.0      0.0      0.0     None      0.0     None      2.4     22.0    10.06      5.6     None     4.07   120000      9.0     None     None     None     None     None     None     None
467410 20120123   1015.5   1018.8   1017.1   083600   1013.7   155400     13.8     16.8   155100     11.7   065200     10.8       82       69   154200      4.7     10.0     13.1     10.0   032900      1.0      1.5      0.3   065000      0.5   065000      0.6      5.5     6.48      5.6     None     3.17   130000      9.4     None     None     None     None     None     None     None
467410 20120124   1014.2   1017.4   1016.6   093500   1011.4   150800     16.3     21.7   124600     12.9   065100     12.7       80       62   124600      4.0     10.0     12.5     20.0   235200      2.0      2.2      1.0   055600      1.5   053300      8.2     75.0    15.87      5.5     None     6.20   130000      5.5     None     None     None     None     None     None     None
467410 20120125   1015.6   1018.8   1017.5   234000   1013.2   034700     14.5     18.6   144100     12.4   082800     10.8       79       65   150200      4.7     10.0     12.3    360.0   001600      0.5      0.6      0.3   060200      0.5   060200      2.7     24.7    11.21      5.1     None     4.86   140000      9.4     None     None     None     None     None     None     None
467410 20120126   1016.8   1020.0   1019.1   085700   1014.7   142700     15.7     21.6   140300     11.7   055200     11.5       77       58   135400      3.4     20.0      9.6     10.0   190200      0.0      0.0      0.0     None      0.0     None      7.5     68.4    15.47      2.8     None     5.82   130000      4.8     None     None     None     None     None     None     None
467410 20120127   1014.2   1017.4   1016.3   074700   1012.1   150300     17.5     23.1   140500     13.9   021300     13.9       80       61   132800      3.6     20.0      8.0     20.0   030500      0.0      0.0      0.0     None      0.0     None      8.5     77.4    16.39      2.6     None     6.01   130000      3.5     None     None     None     None     None     None     None
467410 20120128   1012.8   1016.0   1015.2   091300   1010.6   162800     18.1     24.5   123500     14.4   065800     14.4       80       59   121700      4.2     10.0      9.7     10.0   195000      0.0      0.0      0.0     None      0.0     None      9.0     81.8    17.05      2.1     None     6.28   130000      1.1     None     None     None     None     None     None     None
467410 20120129   1014.1   1017.3   1016.1   092300   1012.4   151800     17.7     22.5   133800     15.7   000600     14.2       81       65   133700      5.0     10.0     11.3     10.0   142500      0.0      0.0      0.0     None      0.0     None      7.0     63.6    15.01      3.6     None     6.76   130000      3.4     None     None     None     None     None     None     None
467410 20120130   1015.7   1018.9   1017.2   212500   1013.9   150000     17.2     22.3   143000     14.9   044400     13.3       79       61   143000      5.2     10.0     12.8     20.0   224400      0.0      0.0      0.0     None      0.0     None      6.3     57.1    14.72      2.1     None     6.14   130000      5.5     None     None     None     None     None     None     None
467410 20120131   1016.7   1019.9   1018.7   085400   1014.4   144400     16.6     22.2   131900     13.6   234300     11.7       73       57   130500      5.3     10.0     13.2     10.0   045600      0.0      0.0      0.0     None      0.0     None      9.0     81.5    16.65      4.3     None     6.15   130000      3.3     None     None     None     None     None     None     None
467410 20120201   1016.7   1019.9   1018.7   090900   1014.5   145900     16.3     22.1   141600     12.9   033300     12.1       77       55   142800      4.2     10.0     10.0    340.0   221900      0.0      0.0      0.0     None      0.0     None      9.6     86.8    16.98      3.9     None     6.25   130000      1.5     None     None     None     None     None     None     None
467410 20120202   1017.2   1020.4   1018.9   092100   1015.5   155100     17.1     23.6   122500     13.7   234700     12.7       76       55   122200      4.6     10.0     13.6    340.0   134500      0.0      0.0      0.0     None      0.0     None      8.1     73.1    16.11      2.4     None     6.22   120000      4.1     None     None     None     None     None     None     None
467410 20120203   1018.4   1021.7   1020.1   092100   1016.8   154900     15.2     18.8   114300     13.3   045000     11.0       76       64   114000      4.3     10.0     11.2     10.0   000200      0.0      0.0      0.0     None      0.0     None      1.2     10.8     9.19      6.4     None     4.66   120000      7.0     None     None     None     None     None     None     None
467410 20120204   1016.5   1019.8   1018.9   085800   1013.5   154100     17.5     25.9   155900     12.6   042000     13.3       78       52   155800      3.5     10.0      9.9    360.0   175500      0.0      0.0      0.0     None      0.0     None      9.8     88.2    17.49      4.4     None     6.52   130000      1.6     None     None     None     None     None     None     None
467410 20120205   1014.3   1017.4   1016.8   082300   1011.7   151500     20.3     26.5   135400     15.3   022700     15.2       74       50   125000      3.0     10.0      8.4     10.0   041800      0.0      0.0      0.0     None      0.0     None      7.5     67.4    16.26      2.9     None     5.98   130000      7.1     None     None     None     None     None     None     None
467410 20120206   1009.3   1012.4   1012.1   000100   1006.6   154800     24.0     28.9   112700     19.9   020600     19.3       75       60   112600      3.6    180.0     15.9    180.0   122400      0.0      0.0      0.0     None      0.0     None      4.7     42.2    12.91      4.9     None     6.38   130000      5.9     None     None     None     None     None     None     None
467410 20120207   1011.1   1014.3   1015.3   232500   1008.2   044200     17.9     23.6   084200     12.1   235959     14.9       82       74   154100      4.2     10.0     16.1    360.0   084700     11.0      1.1      5.0   052600      8.0   051000      1.0      9.0     7.79      4.3     None     3.23   140000      7.8     None     None     None     None     None     None     None
467410 20120208   1017.0   1020.3   1019.1   220900   1014.6   031500     11.4     12.5   005800     10.8   215300      9.8       90       76   005700      5.3     10.0     12.6     10.0   152300      3.5      6.4      1.0   065300      1.5   064000      0.0      0.0     1.96      3.4     None     1.46   110000      9.6     None     None     None     None     None     None     None
467410 20120209   1017.0   1020.2   1018.7   085700   1015.1   151900     14.4     19.9   151900     10.7   000400     10.6       79       61   135800      3.1     10.0      8.9     20.0   015300      0.0      0.0      0.0     None      0.0     None      4.9     43.7    14.38      3.9     None     5.87   130000      5.9     None     None     None     None     None     None     None
467410 20120210   1016.5   1019.8   1018.5   093300   1014.6   153900     16.2     21.9   131800     13.2   021900     13.2       83       65   124000      4.7     10.0     11.0     10.0   200000      0.0      0.0      0.0     None      0.0     None      6.8     60.6    15.40      2.0     None     6.41   130000      6.0     None     None     None     None     None     None     None
467410 20120211   1017.5   1020.7   1019.0   100500   1015.6   151600     16.2     20.0   130500     14.1   010900     13.4       84       69   135800      4.3     10.0     10.2     10.0   212800      0.0      0.0      0.0     None      0.0     None      5.6     49.8    14.74      1.9     None     6.99   130000      7.9     None     None     None     None     None     None     None
467410 20120212   1017.4   1020.6   1019.1   092800   1015.6   160500     16.6     20.9   125500     15.0   012000     14.0       85       70   125400      3.0     10.0      8.1     10.0   012600      0.0      0.0      0.0     None      0.0     None      2.6     23.1    12.18      1.5     None     7.06   130000      9.5     None     None     None     None     None     None     None
467410 20120213   1015.4   1018.6   1017.6   074800   1012.6   150500     20.5     27.1   154600     14.6   044200     15.1       73       50   161700      3.1     20.0     15.2     30.0   115600      0.0      0.0      0.0     None      0.0     None      6.5     57.6    15.59      3.3     None     5.67   120000      8.0     None     None     None     None     None     None     None
467410 20120214   1012.7   1015.9   1015.0   000100   1010.3   145300     22.7     28.9   140100     19.3   051900     17.2       72       52   141800      2.0     10.0      7.4     10.0   092500      0.0      0.0      0.0     None      0.0     None      9.7     85.9    18.13      2.5     None     6.82   130000      2.3     None     None     None     None     None     None     None
467410 20120215   1010.5   1013.6   1012.7   091900   1007.5   152300     21.0     26.6   115300     17.4   235600     16.6       77       60   142700      3.5     10.0      8.8    360.0   131800      0.0      0.0      0.0     None      0.0     None      5.5     48.6    14.88      2.8     None     2.87   150000      6.8     None     None     None     None     None     None     None
467410 20120216   1012.3   1015.5   1014.2   092200   1010.3   152600     17.3     22.1   131900     15.1   212100     13.6       80       66   131800      4.7     10.0     12.0    360.0   190400     -9.8      0.7     -9.8   073900     -9.8   073900      2.7     23.8    12.17      2.8     None     5.67   130000      8.1     None     None     None     None     None     None     None
467410 20120217   1015.5   1018.7   1017.9   220100   1013.7   041700     15.1     18.5   161700     12.7   235500     11.5       79       67   161700      5.5     10.0     13.4     10.0   221100      0.0      0.0      0.0     None      0.0     None      3.4     29.9    11.46      2.6     None     5.17   140000      7.9     None     None     None     None     None     None     None
467410 20120218   1017.7   1021.0   1019.5   091400   1015.3   140100     14.7     21.1   143700     12.0   053500      9.5       71       56   143700      5.5     10.0     13.8    360.0   003800      0.0      0.0      0.0     None      0.0     None      8.4     73.8    19.00      3.4     None     6.88   130000      4.4     None     None     None     None     None     None     None
467410 20120219   1018.1   1021.4   1020.1   085500   1015.8   150200     14.6     18.3   130200     12.1   062100      9.9       74       60   125900      4.4     10.0     10.4     20.0   080800      0.0      0.0      0.0     None      0.0     None      0.7      6.1     9.91      3.9     None     5.44   120000      9.0     None     None     None     None     None     None     None
467410 20120220   1016.1   1019.3   1018.6   094000   1014.1   155200     16.0     20.0   153700     13.4   043500     12.2       78       64   152000      2.6     10.0      7.7    360.0   012900     -9.8      0.5     -9.8   233800     -9.8   233800      0.0      0.0     6.73      2.7     None     3.12   130000      9.5     None     None     None     None     None     None     None
467410 20120221   1012.3   1015.5   1015.0   002500   1010.2   150900     17.5     20.7   122900     14.5   023100     15.9       90       75   123400      1.6     10.0      6.7     20.0   020900      2.5      3.8      1.0   052400      1.0   052400      0.0      0.0     7.30      1.0     None     4.07   120000     10.0     None     None     None     None     None     None     None
467410 20120222   1008.9   1012.0   1011.3   000400   1005.5   152000     22.0     26.8   123700     17.8   000100     18.9       83       68   111100      1.4     20.0      6.7    190.0   130500      1.0      1.5      0.5   061000      0.5   061000      4.4     38.4    14.43      1.4     None     7.30   130000      7.6     None     None     None     None     None     None     None
467410 20120223   1007.5   1010.6   1008.8   095300   1005.9   145800     24.7     28.7   132400     21.4   063800     21.1       81       66   131900      1.6    340.0      6.3    310.0   134300      0.0      0.0      0.0     None      0.0     None      3.8     33.1    14.49      5.7     None     6.82   130000      8.6     None     None     None     None     None     None     None
467410 20120224   1008.1   1011.3   1009.7   090400   1006.4   181900     21.5     25.4   140700     18.3   065300     18.5       84       67   140700      3.3     20.0      9.9    310.0   235400     14.0      2.1      4.0   230900     10.5   222300      3.4     29.6    14.03      2.4     None     6.47   130000      8.9     None     None     None     None     None     None     None
467410 20120225   1008.9   1012.1   1010.7   230000   1007.2   034900     19.4     25.6   130000     15.0   234200     16.4       83       69   125900      3.9    360.0     10.9     10.0   160100      5.0      0.4      4.5   001200      5.0   000100      3.9     33.8    14.34      2.5     None     6.38   130000      8.6     None     None     None     None     None     None     None
467410 20120226   1012.4   1015.6   1014.9   230100   1010.3   001300     15.1     19.1   124200     12.9   234100     11.6       80       68   123800      5.5     10.0     13.0    350.0   200400      0.0      0.0      0.0     None      0.0     None      1.6     13.9    10.71      5.5     None     6.85   130000      9.6     None     None     None     None     None     None     None
467410 20120227   1013.2   1016.4   1016.2   084600   1010.8   171500     14.7     17.8   133700     12.7   020600     11.5       81       71   133700      4.3     10.0     11.7     20.0   033700      0.0      0.0      0.0     None      0.0     None      1.4     12.1    11.65      2.8     None     5.28   140000      7.5     None     None     None     None     None     None     None
467410 20120228   1010.6   1013.8   1013.3   104400   1008.3   164900     14.7     19.2   170900     12.4   230500     12.8       89       77   085700      4.6     10.0     17.0     20.0   103900      3.0      3.8      0.5   142000      1.5   140000      1.0      8.6     2.41      5.2     None     0.66   100000      9.1     None     None     None     None     None     None     None
467410 20120229   1011.9   1015.1   1013.3   090200   1010.1   150900     17.0     23.5   124600     12.5   000100     13.7       81       64   124500      3.5     10.0      8.2     10.0   025200      0.0      0.0      0.0     None      0.0     None      6.8     58.6    17.28      2.1     None     5.89   120000      4.5     None     None     None     None     None     None     None
467410 20120301   1011.9   1015.1   1014.3   085600   1010.0   170200     20.3     28.6   132800     14.3   055100     16.6       80       59   125600      2.7     20.0      8.3     10.0   052300      0.0      0.0      0.0     None      0.0     None      8.0     68.9    19.69      2.6     None     7.45   130000      3.3     None     None     None     None     None     None     None
467410 20120302   1010.7   1013.9   1012.6   085600   1008.6   153600     22.5     29.1   134000     17.7   032200     18.1       77       60   134000      3.2     10.0      8.3    360.0   110600      0.0      0.0      0.0     None      0.0     None      6.2     53.3    18.03      2.7     None     7.15   130000      4.1     None     None     None     None     None     None     None
467410 20120303   1011.8   1015.0   1013.5   092500   1010.1   150200     19.8     26.6   144700     16.6   234800     16.2       80       63   143100      3.9     10.0     10.1     10.0   185400      0.0      0.0      0.0     None      0.0     None      2.9     24.9    15.00      1.4     None     6.55   130000      9.0     None     None     None     None     None     None     None
467410 20120304   1010.9   1014.1   1012.8   081500   1008.6   162200     21.9     28.4   145400     16.2   062600     17.5       77       60   145300      2.2     20.0      7.5    340.0   113300      0.0      0.0      0.0     None      0.0     None      9.6     82.2    20.80      2.3     None     7.70   130000      1.5     None     None     None     None     None     None     None
467410 20120305   1007.8   1010.9   1010.1   000100   1005.9   145000     25.5     30.8   125500     20.4   015800     20.0       73       51   131100      3.9    190.0     18.1    180.0   105500      0.0      0.0      0.0     None      0.0     None     10.9     93.2    22.22      7.9     None     8.28   130000      1.1     None     None     None     None     None     None     None
467410 20120306   1008.1   1011.2   1010.2   091400   1005.9   161200     25.0     29.6   131800     19.8   234800     20.2       75       58   131800      2.1     10.0      9.7     10.0   232600      0.0      0.0      0.0     None      0.0     None     10.7     91.3    20.91      7.0     None     7.71   130000      2.1     None     None     None     None     None     None     None
467410 20120307   1007.5   1010.6   1008.8   101400   1005.7   171700     22.0     29.6   132800     17.9   234300     17.3       76       48   152200      4.3     10.0     11.3     10.0   195700      0.0      0.0      0.0     None      0.0     None      9.9     84.3    21.22      2.8     None     8.50   130000      2.8     None     None     None     None     None     None     None
467410 20120308   1008.3   1011.5   1010.3   093700   1006.4   160300     20.8     27.0   140800     16.8   062400     16.1       75       57   150700      3.5    360.0     10.1     30.0   063200      0.0      0.0      0.0     None      0.0     None      7.4     62.9    19.05      1.6     None     8.00   130000      5.1     None     None     None     None     None     None     None
467410 20120309   1010.7   1013.9   1012.9   225300   1008.8   150700     16.7     18.6   002700     14.3   234800     13.1       79       74   131000      5.2     10.0     13.6     10.0   063300      0.0      0.0      0.0     None      0.0     None      0.3      2.5     7.32      4.3     None     4.24   130000      9.4     None     None     None     None     None     None     None
467410 20120310   1013.8   1017.0   1015.7   223700   1012.3   025000     15.6     21.7   131700     13.0   070300     11.2       75       58   131700      4.9     10.0     11.6     10.0   043700      0.0      0.0      0.0     None      0.0     None      2.3     19.5    12.38      3.6     None     8.06   130000      9.6     None     None     None     None     None     None     None
467410 20120311   1015.6   1018.8   1017.5   213200   1014.2   004500     14.9     17.2   132000     13.0   235959     11.3       79       71   114300      4.7     10.0     12.3     40.0   104900      0.5      0.2      0.5   215400      0.5   215400      0.1      0.8     7.57      4.2     None     4.63   120000      9.5     None     None     None     None     None     None     None
467410 20120312   1017.2   1020.5   1019.0   093500   1015.8   150600     14.7     17.1   134500     12.9   001300     13.1       90       81   171900      3.3     10.0      9.0    360.0   061600      6.0      3.6      1.5   081800      2.5   080500      0.0      0.0     3.27      1.3     None     1.94   110000      9.9     None     None     None     None     None     None     None
467410 20120313   1017.2   1020.5   1019.3   095000   1014.8   154700     17.0     22.9   145200     13.9   060900     13.3       80       64   134300      4.4     10.0     11.7     30.0   055500      0.0      0.0      0.0     None      0.0     None      6.6     55.6    18.58      2.3     None     8.24   120000      7.5     None     None     None     None     None     None     None
467410 20120314   1015.5   1018.6   1017.2   085500   1013.5   165300     18.5     23.2   154500     14.6   031700     14.7       79       64   133500      4.1     10.0     10.9     20.0   165700      0.0      0.0      0.0     None      0.0     None      4.9     41.2    17.67      2.6     None     7.96   130000      5.1     None     None     None     None     None     None     None
467410 20120315   1014.1   1017.3   1016.4   084500   1011.6   144100     19.3     26.2   135100     15.4   051100     15.9       82       61   132900      3.2     10.0      8.0    360.0   021400      0.0      0.0      0.0     None      0.0     None      8.3     69.6    19.75      1.8     None     8.03   130000      4.0     None     None     None     None     None     None     None
467410 20120316   1011.1   1014.3   1013.8   000100   1009.4   152400     24.6     30.7   113500     17.0   001400     19.9       76       53   113300      2.0    210.0      8.2    200.0   155100      0.0      0.0      0.0     None      0.0     None      8.7     72.8    20.27      3.3     None     7.50   130000      2.9     None     None     None     None     None     None     None
467410 20120317   1010.1   1013.2   1011.7   213900   1008.3   145500     26.6     30.7   121700     23.8   061400     22.5       78       62   110100      3.4    210.0     12.9    200.0   122500      0.0      0.0      0.0     None      0.0     None      8.3     69.4    20.18      6.6     None     9.08   120000      2.6     None     None     None     None     None     None     None
467410 20120318   1010.9   1014.0   1012.5   100200   1009.1   163100     26.5     30.1   135400     24.0   060100     22.3       78       65   105600      2.3     10.0      7.7    260.0   120000      0.0      0.0      0.0     None      0.0     None      8.6     71.7    20.38      6.6     None     8.28   120000      3.3     None     None     None     None     None     None     None
467410 20120319   1011.7   1014.8   1013.9   083200   1010.1   143100     24.0     29.7   120000     21.5   215500     19.5       76       61   115900      3.7     10.0     11.3     10.0   175000      0.0      0.0      0.0     None      0.0     None      2.8     23.3    15.42      2.6     None     7.52   120000      9.0     None     None     None     None     None     None     None
467410 20120320   1011.3   1014.4   1013.4   094000   1009.3   154700     23.4     29.4   133700     20.1   063300     18.6       75       58   130500      4.3     10.0     10.9    360.0   185400      0.0      0.0      0.0     None      0.0     None      6.7     55.7    18.77      2.2     None     8.56   120000      7.4     None     None     None     None     None     None     None
467410 20120321   1012.7   1015.9   1014.9   092900   1010.6   155800     20.7     26.6   161100     17.6   073500     15.7       74       57   153900      4.3     10.0     12.3     10.0   003500      0.0      0.0      0.0     None      0.0     None      2.7     22.4    11.88      3.0     None     5.85   140000      7.5     None     None     None     None     None     None     None
467410 20120322   1012.1   1015.2   1014.7   075500   1009.6   152600     23.0     27.8   122700     19.1   062800     18.3       76       59   120300      3.1     20.0      9.4     20.0   083800      0.0      0.0      0.0     None      0.0     None      7.7     63.7    21.21      3.1     None     8.33   130000      3.0     None     None     None     None     None     None     None
467410 20120323   1010.3   1013.3   1012.8   235959   1007.6   144900     25.7     32.2   111000     19.7   235700     19.9       72       49   110900      3.5     10.0     15.5    340.0   235700      0.0      0.0      0.0     None      0.0     None     10.2     84.3    22.83      3.8     None     8.98   130000      2.9     None     None     None     None     None     None     None
467410 20120324   1014.5   1017.7   1016.1   212500   1012.4   030300     15.5     19.7   000100     13.9   125100      9.0       65       51   071300      5.6     10.0     20.4    360.0   030200      0.0      0.0      0.0     None      0.0     None      0.0      0.0     3.16      5.5     None     1.86   110000      9.3     None     None     None     None     None     None     None
467410 20120325   1015.7   1018.9   1017.4   090300   1013.9   153600     19.6     24.7   135500     14.3   034600     11.9       62       48   135500      1.8     20.0      7.1    300.0   144700      0.0      0.0      0.0     None      0.0     None      7.2     59.3    19.59      5.0     None     7.06   130000      4.6     None     None     None     None     None     None     None
467410 20120326   1017.1   1020.3   1018.6   083500   1015.1   143700     21.5     26.0   121000     17.1   041300     13.2       60       47   100800      1.8     20.0      7.6    270.0   130200      0.0      0.0      0.0     None      0.0     None     10.0     82.1    22.54      7.3     None     7.82   130000      0.8     None     None     None     None     None     None     None
467410 20120327   1018.2   1021.4   1020.1   091800   1016.5   153900     22.9     27.5   121300     18.5   045700     14.2       59       46   134100      1.9    100.0      8.4    290.0   133300      0.0      0.0      0.0     None      0.0     None      9.8     80.4    21.45      9.6     None     7.29   130000      1.0     None     None     None     None     None     None     None
467410 20120328   1017.3   1020.4   1019.4   092500   1015.0   154800     23.4     28.2   133300     20.0   043600     15.8       63       52   091700      1.9    320.0      8.4    300.0   143900      0.0      0.0      0.0     None      0.0     None      7.3     59.7    18.99      4.8     None     6.07   130000      2.1     None     None     None     None     None     None     None
467410 20120329   1015.7   1018.9   1018.3   094300   1013.5   152500     23.7     27.8   132000     20.7   024400     16.3       63       51   112600      2.3    340.0      9.9     10.0   124800      0.0      0.0      0.0     None      0.0     None      6.9     55.5    18.51      4.6     None     5.77   120000      3.0     None     None     None     None     None     None     None
467410 20120330   1013.4   1016.5   1015.2   000100   1010.6   152700     24.4     28.8   135300     20.4   052500     16.4       62       45   122000      1.8     10.0      6.7    230.0   120900      0.0      0.0      0.0     None      0.0     None      9.4     76.6    20.83      4.0     None     6.93   130000      1.6     None     None     None     None     None     None     None
467410 20120331   1014.5   1017.7   1017.2   215700   1012.7   030400     23.2     27.3   132300     19.7   234200     15.2       61       48   144000      4.4     10.0     14.1    350.0   081200      0.0      0.0      0.0     None      0.0     None      7.2     58.6    20.28      5.0     None     6.95   120000      6.1     None     None     None     None     None     None     None
467410 20120401   1015.7   1018.9   1017.1   093100   1014.5   154400     23.1     27.0   144100     19.0   012100     15.0       60       48   150500      1.8     10.0      9.2    200.0   105600      0.0      0.0      0.0     None      0.0     None      5.9     47.9    19.03      8.4     None     7.23   120000      5.1     None     None     None     None     None     None     None
467410 20120402   1013.6   1016.8   1015.9   000100   1011.5   151100     25.1     29.4   124200     21.2   034300     18.7       68       54   123100      1.2    310.0      8.0    310.0   125400      0.0      0.0      0.0     None      0.0     None      2.4     19.5    14.69      3.4     None     5.66   130000      8.9     None     None     None     None     None     None     None
467410 20120403   1014.0   1017.1   1015.5   090600   1011.4   153000     26.3     30.2   124200     23.7   044200     20.3       70       55   114900      3.2     10.0     12.1    350.0   140500      0.0      0.0      0.0     None      0.0     None      7.1     57.5    18.90      4.0     None     5.82   120000      6.1     None     None     None     None     None     None     None
467410 20120404   1014.0   1017.1   1016.3   101400   1011.8   154500     24.1     27.9   140200     21.5   052900     17.6       67       54   155000      1.8    360.0      6.7     20.0   044000      0.0      0.0      0.0     None      0.0     None      2.8     22.6    14.81      3.6     None     4.89   130000      4.6     None     None     None     None     None     None     None
467410 20120405   1011.6   1014.7   1013.7   000100   1009.2   161200     24.8     28.4   133400     22.6   052200     19.4       72       63   100700      2.3    360.0      9.2    350.0   184500      0.0      0.0      0.0     None      0.0     None      3.1     25.0    15.50      3.3     None     5.31   120000      9.0     None     None     None     None     None     None     None
467410 20120406   1012.8   1015.9   1015.1   230400   1011.1   040100     22.8     25.2   133400     21.2   235900     18.2       76       66   153500      2.0     10.0      7.7     20.0   051100     -9.8      0.6     -9.8   102100     -9.8   102100      0.0      0.0     3.32      5.0     None     2.20   130000      8.9     None     None     None     None     None     None     None
467410 20120407   1014.3   1017.4   1015.8   095600   1012.4   042000     23.3     25.9   121100     21.1   003200     18.6       75       67   123100      1.1    140.0      5.0    350.0   000200      0.0      0.0      0.0     None      0.0     None      0.0      0.0     5.71      2.7     None     2.74   120000      9.8     None     None     None     None     None     None     None
467410 20120408   1014.1   1017.2   1015.3   091600   1012.6   154700     24.7     28.6   104500     21.9   020500     19.1       71       57   113500      2.0    350.0      9.3    330.0   123700      0.0      0.0      0.0     None      0.0     None      5.0     40.1    19.76      6.3     None     7.83   120000      6.9     None     None     None     None     None     None     None
467410 20120409   1013.2   1016.3   1014.5   083000   1011.7   150400     25.3     29.5   114700     22.3   055300     19.4       71       54   114700      2.1     20.0      7.5    320.0   121200      0.0      0.0      0.0     None      0.0     None      0.4      3.2    12.58      2.8     None     4.62   110000      9.8     None     None     None     None     None     None     None
467410 20120410   1011.8   1014.9   1014.1   080800   1009.3   160000     26.9     31.7   105800     23.7   054600     21.2       72       54   105800      3.1    190.0     12.4    210.0   160200      0.0      0.0      0.0     None      0.0     None     10.5     83.9    22.56      6.4     None     7.43   120000      5.3     None     None     None     None     None     None     None
467410 20120411   1009.4   1012.5   1011.0   064900   1006.8   160300     27.3     31.9   122800     24.6   045900     22.4       75       56   121500      2.7    250.0      9.6    180.0   003900      0.0      0.0      0.0     None      0.0     None      9.6     76.6    24.84     15.4     None     9.44   120000      3.4     None     None     None     None     None     None     None
467410 20120412   1008.6   1011.7   1009.8   082300   1006.9   163300     27.1     30.7   124300     25.0   052700     22.6       77       63   123900      1.9     10.0      8.3    240.0   140300      0.0      0.0      0.0     None      0.0     None      8.3     66.1    22.15      4.5     None     8.44   130000      4.9     None     None     None     None     None     None     None
467410 20120413   1009.3   1012.4   1010.6   215100   1007.6   023100     27.8     32.1   122300     24.7   053200     22.2       72       56   122300      2.0    130.0      8.2    320.0   133700      0.0      0.0      0.0     None      0.0     None     10.2     81.1    23.70      8.1     None     9.40   130000      3.0     None     None     None     None     None     None     None
467410 20120414   1009.8   1012.8   1011.6   075400   1008.3   145800     27.8     33.4   122800     25.0   052700     21.4       69       50   122800      1.9     20.0      8.6    310.0   142400      0.0      0.0      0.0     None      0.0     None     11.4     90.5    24.91     13.9     None     9.06   130000      1.1     None     None     None     None     None     None     None
467410 20120415   1008.1   1011.2   1010.2   085900   1005.5   171300     27.8     32.8   140300     24.9   033100     21.7       70       49   140300      1.9    260.0      7.8    310.0   123700      0.0      0.0      0.0     None      0.0     None     10.6     84.0    23.64     12.4     None     8.91   130000      3.5     None     None     None     None     None     None     None
467410 20120416   1007.4   1010.5   1008.7   084300   1005.6   164100     26.5     31.1   092600     23.0   231500     21.7       75       60   092200      2.3    360.0      8.9    350.0   172400      0.0      0.0      0.0     None      0.0     None      3.5     27.7    13.80      8.1     None     3.98   100000      5.3     None     None     None     None     None     None     None
467410 20120417   1008.2   1011.3   1009.6   083900   1006.1   034000     22.9     25.0   122000     21.8   162800     19.5       81       68   120100      1.9     10.0      6.9    360.0   040800      6.5      2.3      2.5   161400      3.0   131000      0.0      0.0     3.56      1.7     None     1.86   110000      9.5     None     None     None     None     None     None     None
467410 20120418   1007.7   1010.8   1009.5   221200   1006.1   142800     25.7     30.2   122700     22.4   002300     21.0       76       58   122700      1.7     20.0      8.2    270.0   125200      0.5      0.4      0.5   221500      0.5   220100      5.2     41.0    19.27      2.5     None     6.14   140000      7.5     None     None     None     None     None     None     None
467410 20120419   1007.9   1011.0   1009.7   100800   1006.4   154600     26.5     31.2   133900     23.5   044100     21.9       77       59   133900      1.6     20.0      7.3    300.0   151900      0.0      0.0      0.0     None      0.0     None      2.2     17.3    14.91      3.8     None     6.44   130000      6.1     None     None     None     None     None     None     None
467410 20120420   1007.4   1010.5   1008.9   221300   1005.5   155800     26.9     30.9   103300     23.3   224800     22.2       76       60   095800      1.8    240.0     11.2    230.0   221100      2.0      0.2      2.0   221300      2.0   221300      2.4     18.9    15.63      4.1     None     5.56   110000      6.4     None     None     None     None     None     None     None
467410 20120421   1006.2   1009.3   1008.2   215100   1005.0   145200     26.7     30.1   112100     23.6   070900     22.1       76       63   105200      2.3    170.0      8.1    120.0   073100      8.0      0.2      7.0   060600      8.0   060600      3.2     25.1    15.13      7.1     None     5.88   130000      7.3     None     None     None     None     None     None     None
467410 20120422   1008.2   1011.3   1009.7   221400   1006.7   042100     26.7     29.7   134100     24.5   051100     21.6       74       64   134100      1.3    190.0      5.0    190.0   024300      0.0      0.0      0.0     None      0.0     None      0.3      2.3     9.48      8.0     None     4.42   140000      8.6     None     None     None     None     None     None     None
467410 20120423   1008.4   1011.5   1010.3   092300   1006.2   155000     28.3     32.3   125000     24.9   054800     21.7       68       49   111400      2.1    210.0      9.0    200.0   132800      0.0      0.0      0.0     None      0.0     None      8.8     68.8    23.08      8.1     None     8.49   130000      6.6     None     None     None     None     None     None     None
467410 20120424   1006.9   1010.0   1008.1   080300   1005.1   143300     29.3     32.7   114000     26.5   052400     22.8       68       56   154800      4.2    190.0     15.8    180.0   103500      0.0      0.0      0.0     None      0.0     None     11.0     85.9    25.38     12.3     None     9.72   130000      4.4     None     None     None     None     None     None     None
467410 20120425   1006.9   1010.0   1009.1   223900   1005.1   152700     28.3     32.7   114400     25.6   150900     23.3       75       58   120700      2.8    160.0     13.2    190.0   150000      4.5      1.3      2.5   154000      4.5   145000      6.8     53.0    20.21     11.0     None    12.10   120000      6.4     None     None     None     None     None     None     None
467410 20120426   1007.8   1010.9   1009.5   232000   1006.3   155200     26.6     31.6   120600     23.6   210700     22.3       78    -9995     None      2.0     10.0    -99.5   -999.5     None     13.0      1.2      8.0   080600      8.5   080600      2.1     16.3    13.25      9.5     None     9.39   120000      7.4     None     None     None     None     None     None     None
467410 20120427   1008.5   1011.6   1009.9   101200   1006.0   170500     25.1     28.7   100000     22.3   235500     20.6       77       51   170000      2.6     30.0     15.2     20.0   143400     13.0      4.2      3.5   112800      5.5   111000      1.6     12.4    12.88      6.3     None     5.98   110000      8.0     None     None     None     None     None     None     None
467410 20120428   1009.0   1012.1   1010.6   120100   1007.3   035300     24.9     27.2   110600     21.4   015400     21.7       83       72   165900      2.1    150.0      9.9     30.0   004300     17.5      4.8      3.0   000200      6.0   000200      0.1      0.8     7.99      9.1     None     5.01   140000      7.3     None     None     None     None     None     None     None
467410 20120429   1007.6   1010.7   1009.3   001000   1006.2   144600     28.1     32.3   121600     24.2   030800     23.1       75       60   121500      3.3    170.0     10.1    180.0   095200      0.0      0.0      0.0     None      0.0     None      9.2     71.3    26.33     12.5     None    12.11   120000      4.6     None     None     None     None     None     None     None
467410 20120430   1006.6   1009.7   1008.8   092500   1005.0   161200     26.6     30.3   162500     23.4   101400     23.6       84       67   162300      2.6    130.0      8.4    110.0   122200     76.5      6.7     10.0   105600     27.0   092200      2.7     20.9    11.13      9.0     None     9.99   130000      7.3     None     None     None     None     None     None     None
467410 20120501   1006.8   1009.9   1008.7   084700   1005.3   161800     28.8     32.5   123500     25.6   053100     23.8       75       60   101800      2.6    200.0      7.7    230.0   143800      0.0      0.0      0.0     None      0.0     None     10.4     80.3    27.66     19.6     None    12.79   120000      2.9     None     None     None     None     None     None     None
467410 20120502   1006.0   1009.1   1007.9   081800   1003.9   184000     28.7     32.2   114200     25.8   054000     24.5       79       62   113600      2.1    250.0      7.8    300.0   231900      1.0      0.5      0.5   034700      0.5   034700      6.0     46.3    22.50     14.4     None    10.77   120000      6.1     None     None     None     None     None     None     None
467410 20120503   1005.1   1008.1   1006.4   091200   1003.3   163300     27.9     31.2   100700     26.3   062600     24.5       82       66   135200      2.7    200.0     12.4    200.0   125200      1.5      0.6      1.5   015200      1.5   014200      5.1     39.3    22.46     10.9     None     8.20   140000      7.5     None     None     None     None     None     None     None
467410 20120504   1005.1   1008.2   1007.4   230000   1003.1   030700     25.9     30.0   134900     23.7   043100     23.7       88       76   120700      3.1     20.0      9.7    190.0   052400     63.5      3.0     15.5   042100     39.0   035800      2.2     16.9    15.35      8.3     None     7.49   130000      8.0     None     None     None     None     None     None     None
467410 20120505   1006.7   1009.8   1008.0   095500   1005.3   154800     26.3     31.0   125100     22.5   052400     21.1       74       61   142000      3.1     20.0      8.3    350.0   162700      0.0      0.0      0.0     None      0.0     None      8.5     65.3    25.05      4.3     None     8.59   130000      4.9     None     None     None     None     None     None     None
467410 20120506   1007.8   1010.9   1009.3   220300   1006.4   154600     27.7     32.0   142300     24.8   011800     20.5       66       50   110700      1.8    320.0      6.7    310.0   134700      0.0      0.0      0.0     None      0.0     None      9.9     75.9    26.37      6.5     None     9.21   120000      2.1     None     None     None     None     None     None     None
467410 20120507   1008.0   1011.1   1009.3   090600   1006.8   164500     27.8     31.4   114900     25.1   052500     22.7       74       57   114700      1.8    300.0      7.5    330.0   144100      0.0      0.0      0.0     None      0.0     None     10.9     83.5    27.96      4.8     None     9.53   130000      1.5     None     None     None     None     None     None     None
467410 20120508   1006.8   1009.8   1008.1   080400   1005.3   174400     28.5     31.7   125400     26.2   054800     23.3       74       59   130800      1.9    260.0      6.9    260.0   124500      0.0      0.0      0.0     None      0.0     None     10.5     80.3    26.06      7.0     None    10.30   130000      4.3     None     None     None     None     None     None     None
467410 20120509   1006.7   1009.8   1008.4   225700   1004.8   160400     28.3     31.3   134300     26.5   044400     25.1       83       74   132500      1.9    260.0      7.9    280.0   085900     -9.8      0.3     -9.8   083500     -9.8   083500      4.4     33.6    18.43      5.4     None     8.35   120000      6.1     None     None     None     None     None     None     None
467410 20120510   1006.9   1010.0   1008.2   000100   1005.3   151000     28.6     32.2   094200     26.7   050400     24.6       79       64   103000      2.3     20.0      7.7    310.0   152400      0.0      0.0      0.0     None      0.0     None      5.5     41.9    22.78      6.0     None     9.15   130000      7.3     None     None     None     None     None     None     None
467410 20120511   1006.2   1009.2   1007.4   220800   1004.7   151200     27.1     31.0   115800     24.0   062800     22.9       78       65   114100      3.4    350.0      9.4    330.0   150100      0.0      0.0      0.0     None      0.0     None      7.2     54.8    25.69      7.9     None     8.98   120000      6.4     None     None     None     None     None     None     None
467410 20120512   1005.2   1008.3   1007.1   073400   1003.3   154200     27.7     32.1   121100     24.7   052300     23.3       78       59   110500      2.1     20.0      7.9    250.0   123900      0.0      0.0      0.0     None      0.0     None      9.5     72.3    28.09      3.6     None    10.43   120000      3.4     None     None     None     None     None     None     None
467410 20120513   1004.5   1007.5   1006.1   214700   1003.0   154400     29.0     32.3   140200     25.7   050600     23.5       73       58   153800      1.6    310.0      7.6    320.0   121600      0.0      0.0      0.0     None      0.0     None     11.9     90.4    28.86      8.3     None    10.35   120000      3.6     None     None     None     None     None     None     None
467410 20120514   1006.0   1009.1   1007.5   214600   1004.6   145900     29.7     33.4   124700     26.3   044100     23.5       70       57   133000      1.8    130.0      7.2    320.0   161200      0.0      0.0      0.0     None      0.0     None     12.2     92.6    30.69     11.8     None    10.99   120000      0.8     None     None     None     None     None     None     None
467410 20120515   1006.5   1009.5   1008.1   102600   1004.3   161900     29.6     32.9   100300     27.2   044300     24.3       74       53   100200      2.0    250.0      8.1    290.0   122000      0.0      0.0      0.0     None      0.0     None      6.9     52.3    24.46      9.1     None    10.81   130000      5.3     None     None     None     None     None     None     None
467410 20120516   1005.6   1008.7   1007.3   094000   1003.9   170300     26.9     29.1   080300     25.4   213300     24.5       86       74   091500      2.8    140.0      9.0    180.0   194700      8.5      7.1      1.0   093600      3.5   092800      0.0      0.0     5.03      7.9     None     2.61   130000      8.8     None     None     None     None     None     None     None
467410 20120517   1006.1   1009.2   1007.8   224100   1004.3   024500     25.7     27.2   135900     24.4   204600     23.6       88       79   070800      2.6    140.0      8.7    170.0   171600     17.5      4.9      1.5   105900      6.0   200700      0.0      0.0     8.12      8.4     None     5.62   140000      9.5     None     None     None     None     None     None     None
467410 20120518   1008.2   1011.3   1010.4   215000   1005.8   033900     25.8     29.2   111900     24.5   005700     24.2       91       81   111900      1.7    140.0      5.8    210.0   125800     14.0      9.6      1.5   060500      3.0   060500      0.5      3.8     7.60      8.5     None     7.22   110000      9.0     None     None     None     None     None     None     None
467410 20120519   1007.1   1010.2   1009.0   000100   1005.3   160700     25.4     27.0   091100     23.8   230500     24.2       93       86   083000      2.0    190.0     12.3    150.0   183900     49.5     13.1      5.5   204900     17.0   202000      0.0      0.0     5.95      3.6     None     3.05   140000      9.6     None     None     None     None     None     None     None
467410 20120520   1003.7   1006.8   1006.1   000100   1002.5   162700     24.9     26.5   155100     23.7   002200     24.3       96       87   224300      1.9    130.0      9.3    120.0   033800    210.0     12.6     20.0   043900     65.0   035100      0.0      0.0     4.39      6.8     None     3.18   140000      8.5     None     None     None     None     None     None     None
467410 20120521   1004.5   1007.5   1006.8   221100   1003.0   163200     26.1     31.3   141600     22.3   042500     21.6       77       62   130100      3.5     10.0      9.4     10.0   185900      0.0      0.0      0.0     None      0.0     None     10.2     76.8    28.76     10.9     None     9.89   120000      1.5     None     None     None     None     None     None     None
467410 20120522   1005.9   1009.0   1007.3   220500   1004.8   160000     26.2     31.2   132100     21.6   045400     20.6       72       58   155500      2.6     20.0      7.6     10.0   000200      0.0      0.0      0.0     None      0.0     None     11.0     82.7    28.49      8.5     None     9.66   130000      0.9     None     None     None     None     None     None     None
467410 20120523   1005.9   1009.0   1007.1   084600   1004.2   163500     27.3     31.1   131400     24.4   032800     21.4       71       57   134600      1.9    340.0      8.0    340.0   160800      0.0      0.0      0.0     None      0.0     None     11.5     86.4    29.18      9.0     None     9.42   120000      2.0     None     None     None     None     None     None     None
467410 20120524   1005.3   1008.4   1006.7   000100   1003.4   160600     27.9     31.8   121900     24.8   033300     22.6       74       59   103000      2.6    330.0      8.4    320.0   121100      0.0      0.0      0.0     None      0.0     None     11.2     84.1    29.11      7.4     None     9.26   120000      1.3     None     None     None     None     None     None     None
467410 20120525   1005.5   1008.6   1007.3   225700   1004.0   153700     28.7     32.6   131800     25.5   044000     22.4       69       57   101600      2.0     30.0      7.3    320.0   130400      0.0      0.0      0.0     None      0.0     None     11.4     85.5    28.24      7.6     None     9.18   130000      2.3     None     None     None     None     None     None     None
467410 20120526   1006.0   1009.1   1007.4   224100   1004.7   152700     28.9     32.4   125200     26.3   033100     24.5       77       66   100400      2.1    210.0      8.1    210.0   152000      9.0      1.8      7.5   213400      7.5   212400     10.5     78.7    27.98     14.6     None    10.29   120000      4.3     None     None     None     None     None     None     None
467410 20120527   1006.0   1009.1   1007.2   215500   1004.5   154500     28.4     33.1   125800     25.1   033200     24.9       82       64   125500      1.9    340.0      9.3    310.0   005400     11.5      3.7      5.0   023500      6.0   021200      6.1     45.7    23.87     11.5     None    11.15   120000      7.6     None     None     None     None     None     None     None
467410 20120528   1006.9   1010.0   1008.3   214400   1005.5   153000     27.7     31.2   131100     26.3   232600     24.8       85       73   154000      1.8     30.0      8.8    330.0   145000      1.5      4.3      0.5   093100      1.5   092500      1.5     11.2    14.43      6.9     None     6.40   120000      7.4     None     None     None     None     None     None     None
467410 20120529   1007.0   1010.0   1008.1   222900   1005.8   153200     28.1     31.5   125100     25.4   212900     24.5       81       69   125000      2.0    200.0      8.1    260.0   154600      2.5      1.4      0.5   205000      1.5   204800      7.1     53.1    23.97     10.3     None    10.15   130000      6.9     None     None     None     None     None     None     None
467410 20120530   1005.5   1008.5   1006.7   000100   1003.9   151100     28.5     32.0   134000     25.4   043200     25.1       82       67   133200      2.5    200.0     10.9    210.0   105100      0.5      0.2      0.5   041300      0.5   041300      8.1     60.5    24.54      9.8     None     9.96   120000      7.8     None     None     None     None     None     None     None
467410 20120531   1004.8   1007.9   1006.1   215300   1003.1   154900     28.4     32.8   130100     25.7   221600     23.8       77       61   124700      3.9     20.0     11.5     30.0   073600     14.0      1.2     10.5   010300     13.5   005000     10.3     76.9    27.77     11.5     None    10.77   120000      2.6     None     None     None     None     None     None     None
467410 20120601   1004.5   1007.6   1005.7   222600   1002.5   154300     28.2     32.8   131400     25.1   053500     23.0       74       60   131400      2.9     10.0      9.3    310.0   135000      0.0      0.0      0.0     None      0.0     None      9.0     67.1    26.71      9.3     None     9.48   130000      4.6     None     None     None     None     None     None     None
467410 20120602   1002.3   1005.3   1004.5   000100    999.8   162200     28.0     32.4   141100     24.9   050600     23.6       78       62   113300      4.3     10.0     13.2    360.0   173900      0.0      0.0      0.0     None      0.0     None     11.7     87.2    29.00      8.1     None     9.65   130000      2.6     None     None     None     None     None     None     None
467410 20120603   1000.2   1003.2   1001.8   000100    998.2   151100     28.0     33.1   131300     24.7   034700     23.6       78       63   124900      3.5     10.0     10.4    310.0   141300      0.0      0.0      0.0     None      0.0     None      6.3     46.9    24.72      6.4     None     8.95   130000      4.6     None     None     None     None     None     None     None
467410 20120604   1000.2   1003.2   1001.8   221100    998.1   160200     28.2     31.9   134800     25.6   041200     24.3       80       66   155200      2.9     10.0      9.8     10.0   201900      0.0      0.0      0.0     None      0.0     None      2.0     14.9    16.60      6.6     None     6.81   110000      7.0     None     None     None     None     None     None     None
467410 20120605   1001.4   1004.4   1003.2   222300   1000.3   172300     28.3     32.4   114500     25.6   032700     24.3       79       67   111600      3.6     20.0     11.5    350.0   160400      0.0      0.0      0.0     None      0.0     None      7.1     52.8    24.81      8.3     None     9.74   120000      3.9     None     None     None     None     None     None     None
467410 20120606   1001.3   1004.3   1002.7   000100    999.5   134100     29.1     32.8   113400     26.0   023900     24.7       78       61   112000      1.9    320.0      7.6    320.0   115400      0.0      0.0      0.0     None      0.0     None      4.3     32.0    23.21      8.8     None     9.93   130000      7.4     None     None     None     None     None     None     None
467410 20120607   1001.3   1004.3   1003.4   231100   1000.1   045300     30.3     33.8   110700     28.1   020900     25.3       75       63   103600      2.9    170.0     12.9    240.0   140200      0.0      0.0      0.0     None      0.0     None      9.3     69.1    27.46     11.8     None    10.62   130000      4.5     None     None     None     None     None     None     None
467410 20120608   1002.9   1006.0   1004.1   215500   1001.9   152500     28.7     33.3   112700     27.0   164800     25.9       85       66   114200      3.0    160.0     10.5    190.0   123100     24.0      4.0      8.5   163700     12.5   154500      4.3     31.9    16.20     13.1     None     7.67   120000      6.8     None     None     None     None     None     None     None
467410 20120609   1001.7   1004.8   1003.4   000100   1000.0   154700     27.3     29.7   085500     25.9   214700     25.8       92       83   085100      2.5    160.0     10.9    200.0   155700     45.5      5.2     10.0   220000     15.5   212100      0.2      1.5    10.52      9.9     None     5.10   110000      8.8     None     None     None     None     None     None     None
467410 20120610    998.7   1001.7   1000.1   000100    997.3   151100     28.2     30.7   130700     25.7   011800     26.1       89       79   145800      4.0    270.0     13.1    260.0   080000     70.0      8.5     13.0   063600     32.5   060400      0.6      4.5    10.10      9.3     None     6.84   130000      9.0     None     None     None     None     None     None     None
467410 20120611    997.2   1000.2    998.7   073800    995.6   155500     29.1     30.9   150000     25.4   074500     26.5       86       79   143400      4.9    250.0     14.5    240.0   142300     26.0      3.9     14.0   073400     19.5   064500      0.2      1.5     9.09      6.8     None     4.68   140000      8.5     None     None     None     None     None     None     None
467410 20120612    996.2    999.2    998.3   224000    994.5   121400     27.2     29.0   020200     24.7   065100     26.0       94       87   023100      3.5    260.0     20.1    280.0   063700    110.0     14.5      9.0   105300     24.5   074700      0.0      0.0     1.81      7.0     None     1.88   130000      8.9     None     None     None     None     None     None     None
467410 20120613    998.1   1001.1   1000.2   222000    996.5   014600     27.3     30.8   135000     24.9   223900     25.2       89       76   142100      1.9    110.0     11.1    170.0   223000     41.0      2.1     11.5   221700     38.0   220100      0.8      5.9    12.03      5.1     None     4.69   140000      8.9     None     None     None     None     None     None     None
467410 20120614    997.8   1000.9    999.4   090100    995.8   163600     25.7     27.0   074500     24.4   111500     25.0       96       88   075000      4.7    170.0     19.0    190.0   180700    169.5     14.8     18.5   150100     42.0   143800      0.0      0.0     1.57      5.4     None     1.03   140000      9.5     None     None     None     None     None     None     None
467410 20120615    998.5   1001.5   1000.7   215500    996.8   042100     26.7     30.0   144400     25.0   094100     25.2       92       78   144400      4.1    170.0     10.3    170.0   051700     31.0      7.8      3.5   085700     11.0   085800      0.5      3.7    12.37      9.8     None     6.02   140000      8.5     None     None     None     None     None     None     None
467410 20120616   1000.6   1003.6   1002.6   230000    999.1   162800     28.4     32.5   133200     25.6   030600     24.9       82       63   163700      3.6    190.0     12.0    180.0   130800      0.5      0.8      0.5   020600      0.5   011600      4.4     32.6    20.48     15.0     None     8.83   130000      8.0     None     None     None     None     None     None     None
467410 20120617   1001.6   1004.7   1002.7   183000   1000.0   154900     28.6     32.6   124000     24.5   184100     25.0       81       67   090300      2.2     20.0      8.4     10.0   184600     54.5      1.8     19.0   182300     51.5   181700      6.7     49.6    21.97     10.0     None     8.74   120000      7.0     None     None     None     None     None     None     None
467410 20120618    999.0   1002.0   1001.5   000100    997.1   174100     28.5     32.2   122200     25.8   003000     24.7       81       64   111600      2.9    180.0     13.2    210.0   221200      3.5      0.7      3.0   220700      3.0   215400      8.5     62.9    26.37     12.8     None     8.53   120000      5.8     None     None     None     None     None     None     None
467410 20120619    996.8    999.8    998.4   000100    995.0   140800     26.4     29.0   103300     24.7   195800     25.3       94       85   120100      4.2    170.0     17.4    190.0   155900     60.5     11.3     11.0   194100     13.0   194200      0.1      0.7     7.48      6.6     None     4.18   120000      9.5     None     None     None     None     None     None     None
467410 20120620    995.9    998.9   1001.5   231000    993.0   114300     25.7     27.6   132600     23.3   235000     24.8       94       87   132600      6.9    190.0     24.2    190.0   111100    102.5     17.6     14.5   175300     27.5   173300      0.0      0.0     0.08      4.9     None     0.18   100000      9.8     None     None     None     None     None     None     None
467410 20120621   1002.9   1006.0   1005.7   223900   1000.2   025200     25.1     26.7   122800     23.2   011400     24.4       96       91   130400      2.7    170.0     10.1    170.0   202100     32.0     12.7      4.0   143700      6.0   134800      0.0      0.0     4.62      6.8     None     1.48   120000     10.0     None     None     None     None     None     None     None
467410 20120622   1004.6   1007.7   1005.8   213300   1003.6   151300     27.2     30.1   125300     24.7   000100     25.1       89       80   163700      3.7    180.0     10.5    210.0   134600     11.5      4.2      3.0   095100      4.0   092000      3.1     23.0    16.29     11.0     None     5.63   130000      7.0     None     None     None     None     None     None     None
467410 20120623   1003.9   1006.9   1005.3   000100   1002.6   162100     27.3     31.0   140200     25.7   044900     25.3       89       75   140000      3.7    160.0     15.0    230.0   145800     19.5      2.7      7.5   150100      8.5   150100      3.1     23.0    16.84      8.0     None     6.79   120000      6.1     None     None     None     None     None     None     None
467410 20120624   1004.1   1007.2   1004.9   002500   1003.3   170800     28.5     32.1   115900     25.4   034400     24.7       80       66   120800      3.7    190.0      9.4    210.0   132200      2.0      0.2      2.0   015600      2.0   015600      8.6     63.7    26.51      9.8     None     9.00   120000      7.4     None     None     None     None     None     None     None
467410 20120625   1003.6   1006.7   1004.5   080400   1002.2   165900     28.8     31.9   131100     26.4   042700     25.1       81       67   130900      3.1    200.0      8.6    230.0   114200      0.0      0.0      0.0     None      0.0     None      8.9     65.9    25.12     12.8     None     9.51   130000      4.5     None     None     None     None     None     None     None
467410 20120626   1003.4   1006.4   1004.6   214900   1002.2   164800     28.9     31.6   142400     27.0   032000     25.2       81       71   120000      3.2    210.0     10.3    200.0   131100      0.0      0.0      0.0     None      0.0     None      9.1     67.4    25.83     10.4     None     8.64   130000      4.0     None     None     None     None     None     None     None
467410 20120627   1003.7   1006.8   1004.7   091400   1002.6   152700     29.4     32.7   105200     26.8   043000     24.8       77       62   104700      2.0    260.0      8.4    300.0   140600     -9.8      0.3     -9.8   204500     -9.8   203500     11.2     83.0    29.74     11.3     None     9.05   120000      4.0     None     None     None     None     None     None     None
467410 20120628   1000.5   1003.6   1004.2   000100    997.4   173900     29.5     33.0   111800     27.6   043800     25.1       78       65   110500      3.4    360.0     12.4    360.0   140100      0.0      0.0      0.0     None      0.0     None      8.7     64.5    25.79      6.5     None     9.36   130000      4.3     None     None     None     None     None     None     None
467410 20120629   1000.2   1003.2   1003.9   235200    997.2   015600     29.3     32.2   094400     27.9   001500     24.5       76       64   084400      4.2    180.0     14.9    190.0   122200      0.0      0.0      0.0     None      0.0     None      4.9     36.3    17.46     10.5     None     6.04   130000      6.9     None     None     None     None     None     None     None
467410 20120630   1004.2   1007.2   1007.5   225300   1002.6   172600     30.1     33.8   132000     26.7   051900     24.6       73       60   151400      3.5    190.0     13.8    200.0   155300      0.0      0.0      0.0     None      0.0     None     10.5     77.9    26.83     14.6     None     9.62   130000      2.9     None     None     None     None     None     None     None
467410 20120701   1006.6   1009.7   1008.5   214200   1004.5   153900     30.0     33.4   113400     28.0   042100     25.1       75       60   092800      2.2    270.0      9.4    210.0   134500     -9.8      0.2     -9.8   223000     -9.8   223000     11.8     87.5    29.53     14.9     None     8.91   120000      3.3     None     None     None     None     None     None     None
467410 20120702   1004.9   1007.9   1008.0   000100   1003.0   164500     29.7     33.2   125400     27.9   052000     25.3       77       66   125300      2.2    300.0      8.0    330.0   111800      0.0      0.0      0.0     None      0.0     None      5.8     43.0    21.61     12.3     None     8.52   130000      6.1     None     None     None     None     None     None     None
467410 20120703   1002.3   1005.3   1004.7   000100   1000.5   164600     29.7     32.7   111300     27.7   034400     25.0       76       64   163300      1.8    300.0      7.9    330.0   132700      0.0      0.0      0.0     None      0.0     None      8.3     61.6    25.86     13.4     None    10.11   130000      5.9     None     None     None     None     None     None     None
467410 20120704   1002.0   1005.0   1004.0   213500   1000.6   160000     29.9     32.8   130500     27.6   054200     25.3       77       65   110800      2.8    330.0      9.7    310.0   150400      0.0      0.0      0.0     None      0.0     None      5.7     42.3    21.49     10.1     None     8.03   130000      6.6     None     None     None     None     None     None     None
467410 20120705   1003.7   1006.7   1006.2   222700   1002.3   040400     30.1     34.8   125300     27.9   051000     25.5       77       60   140500      1.8    210.0      9.8    220.0   143700     13.0      2.4      6.0   165800     12.5   163100      7.4     55.0    24.26     12.3     None    10.36   130000      4.3     None     None     None     None     None     None     None
467410 20120706   1004.7   1007.7   1005.8   000100   1003.7   171800     29.2     32.9   102800     27.5   045300     25.4       80       65   113500      2.9    200.0     12.5    200.0   151200     -9.8      0.2     -9.8   131000     -9.8   131000      5.4     40.1    19.10     10.9     None     7.64   110000      5.0     None     None     None     None     None     None     None
467410 20120707   1004.2   1007.2   1005.3   211200   1003.1   162500     29.6     33.1   132800     27.0   043000     25.1       77       60   131300      2.5    200.0      8.5    250.0   140100      0.0      0.0      0.0     None      0.0     None     12.0     89.2    30.19     13.4     None     9.96   120000      2.9     None     None     None     None     None     None     None
467410 20120708   1003.9   1007.0   1005.4   220000   1002.4   035700     29.7     32.5   134100     27.8   052900     25.5       78       65   130800      1.6    250.0      8.4    240.0   135300      0.0      0.0      0.0     None      0.0     None      7.2     53.6    24.51     13.3     None    10.33   120000      4.4     None     None     None     None     None     None     None
467410 20120709   1004.5   1007.5   1005.5   074600   1003.3   163700     29.9     32.9   121400     27.6   044400     25.2       76       64   121300      2.0    310.0      9.0    350.0   130000      0.0      0.0      0.0     None      0.0     None     10.4     77.4    29.72     12.8     None    10.89   130000      4.4     None     None     None     None     None     None     None
467410 20120710   1003.9   1006.9   1005.7   082100   1002.4   164600     29.7     33.2   130500     27.4   042400     25.3       77       64   121500      2.2    260.0      7.2    280.0   142400      0.0      0.0      0.0     None      0.0     None     10.9     81.2    31.73     18.3     None    11.44   130000      3.9     None     None     None     None     None     None     None
467410 20120711   1003.9   1006.9   1004.8   092700   1002.7   022900     29.8     32.7   121400     28.5   000600     25.1       77       65   120500      2.7    240.0      8.8    310.0   135400      0.0      0.0      0.0     None      0.0     None      9.3     69.3    25.50     16.9     None     9.59   130000      4.6     None     None     None     None     None     None     None
467410 20120712   1004.9   1007.9   1006.7   093900   1003.3   012300     29.8     32.9   121800     27.5   052700     25.0       76       63   125400      2.4    190.0      9.0    240.0   130700      0.0      0.0      0.0     None      0.0     None     11.4     85.0    29.31     14.3     None    11.21   130000      4.1     None     None     None     None     None     None     None
467410 20120713   1004.9   1007.9   1006.3   101800   1002.9   170500     29.7     33.3   135900     27.5   054000     24.9       76       60   135900      2.4    260.0      9.4    260.0   101300      0.0      0.0      0.0     None      0.0     None      8.9     66.4    23.68     21.3     None    10.73   140000      3.6     None     None     None     None     None     None     None
467410 20120714   1004.1   1007.1   1005.6   224500   1002.6   163300     29.4     32.9   140500     26.4   074800     25.5       80       62   141200      2.5    220.0      7.7    230.0   072500     13.0      2.2      4.5   041600      8.0   032800      8.0     59.8    23.66     12.9     None    10.44   130000      5.9     None     None     None     None     None     None     None
467410 20120715   1004.9   1008.0   1006.0   091300   1003.7   152700     28.6     32.3   114000     26.0   054300     25.5       84       69   113900      2.2    190.0     10.0    330.0   120600     45.5      2.9     15.0   091100     25.0   084000      4.3     32.2    16.49     15.5     None    10.42   120000      5.3     None     None     None     None     None     None     None
467410 20120716   1005.5   1008.5   1006.7   202200   1004.2   155900     29.5     32.6   140800     27.1   052100     25.4       79       69   104000      2.3    140.0      8.1    260.0   141800      0.0      0.0      0.0     None      0.0     None      4.4     32.9    19.28     12.3     None     8.46   120000      7.0     None     None     None     None     None     None     None
467410 20120717   1004.9   1007.9   1006.1   000100   1003.4   154600     30.0     33.4   134700     27.4   051800     25.0       75       63   122100      1.8    260.0      7.0    260.0   132700      0.0      0.0      0.0     None      0.0     None     10.7     80.1    28.48     12.4     None    11.50   130000      4.3     None     None     None     None     None     None     None
467410 20120718   1004.9   1008.0   1006.2   114900   1003.2   163700     28.5     31.8   104000     25.6   122600     25.6       85       73   104000      1.2     90.0      8.0    250.0   112700     54.5      3.3     18.0   114500     48.0   112500      1.3      9.7     9.07     12.5     None     4.39   110000      6.5     None     None     None     None     None     None     None
467410 20120719   1004.5   1007.5   1005.7   000900   1002.5   161200     29.4     33.4   123400     26.8   053400     25.4       80       63   123400      1.4    320.0      7.8    280.0   161300      3.5      1.5      1.0   182800      3.0   182500      8.6     64.5    26.61     14.9     None    11.33   130000      5.4     None     None     None     None     None     None     None
467410 20120720   1001.9   1004.9   1004.4   000100    999.3   164700     29.8     32.7   141500     27.3   051700     26.0       81       69   111800      2.2     20.0      7.7    320.0   134900      0.0      0.0      0.0     None      0.0     None      4.2     31.5    18.52      7.8     None     7.63   130000      5.6     None     None     None     None     None     None     None
467410 20120721    999.8   1002.8   1001.1   000100    998.4   150200     29.8     34.0   104400     27.5   184200     25.7       79       66   104300      2.2    190.0     11.9    190.0   142400      0.0      0.0      0.0     None      0.0     None      7.2     54.1    24.05      5.9     None     9.90   130000      5.8     None     None     None     None     None     None     None
467410 20120722    999.2   1002.3   1000.6   000100    997.6   145400     27.9     32.1   121400     25.8   013500     24.7       83       69   121100      2.6     70.0     11.1    170.0   162900      6.0      3.1      1.0   012000      3.0   005100      0.8      6.0    12.73     11.0     None     7.38   110000      7.6     None     None     None     None     None     None     None
467410 20120723    999.5   1002.5   1001.9   223500    998.1   153600     29.4     34.5   122300     26.1   044200     24.6       76       59   115700      2.0    330.0      8.4    140.0   023200      3.0      0.8      1.8   180500      3.0   180500      3.8     28.6    19.99     13.1     None     9.30   110000      7.3     None     None     None     None     None     None     None
467410 20120724   1003.0   1006.1   1005.8   225700   1000.6   024900     28.1     33.0   123200     24.8   165400     24.5       82       66   104800      2.1     60.0     13.9    160.0   140800     61.0      4.4     17.5   140600     52.5   140000      2.1     15.8    12.62     10.0     None     7.94   110000      8.4     None     None     None     None     None     None     None
467410 20120725   1005.8   1008.9   1007.1   202200   1004.5   022100     26.9     31.0   123700     23.7   154000     23.9       84       71   105400      1.7    310.0     15.2     20.0   152700     51.0      2.6     24.5   152900     48.0   152400      1.1      8.3    12.00     11.1     None     5.56   130000      7.6     None     None     None     None     None     None     None
467410 20120726   1004.4   1007.5   1005.9   000100   1002.8   163000     28.2     31.2   131400     25.4   000100     24.1       79       69   174700      1.6    310.0      7.4    320.0   155300      0.0      0.0      0.0     None      0.0     None      7.3     55.2    25.51     12.9     None    10.81   120000      7.9     None     None     None     None     None     None     None
467410 20120727   1002.9   1005.9   1004.0   083000   1001.4   143300     28.9     32.7   145100     26.5   051000     24.1       75       63   145100      1.4    320.0      7.3    320.0   132700      0.0      0.0      0.0     None      0.0     None      7.2     54.5    23.54     12.8     None    11.64   130000      5.1     None     None     None     None     None     None     None
467410 20120728   1002.7   1005.7   1004.0   111600   1001.6   175600     28.6     31.9   145100     26.0   033400     23.8       76       68   144000      1.1     70.0      5.0    280.0   150100      0.0      0.0      0.0     None      0.0     None      2.6     19.7    14.20     10.3     None     7.36   140000      5.4     None     None     None     None     None     None     None
467410 20120729   1000.1   1003.1   1003.0   000100    997.4   164400     29.6     33.7   140400     27.2   052400     25.3       78       65   140300      2.0    350.0      8.2    290.0   140900      0.0      0.0      0.0     None      0.0     None      7.9     59.9    24.81      8.5     None     8.63   140000      5.1     None     None     None     None     None     None     None
467410 20120730    994.8    997.8    998.6   000100    992.4   174900     29.8     33.3   124900     27.4   023900     25.1       76       64   123300      2.0    140.0      8.3    320.0   133000      0.0      0.0      0.0     None      0.0     None      3.0     22.8    17.36      7.5     None     9.37   130000      7.3     None     None     None     None     None     None     None
467410 20120731    990.0    993.0    993.6   000100    987.1   161000     28.1     30.1   104400     26.7   034500     25.7       87       76   120200      2.4     20.0      9.1    360.0   151500      4.0      4.5      1.0   030200      1.5   021200      0.0      0.0     7.35      5.0     None     4.51   110000      9.8     None     None     None     None     None     None     None
467410 20120801    986.3    989.3    988.6   232600    984.7   161300     28.3     32.4   120200     25.6   235700     25.3       84       69   115700      5.9     10.0     25.9    360.0   203800      2.5      2.6      0.5   170700      2.0   225800      1.0      7.6    13.08      9.3     None     8.63   120000      9.0     None     None     None     None     None     None     None
467410 20120802    991.8    994.8    994.9   224700    986.9   025300     25.2     26.7   005300     24.6   053200     24.3       95       89   094000      6.2    320.0     26.5    320.0   042300     77.0     18.7      5.5   031100     17.5   023400      0.0      0.0     2.34      4.4     None     1.43   130000      9.9     None     None     None     None     None     None     None
467410 20120803    996.5    999.5    998.2   230100    994.5   000100     28.2     30.9   141800     24.9   004900     26.1       89       82   143300      4.1    200.0     12.2    220.0   134600      0.0      0.0      0.0     None      0.0     None      0.4      3.1    11.32      6.5     None     5.30   130000      9.3     None     None     None     None     None     None     None
467410 20120804    998.7   1001.7   1000.6   232400    997.3   030000     28.1     30.2   142300     25.9   063500     25.9       88       79   173000      2.2    180.0      9.2    200.0   022500     25.5      2.3      9.5   063100     21.0   061900      0.1      0.8     9.46      5.4     None     4.92   130000      7.5     None     None     None     None     None     None     None
467410 20120805    999.9   1003.0   1001.0   092400    998.6   155500     29.1     33.0   121400     26.1   034700     25.4       81       67   121400      1.8    270.0      6.6    270.0   134100      0.0      0.0      0.0     None      0.0     None      7.6     58.1    25.82      5.9     None    10.88   130000      3.5     None     None     None     None     None     None     None
467410 20120806    999.3   1002.3   1000.8   000100    997.6   182200     29.0     32.8   132100     26.5   060600     24.8       79       63   141600      1.8    330.0      6.7    310.0   133200      0.0      0.0      0.0     None      0.0     None      5.1     39.1    20.71      5.1     None     8.59   120000      7.0     None     None     None     None     None     None     None
467410 20120807    997.9   1001.0    999.6   000100    996.0   161900     27.8     31.7   114400     25.4   083600     25.9       89       77   114300      2.5    250.0      9.1    240.0   134300     42.0      2.5     21.5   135800     31.0   133000      1.4     10.7    12.27      4.5     None     8.69   120000      9.1     None     None     None     None     None     None     None
467410 20120808    997.6   1000.7    999.0   231900    996.4   140400     28.5     32.0   125600     25.5   000900     26.4       89       72   133600      3.3    210.0     10.3    210.0   164400     14.0      1.4      7.5   043100     10.0   034200      5.8     44.6    21.56      8.8     None    10.03   130000      6.8     None     None     None     None     None     None     None
467410 20120809    999.6   1002.7   1001.7   224400    997.6   022200     26.7     30.9   135600     24.2   061100     24.9       90       70   135600      3.3    170.0     10.9    110.0   022300     88.5     10.5     14.5   015100     29.0   012900      0.2      1.5    10.78      4.2     None     6.76   140000      9.8     None     None     None     None     None     None     None
467410 20120810   1002.8   1005.9   1004.7   224300   1000.7   003800     26.4     31.5   104400     23.2   011900     24.9       91       78   104400      3.3    130.0     12.7    190.0   110100     72.0      7.6     16.0   003000     47.0   001100      1.8     13.9    11.72      8.1     None     9.34   110000      9.4     None     None     None     None     None     None     None
467410 20120811   1004.5   1007.6   1006.0   214400   1003.2   020300     26.7     30.1   141900     23.8   054300     25.0       91       78   143900      3.0    180.0     11.3    270.0   042800     81.5      7.6     17.0   042300     46.0   042100      2.2     17.0    14.88      8.3     None     8.62   140000      9.3     None     None     None     None     None     None     None
467410 20120812   1003.7   1006.8   1005.0   000100   1001.9   161000     27.9     31.7   110600     26.2   043500     25.3       86       74   110200      2.7    170.0      9.3    270.0   113800      2.5      1.5      1.0   113100      2.0   112000      5.0     38.6    17.86     12.9     None     7.39   110000      5.9     None     None     None     None     None     None     None
467410 20120813   1002.8   1005.9   1004.2   000100   1001.2   160300     29.0     32.5   115700     26.2   030700     25.3       81       69   132500      2.0    260.0      7.5    210.0   143300      0.0      0.0      0.0     None      0.0     None     10.0     77.4    26.33     12.6     None    11.02   130000      3.9     None     None     None     None     None     None     None
467410 20120814   1002.4   1005.4   1003.5   075700   1001.5   145500     29.4     32.7   122600     27.4   054100     26.0       82       69   150500      2.6    340.0      9.9    330.0   143000      0.0      0.0      0.0     None      0.0     None      7.3     56.6    21.76     16.3     None     9.46   130000      3.5     None     None     None     None     None     None     None
467410 20120815   1000.0   1003.0   1001.8   000100    998.5   154600     29.4     32.9   140000     27.1   053300     25.9       82       63   125100      1.7    170.0      6.8    200.0   140300      0.0      0.0      0.0     None      0.0     None      3.7     28.7    19.31      7.4     None     9.64   140000      7.8     None     None     None     None     None     None     None
467410 20120816   1001.7   1004.8   1006.0   222400    998.6   022900     28.9     31.1   101100     27.1   122100     26.1       85       73   171500      2.0    230.0     10.8    170.0   170900     41.0      1.8     17.0   112700     38.0   112000      0.3      2.3     7.62      9.8     None     4.11   110000      7.8     None     None     None     None     None     None     None
467410 20120817   1006.1   1009.2   1008.7   211200   1003.8   035900     28.7     33.3   121600     26.0   185500     25.2       82       65   121600      2.9    190.0     12.6    200.0   124200      4.5      3.9      1.5   172500      2.5   171000      7.1     55.3    21.56     16.8     None    11.87   130000      6.4     None     None     None     None     None     None     None
467410 20120818   1007.0   1010.0   1008.4   225500   1005.3   142700     27.9     31.9   113800     25.1   190900     25.2       86       68   113400      1.4    320.0      7.4    320.0   142000     38.0      1.7     11.5   183100     37.0   181100      3.0     23.4    18.33      9.9     None     8.02   120000      7.5     None     None     None     None     None     None     None
467410 20120819   1005.5   1008.6   1007.9   000100   1003.4   154900     28.2     31.8   131300     26.3   051600     25.9       88       72   125400      1.8    300.0      8.8    280.0   160400      0.5      0.8      0.5   210600      0.5   210600      5.1     39.8    19.36     14.0     None     7.62   140000      5.1     None     None     None     None     None     None     None
467410 20120820   1004.0   1007.0   1005.7   000100   1001.8   154000     27.9     31.8   125100     25.5   182900     26.2       88       75   145000      1.4    130.0     10.6    120.0   164900      0.5      0.3      0.5   174600      0.5   165600      6.1     47.7    17.44     15.6     None     7.64   140000      4.8     None     None     None     None     None     None     None
467410 20120821   1003.4   1006.5   1004.7   000100   1001.9   161200     28.7     33.1   122300     25.8   202300     24.0       74    -9995     None      2.0    340.0      9.9    130.0   195100      0.0      0.0      0.0     None      0.0     None     10.3     80.7    26.96     11.1     None    10.43   120000      5.4     None     None     None     None     None     None     None
467410 20120822   1001.2   1004.3   1003.9   000200    999.3   162900     28.1     31.6   131300     25.8   172000     24.2       80       65   110300      1.5    130.0     10.3     10.0   151900     28.5      2.0     10.0   132000     14.5   130800      1.4     11.0    11.12      8.6     None     6.06   110000      6.8     None     None     None     None     None     None     None
467410 20120823    997.6   1000.7   1000.5   000100    993.9   234500     28.9     33.1   113600     26.1   043500     24.6       78       61   113200      3.1     10.0     13.3    330.0   124400      1.0      0.8      1.0   174200      1.0   173500      3.4     26.7    19.18      8.0     None     8.65   120000      6.3     None     None     None     None     None     None     None
467410 20120824    993.1    996.1    997.8   235200    990.4   092300     27.0     28.9   131500     25.1   185000     24.1       84       73   223600      4.4    360.0     18.4    130.0   230600     10.5     10.3      1.5   183100      3.0   180500      0.0      0.0     3.10      8.1     None     3.70   130000      8.5     None     None     None     None     None     None     None
467410 20120825   1001.0   1004.1   1003.8   112600    997.7   003600     26.1     29.0   171300     24.1   065600     21.9       79       60   175900      4.5    120.0     18.8    170.0   042600     57.0      9.6      4.5   065000     21.5   063100      0.0      0.0     7.39      8.6     None     3.97   140000      7.9     None     None     None     None     None     None     None
467410 20120826    999.6   1002.6   1001.6   000100    997.8   164500     28.1     33.0   121300     25.2   052800     21.8       70       48   111900      1.7     50.0      9.4    220.0   140000      0.5      0.3      0.5   141000      0.5   141000      2.6     20.5    18.02      9.1     None     8.45   120000      6.0     None     None     None     None     None     None     None
467410 20120827    996.5    999.6    998.5   000100    993.4   235400     28.0     34.0   125800     24.9   195700     22.3       72       47   142200      2.8    100.0     15.4    150.0   171700     22.0      4.1     13.5   171500     16.0   171500      1.3     10.3    16.66     10.9     None     9.39   130000      7.5     None     None     None     None     None     None     None
467410 20120828    999.7   1002.7   1005.4   231800    991.7   021300     28.2     29.7   121700     25.7   000100     24.1       79       72   120900      3.9    300.0     15.0     10.0   030900      6.0      3.8      1.0   051800      2.5   062000      0.0      0.0     8.18      5.0     None     3.82   120000      9.6     None     None     None     None     None     None     None
467410 20120829   1005.8   1008.8   1007.5   093700   1004.1   032200     28.3     31.6   141200     26.3   084800     25.2       83    -9995     None      2.2    220.0      6.1    200.0   154600      0.0      0.0      0.0     None      0.0     None      2.8     22.2    13.33      4.6     None     6.82   130000      7.8     None     None     None     None     None     None     None
467410 20120830   1006.3   1009.4   1007.7   102600   1004.4   145800     28.6     32.2   131400     26.7   053300     25.5       84       70   125300      2.0    260.0      7.3    260.0   132100     -9.8      0.3     -9.8   205000     -9.8   205000      9.0     71.6    25.17      8.5     None     9.30   120000      5.4     None     None     None     None     None     None     None
467410 20120831   1006.7   1009.8   1008.1   222500   1005.5   154400     27.1     31.3   101600     24.8   183900     23.8       83    -9995     None      2.0    100.0      7.6    120.0   143100     19.5      6.5      5.0   145300     12.5   142000      2.6     20.7     9.05     10.8     None     5.47   110000      8.4     None     None     None     None     None     None     None
467410 20120901   1006.5   1009.6   1007.9   214700   1004.9   144700     27.6     32.4   131700     24.9   054400     23.1       77       58   120400      2.4     10.0     10.1    340.0   144700      0.6      1.1      0.3   183000      0.4   183000      7.2     57.5    23.21     11.9     None     9.92   130000      4.3     None     None     None     None     None     None     None
467410 20120902   1006.5   1009.6   1007.4   000100   1004.7   150800     27.4     31.6   121900     24.8   034200     22.1       73       59   123600      2.0    310.0      9.6    320.0   131900      0.5      1.2      0.5   181800      0.5   172800      7.8     62.4    23.44     13.4     None     8.89   130000      4.9     None     None     None     None     None     None     None
467410 20120903   1006.7   1009.8   1008.6   214700   1005.2   153300     28.3     31.9   131100     24.8   062300     22.1       69       58   104000      1.9    100.0      7.8    310.0   125800      0.0      0.0      0.0     None      0.0     None      7.6     60.9    22.55     13.3     None     9.12   130000      4.4     None     None     None     None     None     None     None
467410 20120904   1008.3   1011.4   1010.3   222500   1007.0   160400     29.0     33.4   120100     25.5   053600     22.8       70       51   114300      2.2    340.0      9.1    320.0   142800      0.0      0.0      0.0     None      0.0     None      8.5     68.2    22.96     11.4     None     8.26   120000      5.4     None     None     None     None     None     None     None
467410 20120905   1009.7   1012.8   1010.8   221000   1008.3   145400     29.6     32.9   105000     27.2   045200     24.4       74       56   103000      2.4     40.0      8.3    340.0   121200      0.0      0.0      0.0     None      0.0     None      7.2     57.9    23.26      4.9     None     8.29   130000      4.4     None     None     None     None     None     None     None
467410 20120906   1010.5   1013.5   1011.7   232900   1008.8   172600     29.9     33.2   102300     27.7   024400     24.3       73       53   101000      1.9    260.0      6.3    260.0   134300      0.0      0.0      0.0     None      0.0     None      9.5     76.5    25.56      9.3     None    10.51   130000      4.4     None     None     None     None     None     None     None
467410 20120907   1010.6   1013.7   1011.7   220100   1009.2   145600     29.5     32.6   140500     28.0   233200     24.3       74       58   140000      2.6    300.0      9.6    320.0   140600      0.0      0.0      0.0     None      0.0     None      5.9     47.6    22.08     12.1     None     9.02   130000      6.9     None     None     None     None     None     None     None
467410 20120908   1009.4   1012.4   1010.9   000100   1007.6   151500     29.5     32.7   134600     27.0   041300     23.5       71       60   131000      2.2    310.0      8.9    320.0   130900      0.0      0.0      0.0     None      0.0     None      8.0     64.7    22.62     11.4     None     8.79   120000      4.9     None     None     None     None     None     None     None
467410 20120909   1008.1   1011.1   1009.7   081700   1005.8   162500     29.6     32.7   142800     27.3   065700     23.9       72       58   141200      2.0    320.0      7.2    320.0   120800      0.0      0.0      0.0     None      0.0     None      6.9     55.9    21.28     10.5     None     9.18   130000      3.6     None     None     None     None     None     None     None
467410 20120910   1007.7   1010.7   1009.3   083900   1005.7   153600     30.0     33.7   122300     28.0   235900     23.7       70       49   113000      2.8    330.0     10.1    340.0   125500      4.0      0.5      2.5   234300      4.0   233000      8.8     71.4    25.93     10.3     None     9.56   120000      5.8     None     None     None     None     None     None     None
467410 20120911   1007.5   1010.5   1009.0   100700   1005.9   151300     29.5     32.7   142800     27.3   002600     23.7       72       53   142800      2.1    320.0      9.3    320.0   150900      1.0      0.5      0.7   000100      1.0   000100      8.1     65.9    22.61      8.6     None     9.43   130000      4.1     None     None     None     None     None     None     None
467410 20120912   1006.7   1009.7   1008.0   000100   1004.7   150500     29.2     32.4   125300     27.0   061400     23.4       72       56   150700      1.7    280.0      7.7    280.0   140800      0.0      0.0      0.0     None      0.0     None      9.3     75.8    24.76      9.6     None     9.69   130000      2.8     None     None     None     None     None     None     None
467410 20120913   1005.6   1008.6   1007.1   084100   1003.1   162900     29.7     33.3   144300     27.2   052100     23.3       69       52   121000      2.4    330.0      8.7    310.0   141700      0.0      0.0      0.0     None      0.0     None     10.2     83.2    24.92     15.4     None     9.24   130000      2.8     None     None     None     None     None     None     None
467410 20120914   1004.1   1007.2   1006.4   000100   1001.6   160900     29.0     33.5   131300     26.4   235800     22.9       70       55   121100      4.1     20.0     14.4     10.0   155800      0.0      0.0      0.0     None      0.0     None      7.1     58.1    18.56      5.9     None     5.37   120000      6.9     None     None     None     None     None     None     None
467410 20120915   1003.6   1006.7   1005.0   085500   1001.7   144200     27.9     33.4   124700     25.1   235700     21.6       69       53   124700      4.3     20.0     13.6     20.0   173300      0.0      0.0      0.0     None      0.0     None      6.6     54.1    20.50      9.3     None     7.04   120000      5.0     None     None     None     None     None     None     None
467410 20120916   1004.9   1008.0   1007.4   220600   1003.4   134500     27.1     32.1   130400     24.1   061800     19.9       65       50   124700      4.7     10.0     12.4     20.0   173800      0.0      0.0      0.0     None      0.0     None      9.2     75.5    24.63      9.0     None     8.69   120000      1.8     None     None     None     None     None     None     None
467410 20120917   1007.3   1010.3   1008.6   090000   1005.8   142900     26.9     32.2   124200     22.9   041400     17.6       58       37   113700      3.6     20.0     10.5     10.0   092000      0.0      0.0      0.0     None      0.0     None     10.9     89.6    26.17      7.1     None     9.00   120000      1.3     None     None     None     None     None     None     None
467410 20120918   1007.0   1010.1   1008.4   230200   1005.7   142900     27.5     31.7   144000     23.8   054700     18.2       58       40   120400      1.7     10.0      7.2    320.0   134000      0.0      0.0      0.0     None      0.0     None      9.4     77.4    24.03      5.0     None     8.20   120000      2.8     None     None     None     None     None     None     None
467410 20120919   1008.0   1011.1   1009.7   230300   1006.7   025400     28.1     30.8   113100     25.8   050300     18.6       57       45   132900      1.8     20.0      7.0     10.0   191700      0.0      0.0      0.0     None      0.0     None      0.6      5.0    12.89      4.6     None     5.58   120000      8.3     None     None     None     None     None     None     None
467410 20120920   1009.0   1012.0   1010.3   100200   1007.4   142900     28.5     34.2   131100     25.7   054800     20.4       62       40   131000      2.9     20.0      8.8    320.0   141800      0.0      0.0      0.0     None      0.0     None      3.1     25.6    18.66      4.9     None     7.87   130000      6.0     None     None     None     None     None     None     None
467410 20120921   1008.3   1011.3   1009.5   000200   1006.8   143700     28.8     32.7   142900     25.2   051700     21.9       68       48   153800      1.9     20.0      7.3    270.0   111300      0.0      0.0      0.0     None      0.0     None     10.2     84.5    23.04      4.5     None     7.32   120000      2.0     None     None     None     None     None     None     None
467410 20120922   1006.6   1009.6   1008.8   000100   1004.1   142700     29.4     34.2   135500     26.0   055700     22.5       67       47   113400      2.0    330.0      7.7    320.0   133400      0.0      0.0      0.0     None      0.0     None      8.2     68.1    23.47      6.1     None     8.71   120000      4.4     None     None     None     None     None     None     None
467410 20120923   1004.8   1007.8   1006.0   083000   1003.0   150800     29.4     33.7   123100     27.0   061900     22.8       69       52   110300      2.6     20.0      9.3    360.0   161900      0.0      0.0      0.0     None      0.0     None      8.5     70.7    22.15     10.1     None     7.99   130000      4.4     None     None     None     None     None     None     None
467410 20120924   1004.1   1007.2   1005.5   213600   1001.8   144400     28.2     33.1   133300     25.0   180400     23.6       77       60   133300      2.1     20.0      8.9    310.0   152300     12.5      0.6      9.5   172500     12.5   164800      4.6     38.3    19.09      4.3     None     7.34   130000      5.6     None     None     None     None     None     None     None
467410 20120925   1004.8   1007.8   1006.4   215300   1003.2   031600     28.6     32.0   135500     25.4   062600     22.8       72       59   145000      1.7    330.0      6.8    320.0   123000      0.0      0.0      0.0     None      0.0     None      6.5     54.3    20.01      5.4     None     6.81   130000      5.6     None     None     None     None     None     None     None
467410 20120926   1004.7   1007.7   1006.0   073800   1003.1   142500     28.7     32.2   135800     26.1   035600     22.8       70       59   143900      2.4    330.0      8.3    340.0   140100      0.0      0.0      0.0     None      0.0     None      6.1     51.0    17.51      5.3     None     6.02   130000      5.9     None     None     None     None     None     None     None
467410 20120927   1002.1   1005.2   1005.1   082100    999.7   161900     28.8     33.1   143000     26.0   061200     22.6       70       54   143000      2.9     10.0      9.4    320.0   154600      0.0      0.0      0.0     None      0.0     None      7.9     66.2    22.37      6.6     None     7.80   130000      4.0     None     None     None     None     None     None     None
467410 20120928   1000.4   1003.4   1003.6   232300    998.3   131900     26.8     30.4   140100     24.9   235600     20.3       68       57   140100      7.3     20.0     19.3     10.0   195900      0.0      0.0      0.0     None      0.0     None      2.8     23.5    16.39      8.4     None     6.69   140000      5.6     None     None     None     None     None     None     None
467410 20120929   1006.2   1009.3   1009.1   221800   1003.2   025000     26.4     31.2   111900     23.5   233800     17.2       57       44   183700      4.6     20.0     17.8    360.0   001200      0.0      0.0      0.0     None      0.0     None      3.5     29.4    14.50      8.5     None     6.52   110000      5.9     None     None     None     None     None     None     None
467410 20120930   1009.4   1012.5   1011.1   211000   1008.1   010500     26.1     30.8   134800     23.0   040700     17.7       60       48   105300      1.6     20.0      6.0    310.0   144800      0.0      0.0      0.0     None      0.0     None      7.3     61.5    20.78      6.0     None     6.92   130000      3.0     None     None     None     None     None     None     None
467410 20121001   1010.5   1013.6   1011.6   090700   1008.9   145900     26.3     30.5   124500     23.2   033900     18.8       64       54   125500      1.8    300.0      8.3    260.0   135700      0.0      0.0      0.0     None      0.0     None      9.8     82.7    23.59      5.6     None     7.83   120000      3.1     None     None     None     None     None     None     None
467410 20121002   1009.4   1012.5   1011.3   000100   1007.1   144100     26.0     31.0   122800     22.2   064700     18.4       63       47   113100      2.7     10.0      8.9    330.0   141300      0.0      0.0      0.0     None      0.0     None     10.3     87.1    22.96      6.8     None     6.76   120000      1.9     None     None     None     None     None     None     None
467410 20121003   1006.6   1009.7   1008.5   000100   1004.2   160200     25.0     30.5   122700     20.6   061500     18.2       67       50   121000      3.4     30.0      9.9    310.0   145400      0.0      0.0      0.0     None      0.0     None     10.1     85.6    23.27      5.4     None     7.10   120000      0.5     None     None     None     None     None     None     None
467410 20121004   1006.9   1010.0   1009.2   233000   1005.0   141300     25.3     30.3   132400     21.5   035200     18.2       65       49   130900      2.1     20.0     10.0    310.0   150000      0.0      0.0      0.0     None      0.0     None      7.7     65.4    19.41      7.4     None     5.44   110000      3.6     None     None     None     None     None     None     None
467410 20121005   1009.9   1013.0   1011.8   223800   1008.6   025400     26.2     29.9   115600     22.8   041500     18.9       65       48   154400      1.7    260.0      6.7    250.0   135500      0.0      0.0      0.0     None      0.0     None     10.2     86.8    23.63      6.1     None     7.81   120000      1.4     None     None     None     None     None     None     None
467410 20121006   1011.5   1014.6   1012.7   082700   1010.2   142400     26.9     31.2   134600     24.2   235400     20.2       67       51   134600      2.5     20.0     10.5     20.0   172500      0.0      0.0      0.0     None      0.0     None      7.3     62.2    19.25      7.3     None     6.55   130000      5.6     None     None     None     None     None     None     None
467410 20121007   1010.6   1013.7   1012.3   000100   1008.9   152400     26.0     30.6   131800     22.5   053200     19.9       70       53   133100      2.8     20.0      8.4     10.0   152500      0.0      0.0      0.0     None      0.0     None      5.9     50.4    20.07      6.1     None     6.07   130000      5.8     None     None     None     None     None     None     None
467410 20121008   1008.9   1012.0   1010.6   081300   1006.7   150200     26.0     30.1   112000     23.3   054200     19.0       65       57   112000      2.8     30.0      9.4     10.0   145800      0.0      0.0      0.0     None      0.0     None      3.3     28.2    12.86      6.3     None     2.44   130000      6.3     None     None     None     None     None     None     None
467410 20121009   1007.7   1010.8   1009.3   084000   1005.5   143900     25.4     30.1   132900     22.8   044600     18.7       67       52   132000      3.5     10.0     11.1     10.0   192500      0.0      0.0      0.0     None      0.0     None      1.9     16.3    14.40      5.9     None     4.92   110000      8.0     None     None     None     None     None     None     None
467410 20121010   1007.0   1010.1   1008.9   081900   1005.0   143100     25.4     30.4   125100     22.0   054000     18.5       67       47   125000      4.0     20.0     12.3     20.0   133100      0.0      0.0      0.0     None      0.0     None      8.6     73.9    20.73      7.1     None     7.05   120000      1.0     None     None     None     None     None     None     None
467410 20121011   1006.7   1009.8   1008.3   080300   1004.6   143800     25.4     31.2   140400     21.5   045100     18.0       64       50   123400      3.4     30.0     10.1     20.0   174600      0.0      0.0      0.0     None      0.0     None      8.6     74.0    21.75      5.9     None     6.92   120000      0.8     None     None     None     None     None     None     None
467410 20121012   1007.1   1010.2   1008.7   082400   1005.0   144700     24.9     30.7   134600     21.0   061700     16.8       62       45   132300      3.6     20.0     10.1    360.0   181000      0.0      0.0      0.0     None      0.0     None      9.7     83.6    21.99      7.4     None     7.34   120000      1.0     None     None     None     None     None     None     None
467410 20121013   1007.7   1010.8   1009.3   204400   1005.7   150300     25.1     30.9   124500     21.0   044500     18.1       66       48   124700      2.9     30.0      8.3    340.0   153900      0.0      0.0      0.0     None      0.0     None      7.6     65.6    20.93      8.9     None     6.93   130000      1.8     None     None     None     None     None     None     None
467410 20121014   1009.0   1012.1   1010.7   211400   1007.0   142300     25.4     31.4   131800     21.6   052500     19.4       71       47   124600      3.2     20.0     10.0     20.0   181400      0.0      0.0      0.0     None      0.0     None      9.4     81.3    21.18      7.6     None     7.17   120000      0.5     None     None     None     None     None     None     None
467410 20121015   1010.4   1013.5   1012.2   090600   1008.3   144600     25.7     31.6   133500     22.1   060000     19.3       69       49   131600      3.5     10.0     11.4    360.0   153100      0.0      0.0      0.0     None      0.0     None      7.7     66.8    19.77      6.6     None     6.43   120000      2.1     None     None     None     None     None     None     None
467410 20121016   1009.3   1012.4   1011.3   082700   1006.9   154000     25.2     30.1   122400     21.8   032400     18.9       68       53   133800      3.6     10.0      9.3     10.0   202200      0.0      0.0      0.0     None      0.0     None      7.9     68.6    20.53      5.1     None     6.57   130000      1.0     None     None     None     None     None     None     None
467410 20121017   1008.9   1012.0   1011.3   224700   1006.6   145500     25.0     30.5   142800     21.6   055600     18.7       69       51   122400      4.4     10.0     12.6     10.0   174100      0.0      0.0      0.0     None      0.0     None      6.6     57.4    18.63      5.3     None     6.89   120000      1.9     None     None     None     None     None     None     None
467410 20121018   1012.5   1015.6   1014.8   213500   1010.2   031400     23.8     29.5   124000     20.9   050900     15.7       62       43   132400      3.6     10.0      9.4     40.0   052700      0.0      0.0      0.0     None      0.0     None      2.3     20.1    14.31      4.5     None     5.51   130000      5.0     None     None     None     None     None     None     None
467410 20121019   1014.3   1017.4   1015.7   084500   1012.5   151800     24.0     28.1   114900     20.0   041900     16.4       63       38   154500      1.7     30.0      7.0    260.0   152700      0.0      0.0      0.0     None      0.0     None     10.2     89.1    22.38      5.1     None     7.62   120000      0.4     None     None     None     None     None     None     None
467410 20121020   1014.4   1017.5   1016.1   081800   1012.4   144600     24.9     29.0   120900     22.4   053500     18.2       67       54   120900      2.0    140.0      8.2    320.0   132600      0.0      0.0      0.0     None      0.0     None      7.7     67.4    18.11      5.3     None     5.76   120000      3.0     None     None     None     None     None     None     None
467410 20121021   1014.4   1017.5   1016.2   084000   1012.9   144300     25.3     29.7   122400     22.4   043300     18.5       67       42   122300      1.6    320.0      8.0    330.0   152400      0.0      0.0      0.0     None      0.0     None      9.0     78.9    20.18      6.6     None     7.02   120000      0.8     None     None     None     None     None     None     None
467410 20121022   1012.8   1015.9   1014.7   085200   1010.8   144500     26.0     30.7   130000     21.8   055600     18.1       63       42   115200      2.5     20.0      9.9    340.0   134700      0.0      0.0      0.0     None      0.0     None     10.2     89.6    21.24      6.0     None     7.31   120000      0.5     None     None     None     None     None     None     None
467410 20121023   1011.6   1014.7   1012.9   074500   1009.6   145900     25.5     30.7   122200     22.1   055700     19.6       71       48   121000      2.5     30.0      9.2    330.0   143700      0.0      0.0      0.0     None      0.0     None      9.4     82.7    20.24      5.3     None     6.04   120000      2.9     None     None     None     None     None     None     None
467410 20121024   1011.6   1014.7   1013.0   074400   1009.8   142700     25.9     29.9   103000     23.0   062200     20.1       71       55   123600      1.9     10.0      6.1    260.0   144400      0.0      0.0      0.0     None      0.0     None      9.9     87.2    20.61      4.6     None     7.10   120000      3.4     None     None     None     None     None     None     None
467410 20121025   1011.6   1014.7   1013.4   080900   1010.2   151800     26.4     30.3   125000     23.3   060600     21.0       73       58   124200      1.9     20.0      6.7    330.0   145500      0.0      0.0      0.0     None      0.0     None      7.5     66.2    18.50      3.6     None     5.72   130000      3.3     None     None     None     None     None     None     None
467410 20121026   1011.3   1014.4   1013.0   215800   1009.8   143100     27.2     30.5   113300     24.9   044700     22.0       74       62   124600      1.5    310.0      6.9    360.0   172100      0.0      0.0      0.0     None      0.0     None      5.5     48.6    16.50      3.9     None     5.85   130000      6.3     None     None     None     None     None     None     None
467410 20121027   1012.5   1015.6   1013.9   092400   1011.0   141700     26.9     30.0   115600     25.1   060800     22.7       78       66   121200      1.8     20.0      5.9    330.0   125900      0.0      0.0      0.0     None      0.0     None      0.1      0.9    10.59      5.0     None     4.59   130000      9.3     None     None     None     None     None     None     None
467410 20121028   1013.0   1016.1   1014.1   082700   1011.7   143100     27.3     30.5   120100     25.5   052600     22.9       77       65   093900      1.6    260.0      7.0    310.0   152300      0.0      0.0      0.0     None      0.0     None      3.4     30.2    15.71      3.5     None     6.51   120000      6.8     None     None     None     None     None     None     None
467410 20121029   1011.6   1014.7   1013.7   085500   1009.7   151100     26.9     29.9   121700     25.0   235900     22.4       77       66   143900      2.2     30.0      7.5    330.0   153500      0.0      0.0      0.0     None      0.0     None      3.1     27.6    12.31      3.5     None     4.52   130000      6.0     None     None     None     None     None     None     None
467410 20121030   1009.3   1012.4   1011.2   000100   1007.8   154900     26.0     30.1   122600     24.0   060300     21.1       75       62   122500      2.9     20.0      9.5     20.0   163600      0.0      0.0      0.0     None      0.0     None      3.1     27.6    15.01      3.6     None     4.98   120000      7.0     None     None     None     None     None     None     None
467410 20121031   1010.4   1013.5   1012.4   222700   1008.6   035700     22.4     24.4   110500     20.3   231000     18.6       79       68   110100      4.7     10.0     12.2     20.0   100600      2.5      3.9      0.2   155800      1.0   160100      0.0      0.0     5.48      8.3     None     3.16   110000      9.3     None     None     None     None     None     None     None
467410 20121101   1011.9   1015.1   1013.4   084600   1010.3   143700     22.3     26.3   132200     19.2   060500     16.6       71       58   151200      3.4     20.0      8.7     20.0   042600      0.0      0.0      0.0     None      0.0     None      2.7     24.1    14.37      4.1     None     5.33   110000      8.8     None     None     None     None     None     None     None
467410 20121102   1012.0   1015.2   1014.2   091000   1010.1   154600     23.6     27.1   144600     20.9   005500     17.7       70       58   144200      1.8     20.0      6.2    350.0   171800      0.0      0.0      0.0     None      0.0     None      1.6     14.3     9.26      3.9     None     3.34   120000      7.8     None     None     None     None     None     None     None
467410 20121103   1011.8   1014.9   1013.2   083700   1010.2   135000     24.9     29.0   132500     22.1   060100     19.5       73       55   132500      1.3    320.0      5.8    340.0   111800      0.0      0.0      0.0     None      0.0     None      5.3     47.5    16.05      3.3     None     5.04   120000      6.1     None     None     None     None     None     None     None
467410 20121104   1010.7   1013.8   1012.7   081200   1008.1   151600     25.0     29.7   145500     22.2   234000     19.7       73       53   150800      3.1     10.0      9.4    360.0   103800      0.0      0.0      0.0     None      0.0     None      6.1     54.8    15.38      4.6     None     5.23   110000      5.3     None     None     None     None     None     None     None
467410 20121105   1011.2   1014.4   1012.9   081700   1009.6   134000     23.9     27.9   125100     21.2   042300     18.5       72       60   135000      3.0     20.0      7.8     10.0   004500      0.0      0.0      0.0     None      0.0     None      1.6     14.4    12.73      4.1     None     4.64   110000      6.8     None     None     None     None     None     None     None
467410 20121106   1012.3   1015.5   1013.9   084900   1010.6   133300     23.7     28.7   130800     20.6   061700     17.2       67       55   135900      2.7     30.0      7.8     20.0   031100      0.0      0.0      0.0     None      0.0     None      7.3     65.7    16.83      4.5     None     5.03   130000      3.1     None     None     None     None     None     None     None
467410 20121107   1012.3   1015.4   1013.8   090000   1010.3   144900     23.3     27.3   120700     19.4   063800     17.1       69       58   130400      1.9     30.0      7.2    210.0   131000      0.0      0.0      0.0     None      0.0     None      9.4     84.8    18.67      4.9     None     5.94   120000      0.4     None     None     None     None     None     None     None
467410 20121108   1011.5   1014.6   1013.5   084400   1009.6   151000     24.6     28.8   120700     21.5   050100     17.6       66       48   120600      1.7     20.0      8.3    350.0   135700      0.0      0.0      0.0     None      0.0     None      9.7     87.6    18.45      4.4     None     5.41   130000      0.6     None     None     None     None     None     None     None
467410 20121109   1011.0   1014.1   1012.7   211600   1009.0   135600     25.4     30.3   124200     22.2   051200     19.1       69       52   122800      2.1    320.0      7.3    310.0   150200      0.0      0.0      0.0     None      0.0     None      9.3     84.1    18.59      5.0     None     6.03   120000      0.5     None     None     None     None     None     None     None
467410 20121110   1010.9   1014.0   1012.6   090500   1009.0   144000     26.4     30.2   111000     23.5   021900     20.0       68    -9995     None      1.0    250.0      5.8    230.0   122500      0.0      0.0      0.0     None      0.0     None      4.4     39.9    15.22      3.9     None     5.58   120000      5.0     None     None     None     None     None     None     None
467410 20121111   1012.5   1015.6   1014.8   214700   1010.4   142900     25.3     30.3   123500     22.6   234400     18.0       65       43   115100      4.0     10.0     12.1     20.0   104200      0.0      0.0      0.0     None      0.0     None      9.8     88.9    19.30      9.1     None     6.82   120000      3.4     None     None     None     None     None     None     None
467410 20121112   1013.8   1016.9   1015.1   083600   1012.1   142100     24.3     28.6   133300     20.8   060500     17.5       67    -9995     None      2.9     30.0      9.6     20.0   170300      0.0      0.0      0.0     None      0.0     None      6.8     61.8    15.25      7.1     None     4.68   130000      4.9     None     None     None     None     None     None     None
467410 20121113   1012.4   1015.5   1014.3   000400   1009.7   153200     24.6     29.7   130200     21.5   055400     18.1       68       49   111900      3.6     20.0     10.8     10.0   090500      0.0      0.0      0.0     None      0.0     None      9.8     89.2    18.86      6.9     None     6.21   120000      2.1     None     None     None     None     None     None     None
467410 20121114   1012.9   1016.0   1014.7   220400   1011.4   023000     24.5     29.0   112800     20.9   051300     19.2       77    -9995     None      2.1     20.0      7.0    330.0   143400      0.0      0.0      0.0     None      0.0     None      8.1     73.8    16.45      3.4     None     5.12   130000      2.5     None     None     None     None     None     None     None
467410 20121115   1014.7   1017.8   1016.0   090600   1012.8   143800     25.2     29.4   131400     23.0   032300     20.1       74       57   113200      2.2     20.0      8.4    320.0   120400      0.0      0.0      0.0     None      0.0     None      6.7     61.1    15.77      3.8     None     4.93   130000      5.0     None     None     None     None     None     None     None
467410 20121116   1014.3   1017.4   1016.5   085400   1012.1   141700     25.0     29.0   132800     22.4   061500     20.2       75       55   114100      1.8     20.0      6.8    310.0   161000      0.5      0.9      0.5   233700      0.5   230500      8.2     74.9    17.29      5.4     None     5.66   120000      5.3     None     None     None     None     None     None     None
467410 20121117   1012.3   1015.5   1013.9   000400   1010.6   135100     21.0     23.6   120100     18.6   235400     19.7       93       73   123100      3.5     20.0     10.4     20.0   141800     80.5     18.1      5.0   031700     19.0   024000      0.0      0.0     3.68      2.5     None     2.57   120000     10.0     None     None     None     None     None     None     None
467410 20121118   1013.0   1016.2   1014.4   095400   1011.6   042400     19.2     20.6   112500     17.8   013900     17.1       88       76   153500      3.9     20.0     11.5     20.0   142100      0.5      0.5      0.5   010500      0.5   010500      0.0      0.0     6.98      2.9     None     3.46   120000      9.9     None     None     None     None     None     None     None
467410 20121119   1013.5   1016.6   1014.9   091800   1011.5   140700     21.9     26.9   144800     17.6   060700     17.0       75       55   132800      3.1     20.0      7.7     30.0   011100      0.0      0.0      0.0     None      0.0     None      9.8     89.9    18.84      4.6     None     6.06   120000      2.0     None     None     None     None     None     None     None
467410 20121120   1013.7   1016.9   1015.8   084900   1011.2   153300     22.8     26.5   153700     19.7   043300     18.1       75       58   121900      2.0     20.0      6.0     20.0   080600      0.0      0.0      0.0     None      0.0     None      0.4      3.7     9.87      3.8     None     4.69   130000      6.1     None     None     None     None     None     None     None
467410 20121121   1011.2   1014.3   1013.8   074100   1009.0   155200     24.5     28.3   124800     21.5   031300     19.7       75       54   123700      1.3     20.0      5.2     20.0   090000      0.0      0.0      0.0     None      0.0     None      0.5      4.6    10.32      3.2     None     4.42   120000      7.5     None     None     None     None     None     None     None
467410 20121122   1009.2   1012.3   1010.8   085600   1007.4   150300     26.1     30.0   132800     23.4   051800     23.1       84       69   115200      1.8    210.0      6.6    200.0   144500      3.0      1.8      1.0   012800      2.5   010500      9.3     85.6    18.28      6.6     None     6.66   120000      3.5     None     None     None     None     None     None     None
467410 20121123   1010.3   1013.4   1012.8   221300   1008.9   033700     24.2     29.4   121100     19.8   232900     20.9       83       61   095300      2.3     10.0     15.7     20.0   135100      9.0      0.8      6.5   144500      8.5   140200      2.9     26.7     9.93     10.9     None     4.47   130000      5.8     None     None     None     None     None     None     None
467410 20121124   1013.9   1017.0   1015.6   091000   1011.5   030100     21.8     25.8   131500     19.1   032300     17.2       75       64   131600      2.6     20.0      8.4     10.0   000100      0.5      0.2      0.5   001000      0.5   001000      0.9      8.3     9.38      7.3     None     4.58   120000      9.6     None     None     None     None     None     None     None
467410 20121125   1013.2   1016.3   1015.6   085000   1010.9   153300     24.2     28.2   130800     21.0   055200     19.0       73       58   122500      1.7     10.0      6.6     40.0   202600      0.0      0.0      0.0     None      0.0     None      8.7     80.4    16.16      3.9     None     5.41   120000      4.5     None     None     None     None     None     None     None
467410 20121126   1011.5   1014.6   1014.3   225100   1009.2   153000     23.4     29.8   102500     17.1   235000     18.7       76       59   103900      3.5     20.0     12.1     10.0   212100      0.2      0.4      0.1   135500      0.2   135000      5.7     52.7    13.86      6.9     None     5.83   120000      5.8     None     None     None     None     None     None     None
467410 20121127   1014.2   1017.4   1016.3   094400   1013.0   144300     17.7     19.3   230400     15.8   063000     14.2       80       75   002600      2.8     30.0      8.8     20.0   002900      0.1      0.1      0.1   093500      0.1   093500      0.0      0.0     3.79      5.4     None     2.71   120000      9.3     None     None     None     None     None     None     None
467410 20121128   1012.3   1015.5   1013.7   000100   1010.3   151000     22.1     26.2   121600     18.3   011100     17.2       74       56   113200      2.4     30.0      8.0    330.0   141700      0.0      0.0      0.0     None      0.0     None      5.7     52.8    15.86      3.8     None     5.78   120000      7.8     None     None     None     None     None     None     None
467410 20121129   1011.6   1014.8   1014.3   091300   1009.2   035800     23.0     27.8   124400     19.8   230100     18.4       76       58   124500      3.0     20.0     10.9     40.0   095800      0.0      0.0      0.0     None      0.0     None      6.9     64.0    14.89      4.8     None     5.56   120000      5.9     None     None     None     None     None     None     None
467410 20121130   1011.1   1014.2   1012.8   091400   1009.1   152500     22.6     26.9   120000     19.7   004700     18.7       80       60   120000      2.3     10.0      7.9     20.0   160400      1.3      1.8      0.5   195000      1.2   194000      2.6     24.1    12.25      3.6     None     5.47   120000      9.0     None     None     None     None     None     None     None
467410 20121201   1011.4   1014.5   1012.8   095800   1010.4   151800     22.6     25.7   094500     20.1   023900     19.2       82       68   134200      2.8     20.0      8.6     20.0   193200      1.0      1.1      0.5   160500      0.5   154200      1.8     16.7     9.32      6.5     None     3.71   130000      8.8     None     None     None     None     None     None     None
467410 20121202   1010.4   1013.6   1012.3   232000   1008.6   160200     21.3     24.3   125800     18.4   234900     17.8       81       73   125500      4.3     10.0     11.0     20.0   192400      0.0      0.0      0.0     None      0.0     None      0.3      2.8     7.49      4.9     None     4.61   130000      8.0     None     None     None     None     None     None     None
467410 20121203   1012.6   1015.8   1014.0   095100   1011.2   151100     19.8     22.6   130100     17.9   235959     14.8       73       62   113200      5.1     20.0     13.0     10.0   160900      0.0      0.0      0.0     None      0.0     None      0.0      0.0     6.46      8.0     None     3.13   120000      8.9     None     None     None     None     None     None     None
467410 20121204   1012.8   1016.0   1015.0   092600   1010.5   142400     20.0     24.6   123600     16.4   041900     14.5       71       56   123600      2.7     20.0      8.1    310.0   150300      0.0      0.0      0.0     None      0.0     None      4.9     45.6    13.55      4.6     None     5.32   120000      6.8     None     None     None     None     None     None     None
467410 20121205   1012.8   1016.0   1014.9   080700   1011.4   045700     18.5     20.8   125000     16.8   190000     15.5       83       72   234800      4.9     20.0     16.9     40.0   152200      8.0      6.4      1.5   075500      4.0   072300      0.0      0.0     3.15      5.5     None     2.11   130000     10.0     None     None     None     None     None     None     None
467410 20121206   1013.8   1017.0   1015.7   220000   1011.7   134400     18.6     23.1   140000     14.6   064700     12.9       70       55   144400      2.8     20.0      9.8     20.0   032300      1.5      0.7      0.5   054200      1.5   054200      2.5     23.3    11.23      7.3     None     5.27   130000      9.4     None     None     None     None     None     None     None
467410 20121207   1014.3   1017.5   1016.5   093800   1012.0   145400     20.1     23.6   145300     17.3   064100     14.3       69       57   111900      2.6     20.0      7.0     30.0   002000      0.0      0.0      0.0     None      0.0     None      4.8     44.8    10.83      4.6     None     3.93   120000      6.6     None     None     None     None     None     None     None
467410 20121208   1011.7   1014.9   1013.7   084700   1009.4   145600     19.5     21.0   115000     18.1   203800     15.7       79       71   110800      3.9     20.0     12.4     10.0   171800      0.0      0.0      0.0     None      0.0     None      0.0      0.0     4.14      3.3     None     2.37   120000      9.6     None     None     None     None     None     None     None
467410 20121209   1011.5   1014.7   1013.3   100700   1010.0   132200     17.9     20.3   140500     15.7   235000     14.7       81       71   190800      3.7     20.0      8.5     40.0   012500      2.0      3.3      0.5   022600      1.5   022300      0.0      0.0     5.36      4.1     None     2.61   120000      9.3     None     None     None     None     None     None     None
467410 20121210   1012.8   1016.0   1014.4   211700   1011.4   025900     18.4     23.0   123500     15.2   013800     12.5       69       53   123500      3.0     20.0      9.0     10.0   212800      0.0      0.0      0.0     None      0.0     None      6.3     58.9    15.05      6.0     None     5.06   120000      5.5     None     None     None     None     None     None     None
467410 20121211   1014.1   1017.3   1016.1   215400   1012.4   143100     18.5     23.2   131800     15.6   064400     12.8       70       54   132700      4.4     10.0     12.5     20.0   165100      0.0      0.0      0.0     None      0.0     None      9.2     86.0    15.91      7.1     None     5.04   120000      3.0     None     None     None     None     None     None     None
467410 20121212   1016.2   1019.4   1018.0   222600   1014.4   140000     18.9     23.8   131800     15.0   053900     13.6       72       53   131100      3.0     20.0      8.9     10.0   200400      0.0      0.0      0.0     None      0.0     None      9.1     85.1    15.90      8.6     None     4.88   120000      0.1     None     None     None     None     None     None     None
467410 20121213   1017.0   1020.2   1018.7   091200   1015.0   145600     20.9     25.3   141600     18.0   063300     15.6       72       50   140100      2.5     30.0      7.4     30.0   090800      0.0      0.0      0.0     None      0.0     None      8.8     82.3    15.81      4.3     None     4.95   120000      5.8     None     None     None     None     None     None     None
467410 20121214   1015.8   1019.0   1018.3   090300   1013.8   144700     22.3     28.9   132700     17.2   064200     15.8       68       41   132700      2.1     30.0      7.6    360.0   062900      0.0      0.0      0.0     None      0.0     None      8.9     83.3    15.77      3.6     None     5.24   120000      0.0     None     None     None     None     None     None     None
467410 20121215   1013.0   1016.1   1014.8   100600   1011.0   150600     23.8     29.1   150500     19.6   030100     17.3       68       48   150400      1.9     30.0      6.5    340.0   112900      0.0      0.0      0.0     None      0.0     None      9.1     85.2    15.60      6.0     None     4.87   120000      0.6     None     None     None     None     None     None     None
467410 20121216   1012.6   1015.7   1014.5   090900   1010.4   144000     23.5     29.4   133900     20.1   234700     18.1       73       48   130900      2.6     20.0     11.4     20.0   163400      0.0      0.0      0.0     None      0.0     None      6.5     60.9    13.61      6.3     None     5.10   120000      4.0     None     None     None     None     None     None     None
467410 20121217   1013.6   1016.7   1015.0   082100   1011.6   150400     22.0     26.7   141500     19.0   070900     17.5       76       56   142400      3.1     20.0     12.5     10.0   021700      0.0      0.0      0.0     None      0.0     None      8.1     75.8    15.45      2.8     None     4.71   130000      6.1     None     None     None     None     None     None     None
467410 20121218   1015.5   1018.7   1017.3   203100   1013.5   063000     18.7     23.9   114700     13.8   232500     13.7       73       61   134200      5.3     20.0     15.4     10.0   085000      0.0      0.0      0.0     None      0.0     None      5.7     53.4    14.05      6.8     None     4.83   120000      4.4     None     None     None     None     None     None     None
467410 20121219   1016.5   1019.8   1018.1   080600   1014.1   140800     17.2     21.8   143300     13.0   064700     10.6       66       52   143300      4.0     20.0     12.6     20.0   003700      0.0      0.0      0.0     None      0.0     None      7.4     69.3    15.57      8.9     None     4.88   120000      5.3     None     None     None     None     None     None     None
467410 20121220   1015.7   1018.8   1018.1   083200   1013.1   151200     20.0     25.1   142600     16.1   031700     13.4       67       45   133200      2.9     30.0      7.5    350.0   143000      0.0      0.0      0.0     None      0.0     None      9.4     88.0    16.05      7.1     None     5.00   120000      0.3     None     None     None     None     None     None     None
467410 20121221   1013.7   1016.9   1015.4   064200   1011.1   152100     21.2     27.0   113600     16.3   050200     15.7       72       45   124200      2.2     30.0      9.1     30.0   205300      0.0      0.0      0.0     None      0.0     None      8.9     83.4    15.90      3.5     None     4.94   120000      1.6     None     None     None     None     None     None     None
467410 20121222   1014.0   1017.2   1016.1   225600   1011.7   141600     20.9     26.5   122800     16.6   235800     14.8       69       54   112100      4.9     20.0     13.5    350.0   172300      0.0      0.0      0.0     None      0.0     None      8.2     76.8    15.89      5.4     None     5.05   120000      3.1     None     None     None     None     None     None     None
467410 20121223   1018.3   1021.5   1020.3   095800   1015.8   024900     15.0     16.9   004400     12.4   230800      9.0       67       61   112700      6.9     20.0     17.3     10.0   105000      0.0      0.0      0.0     None      0.0     None      0.0      0.0     5.99      7.4     None     2.76   130000      9.4     None     None     None     None     None     None     None
467410 20121224   1018.0   1021.2   1020.5   091100   1015.8   153900     16.4     21.1   132800     12.2   032100      9.6       65       52   130900      2.1     30.0      9.4     10.0   004100      0.0      0.0      0.0     None      0.0     None      2.5     23.4    11.45      4.5     None     4.17   120000      8.8     None     None     None     None     None     None     None
467410 20121225   1016.8   1020.0   1019.1   091000   1014.2   153100     19.6     24.0   133900     17.4   063800     13.6       69       50   130200      3.5     20.0      9.3     20.0   212000      0.0      0.0      0.0     None      0.0     None      3.6     33.7    13.90      3.4     None     4.28   130000      7.0     None     None     None     None     None     None     None
467410 20121226   1015.0   1018.2   1016.8   091100   1012.8   153800     20.4     25.2   144900     17.2   052200     15.6       75       50   151700      2.4     20.0      6.4     10.0   032800      0.0      0.0      0.0     None      0.0     None      5.3     49.6    14.55      3.6     None     4.14   120000      5.9     None     None     None     None     None     None     None
467410 20121227   1013.8   1017.0   1016.0   085200   1011.0   154300     20.4     24.8   133100     18.4   072700     16.8       80       63   133000      2.9     30.0     14.6     20.0   212500      0.0      0.0      0.0     None      0.0     None      1.7     15.9    10.36      2.9     None     3.74   110000      7.4     None     None     None     None     None     None     None
467410 20121228   1012.9   1016.0   1015.4   085700   1010.4   142500     21.0     27.5   144100     17.3   043000     14.5       68       42   135700      4.4     20.0     16.1     20.0   101800      0.0      0.0      0.0     None      0.0     None      3.8     35.6    13.30      9.5     None     5.27   130000      6.0     None     None     None     None     None     None     None
467410 20121229   1011.8   1015.0   1014.0   081000   1009.7   143200     21.3     26.8   125300     17.8   065100     16.5       75       54   132900      2.6     20.0      9.1     20.0   234200      0.5      0.4      0.5   234200      0.5   234200      9.3     87.0    15.86      5.3     None     5.11   130000      2.6     None     None     None     None     None     None     None
467410 20121230   1014.0   1017.3   1017.2   214700   1011.0   005300     13.6     19.9   000100     10.3   195900      8.1       70       52   233600      8.6     20.0     22.4     20.0   065600      5.0      3.7      1.8   051800      3.8   045500      0.4      3.7     7.99      9.0     None     4.53   120000      9.0     None     None     None     None     None     None     None
467410 20121231   1017.1   1020.4   1019.5   094300   1015.4   151300     12.2     16.3   153900      9.5   050600      4.2       58       51   001400      4.3     20.0     14.5     20.0   000900      0.0      0.0      0.0     None      0.0     None      2.2     20.6    11.46      6.6     None     4.27   130000      9.1     None     None     None     None     None     None     None
