* MD (Multifield Daily Data Format)
* 以 '*' 字元開頭的文字為格式說明
* 以 '#' 字元開頭的文字為氣象資料欄位標題列9個字元一組
********************************************************************************
* 格式說明:
* 站碼(stno) 時間(yyyymmdd) 氣象資料欄位
* 1~6        8~15           第16個字元開始每個氣象要素(欄位)9個字元
* 時間為當地時間(Local Time)
* yyyy:西元年
* mm:月
* dd:日
********************************************************************************
* 欄位標題說明:
* 極值發生時間欄位格式為 hhmmss 6位字元  其中 hh:小時(00~23時) mm:分鐘(00~59分) ss:秒(00~59秒)
*
* CD11 平均雲量(10分量)
* EP01 20cm箱外蒸發量(mm)
* EP04 20cm箱內蒸發量(mm)
* EP05 A型蒸發量(mm)
* GR01 全天空日射量(MJ/㎡)
* GR02 最大小時全天空日射量(MJ/㎡)
* GR03 最大小時全天空日射量時間
* PP01 降水量(mm)
* PP02 降水時數(hour)
* PP03 最大十分鐘降水量(mm)
* PP04 最大十分鐘降水量起始時間
* PP05 最大六十分鐘降水量(mm)
* PP06 最大六十分鐘降水量起始時間
* PS01 平均測站氣壓(hPa)                
* PS02 平均海平面氣壓(hPa)
* PS03 最高測站氣壓(hPa)                  
* PS04 最高測站氣壓時間
* PS05 最低測站氣壓(hPa)
* PS06 最低測站氣壓時間
* PS07 最高海平面氣壓(hPa)
* PS08 最高海平面氣壓時間
* PS09 最低海平面氣壓(hPa)
* PS10 最低海平面氣壓時間
* RH01 平均相對溼度(%)
* RH02 最大相對溼度(%)
* RH03 最大相對溼度時間
* RH04 最小相對溼度(%)
* RH05 最小相對溼度時間
* SD01 雪深(cm)
* SS01 日照時數(hour)
* SS02 日照率(%)
* ST01 天空狀況
* ST02 地面狀況
* ST03 雷暴
* ST04 液態降水1
* ST05 液態降水2
* ST06 固態降水1
* ST07 固態降水2
* ST08 固態降水3
* ST09 視障1
* ST10 視障2
* ST11 光象1
* ST12 光象2
* TB01 黑球溫度(℃)
* TD01 平均露點溫度(℃)
* TD02 最高露點溫度(℃)
* TD03 最高露點溫度時間
* TD04 最低露點溫度(℃)
* TD05 最低露點溫度時間
* TG01 最低草溫(℃)
* TS01 地表溫度0cm(℃)
* TS02 地中溫度5cm(℃)
* TS03 地中溫度10cm(℃)
* TS04 地中溫度20cm(℃)
* TS05 地中溫度30cm(℃)
* TS06 地中溫度50cm(℃)
* TS07 地中溫度100cm(℃)
* TS08 地中溫度200cm(℃)
* TS09 地中溫度300cm(℃)
* TS10 地中溫度500cm(℃)
* TW01 平均溼球溫度(℃)
* TX01 平均氣溫(℃)
* TX02 絕對最高氣溫(℃)
* TX03 絕對最高氣溫時間
* TX04 絕對最低氣溫(℃)
* TX05 絕對最低氣溫時間
* TX10 氣溫日較差(℃)
* VP01 平均水氣壓(hPa)
* VP02 最大水氣壓(hPa)
* VP03 最大水氣壓時間
* VP04 最小水氣壓(hPa)
* VP05 最小水氣壓時間
* VS01 平均能見度(km)
* WD01 平均風風速(m/s)
* WD02 平均風風向(360 degree)
* WD03 平均風程(m/s)
* WD04 最大平均風風速(m/s)
* WD05 最大平均風風向(360 degree)
* WD06 最大平均風時間
* WD07 最大瞬間風風速(m/s)
* WD08 最大瞬間風風向(360 degree)
* WD09 最大瞬間風時間
* UV01 紫外線指數
********************************************************************************
* 特殊值:
* -999.1:儀器故障待修
* -9.6/-999.6:資料累計於後
* -9.5/-99.5/-999.5/-999.5/-9999.5/-9995:因故障而無資料
* -9.7/-99.7/-999.7/-999.7/-9999.7/-9997:因不明原因而無資料
* -9.8:雨跡(Trace)
* None:未觀測而無資料
********************************************************************************
# stno yyyymmdd     PS01     PS02     PS03     PS04     PS05     PS06     TX01     TX02     TX03     TX04     TX05     TD01     RH01     RH04     RH05     WD01     WD02     WD07     WD08     WD09     PP01     PP02     PP03     PP04     PP05     PP06     SS01     SS02     GR01     VS01     EP05     UV01     UV03     CD11     TS01     TS02     TS03     TS04     TS05     TS06     TS07
467410 20240101   1016.0   1019.2   1017.7   092100   1014.5   151100     19.1     23.4   125100     16.5   065800     12.6       67       52   125000      3.9    360.0      9.4    350.0   045300      0.0      0.0      0.0     None      0.0     None      4.6     42.9    12.79      6.0     None     5.57   130000      8.0     None     None     None     None     None     None     None
467410 20240102   1015.0   1018.2   1016.8   090200   1012.6   144400     19.2     24.3   125800     15.3   055300     14.2       73       56   121400      2.3     20.0      7.7    320.0   163000      0.0      0.0      0.0     None      0.0     None      5.5     51.3    13.55      8.5     None     5.76   130000      6.3     None     None     None     None     None     None     None
467410 20240103   1015.0   1018.2   1016.7   230800   1013.0   135000     18.5     23.0   133300     14.1   233700     14.0       76       59   132300      5.4    360.0     14.9     10.0   170600      0.0      0.0      0.0     None      0.0     None      8.5     79.3    15.73      8.0     None     6.13   130000      2.5     None     None     None     None     None     None     None
467410 20240104   1016.7   1019.9   1018.3   090700   1015.2   023300     17.3     22.4   141400     12.6   063500     10.7       66       49   121500      2.9     10.0      7.7     10.0   011700      0.0      0.0      0.0     None      0.0     None      9.2     85.7    15.96     11.0     None     6.32   130000      0.8     None     None     None     None     None     None     None
467410 20240105   1017.3   1020.5   1019.2   085700   1015.4   133000     19.0     24.2   132300     16.1   015800     13.6       72       48   132300      3.1     20.0      8.1    310.0   133800      0.0      0.0      0.0     None      0.0     None      9.7     90.3    16.03     10.5     None     6.18   130000      0.3     None     None     None     None     None     None     None
467410 20240106   1016.9   1020.1   1019.1   085800   1014.5   144900     19.2     24.9   124700     15.9   063400     14.2       74       40   125500      2.7     20.0      7.9    300.0   152800      0.0      0.0      0.0     None      0.0     None      7.1     66.1    14.20      5.5     None     5.88   130000      4.5     None     None     None     None     None     None     None
467410 20240107   1017.8   1020.9   1020.6   094400   1016.3   144800     18.9     24.7   141200     15.7   063100     12.9       70       44   141500      3.6    360.0      8.6     10.0   191500      0.0      0.0      0.0     None      0.0     None      5.6     52.1    12.52      8.0     None     5.62   130000      6.0     None     None     None     None     None     None     None
467410 20240108   1016.1   1019.3   1018.4   093100   1014.1   150800     18.9     24.6   140600     14.8   063000     13.1       70       49   122500      3.0    360.0      7.3     10.0   184900      0.0      0.0      0.0     None      0.0     None      4.9     45.5    13.31     12.8     None     5.19   120000      7.5     None     None     None     None     None     None     None
467410 20240109   1013.2   1016.3   1015.5   000100   1010.3   143700     19.9     25.4   140100     16.5   040100     16.6       82       56   143000      4.1    360.0     10.3    360.0   062900      0.0      0.0      0.0     None      0.0     None      4.8     44.2    13.28      8.3     None     5.80   120000      6.8     None     None     None     None     None     None     None
467410 20240110   1014.2   1017.4   1015.9   203800   1012.7   144300     18.9     23.9   123800     15.7   233800     11.6       65       37   212200      5.5    360.0     15.6     10.0   140500      0.0      0.0      0.0     None      0.0     None      9.7     90.0    16.16     13.3     None     5.88   130000      0.5     None     None     None     None     None     None     None
467410 20240111   1016.2   1019.4   1017.9   090600   1014.8   152700     16.8     22.0   120500     12.8   063500      7.0       53       38   000900      2.8     10.0      8.6    360.0   031200      0.0      0.0      0.0     None      0.0     None      9.7     89.9    16.06     10.5     None     5.94   120000      0.8     None     None     None     None     None     None     None
467410 20240112   1015.9   1019.1   1017.6   091700   1013.8   152000     18.6     24.1   140000     14.9   040000     11.5       65       38   140000      1.7     10.0      7.2    310.0   154900      0.0      0.0      0.0     None      0.0     None     10.0     92.6    16.55     13.8     None     6.04   130000      0.0     None     None     None     None     None     None     None
467410 20240113   1016.8   1020.0   1018.5   091000   1015.2   150100     19.6     24.8   135600     15.5   050300     11.8       64       27   154500      1.9     20.0      6.2    310.0   140900      0.0      0.0      0.0     None      0.0     None     10.0     92.5    16.43     14.3     None     5.88   130000      0.0     None     None     None     None     None     None     None
467410 20240114   1018.1   1021.3   1020.1   095000   1016.7   152400     20.0     24.8   125300     17.0   065200     13.3       67       46   114800      2.3     10.0      8.1    310.0   140500      0.0      0.0      0.0     None      0.0     None      9.8     90.6    16.27     15.0     None     6.36   130000      5.3     None     None     None     None     None     None     None
467410 20240115   1018.0   1021.1   1019.7   090800   1016.2   135600     19.5     25.4   123400     16.3   063100     14.5       74       42   122500      3.1     20.0      8.8    320.0   133300      0.0      0.0      0.0     None      0.0     None     10.1     93.2    17.11     12.8     None     6.38   130000      0.0     None     None     None     None     None     None     None
467410 20240116   1018.7   1021.9   1020.7   090900   1016.9   151900     19.1     24.2   144100     15.3   062500     13.9       73       53   125900      3.6    360.0      9.0     10.0   100200      0.0      0.0      0.0     None      0.0     None      8.3     76.5    16.00     10.0     None     6.90   130000      3.0     None     None     None     None     None     None     None
467410 20240117   1017.4   1020.5   1019.1   082000   1015.1   144800     20.2     25.4   132200     16.6   040400     15.0       73       51   123200      1.9     20.0      7.8    240.0   143800      0.0      0.0      0.0     None      0.0     None      9.9     91.2    16.91     12.5     None     7.10   130000      1.0     None     None     None     None     None     None     None
467410 20240118   1014.9   1018.1   1017.3   000100   1012.1   142200     21.0     26.4   134100     18.0   035000     16.9       78       51   132000      2.5     20.0      6.6    360.0   180700      0.0      0.0      0.0     None      0.0     None      4.1     37.7    12.74      9.0     None     5.87   120000      6.8     None     None     None     None     None     None     None
467410 20240119   1013.1   1016.2   1014.9   085600   1010.8   151200     22.5     28.0   124400     19.8   050100     17.5       75       38   122800      2.4     10.0      8.4    350.0   230400      0.0      0.0      0.0     None      0.0     None      9.3     85.5    16.76      7.5     None     7.00   130000      3.8     None     None     None     None     None     None     None
467410 20240120   1012.6   1015.8   1014.4   091900   1010.9   140900     21.6     26.7   135000     19.1   055800     18.3       83       59   125300      3.7     10.0     11.2    360.0   193400      0.0      0.0      0.0     None      0.0     None      8.4     77.1    16.07      9.3     None     6.87   130000      1.5     None     None     None     None     None     None     None
467410 20240121   1015.5   1018.7   1018.2   231300   1013.1   142900     19.7     25.9   145400     16.0   235959     14.8       74       53   131100      4.7     10.0     13.3     10.0   174800      0.0      0.0      0.0     None      0.0     None      8.8     80.7    16.62     13.3     None     7.46   130000      3.5     None     None     None     None     None     None     None
467410 20240122   1017.8   1021.0   1019.5   214100   1015.2   142400     16.4     21.2   134100     12.5   235700     11.5       73       60   131100      5.0    360.0     13.1    360.0   231400      0.0      0.0      0.0     None      0.0     None      4.8     43.9    13.45     12.8     None     7.58   130000      8.5     None     None     None     None     None     None     None
467410 20240123   1022.1   1025.4   1024.1   211000   1019.3   000100     10.6     13.3   144900      8.5   073300      6.7       77       65   144900      5.9     10.0     17.3    360.0   043400     -9.8      1.6     -9.8   064400     -9.8   064400      0.6      5.5     6.07     25.0     None     2.83   120000      9.5     None     None     None     None     None     None     None
467410 20240124   1023.0   1026.3   1024.8   085100   1021.4   150400     13.4     18.1   132800      9.5   011700      7.4       68       53   132900      2.9     10.0      8.7     20.0   020700      0.0      0.0      0.0     None      0.0     None      2.4     21.9    12.34     11.8     None     5.75   120000      8.0     None     None     None     None     None     None     None
467410 20240125   1023.5   1026.7   1025.5   094300   1021.6   145300     15.2     19.6   145500     12.3   054900      9.2       68       54   132400      3.4    360.0      9.6    360.0   233500      0.0      0.0      0.0     None      0.0     None      5.6     51.1    13.02     17.3     None     5.00   140000      6.3     None     None     None     None     None     None     None
467410 20240126   1022.9   1026.1   1024.9   090500   1020.6   161300     15.7     21.6   133700     11.7   062500     10.6       72       49   131100      3.8    360.0      9.6    350.0   214600      0.0      0.0      0.0     None      0.0     None      9.6     87.4    16.96      8.5     None     6.73   130000      0.3     None     None     None     None     None     None     None
467410 20240127   1021.4   1024.6   1023.2   083900   1019.1   145800     16.6     22.9   122900     12.9   054000     11.2       71       49   121300      3.9    360.0      9.7    360.0   215500      0.0      0.0      0.0     None      0.0     None      8.0     72.8    16.80      9.5     None     6.98   130000      3.3     None     None     None     None     None     None     None
467410 20240128   1021.4   1024.7   1023.0   083800   1019.2   145300     16.7     22.9   131600     12.9   064200     10.8       70       47   131800      4.5     10.0     11.9     10.0   002400      0.0      0.0      0.0     None      0.0     None      7.0     63.6    16.03      6.5     None     6.90   120000      3.8     None     None     None     None     None     None     None
467410 20240129   1020.1   1023.3   1022.3   000800   1017.0   145600     18.2     24.3   134600     14.2   070000     13.7       76       57   131400      3.5     20.0     10.9    320.0   163200      0.0      0.0      0.0     None      0.0     None      9.5     86.1    17.68      9.8     None     7.30   130000      2.5     None     None     None     None     None     None     None
467410 20240130   1018.4   1021.5   1020.7   093200   1016.4   145500     20.3     25.6   140200     16.9   065000     16.8       82       59   134300      2.8     20.0      8.3     10.0   095000     -9.8      0.5     -9.8   013200     -9.8   013200      8.0     72.4    16.26      3.8     None     7.11   130000      4.3     None     None     None     None     None     None     None
467410 20240131   1017.0   1020.1   1019.4   083800   1014.6   150400     22.4     28.1   135200     18.7   070400     17.7       76       54   135300      1.9     10.0      6.4    310.0   141200      0.0      0.0      0.0     None      0.0     None      9.8     88.0    17.38      6.3     None     6.96   130000      1.5     None     None     None     None     None     None     None
467410 20240201   1015.8   1018.9   1017.8   092300   1013.8   150700     23.0     27.8   135900     18.2   043500     17.3       72       47   162400      1.8    310.0      7.4    320.0   141400      0.0      0.0      0.0     None      0.0     None     10.2     92.1    17.93     10.8     None     7.99   130000      2.8     None     None     None     None     None     None     None
467410 20240202   1015.7   1018.9   1017.2   094400   1014.1   024000     22.4     27.1   113100     18.5   233500     17.7       76       55   105800      2.8     10.0      8.7    350.0   141600      0.0      0.0      0.0     None      0.0     None      9.2     82.9    17.53     11.0     None     7.61   130000      5.5     None     None     None     None     None     None     None
467410 20240203   1016.0   1019.1   1017.9   084800   1014.2   154600     21.3     27.2   131000     18.2   003000     17.7       81       59   125500      2.9     10.0     10.1     10.0   014100      0.0      0.0      0.0     None      0.0     None      0.9      8.1    11.99      6.0     None     6.88   130000      9.3     None     None     None     None     None     None     None
467410 20240204   1014.7   1017.8   1016.7   215700   1011.5   142900     21.5     25.8   125600     18.9   074800     19.0       86       64   125700      2.7     20.0      9.3     10.0   222100     -9.8      2.6     -9.8   014300     -9.8   014300      0.6      5.4     7.74      4.5     None     5.09   130000      9.5     None     None     None     None     None     None     None
467410 20240205   1015.4   1018.5   1017.2   093300   1013.0   144200     20.8     26.9   151600     17.6   042700     16.5       78       50   141200      3.8     10.0     11.9     10.0   102800     -9.8      0.1     -9.8   043500     -9.8   043500      2.6     23.3    11.51     17.5     None     5.86   140000      7.8     None     None     None     None     None     None     None
467410 20240206   1016.8   1020.0   1019.2   092700   1014.7   151800     20.0     25.8   134500     17.3   063800     15.8       78       56   134300      3.8     10.0      9.8    360.0   073000      0.0      0.0      0.0     None      0.0     None      5.6     50.2    15.78      9.3     None     7.59   130000      7.0     None     None     None     None     None     None     None
467410 20240207   1013.7   1016.9   1016.2   000300   1010.9   153600     18.8     23.5   125500     15.3   235700     14.9       78       63   144400      4.7    360.0     12.8    360.0   172300      0.0      0.0      0.0     None      0.0     None      5.0     44.7    15.15     10.0     None     7.22   130000      6.0     None     None     None     None     None     None     None
467410 20240208   1013.6   1016.8   1015.9   224600   1011.6   152900     17.4     23.2   144600     14.7   081100     13.4       78       60   142200      4.1     10.0     10.8    360.0   020000     -9.8      0.2     -9.8   054100     -9.8   054100      5.2     46.4    15.98     10.5     None     7.79   120000      7.3     None     None     None     None     None     None     None
467410 20240209   1018.4   1021.6   1021.0   223300   1015.8   001600     15.2     18.8   143200     13.0   234400     11.5       79       62   143200      5.2     10.0     12.9    360.0   141600      1.5      1.7      0.5   022800      1.0   022800      6.5     57.9    17.09     15.8     None     7.89   120000      3.5     None     None     None     None     None     None     None
467410 20240210   1021.1   1024.3   1022.8   223100   1019.2   151200     16.1     21.1   142500     12.7   065000      9.9       67       50   130900      3.9     10.0      8.8    350.0   215200      0.0      0.0      0.0     None      0.0     None      3.1     27.6    13.99      6.0     None     7.00   130000      9.5     None     None     None     None     None     None     None
467410 20240211   1022.8   1026.0   1024.7   094600   1021.0   150900     17.6     24.5   143600     12.6   064600      7.0       52       23   134900      3.7     10.0     10.4     20.0   071100      0.0      0.0      0.0     None      0.0     None     10.2     90.6    19.65     13.0     None     8.53   130000      0.5     None     None     None     None     None     None     None
467410 20240212   1023.1   1026.3   1024.7   083600   1021.6   152500     17.7     23.4   131400     13.5   055500     10.1       62       41   120900      2.7     10.0      8.3    310.0   161200      0.0      0.0      0.0     None      0.0     None     10.5     93.1    20.40     13.3     None     8.71   130000      0.0     None     None     None     None     None     None     None
467410 20240213   1020.7   1023.9   1023.3   000800   1017.9   154000     19.0     25.5   135400     14.1   063400      9.9       59       30   131400      2.4     20.0      8.8    320.0   150900      0.0      0.0      0.0     None      0.0     None     10.8     95.6    20.64      9.3     None     8.67   130000      0.3     None     None     None     None     None     None     None
467410 20240214   1017.4   1020.6   1020.2   090500   1014.9   155300     22.0     28.3   144000     16.7   044100     10.1       48       28   115500      2.3     20.0      7.8     30.0   092000      0.0      0.0      0.0     None      0.0     None     10.7     94.5    20.47     22.0     None     8.81   130000      0.0     None     None     None     None     None     None     None
467410 20240215   1015.7   1018.9   1017.5   094000   1013.2   150900     23.4     29.1   131200     19.3   051800     14.7       59       39   121300      2.2     20.0      7.0    340.0   162300      0.0      0.0      0.0     None      0.0     None      7.8     68.8    17.79     21.3     None     8.49   120000      8.0     None     None     None     None     None     None     None
467410 20240216   1016.8   1020.0   1018.6   081900   1015.3   150100     19.6     24.4   124600     16.9   230900     15.6       78       57   124600      4.4    360.0     11.4    360.0   063700      0.0      0.0      0.0     None      0.0     None      8.6     75.7    19.60      9.0     None     8.62   130000      2.5     None     None     None     None     None     None     None
467410 20240217   1015.1   1018.3   1017.0   084200   1013.0   152600     20.0     25.8   123400     16.7   002800     15.8       77       55   120200      3.3    360.0      8.6    310.0   141400      0.0      0.0      0.0     None      0.0     None      9.7     85.3    19.90     14.5     None     8.45   130000      0.3     None     None     None     None     None     None     None
467410 20240218   1013.6   1016.8   1015.9   100200   1011.9   150700     23.7     29.3   145200     18.6   003600     17.3       69       47   114900      2.8    180.0     12.4    180.0   150300      0.0      0.0      0.0     None      0.0     None     10.1     88.6    20.70     17.5     None     9.10   130000      4.8     None     None     None     None     None     None     None
467410 20240219   1013.6   1016.7   1015.4   084300   1012.4   025600     25.4     29.7   110600     22.0   064100     20.4       75       49   105500      2.8    190.0      8.4    250.0   150900      0.0      0.0      0.0     None      0.0     None      8.1     70.9    20.60     32.5     None     9.92   130000      7.0     None     None     None     None     None     None     None
467410 20240220   1013.4   1016.5   1015.3   092900   1011.5   154000     26.1     30.2   124800     23.5   051700     21.2       76       52   145500      3.5    190.0     11.1    210.0   144800      0.0      0.0      0.0     None      0.0     None     10.6     92.7    21.00     37.0     None    10.51   130000      3.8     None     None     None     None     None     None     None
467410 20240221   1012.8   1015.9   1014.3   083800   1010.6   142300     26.2     31.0   131200     22.4   065100     18.5       63       48   131200      3.7    180.0     13.5    180.0   155700      0.0      0.0      0.0     None      0.0     None     11.0     96.0    21.83     22.5     None    10.03   130000      0.0     None     None     None     None     None     None     None
467410 20240222   1014.7   1017.9   1016.4   095900   1012.4   022900     24.7     29.8   122800     20.9   232400     18.7       70       49   140700      3.2    360.0      9.8    360.0   212600      0.0      0.0      0.0     None      0.0     None     10.7     93.2    21.44     15.5     None    10.41   130000      2.0     None     None     None     None     None     None     None
467410 20240223   1016.7   1019.8   1018.2   093000   1014.6   160800     21.9     27.3   145200     17.7   235000     16.3       71       50   135800      4.6     10.0     12.9     10.0   032300      0.0      0.0      0.0     None      0.0     None     10.8     93.9    21.60      9.5     None     9.79   130000      0.8     None     None     None     None     None     None     None
467410 20240224   1017.2   1020.3   1018.7   090200   1015.7   141700     21.2     26.0   112300     17.1   043400     15.3       70       54   110900      4.1     20.0     11.5     10.0   155400      0.0      0.0      0.0     None      0.0     None      9.2     79.3    20.07     13.0     None     8.50   130000      1.5     None     None     None     None     None     None     None
467410 20240225   1017.0   1020.1   1018.0   083200   1015.1   153500     19.6     23.7   130500     16.4   235200     14.8       74       60   141200      4.6    360.0     11.4    350.0   144800      0.0      0.0      0.0     None      0.0     None      9.6     83.1    20.49     13.0     None     8.52   130000      2.0     None     None     None     None     None     None     None
467410 20240226   1017.8   1021.0   1019.9   083300   1016.3   160100     17.6     23.6   131100     14.4   042000     12.1       71       52   131100      4.0    360.0     11.0    360.0   032900      0.0      0.0      0.0     None      0.0     None      2.1     18.2    14.15      9.5     None     7.29   130000      7.5     None     None     None     None     None     None     None
467410 20240227   1017.5   1020.7   1020.0   101100   1015.6   161400     17.8     22.4   160300     14.6   061100     12.3       71       56   131200      3.8     10.0      9.6     10.0   015500      0.0      0.0      0.0     None      0.0     None      3.1     26.8    11.64     15.3     None     7.20   130000      7.5     None     None     None     None     None     None     None
467410 20240228   1015.6   1018.8   1017.8   080700   1012.2   150200     20.2     27.1   124500     15.9   005300     15.0       73       49   121400      3.1     20.0      8.0     20.0   233600      0.0      0.0      0.0     None      0.0     None      9.8     84.4    20.71     14.0     None     8.75   130000      2.0     None     None     None     None     None     None     None
467410 20240229   1014.1   1017.2   1016.1   000100   1011.3   150100     21.8     28.1   113000     17.4   051900     17.1       76       52   113000      3.3     20.0     11.0    350.0   191100      0.0      0.0      0.0     None      0.0     None      8.6     73.9    20.43     11.0     None     8.72   130000      2.3     None     None     None     None     None     None     None
467410 20240301   1015.4   1018.7   1017.8   222500   1013.5   022900     16.7     20.1   021400     14.0   233600     11.6       72       60   121000      5.5    360.0     13.6    360.0   061800      0.0      0.0      0.0     None      0.0     None      0.2      1.7     7.40     17.5     None     4.04   110000      9.3     None     None     None     None     None     None     None
467410 20240302   1016.8   1020.1   1018.8   093000   1015.0   155300     14.2     15.4   192700     12.9   041200     10.5       79       74   100700      4.0     10.0      9.8    360.0   025700     -9.8      1.6     -9.8   065600     -9.8   065600      0.0      0.0     3.40     12.3     None     2.40   130000     10.0     None     None     None     None     None     None     None
467410 20240303   1015.0   1018.2   1018.0   083900   1011.8   160300     18.2     24.8   144900     13.7   030600     13.0       73       48   133300      3.3     10.0      9.1    340.0   184000      0.0      0.0      0.0     None      0.0     None     10.2     87.2    21.53     18.3     None     9.33   130000      0.8     None     None     None     None     None     None     None
467410 20240304   1011.4   1014.6   1014.2   005800   1007.6   154500     22.2     26.8   132300     16.4   051900     16.9       73       48   132200      2.9     20.0      8.6    200.0   180300      0.0      0.0      0.0     None      0.0     None      7.1     60.6    18.78      7.5     None     7.64   140000      6.5     None     None     None     None     None     None     None
467410 20240305   1008.3   1011.4   1010.5   075900   1005.8   153800     26.5     30.4   122100     23.6   053000     20.5       71       48   115800      2.4    180.0      7.0    160.0   020200      0.0      0.0      0.0     None      0.0     None      9.3     79.2    20.36     16.3     None    10.08   130000      1.3     None     None     None     None     None     None     None
467410 20240306   1008.6   1011.7   1011.1   235300   1006.7   142100     25.3     29.1   095300     19.8   235959     19.7       71       55   091600      2.9    300.0      8.9    240.0   145100      0.0      0.0      0.0     None      0.0     None      9.7     82.4    20.38     15.0     None     8.78   120000      2.0     None     None     None     None     None     None     None
467410 20240307   1012.5   1015.7   1014.8   233600   1010.0   021000     17.6     20.1   001100     15.9   232500     13.7       78       67   143200      4.3     10.0     10.4     20.0   061300      2.5      1.5      1.5   195700      2.5   193600      0.0      0.0     5.02      7.5     None     2.63   110000     10.0     None     None     None     None     None     None     None
467410 20240308   1014.7   1017.9   1016.6   220300   1012.5   154300     18.1     23.6   141300     14.7   055800      9.9       60       43   115800      4.3     10.0     11.1    350.0   175600      0.0      0.0      0.0     None      0.0     None      8.7     73.7    20.17     12.5     None     9.00   130000      2.5     None     None     None     None     None     None     None
467410 20240309   1016.5   1019.7   1018.6   090100   1013.8   045400     17.3     22.3   133500     14.4   060600      7.1       51       41   021500      3.5    360.0     10.2     10.0   151100     -9.8      0.2     -9.8   153300     -9.8   153300      2.4     20.3    13.30      8.8     None     5.99   140000      9.0     None     None     None     None     None     None     None
467410 20240310   1018.8   1022.0   1022.0   103400   1016.9   160100     17.6     22.9   145800     14.9   014000     12.0       70       53   150300      2.9     20.0      9.4    340.0   183700     -9.8      2.3     -9.8   054200     -9.8   054200      2.6     21.9    11.49      6.8     None     7.67   140000      9.0     None     None     None     None     None     None     None
467410 20240311   1015.0   1018.2   1019.5   000100   1011.8   164400     19.9     24.4   114800     17.3   031200     16.2       80       57   114900      3.0     20.0     11.2    360.0   184900     -9.8      1.9     -9.8   010900     -9.8   010900      4.7     39.6    14.90      6.0     None     7.24   120000      5.3     None     None     None     None     None     None     None
467410 20240312   1014.2   1017.4   1016.3   221100   1012.2   021200     20.8     26.3   130600     16.9   060500     12.9       64       26   154300      4.2    360.0     14.7    360.0   042400      0.0      0.0      0.0     None      0.0     None     11.0     92.4    24.30     14.3     None    10.33   130000      0.8     None     None     None     None     None     None     None
467410 20240313   1016.1   1019.3   1018.1   094200   1014.7   154200     21.3     25.2   135100     18.8   234400     14.2       65       47   135800      2.7    340.0      8.3    360.0   173000      0.0      0.0      0.0     None      0.0     None      8.4     70.5    20.68     15.8     None     9.29   130000      3.0     None     None     None     None     None     None     None
467410 20240314   1015.2   1018.4   1018.3   092000   1012.2   144700     20.9     27.2   145400     17.5   055800     15.6       74       39   143200      2.5     10.0      7.5     20.0   024600     -9.8      0.7     -9.8   031600     -9.8   031600      5.6     46.9    14.91      7.0     None     9.37   130000      5.3     None     None     None     None     None     None     None
467410 20240315   1015.4   1018.5   1016.8   080000   1013.7   144000     21.7     27.3   112400     17.9   055200     17.0       76       50   103900      2.7     20.0      8.0    310.0   140600      0.0      0.0      0.0     None      0.0     None     10.0     83.6    21.68      4.3     None     9.37   130000      0.0     None     None     None     None     None     None     None
467410 20240316   1015.3   1018.4   1017.5   085800   1013.2   151000     23.6     28.7   124700     18.7   062900     17.5       70       48   124400      2.0     20.0      7.4    310.0   142000      0.0      0.0      0.0     None      0.0     None     10.1     84.2    20.96      7.5     None     9.33   130000      0.0     None     None     None     None     None     None     None
467410 20240317   1013.5   1016.7   1015.8   073100   1011.1   161200     25.0     29.2   134300     21.7   063900     19.1       71       49   134400      2.5     20.0      8.1    350.0   234800      0.0      0.0      0.0     None      0.0     None     10.2     84.9    21.91     10.3     None    10.16   130000      0.5     None     None     None     None     None     None     None
467410 20240318   1013.4   1016.5   1015.5   230900   1011.0   153500     22.5     27.4   142500     19.7   231100     18.6       79       59   142500      4.0    360.0     11.5    360.0   205700      0.0      0.0      0.0     None      0.0     None      5.4     44.9    18.10      7.3     None     8.96   130000      4.3     None     None     None     None     None     None     None
467410 20240319   1015.1   1018.3   1017.0   223100   1012.5   145600     20.1     24.2   144300     16.5   235400     13.9       68       54   162300      5.5    360.0     14.6     10.0   174700      0.0      0.0      0.0     None      0.0     None      6.9     57.2    19.54     10.3     None    10.98   130000      5.3     None     None     None     None     None     None     None
467410 20240320   1017.3   1020.5   1018.7   082600   1016.0   153800     20.4     25.6   123300     16.3   010700     10.0       52       35   055600      3.0     20.0     10.7    180.0   111800      0.0      0.0      0.0     None      0.0     None     10.4     86.1    23.65     14.3     None    10.43   130000      0.3     None     None     None     None     None     None     None
467410 20240321   1014.9   1018.0   1017.7   000100   1012.5   152700     21.3     24.4   123300     18.7   011700     13.7       62       54   112800      2.2    110.0      8.8    270.0   122100      0.0      0.0      0.0     None      0.0     None     10.1     83.4    22.23     18.8     None     9.76   130000      1.3     None     None     None     None     None     None     None
467410 20240322   1011.8   1014.9   1014.0   082300   1009.8   152400     23.4     27.4   133300     18.9   055400     15.9       64       46   110300      1.9     40.0      6.9    240.0   163200      0.0      0.0      0.0     None      0.0     None      7.2     59.4    19.41     14.5     None     8.77   130000      5.3     None     None     None     None     None     None     None
467410 20240323   1011.5   1014.6   1013.1   230400   1009.4   034900     26.4     30.0   110400     23.1   025600     20.5       71       58   113200      4.2    160.0     13.8    190.0   132700      0.0      0.0      0.0     None      0.0     None      9.3     76.5    21.69     26.3     None    11.02   130000      7.0     None     None     None     None     None     None     None
467410 20240324   1013.1   1016.2   1015.3   082200   1011.5   152200     27.0     31.1   123500     24.5   054300     22.6       78       55   113400      2.8    220.0      8.5    210.0   094700      0.0      0.0      0.0     None      0.0     None      9.1     74.8    22.77     18.5     None    11.93   130000      7.3     None     None     None     None     None     None     None
467410 20240325   1011.9   1015.0   1013.6   094200   1010.1   160800     27.2     30.7   141500     25.3   051400     22.6       77       54   135600      3.8    180.0     11.9    190.0   132700      0.0      0.0      0.0     None      0.0     None     10.0     82.0    23.83     14.3     None    11.28   130000      1.8     None     None     None     None     None     None     None
467410 20240326   1014.0   1017.1   1016.4   215700   1011.5   030300     26.4     30.5   132700     23.2   234600     21.7       76       62   104900      2.8    360.0      9.6    300.0   122900      0.0      0.0      0.0     None      0.0     None      7.7     63.0    20.99     12.8     None     9.66   130000      6.0     None     None     None     None     None     None     None
467410 20240327   1015.2   1018.3   1017.8   091000   1012.8   163700     24.8     30.1   150100     20.7   062900     18.3       68       50   135700      3.0    360.0      8.9    320.0   151800      0.0      0.0      0.0     None      0.0     None      6.8     55.5    21.36     10.5     None    10.85   130000      5.3     None     None     None     None     None     None     None
467410 20240328   1010.6   1013.7   1014.0   000100   1007.7   161400     26.3     31.1   160100     23.6   020000     21.1       73       51   155500      2.3    140.0      7.7    330.0   115400      0.0      0.0      0.0     None      0.0     None      5.0     40.8    16.84     19.5     None     7.65   110000      7.0     None     None     None     None     None     None     None
467410 20240329   1010.9   1014.0   1012.8   223000   1009.3   151200     26.3     29.7   130200     24.1   062200     21.6       76       61   112900      2.5    300.0      7.4    320.0   115900      0.0      0.0      0.0     None      0.0     None      4.4     35.8    16.94      9.8     None     7.62   130000      9.0     None     None     None     None     None     None     None
467410 20240330   1011.8   1014.9   1013.6   092400   1010.2   145700     26.7     29.4   121800     24.3   071900     22.4       78       64   104300      2.4    230.0      8.2    250.0   132900     -9.8      0.1     -9.8   040100     -9.8   040100      7.0     56.9    19.19     13.3     None     8.57   130000      7.0     None     None     None     None     None     None     None
467410 20240331   1009.9   1013.0   1011.4   101900   1007.9   162200     27.3     29.9   125800     24.7   062300     22.3       75       58   164100      2.4    210.0      8.8    210.0   081800      0.0      0.0      0.0     None      0.0     None      6.0     48.7    20.03     18.8     None     8.57   130000      6.5     None     None     None     None     None     None     None
467410 20240401   1009.6   1012.7   1012.3   082200   1007.4   034000     26.5     31.3   124500     21.8   051800     22.1       77       53   124500      2.4    250.0     13.6    330.0   044200      6.5      1.6      4.0   044800      5.5   043200      6.5     52.2    19.25     21.8     None     9.59   120000      5.3     None     None     None     None     None     None     None
467410 20240402   1008.6   1011.7   1010.6   084200   1007.3   031100     27.6     30.5   132600     25.4   063300     23.1       77       61   111500      3.2    190.0     12.8    190.0   135600      0.0      0.0      0.0     None      0.0     None     10.0     80.8    23.93     26.3     None    10.74   130000      5.8     None     None     None     None     None     None     None
467410 20240403   1009.5   1012.6   1011.9   080100   1007.4   151100     28.1     32.2   105700     25.9   031400     22.6       73       49   104800      2.5    210.0      8.6    230.0   123600      0.0      0.0      0.0     None      0.0     None     10.9     87.9    25.21     10.8     None    11.48   130000      0.8     None     None     None     None     None     None     None
467410 20240404   1009.8   1012.9   1013.3   231500   1007.1   153100     27.7     31.9   112400     25.0   053000     21.5       70       47   103100      2.3    270.0      9.0     10.0   233000      0.0      0.0      0.0     None      0.0     None     11.2     90.2    25.46     13.8     None    11.11   130000      0.3     None     None     None     None     None     None     None
467410 20240405   1010.4   1013.5   1012.8   232900   1008.4   130300     26.4     31.0   130000     23.1   014600     20.9       72       53   090700      3.7     10.0     11.8    350.0   005800      0.0      0.0      0.0     None      0.0     None      9.6     77.1    23.91     16.0     None     9.99   130000      5.0     None     None     None     None     None     None     None
467410 20240406   1010.7   1013.8   1012.6   000100   1009.0   152300     26.4     30.3   110200     23.0   032400     20.7       71       55   113800      2.9     20.0     11.5     10.0   021200      0.0      0.0      0.0     None      0.0     None      5.7     45.4    19.39     19.3     None     9.73   120000      6.0     None     None     None     None     None     None     None
467410 20240407   1008.7   1011.8   1010.1   072600   1006.2   145900     27.3     31.8   120300     23.7   042400     22.1       74       48   104400      2.5     20.0      8.5    250.0   122800     -9.8      1.3     -9.8   020900     -9.8   020900      7.0     56.0    21.89     29.0     None    10.72   130000      5.5     None     None     None     None     None     None     None
467410 20240408   1009.1   1012.2   1010.7   090500   1007.5   143700     27.3     31.3   134200     25.2   235700     22.7       76       60   150200      2.8     20.0     10.4    320.0   172100     -9.8      0.3     -9.8   001800     -9.8   001800      3.7     29.6    16.26     10.8     None     7.60   140000      6.3     None     None     None     None     None     None     None
467410 20240409   1011.6   1014.7   1013.9   222800   1009.4   013200     24.3     27.7   143700     21.8   230500     19.5       75       61   143800      3.5    360.0      8.6     10.0   123500      0.0      0.0      0.0     None      0.0     None      1.8     14.4    14.32      7.0     None     6.51   120000      9.8     None     None     None     None     None     None     None
467410 20240410   1013.3   1016.4   1014.9   101800   1011.6   165500     24.7     28.4   123400     21.5   031000     19.6       74       60   100800      2.6     20.0      9.5    330.0   144000     -9.8      0.1     -9.8   022600     -9.8   022600      5.6     44.6    18.71     11.3     None     7.21   130000      6.0     None     None     None     None     None     None     None
467410 20240411   1012.6   1015.7   1014.4   100500   1010.7   163400     26.3     30.6   120600     23.0   034000     21.3       75       56   113200      2.5     20.0      8.2    290.0   134200      0.0      0.0      0.0     None      0.0     None      9.7     77.1    22.40      7.5     None     8.38   130000      2.0     None     None     None     None     None     None     None
467410 20240412   1010.6   1013.7   1012.1   000100   1008.6   153400     26.9     30.4   132800     24.2   054800     22.0       75       59   121800      1.8     10.0      6.3    270.0   124400      0.0      0.0      0.0     None      0.0     None     10.0     79.4    21.74     10.3     None     7.97   130000      0.3     None     None     None     None     None     None     None
467410 20240413   1009.4   1012.5   1010.6   222900   1008.4   152500     27.6     30.5   111400     25.4   043400     22.2       73       59   094100      2.2     20.0      7.6    250.0   140000      0.0      0.0      0.0     None      0.0     None      8.8     69.7    21.77     11.8     None     8.12   120000      5.3     None     None     None     None     None     None     None
467410 20240414   1009.8   1012.9   1011.4   094700   1008.5   143800     28.2     32.0   110800     26.1   024800     23.6       77       58   110800      2.8    220.0     10.2    200.0   115000      0.0      0.0      0.0     None      0.0     None     10.7     84.6    24.42     23.8     None     9.63   130000      1.5     None     None     None     None     None     None     None
467410 20240415   1010.3   1013.4   1011.5   103200   1008.6   020600     27.6     30.4   110600     25.8   055400     23.2       78       64   101300      2.2    300.0      6.6    310.0   120000      0.0      0.0      0.0     None      0.0     None      8.8     69.5    20.99     28.8     None     7.91   130000      7.5     None     None     None     None     None     None     None
467410 20240416   1009.2   1012.3   1010.9   100600   1008.1   161900     27.3     30.6   140700     25.3   063400     22.8       77       62   115300      2.2    190.0      7.7    280.0   131800      0.0      0.0      0.0     None      0.0     None      9.2     72.5    22.88     12.8     None     9.45   130000      5.0     None     None     None     None     None     None     None
467410 20240417   1007.9   1010.9   1010.3   083200   1005.6   154000     27.6     30.8   111800     25.1   034600     22.3       73       56   180300      2.6    260.0      9.5    260.0   150200      0.0      0.0      0.0     None      0.0     None      9.5     74.8    24.00     22.3     None     9.96   120000      1.5     None     None     None     None     None     None     None
467410 20240418   1006.5   1009.6   1008.5   213200   1005.1   143000     28.4     31.7   134200     26.3   023200     22.4       70       58   194800      2.3    320.0      8.6    300.0   124400      0.0      0.0      0.0     None      0.0     None      6.9     54.2    20.93     13.8     None     8.40   120000      6.5     None     None     None     None     None     None     None
467410 20240419   1007.3   1010.4   1008.8   075700   1005.5   153600     27.7     30.8   121400     24.7   051900     22.5       74       59   155200      2.4    240.0      9.1    220.0   135300      0.0      0.0      0.0     None      0.0     None      9.0     70.6    23.59     11.8     None    10.01   120000      5.0     None     None     None     None     None     None     None
467410 20240420   1007.0   1010.1   1009.1   215100   1004.6   160800     28.2     31.5   121000     25.2   053800     22.8       73       57   105700      3.2    210.0     10.6    210.0   092900      0.0      0.0      0.0     None      0.0     None     11.2     87.7    25.62     30.0     None    10.31   130000      6.3     None     None     None     None     None     None     None
467410 20240421   1007.9   1011.0   1009.8   210100   1006.7   145100     28.9     33.0   101600     25.6   041000     22.0       67       45   093400      2.6    240.0      8.9    240.0   154600      0.0      0.0      0.0     None      0.0     None      9.7     75.8    25.22     15.5     None     9.96   130000      5.0     None     None     None     None     None     None     None
467410 20240422   1007.2   1010.3   1008.5   083900   1005.2   152500     28.8     32.6   103300     26.4   053500     23.8       74       53   103500      3.0    220.0      8.9    180.0   130500      0.0      0.0      0.0     None      0.0     None      5.9     46.1    20.73     19.8     None     9.80   120000      7.0     None     None     None     None     None     None     None
467410 20240423   1006.7   1009.7   1008.0   211600   1005.6   175000     28.6     31.3   104100     27.4   060500     23.1       73       50   121500      2.1    240.0      7.3    240.0   111300     -9.8      0.2     -9.8   031800     -9.8   031800      1.7     13.2    12.85     13.0     None     7.67   110000      9.3     None     None     None     None     None     None     None
467410 20240424   1007.1   1010.2   1008.3   214200   1005.7   153900     27.2     30.4   110400     25.3   233900     23.1       79       55   110100      1.8    220.0      7.7    220.0   120000      2.5      2.3      1.0   122000      1.0   122000      0.1      0.8     6.66     11.5     None     4.35   110000      9.8     None     None     None     None     None     None     None
467410 20240425   1006.6   1009.7   1008.4   204500   1005.4   174700     24.5     26.9   111200     22.5   064000     23.0       92       80   114100      2.5    170.0      8.7    200.0   132000     72.0     12.0     10.0   191000     25.5   185100      0.1      0.8     5.26      5.8     None     4.59   120000      9.8     None     None     None     None     None     None     None
467410 20240426   1005.3   1008.4   1007.8   092200   1003.3   160800     23.9     25.2   073200     21.7   092800     21.7       88       72   185800      3.7    150.0     11.5    320.0   130400     47.5      9.9     10.0   085600     27.5   084200      0.1      0.8     1.94     27.0     None     0.97   110000     10.0     None     None     None     None     None     None     None
467410 20240427   1006.6   1009.7   1009.5   104200   1003.7   160200     25.1     27.6   161000     23.5   111900     22.3       85       67   164300      3.7    160.0     16.9    160.0   111500      4.5      9.7      0.5   003200      2.0   102200      0.2      1.5     6.60     42.3     None     4.53   140000      9.5     None     None     None     None     None     None     None
467410 20240428   1008.5   1011.6   1011.7   102700   1004.7   160200     25.4     28.7   171200     21.9   034500     21.4       80       62   142000      2.7    340.0     11.6     10.0   111500     17.0      4.1      3.0   015100      9.5   014600      0.5      3.9    10.63     28.8     None     5.48   110000      9.8     None     None     None     None     None     None     None
467410 20240429   1007.4   1010.5   1009.8   080100   1005.3   190500     27.6     31.7   141600     24.5   041100     23.2       78       55   121700      1.5    230.0      5.5    270.0   122900     -9.8      0.1     -9.8   084500     -9.8   084500      7.4     57.1    20.75     18.8     None     9.35   130000      3.3     None     None     None     None     None     None     None
467410 20240430   1005.0   1008.1   1006.9   211100   1003.5   125000     27.8     32.4   115800     24.6   184800     22.7       74       56   113900      3.0    190.0     14.1    310.0   164400      1.0      0.6      1.0   183500      1.0   183500      9.1     70.2    24.37     25.0     None    10.72   130000      3.8     None     None     None     None     None     None     None
467410 20240501   1006.9   1010.0   1009.4   042600   1004.1   064400     25.8     30.9   112600     21.9   055300     20.8       75       47   110800      3.1     20.0     15.1    350.0   041600     12.0      1.9      4.0   042100      8.0   042100      0.4      3.1     8.92     35.0     None     5.97   110000      9.8     None     None     None     None     None     None     None
467410 20240502   1009.2   1012.3   1010.7   214500   1007.3   022500     26.4     31.4   132400     23.3   062000     22.1       78       56   131700      3.4     10.0      9.6    310.0   143500     -9.8      0.2     -9.8   003200     -9.8   003200      7.4     56.9    23.75     22.5     None    10.13   120000      5.5     None     None     None     None     None     None     None
467410 20240503   1009.6   1012.6   1011.4   084100   1007.5   160900     26.5     31.6   142200     22.7   041400     21.4       75       53   142200      3.0    360.0      8.7    360.0   174100      0.0      0.0      0.0     None      0.0     None      9.7     74.5    24.81     14.8     None    10.03   130000      2.8     None     None     None     None     None     None     None
467410 20240504   1007.7   1010.8   1009.5   000100   1005.7   155500     27.4     31.4   132800     23.9   051800     22.3       75       51   123000      2.4    360.0      7.6    300.0   142100      0.0      0.0      0.0     None      0.0     None     11.0     84.3    24.85     13.5     None     9.75   130000      1.3     None     None     None     None     None     None     None
467410 20240505   1007.4   1010.5   1009.1   085000   1005.6   021100     28.3     32.0   132400     25.7   031500     24.5       80       64   130300      2.4    220.0      9.7    200.0   142900     -9.8      0.1     -9.8   114000     -9.8   114000      4.8     36.8    16.04     31.3     None    10.06   130000      7.8     None     None     None     None     None     None     None
467410 20240506   1009.0   1012.0   1010.4   095000   1007.4   161700     28.6     31.8   131000     26.6   031800     23.8       76       59   124400      2.4    300.0      8.2    310.0   155400      0.0      0.0      0.0     None      0.0     None     11.1     84.9    25.33     22.5     None    10.40   120000      6.5     None     None     None     None     None     None     None
467410 20240507   1010.2   1013.3   1011.5   223100   1008.6   160800     28.5     32.2   141300     25.8   051700     23.1       74       52   151600      2.8     10.0      8.2    310.0   125800      0.0      0.0      0.0     None      0.0     None      8.8     67.2    24.20     15.8     None     9.65   120000      3.8     None     None     None     None     None     None     None
467410 20240508   1010.1   1013.2   1011.3   084300   1008.5   164000     28.4     31.8   105600     25.4   030100     21.8       69       40   173000      2.5    330.0      9.2    310.0   114900      0.0      0.0      0.0     None      0.0     None     10.0     76.3    23.74     11.8     None     9.09   120000      6.8     None     None     None     None     None     None     None
467410 20240509   1011.7   1014.8   1013.7   215300   1009.9   034600     26.9     29.8   154000     23.9   225400     20.9       70       56   174300      2.7     10.0      8.8    220.0   105900      0.0      0.0      0.0     None      0.0     None      2.4     18.3    17.72      8.8     None     7.34   120000      8.3     None     None     None     None     None     None     None
467410 20240510   1012.6   1015.7   1014.0   094400   1011.5   153600     26.4     30.5   130000     23.0   042300     20.1       69       53   130000      2.3     20.0      8.1    330.0   155400      0.0      0.0      0.0     None      0.0     None     11.2     85.2    26.47     23.8     None    10.58   120000      3.5     None     None     None     None     None     None     None
467410 20240511   1011.4   1014.5   1013.6   073700   1009.3   162200     28.3     32.7   141800     24.9   045600     19.9       61       47   141800      2.2     10.0      9.4    330.0   145300      0.0      0.0      0.0     None      0.0     None     10.3     78.3    25.04     16.5     None    10.58   130000      7.0     None     None     None     None     None     None     None
467410 20240512   1008.7   1011.8   1010.7   000200   1006.4   162400     28.9     32.5   114000     27.0   053500     22.0       67       50   010000      1.8    250.0      6.6    220.0   104700      0.0      0.0      0.0     None      0.0     None      2.0     15.2    15.03     25.5     None     8.02   120000      9.0     None     None     None     None     None     None     None
467410 20240513   1007.7   1010.8   1009.4   224100   1006.0   024900     26.2     29.8   142000     21.9   234500     20.9       73       58   134900      4.0    360.0     11.8     10.0   201300      2.5      0.3      2.5   054800      2.5   054800      4.3     32.3    19.50     10.3     None     9.18   120000      8.0     None     None     None     None     None     None     None
467410 20240514   1009.8   1012.9   1011.5   221000   1008.4   022600     24.9     29.3   161800     21.4   045900     18.2       66       55   154400      2.6    360.0      7.4    200.0   140100      0.0      0.0      0.0     None      0.0     None      4.4     33.3    18.05     11.0     None     8.07   130000      7.5     None     None     None     None     None     None     None
467410 20240515   1010.9   1014.0   1012.2   093300   1009.4   020700     26.3     30.8   130000     22.3   035400     19.5       67       55   123900      2.9     20.0      8.7    300.0   143200      0.0      0.0      0.0     None      0.0     None      8.6     65.0    24.46     13.3     None     9.81   130000      4.3     None     None     None     None     None     None     None
467410 20240516   1010.8   1013.9   1012.1   075600   1009.0   155300     27.3     31.8   123000     24.8   045400     17.7       56       43   061800      2.2    360.0      6.6    300.0   125500      0.0      0.0      0.0     None      0.0     None      6.4     48.3    23.05     11.3     None     9.78   120000      6.5     None     None     None     None     None     None     None
467410 20240517   1009.5   1012.6   1011.2   071200   1007.8   163700     26.3     30.2   124500     24.4   051300     19.5       66       42   125000      2.8    360.0      7.5    340.0   151600      0.0      0.0      0.0     None      0.0     None      1.2      9.1    14.15     21.3     None     5.71   130000      9.3     None     None     None     None     None     None     None
467410 20240518   1006.9   1010.0   1008.8   083000   1005.0   153100     26.0     30.2   121200     23.1   062400     20.6       73       48   120000      3.1     20.0      8.2    360.0   070100     -9.8      0.1     -9.8   052500     -9.8   052500      2.4     18.1    16.18     10.0     None     6.73   120000      8.5     None     None     None     None     None     None     None
467410 20240519   1005.5   1008.6   1006.9   093500   1004.2   153200     28.0     32.2   144400     25.2   051700     19.2       62       32   145600      1.9    360.0      6.6     10.0   162700      0.0      0.0      0.0     None      0.0     None      2.7     20.3    17.56     12.3     None     6.94   110000      9.0     None     None     None     None     None     None     None
467410 20240520   1006.0   1009.1   1008.2   214300   1004.4   022600     27.5     30.0   124600     25.5   053300     22.9       76       62   123600      1.6     20.0      7.3     10.0   072700     -9.8      1.3     -9.8   125500     -9.8   125500      0.1      0.8     9.71      8.0     None     3.72   120000     10.0     None     None     None     None     None     None     None
467410 20240521   1007.2   1010.2   1008.3   205700   1005.7   155300     28.2     31.5   110700     24.6   035300     24.3       80       60   104600      1.9    190.0      5.7    230.0   140500      2.5      2.8      1.5   025600      2.5   021000      1.1      8.2    15.31     26.8     None     8.64   110000      9.8     None     None     None     None     None     None     None
467410 20240522   1006.9   1010.0   1008.3   091800   1005.5   155700     28.5     30.8   102300     26.5   050500     24.8       81       65   161300      1.8     20.0      5.8    330.0   165400     -9.8      0.2     -9.8   103900     -9.8   103900      1.1      8.3    12.78      8.8     None     5.41   140000      9.0     None     None     None     None     None     None     None
467410 20240523   1006.9   1009.9   1008.3   084600   1005.5   024100     28.8     31.9   122500     26.1   052900     24.7       79       61   112000      2.1    360.0      6.9    290.0   143500      0.0      0.0      0.0     None      0.0     None      3.1     23.2    18.78     11.5     None     9.41   110000      9.0     None     None     None     None     None     None     None
467410 20240524   1008.1   1011.1   1009.3   210000   1006.5   024500     28.3     31.8   131000     26.5   055000     24.5       80       62   130800      2.3     20.0      8.0    360.0   170900     -9.8      0.2     -9.8   093300     -9.8   093300      0.3      2.2    11.06      6.8     None     6.39   130000     10.0     None     None     None     None     None     None     None
467410 20240525   1007.7   1010.8   1009.4   084600   1006.7   144800     29.8     34.9   123700     26.8   034400     23.3       70       45   123700      2.1    360.0      8.0    310.0   145100      0.0      0.0      0.0     None      0.0     None      4.0     29.9    20.12     27.0     None    10.42   120000      8.3     None     None     None     None     None     None     None
467410 20240526   1006.2   1009.3   1007.9   082200   1004.3   233500     27.4     29.1   000100     25.8   231000     24.8       86       73   000100      1.1     90.0      3.9    120.0   135500      5.0      4.6      0.5   125800      2.0   121800      0.0      0.0     2.69     10.0     None     1.32   110000     10.0     None     None     None     None     None     None     None
467410 20240527   1002.4   1005.4   1004.3   000200   1000.4   155300     28.2     31.4   144600     25.3   025700     25.0       83       71   142200      2.7    140.0      8.7    210.0   142400     -9.8      1.5     -9.8   003100     -9.8   003100      1.3      9.7    13.11     40.0     None     7.54   130000      9.3     None     None     None     None     None     None     None
467410 20240528   1000.7   1003.8   1003.0   220200    998.7   162100     26.4     28.3   013600     24.0   235100     25.1       93       81   175500      2.5    170.0      9.5    120.0   131900     66.0      6.0     10.0   063100     26.5   082200      0.2      1.5     6.18     11.8     None     8.19   120000     10.0     None     None     None     None     None     None     None
467410 20240529   1003.6   1006.7   1006.0   224900   1002.2   151400     27.1     31.5   130200     23.2   042700     23.9       84       65   150000      2.4     20.0      7.5    310.0   154800      2.0      1.6      1.0   034600      2.0   034600      5.1     37.7    22.04     15.3     None     9.63   110000      8.8     None     None     None     None     None     None     None
467410 20240530   1005.6   1008.6   1008.1   224500   1003.6   023100     28.8     32.2   114500     25.2   001600     25.1       81       64   110100      3.5    190.0     11.8    160.0   133500     -9.8      0.6     -9.8   000100     -9.8   000100      7.1     53.0    20.66     53.8     None     8.53   130000      7.5     None     None     None     None     None     None     None
467410 20240531   1008.3   1011.3   1010.2   215000   1006.6   031300     30.4     33.8   134100     26.8   025900     23.9       70       52   183300      3.3    190.0     11.3    190.0   094400     -9.8      0.2     -9.8   094400     -9.8   094400      4.9     36.5    21.51     46.3     None    12.05   120000      8.8     None     None     None     None     None     None     None
467410 20240601   1008.6   1011.7   1009.9   113700   1007.1   161400     30.6     33.8   104600     28.8   235100     24.6       71       53   093700      2.9    180.0      7.8    210.0   112100      0.0      0.0      0.0     None      0.0     None      2.9     21.6    14.98     56.3     None     8.40   110000      8.5     None     None     None     None     None     None     None
467410 20240602   1005.4   1008.5   1008.2   000200   1002.6   162100     27.3     28.8   000200     25.4   235700     26.2       94       84   151500      3.1    180.0      9.2    210.0   145300     69.0      4.9     11.5   092500     26.0   091000      0.5      3.7     4.98      9.6     None     4.42   150000     10.0     None     None     None     None     None     None     None
467410 20240603   1005.3   1008.4   1007.6   221700   1003.7   020400     25.7     29.6   133500     23.0   052200     20.8       75       60   135700      3.7    360.0     10.4    360.0   090100     -9.8      0.4     -9.8   010100     -9.8   010100      3.6     26.8    20.33     30.0     None    11.32   130000      8.5     None     None     None     None     None     None     None
467410 20240604   1007.9   1011.0   1010.2   215700   1006.1   012800     25.9     29.6   094300     23.5   193200     22.0       80       63   094300      1.8    290.0      7.1    300.0   151600      8.0      4.9      1.5   155700      3.0   153500      1.2      8.8    12.80     15.0     None     6.48   100000      9.8     None     None     None     None     None     None     None
467410 20240605   1008.4   1011.5   1009.7   221100   1007.3   172700     27.1     30.2   130000     24.2   000300     22.7       78       57   131400      1.6     20.0      6.5    240.0   150800      0.5      0.2      0.5   225400      0.5   225400      1.5     11.1    15.02     18.5     None     8.74   130000     10.0     None     None     None     None     None     None     None
467410 20240606   1007.1   1010.2   1009.0   000200   1005.2   171600     27.4     30.6   093900     25.8   164400     24.6       85       66   093900      2.0    190.0      9.3    230.0   160800     17.5      3.2     13.5   160900     17.0   160900      0.4      3.0     8.79     17.5     None     5.92   100000     10.0     None     None     None     None     None     None     None
467410 20240607   1005.2   1008.3   1006.8   000100   1003.4   153600     28.1     32.3   120900     24.9   025000     24.7       83       65   115800      2.5     10.0      7.6    260.0   131600      0.0      0.0      0.0     None      0.0     None      6.2     46.0    22.82     10.3     None    10.42   130000      8.3     None     None     None     None     None     None     None
467410 20240608   1005.3   1008.4   1007.0   212800   1003.8   152800     28.8     32.3   151200     26.2   042300     24.5       78       59   144100      1.9    160.0      6.1    260.0   154800      0.0      0.0      0.0     None      0.0     None      6.5     48.2    20.69     12.5     None    10.47   130000      8.3     None     None     None     None     None     None     None
467410 20240609   1007.1   1010.2   1009.0   233900   1005.2   034400     29.3     32.4   150000     27.4   051900     24.9       77       61   150100      2.0    280.0      9.3    300.0   103200     -9.8      0.2     -9.8   112000     -9.8   112000      5.9     43.4    17.10     37.5     None     9.34   130000      8.3     None     None     None     None     None     None     None
467410 20240610   1008.1   1011.2   1009.6   221200   1005.9   155800     28.8     32.5   141500     25.4   050500     24.8       80       57   150100      2.4    140.0     10.5    180.0   045000      3.0      1.6      1.0   080900      2.0   072600      4.5     33.4    16.25     39.3     None     9.52   130000      8.0     None     None     None     None     None     None     None
467410 20240611   1007.4   1010.5   1009.6   080100   1005.4   161100     27.9     30.9   121600     25.4   063900     25.7       88       71   121400      2.4    130.0      9.0    230.0   062200     40.0      4.7      9.0   183200     15.0   181300      2.7     19.8    12.77     24.0     None    10.27   110000      8.8     None     None     None     None     None     None     None
467410 20240612   1006.1   1009.2   1007.6   091400   1004.5   172500     28.3     30.7   085200     26.1   050500     25.8       86       73   083800      2.4    170.0      7.5    260.0   101300     24.0      2.3      9.5   091400     13.5   090100      4.5     33.0    15.97     24.5     None     6.92   130000      8.5     None     None     None     None     None     None     None
467410 20240613   1004.3   1007.4   1006.2   092800   1002.5   161500     28.5     33.0   152500     26.0   062600     25.3       84       60   142500      2.6    110.0      7.6    260.0   060400     21.5      2.4      8.0   060000     13.0   055600      5.4     40.0    18.53     22.5     None    10.49   120000      8.3     None     None     None     None     None     None     None
467410 20240614   1004.1   1007.2   1005.9   224300   1002.9   162700     28.6     31.4   150300     25.7   062300     26.2       87       71   162800      3.1    210.0      8.8    210.0   151700     93.5      5.7     10.0   065200     28.5   060900      4.3     31.9    15.87     23.8     None     8.33   130000      9.0     None     None     None     None     None     None     None
467410 20240615   1004.8   1007.8   1006.3   231300   1003.4   161800     29.9     33.2   140600     26.8   013900     26.0       80       66   140600      3.3    190.0      8.3    200.0   085300     15.0      1.1      8.0   012500     13.0   005400     10.0     74.1    24.78     19.8     None    10.88   120000      7.0     None     None     None     None     None     None     None
467410 20240616   1006.1   1009.1   1007.4   103200   1004.7   035100     30.2     33.1   134500     27.8   043700     25.7       77       57   130800      3.3    200.0     10.9    210.0   124500      0.0      0.0      0.0     None      0.0     None      7.6     56.3    22.87     38.8     None     9.95   130000      7.8     None     None     None     None     None     None     None
467410 20240617   1006.0   1009.0   1007.2   222700   1004.8   152500     30.3     33.3   122500     28.7   021700     25.7       77       60   095400      3.5    190.0     11.5    200.0   101100      0.0      0.0      0.0     None      0.0     None      5.6     41.5    21.42     14.5     None    10.99   130000      9.0     None     None     None     None     None     None     None
467410 20240618   1005.5   1008.5   1006.6   081800   1003.8   153300     30.4     34.0   112800     27.9   052400     25.4       75       57   112800      2.8    220.0      9.6    210.0   152000      0.0      0.0      0.0     None      0.0     None     10.8     80.0    25.71     30.0     None    10.27   120000      8.5     None     None     None     None     None     None     None
467410 20240619   1005.0   1008.0   1006.2   074700   1003.3   163500     30.5     33.6   110500     28.0   024200     25.9       77       59   105700      2.8    190.0      9.4    190.0   130900      3.0      0.3      2.5   023100      3.0   022400     10.8     80.0    26.26     50.0     None    11.00   120000      6.5     None     None     None     None     None     None     None
467410 20240620   1004.3   1007.3   1005.5   203400   1002.5   154000     30.9     34.1   120800     28.4   052100     26.0       76       59   114200      3.4    220.0     10.1    210.0   160700      0.0      0.0      0.0     None      0.0     None     11.0     81.5    27.43     37.5     None    11.81   120000      6.3     None     None     None     None     None     None     None
467410 20240621   1004.3   1007.3   1006.3   223700   1002.5   154800     31.1     34.0   111400     28.8   021200     26.3       76       62   110000      3.7    220.0     10.7    210.0   140100     -9.8      0.1     -9.8   015400     -9.8   015400      9.9     73.3    27.14     58.9     None    10.87   120000      5.3     None     None     None     None     None     None     None
467410 20240622   1005.0   1008.0   1007.3   225600   1003.3   152200     31.6     34.9   123700     29.1   035400     26.4       74       57   105800      4.5    160.0     12.4    180.0   123700      0.0      0.0      0.0     None      0.0     None     12.3     91.1    27.38     45.0     None    11.07   130000      7.0     None     None     None     None     None     None     None
467410 20240623   1006.3   1009.3   1007.6   223500   1004.6   161300     31.4     34.7   110300     29.5   035000     25.9       73       57   094300      3.9    200.0     10.9    190.0   122500      0.0      0.0      0.0     None      0.0     None     10.7     79.2    27.71     32.5     None    11.13   130000      4.3     None     None     None     None     None     None     None
467410 20240624   1007.0   1010.0   1008.7   223000   1005.0   154300     31.1     34.2   122100     28.6   054100     25.8       74       60   095600      3.5    220.0     11.0    200.0   145700      0.0      0.0      0.0     None      0.0     None     10.5     77.8    26.42     47.5     None    11.06   120000      3.3     None     None     None     None     None     None     None
467410 20240625   1008.0   1011.0   1010.4   223300   1005.9   164800     31.2     34.2   105200     29.0   053200     25.6       73       57   105900      4.0    210.0     13.3    200.0   164200     -9.8      0.1     -9.8   032200     -9.8   032200     11.3     83.7    27.13     28.8     None    10.52   110000      7.8     None     None     None     None     None     None     None
467410 20240626   1009.6   1012.7   1010.8   232000   1008.3   153900     30.9     34.4   114700     29.1   050800     24.8       70       59   085900      2.5     20.0      8.5     30.0   171900      0.0      0.0      0.0     None      0.0     None      6.4     47.4    19.42     50.0     None     8.61   140000      8.0     None     None     None     None     None     None     None
467410 20240627   1009.4   1012.4   1011.0   034100   1007.2   164000     30.9     34.6   122400     28.1   053500     24.0       67       56   164900      2.6     60.0      9.4    310.0   145300      0.0      0.0      0.0     None      0.0     None     10.4     77.1    25.51     27.5     None    10.56   120000      6.8     None     None     None     None     None     None     None
467410 20240628   1008.0   1011.0   1009.7   214800   1005.9   153400     31.3     35.2   123900     28.1   044700     24.7       69       52   102600      3.8    200.0     14.2    210.0   151100      0.0      0.0      0.0     None      0.0     None     10.8     80.1    25.54     46.3     None    11.86   130000      8.5     None     None     None     None     None     None     None
467410 20240629   1007.5   1010.6   1009.4   220100   1005.8   154100     30.2     34.1   112800     25.9   171300     25.0       74       56   095700      4.1    180.0     13.5    180.0   134100     22.5      1.2      9.5   170500     22.5   162100      9.1     67.5    26.12     40.0     None    12.03   130000      6.8     None     None     None     None     None     None     None
467410 20240630   1006.7   1009.7   1008.3   084100   1005.0   175400     29.9     32.9   142200     26.1   035400     25.1       76       57   140900      2.9    180.0     14.8    200.0   110300     19.5      1.4      5.5   110200     11.0   034400      9.7     71.2    24.62     31.3     None    11.48   130000      7.5     None     None     None     None     None     None     None
467410 20240701   1005.4   1008.4   1006.7   070400   1003.6   162200     30.7     33.8   115200     28.3   043600     25.9       76       56   121600      3.6    200.0     10.9    180.0   125100      0.0      0.0      0.0     None      0.0     None     11.2     83.1    26.86     46.3     None    11.49   130000      5.5     None     None     None     None     None     None     None
467410 20240702   1006.7   1009.7   1009.7   215400   1004.7   032400     31.1     34.1   111700     28.9   225500     25.5       73       54   103700      3.7    210.0     11.0    210.0   141000     -9.8      0.1     -9.8   025800     -9.8   025800     11.9     88.4    29.15     45.0     None    11.17   130000      5.0     None     None     None     None     None     None     None
467410 20240703   1010.0   1013.0   1012.0   214100   1008.0   023700     31.5     35.7   122500     28.5   043800     24.5       67       52   110300      3.3    200.0     12.1    210.0   132500      0.0      0.0      0.0     None      0.0     None     11.9     88.4    28.35     70.0     None    11.11   130000      2.5     None     None     None     None     None     None     None
467410 20240704   1009.7   1012.7   1011.7   000100   1007.7   160300     31.2     34.8   131000     29.0   051200     26.2       75       58   102300      3.1    310.0      9.3    310.0   144900     -9.8      1.3     -9.8   154100     -9.8   154100      7.1     52.8    20.53     41.3     None     8.83   140000      5.8     None     None     None     None     None     None     None
467410 20240705   1006.8   1009.8   1008.9   000200   1005.2   160700     30.5     34.5   110300     28.3   190500     26.3       79       62   110100      2.2     60.0      9.2    310.0   125700      1.5      0.5      0.5   153600      1.5   153600      4.1     30.2    15.19     18.0     None     7.96   130000      6.8     None     None     None     None     None     None     None
467410 20240706   1006.9   1009.9   1008.5   230400   1004.8   153500     30.6     34.8   144100     27.9   031400     24.6       71       56   094600      2.5    190.0     12.3    200.0   154200      0.0      0.0      0.0     None      0.0     None      9.1     67.7    24.70     58.8     None    10.70   120000      3.0     None     None     None     None     None     None     None
467410 20240707   1007.8   1010.9   1009.0   164700   1005.6   153000     29.1     34.2   130100     24.5   170700     23.8       74       58   105700      2.5     60.0     11.3     60.0   164500     10.5      3.7      5.5   170700      9.0   165600      8.7     64.8    23.28     37.3     None    11.37   130000      4.3     None     None     None     None     None     None     None
467410 20240708   1006.9   1009.9   1007.9   000900   1005.3   144700     28.6     33.2   105100     25.7   164400     22.8       71       55   103700      2.1    210.0     10.8     50.0   161500      3.0      0.4      2.0   132500      3.0   131500      6.4     47.7    17.42     65.0     None     8.39   110000      5.5     None     None     None     None     None     None     None
467410 20240709   1006.7   1009.7   1007.9   222900   1005.1   031900     29.6     33.6   131600     25.8   044600     23.1       68       56   104300      3.0    190.0     10.7    220.0   155400      0.0      0.0      0.0     None      0.0     None     12.4     92.4    28.52     63.8     None    10.61   130000      4.0     None     None     None     None     None     None     None
467410 20240710   1006.8   1009.8   1008.2   103200   1005.5   163900     30.7     33.6   124200     28.2   053200     25.1       72       57   130700      3.6    200.0     12.4    190.0   110900      0.0      0.0      0.0     None      0.0     None     11.2     83.6    27.62     67.5     None    11.93   130000      3.0     None     None     None     None     None     None     None
467410 20240711   1005.2   1008.3   1006.5   062600   1003.6   160800     30.7     33.2   104400     28.1   061900     25.4       74       57   180200      3.0    210.0     10.7    240.0   113400     -9.8      0.1     -9.8   044700     -9.8   044700     10.9     81.4    26.64     43.8     None    11.16   120000      4.5     None     None     None     None     None     None     None
467410 20240712   1003.4   1006.4   1004.6   000200   1001.7   165000     31.1     34.5   111200     28.1   044600     25.1       71       50   111200      2.4    230.0      7.9    250.0   135200      0.0      0.0      0.0     None      0.0     None     12.5     93.4    27.69     76.3     None    11.13   130000      8.0     None     None     None     None     None     None     None
467410 20240713   1004.1   1007.1   1006.6   220200   1002.6   020700     30.6     34.2   111600     27.1   185200     24.3       69       54   124100      2.7    230.0     12.6     40.0   182800      0.0      0.0      0.0     None      0.0     None     10.2     76.3    26.32     23.8     None    11.02   120000      5.5     None     None     None     None     None     None     None
467410 20240714   1005.8   1008.8   1007.5   225300   1004.9   011300     31.4     36.0   113900     27.6   043600     24.8       69       52   104700      2.5    310.0      9.7    130.0   180800      7.5      0.7      4.0   180800      7.5   180600      9.5     71.1    24.22     66.3     None     9.04   120000      6.5     None     None     None     None     None     None     None
467410 20240715   1007.1   1010.1   1008.5   070700   1004.1   160400     30.1     35.9   121200     24.5   171100     24.7       74       51   121200      2.5     20.0     16.9    160.0   163400     55.5      1.8     15.0   164500     55.0   162800      7.8     58.4    20.40     19.8     None     8.66   110000      8.8     None     None     None     None     None     None     None
467410 20240716   1007.6   1010.6   1008.8   214700   1006.0   154000     30.2     33.9   102400     26.7   055800     23.6       68       53   102200      2.0     60.0      9.0    360.0   171900      0.0      0.0      0.0     None      0.0     None      9.6     72.0    24.87     41.3     None    10.13   130000      4.0     None     None     None     None     None     None     None
467410 20240717   1008.0   1011.0   1009.4   195100   1006.9   152000     30.8     35.5   122900     27.6   054000     24.2       68       51   120400      2.0     60.0      8.4    250.0   153900      0.5      0.2      0.5   191900      0.5   191900      7.9     59.3    22.36     28.8     None     9.49   120000      4.8     None     None     None     None     None     None     None
467410 20240718   1007.7   1010.8   1009.0   221300   1005.8   163100     30.4     34.9   114300     26.0   185200     24.0       69       52   112700      2.0     60.0     14.1     20.0   181700      7.0      0.4      5.5   183700      7.0   183000      9.2     68.4    23.84     22.5     None     9.34   110000      6.0     None     None     None     None     None     None     None
467410 20240719   1006.0   1009.1   1008.0   000100   1004.4   153600     30.5     34.1   110600     28.3   024600     25.9       77       60   101100      2.0     10.0      9.4    320.0   152300     20.5      2.1      6.0   164600     12.0   164600      5.4     40.2    17.26     25.8     None     7.76   140000      7.0     None     None     None     None     None     None     None
467410 20240720   1006.3   1009.4   1008.1   211200   1004.4   161600     30.9     34.7   123400     28.5   054100     26.3       77       60   110200      2.3    280.0      9.7    200.0   193300     -9.8      0.1     -9.8   180200     -9.8   180200      8.5     63.3    23.85     20.0     None     9.98   130000      5.3     None     None     None     None     None     None     None
467410 20240721   1005.6   1008.7   1007.4   000100   1003.7   152300     29.4     34.8   125800     25.7   163200     25.5       80       60   121700      2.8    310.0     11.7    310.0   151600     16.0      2.5      5.0   155600     14.5   155000      3.6     26.8    14.74     11.8     None     8.07   120000      9.0     None     None     None     None     None     None     None
467410 20240722   1002.5   1005.5   1006.2   000100   1000.4   170600     30.6     34.3   111700     27.0   042500     25.3       74       58   143400      3.4    340.0     11.6    300.0   132700      0.0      0.0      0.0     None      0.0     None     10.7     80.7    25.40     42.5     None     8.89   140000      5.3     None     None     None     None     None     None     None
467410 20240723    995.2    998.2   1000.7   000200    991.4   164100     30.3     34.5   114400     26.6   181400     26.8       82       60   103100      3.0    320.0     11.1    320.0   154300     12.5      1.1      6.5   174700     11.0   174200      3.8     28.4    17.52     14.5     None     7.70   140000      8.8     None     None     None     None     None     None     None
467410 20240724    985.4    988.4    991.4   000100    981.9   225400     27.8     28.8   074800     27.0   151600     26.6       93       83   074900      7.1    310.0     23.7    290.0   140000     83.0     13.5      5.5   135000     16.5   133400      0.0      0.0     3.58      5.4     None     1.63   100000     10.0     None     None     None     None     None     None     None
467410 20240725    983.9    986.9    990.2   234100    980.4   043400     27.1     28.6   214100     25.9   151400     26.6       97       94   173300      9.1    260.0     24.7    220.0   142300    254.0     23.9     13.5   033200     32.0   030300      0.0      0.0     0.85      2.3     None     0.56   110000     10.0     None     None     None     None     None     None     None
467410 20240726    996.0    999.1   1001.8   224700    989.9   011500     27.2     29.5   124800     24.3   163900     26.2       94       87   130100      7.0    190.0     23.4    210.0   033100    157.5     16.2     20.0   161500     45.0   161000      0.0      0.0     2.28      3.0     None     2.40   130000     10.0     None     None     None     None     None     None     None
467410 20240727   1005.1   1008.2   1006.8   210600   1001.4   000100     28.3     30.6   113800     27.1   032000     25.9       87       71   161600      5.0    160.0     18.0    180.0   112100      8.5      2.3      3.0   030800      4.5   022800      0.9      6.8    10.83     23.8     None     5.61   120000     10.0     None     None     None     None     None     None     None
467410 20240728   1006.4   1009.4   1007.8   083400   1004.6   160700     29.8     33.2   151400     27.4   030800     25.1       77       61   122800      2.8    360.0      8.5    310.0   165400      0.0      0.0      0.0     None      0.0     None      8.9     67.6    26.16     16.3     None    10.80   130000      6.0     None     None     None     None     None     None     None
467410 20240729   1004.8   1007.9   1006.5   220900   1003.1   151200     28.4     32.5   120600     25.8   174600     25.5       85       65   114600      2.8     20.0      8.2    280.0   130400     11.0      5.7      4.5   143600      6.0   143000      2.5     19.0    11.92     11.3     None     6.26   120000      9.3     None     None     None     None     None     None     None
467410 20240730   1005.7   1008.7   1007.9   215400   1004.5   033200     29.0     32.5   113700     26.3   001600     25.1       80       64   100700      3.8    140.0     11.7    210.0   141800     -9.8      0.3     -9.8   200200     -9.8   200200     10.9     82.1    27.05     58.8     None    11.44   120000      4.0     None     None     None     None     None     None     None
467410 20240731   1007.3   1010.4   1008.7   221000   1006.3   164200     29.4     32.1   095900     27.1   020700     25.2       78       63   105400      3.3    130.0     13.0    200.0   125700      0.0      0.0      0.0     None      0.0     None      6.6     50.3    19.58     31.3     None     9.68   110000      6.8     None     None     None     None     None     None     None
467410 20240801   1007.0   1010.0   1008.4   074700   1005.3   170500     29.8     33.2   120800     25.6   013000     25.2       77       59   102400      2.3    250.0      8.2    260.0   160700     16.0      1.3      8.5   011500     16.0   011200     10.9     83.2    27.51     50.0     None    12.01   130000      3.8     None     None     None     None     None     None     None
467410 20240802   1005.9   1008.9   1006.8   000100   1004.1   162800     30.5     33.1   144000     28.2   050300     25.5       75       60   104200      2.3    280.0      9.7    310.0   143800      0.0      0.0      0.0     None      0.0     None      9.5     72.6    25.56     20.0     None    11.69   130000      4.8     None     None     None     None     None     None     None
467410 20240803   1005.9   1008.9   1007.0   222800   1004.3   170900     30.7     33.2   112700     28.6   052200     25.6       75       61   113200      2.2    280.0      7.9    240.0   163700      0.0      0.0      0.0     None      0.0     None     11.9     91.0    27.87     33.8     None    11.44   130000      2.0     None     None     None     None     None     None     None
467410 20240804   1005.1   1008.1   1006.3   000200   1002.8   155700     31.0     33.8   135300     29.1   031300     25.7       74       59   095200      2.3    250.0      8.5    290.0   103400      0.0      0.0      0.0     None      0.0     None     10.8     82.7    26.19     20.0     None    10.58   130000      2.8     None     None     None     None     None     None     None
467410 20240805   1003.5   1006.5   1005.4   000100   1001.3   152400     30.3     34.1   134800     28.0   202500     24.7       72       54   110000      2.2    120.0      7.4    260.0   130000      0.0      0.0      0.0     None      0.0     None      8.3     63.7    23.94     28.8     None    10.56   120000      5.8     None     None     None     None     None     None     None
467410 20240806   1003.3   1006.3   1004.5   235800   1002.0   024600     28.5     32.6   101000     24.9   162100     24.0       77       61   095600      2.0    100.0      8.6     90.0   162000     29.5      4.2      7.5   153100     21.5   151000      1.5     11.5     9.56     18.0     None     5.74   100000      9.0     None     None     None     None     None     None     None
467410 20240807   1003.6   1006.6   1004.8   073300   1002.1   160300     30.0     33.6   134400     26.7   053100     23.9       71       57   144700      1.8    300.0      7.8    300.0   164000      0.0      0.0      0.0     None      0.0     None     11.1     85.4    25.80     19.8     None    11.05   130000      7.5     None     None     None     None     None     None     None
467410 20240808   1003.9   1006.9   1005.0   083800   1002.5   161400     30.1     33.8   115200     27.7   050600     25.0       74       56   105300      2.2    240.0     10.1    250.0   122400      0.0      0.0      0.0     None      0.0     None      8.6     66.3    24.18     18.8     None    10.84   120000      5.8     None     None     None     None     None     None     None
467410 20240809   1003.3   1006.4   1005.1   093800   1002.1   193200     27.0     29.1   000200     24.5   061900     25.2       90       80   200100      2.0    120.0      8.5    200.0   061000     95.5     10.4     11.5   055700     39.0   053700      0.0      0.0     3.49     15.3     None     2.37   110000     10.0     None     None     None     None     None     None     None
467410 20240810   1002.2   1005.3   1003.7   091400   1001.3   162000     26.7     27.7   001200     25.3   080600     25.0       91       83   000300      2.7    170.0      7.6    240.0   030900     38.5      4.8      8.0   074900     23.5   073900      0.0      0.0     7.65     10.1     None     4.19   140000     10.0     None     None     None     None     None     None     None
467410 20240811   1001.4   1004.4   1003.0   082300    999.5   163800     28.6     32.2   150100     26.2   025300     24.6       80       58   144500      1.9    180.0      6.5    150.0   031900      0.0      0.0      0.0     None      0.0     None      6.1     47.2    16.75     31.3     None     9.14   120000      7.0     None     None     None     None     None     None     None
467410 20240812   1002.0   1005.0   1004.1   215100   1000.2   143200     29.9     32.9   143100     27.6   063300     25.1       76       63   105300      2.1    250.0      7.7    230.0   093400      0.0      0.0      0.0     None      0.0     None      6.9     53.5    20.39     40.0     None     8.08   140000      4.3     None     None     None     None     None     None     None
467410 20240813   1003.8   1006.9   1005.1   211000   1002.5   025200     30.0     33.5   121500     28.1   064100     25.3       76       62   121500      2.4    190.0     10.0    250.0   142200      0.0      0.0      0.0     None      0.0     None      7.7     59.8    20.78     36.3     None    10.18   120000      8.5     None     None     None     None     None     None     None
467410 20240814   1004.0   1007.0   1005.1   081700   1002.7   164300     29.5     33.1   110300     28.1   051400     25.6       80       64   105900      2.2    260.0     14.5    240.0   123100     -9.8      0.2     -9.8   143400     -9.8   143400      6.4     49.8    18.73     19.5     None    10.57   120000      8.0     None     None     None     None     None     None     None
467410 20240815   1003.2   1006.3   1004.7   091900   1001.9   172500     27.9     30.6   084200     26.1   153100     25.3       86       73   084800      1.9    140.0     10.6    260.0   134400     17.0      2.7      4.5   091200      9.5   091200      0.5      3.9     9.09     14.5     None     5.04   110000      9.5     None     None     None     None     None     None     None
467410 20240816   1003.3   1006.3   1005.9   222900   1001.6   151000     28.0     32.0   130100     25.7   200500     25.3       86       66   102100      2.6    130.0      8.4    230.0   142600     19.0      4.9      2.5   195700      6.5   205000      5.9     46.0    20.11     26.3     None     8.91   130000      9.0     None     None     None     None     None     None     None
467410 20240817   1006.5   1009.6   1007.8   090300   1004.9   033100     26.4     29.2   162300     24.9   061600     25.2       93       74   162400      1.9    100.0      8.3    210.0   192600     96.0     13.6     10.0   025800     38.5   023700      0.0      0.0     6.30     31.3     None     3.26   140000     10.0     None     None     None     None     None     None     None
467410 20240818   1005.6   1008.7   1007.0   000100   1003.7   152100     27.8     31.9   152800     26.3   015000     24.9       85       65   132700      2.3    200.0     10.7    240.0   161900      0.5      1.6      0.5   221800      0.5   221700      1.8     13.9    14.35     33.8     None     7.92   140000      9.3     None     None     None     None     None     None     None
467410 20240819   1005.0   1008.1   1007.3   224200   1003.4   034500     26.3     29.3   095200     24.9   205000     24.8       92       79   091000      3.1    160.0     10.1    140.0   204600     31.0      9.6      4.5   125700     12.5   125500      1.1      8.5     6.86     10.3     None     4.38   100000      9.8     None     None     None     None     None     None     None
467410 20240820   1006.9   1010.0   1009.7   201400   1005.5   044900     27.4     33.0   113700     24.3   015300     23.8       82       61   113800      3.7    130.0     13.7    210.0   135800     18.0      6.2      6.0   162500      9.0   195700      1.8     14.1    13.78     33.8     None     8.82   120000      9.3     None     None     None     None     None     None     None
467410 20240821   1008.7   1011.7   1009.7   204800   1007.9   144100     29.5     32.9   104400     26.3   000100     24.2       73       59   101500      2.4    130.0     11.3    220.0   132600      0.0      0.0      0.0     None      0.0     None      8.9     69.2    24.81     43.8     None    11.99   130000      4.8     None     None     None     None     None     None     None
467410 20240822   1008.3   1011.3   1009.4   001300   1006.4   163000     29.8     33.1   132200     26.9   055700     24.8       75       60   092600      2.3    300.0      8.0    270.0   115800      0.0      0.0      0.0     None      0.0     None     11.8     92.9    26.46     26.3     None    11.49   130000      5.5     None     None     None     None     None     None     None
467410 20240823   1008.1   1011.1   1009.2   225400   1006.4   171500     29.9     32.4   113800     27.7   051700     25.4       77       63   142400      2.0    300.0      8.3    260.0   131500      0.0      0.0      0.0     None      0.0     None      9.8     77.3    25.60     29.3     None    11.24   130000      6.0     None     None     None     None     None     None     None
467410 20240824   1007.1   1010.1   1008.8   000200   1005.9   152100     29.5     32.6   103900     27.7   050000     25.0       77       64   095700      2.0    260.0      7.8    220.0   125300      0.0      0.0      0.0     None      0.0     None      6.3     49.8    17.90     16.8     None    11.10   120000      6.0     None     None     None     None     None     None     None
467410 20240825   1005.7   1008.7   1007.1   101600   1003.7   161100     29.9     33.5   131400     26.7   052400     23.8       70       56   133600      2.1    300.0      7.7    310.0   132800      0.0      0.0      0.0     None      0.0     None     11.0     87.1    25.51     36.3     None    11.02   120000      4.3     None     None     None     None     None     None     None
467410 20240826   1004.1   1007.2   1005.5   000200   1003.0   143200     29.8     32.8   112800     27.1   024400     24.4       74       57   120300      2.0    310.0      8.5    300.0   135500      3.0      0.6      2.5   020200      3.0   015400     10.0     79.3    24.80     32.8     None    10.89   130000      4.3     None     None     None     None     None     None     None
467410 20240827   1002.9   1005.9   1004.8   073100   1000.6   160600     29.8     33.1   125400     27.1   060100     24.4       73       56   125400      2.1    250.0      7.7    320.0   143400      0.0      0.0      0.0     None      0.0     None     10.5     83.4    24.66     23.5     None    10.58   130000      5.8     None     None     None     None     None     None     None
467410 20240828   1001.4   1004.4   1002.7   223500    999.2   151800     30.3     33.0   134300     28.0   041900     25.0       74       58   125800      2.1    240.0      7.8    240.0   162100      0.0      0.0      0.0     None      0.0     None     10.0     79.6    25.06     28.8     None    10.68   130000      2.5     None     None     None     None     None     None     None
467410 20240829   1003.2   1006.2   1005.7   221800   1001.7   023100     30.6     33.8   122000     28.5   055200     25.3       74       57   122100      2.6    180.0      8.9    210.0   150700     -9.8      0.1     -9.8   205000     -9.8   205000     10.5     83.7    24.98     33.0     None    10.00   120000      3.8     None     None     None     None     None     None     None
467410 20240830   1005.2   1008.2   1006.7   214500   1004.0   041800     31.0     34.2   124000     28.2   055200     25.4       72       56   112200      2.1     90.0      8.1    300.0   150100      0.0      0.0      0.0     None      0.0     None      7.2     57.5    19.97     18.8     None     9.98   130000      6.3     None     None     None     None     None     None     None
467410 20240831   1006.1   1009.1   1007.4   205100   1004.2   143200     30.8     34.9   114400     27.8   232700     24.9       71       55   113800      3.0    310.0     11.4    130.0   175000      0.0      0.0      0.0     None      0.0     None      9.2     72.8    22.86     15.0     None     8.39   120000      4.8     None     None     None     None     None     None     None
467410 20240901   1005.1   1008.2   1006.7   084800   1003.9   035500     30.1     33.3   130800     27.9   000100     24.9       74       64   100400      1.7     30.0      6.7    290.0   114100      0.5      0.7      0.5   144300      0.5   141100      4.5     36.1    16.12     10.5     None     6.14   140000      6.5     None     None     None     None     None     None     None
467410 20240902   1004.6   1007.6   1006.3   085200   1002.7   175600     30.7     33.6   112100     27.9   053100     25.4       74       60   100500      2.1    310.0      8.0    300.0   125800      0.0      0.0      0.0     None      0.0     None      7.9     63.4    22.38     17.5     None     9.18   130000      7.0     None     None     None     None     None     None     None
467410 20240903   1002.3   1005.3   1004.7   002800   1000.0   172400     30.4     34.0   104900     27.7   152900     25.9       77       58   104900      2.1    170.0      9.0    300.0   151400      3.5      1.0      2.5   144600      3.5   143800      4.1     32.6    14.77     13.5     None     7.20   110000      8.3     None     None     None     None     None     None     None
467410 20240904    999.2   1002.2   1001.0   000100    997.6   152900     30.3     34.2   111700     27.7   173300     25.3       75       56   110500      2.3    280.0     11.1     10.0   171000     -9.8      0.1     -9.8   171300     -9.8   171300      3.5     28.2    15.59     21.3     None     8.70   120000      8.5     None     None     None     None     None     None     None
467410 20240905    999.7   1002.8   1001.6   234300    997.7   045500     28.5     32.7   113900     24.3   155700     25.5       84       70   121400      2.3     30.0     15.6    170.0   134300     45.5      2.3     15.0   135100     44.0   134200      2.1     17.0     9.28     23.9     None     6.52   120000      9.3     None     None     None     None     None     None     None
467410 20240906   1004.1   1007.2   1007.3   230400   1001.0   030500     28.4     34.4   132400     25.2   193200     25.1       83       59   105800      2.2     20.0      8.8    280.0   133600     31.0      4.8      6.5   185700     13.0   183200      5.9     47.2    16.30     31.0     None     8.86   110000      8.3     None     None     None     None     None     None     None
467410 20240907   1008.0   1011.1   1010.1   215200   1006.6   023400     28.0     31.3   135300     26.2   074600     25.1       85       65   134700      3.0    130.0     10.6    180.0   072300     13.5      1.2      6.0   173700      7.5   183100      1.0      8.1    12.58     22.5     None     5.76   130000      9.3     None     None     None     None     None     None     None
467410 20240908   1007.1   1010.1   1009.3   000100   1005.2   141900     27.5     31.7   143800     25.0   164900     24.5       85       65   115900      2.0    100.0      8.0     80.0   161500     25.0      4.3     12.0   163100     22.5   160800      6.0     48.7    20.39     24.8     None    10.30   130000      7.0     None     None     None     None     None     None     None
467410 20240909   1004.3   1007.4   1006.0   000100   1002.2   151400     28.1     32.0   134300     25.0   025200     24.2       80       63   102000      2.1    110.0      7.6    250.0   153400      1.5      0.8      1.0   163800      1.0   163100      9.1     74.0    24.58     37.5     None    10.83   130000      6.3     None     None     None     None     None     None     None
467410 20240910   1003.6   1006.7   1005.5   223400   1002.2   151900     29.2     32.8   133500     26.2   050500     24.6       76       63   152300      2.0    300.0      8.3    300.0   135500     -9.8      0.2     -9.8   191500     -9.8   191500      8.8     70.9    20.98     48.8     None     8.33   140000      3.8     None     None     None     None     None     None     None
467410 20240911   1005.4   1008.4   1006.8   092200   1003.8   153300     29.7     32.9   112700     27.2   060000     25.0       76       65   093600      2.2    140.0      7.3    270.0   122100      0.0      0.0      0.0     None      0.0     None     10.6     86.5    24.17     35.0     None    10.95   120000      5.5     None     None     None     None     None     None     None
467410 20240912   1004.1   1007.2   1006.2   000200   1002.6   160900     30.1     33.2   135800     28.1   050800     25.2       75       58   103700      2.6    360.0      9.9    300.0   131100     -9.8      0.1     -9.8   143000     -9.8   143000      5.1     41.7    15.15     10.0     None     6.70   110000      8.0     None     None     None     None     None     None     None
467410 20240913   1001.0   1004.0   1002.9   000100    998.7   155700     29.0     32.9   115500     25.7   172200     23.9       74       57   111900      2.2    140.0     11.1     90.0   170200      0.5      1.6      0.5   171000      0.5   170400      7.8     63.9    21.12     28.8     None    10.05   130000      4.8     None     None     None     None     None     None     None
467410 20240914    998.3   1001.4   1000.2   094000    996.9   032500     27.0     29.7   144400     25.3   102200     22.9       79       66   150200      2.1    320.0      7.3    150.0   092600      7.0      2.4      2.5   103800      5.0   101600      3.5     28.4    11.37     20.3     None     5.59   150000      7.8     None     None     None     None     None     None     None
467410 20240915    998.9   1001.9   1001.1   224300    997.2   034100     28.7     32.1   144400     25.4   023200     23.6       74       58   115400      2.3    120.0      7.0    190.0   084700      0.0      0.0      0.0     None      0.0     None     10.1     83.0    23.39     50.0     None    11.06   130000      2.3     None     None     None     None     None     None     None
467410 20240916   1000.6   1003.6   1001.9   080100    999.6   133300     30.2     32.9   103500     27.8   051100     24.7       73       58   103500      2.3    320.0      8.4    310.0   144400      0.0      0.0      0.0     None      0.0     None      8.8     72.5    20.13     16.3     None     7.58   130000      6.5     None     None     None     None     None     None     None
467410 20240917   1000.7   1003.7   1002.6   100000    998.9   165500     30.7     34.2   115700     27.6   053900     25.3       74       55   115400      2.4    360.0      9.3    320.0   135500      4.0      1.4      1.0   034600      3.5   034600     10.1     83.4    23.03     21.0     None    10.50   120000      2.5     None     None     None     None     None     None     None
467410 20240918   1000.0   1003.0   1001.2   000100    998.5   152000     30.3     33.7   104800     28.4   235500     25.3       75       53   104600      2.1    130.0      7.9    270.0   105700     -9.8      0.4     -9.8   032600     -9.8   032600      6.3     52.1    17.91     30.0     None    10.06   120000      7.3     None     None     None     None     None     None     None
467410 20240919   1000.9   1003.9   1002.8   210400    999.5   041400     30.0     32.5   152500     28.0   034600     25.2       76       63   110100      2.8    190.0      9.5    180.0   201600      0.5      0.3      0.5   200700      0.5   194700      8.6     71.2    21.00     21.3     None     9.54   120000      5.3     None     None     None     None     None     None     None
467410 20240920   1002.5   1005.6   1004.3   212100   1001.1   151400     28.6     31.4   095400     25.6   035100     25.0       81       66   095100      4.0    200.0     14.3    170.0   094700     11.0      1.3      4.0   034400     11.0   033000      5.1     42.3    19.34     43.8     None    10.72   120000      7.0     None     None     None     None     None     None     None
467410 20240921   1002.2   1005.2   1004.0   220100   1000.7   143300     28.3     32.1   105100     25.7   230500     24.9       82       60   105200      2.1    160.0     11.4    210.0   235900     13.5      5.4      2.0   225900      5.5   225900      1.6     13.3     9.56     25.8     None     6.41   100000      9.5     None     None     None     None     None     None     None
467410 20240922   1006.1   1009.2   1010.1   223500   1002.8   023700     26.0     28.3   143700     24.6   153000     24.8       93       87   142800      4.4    130.0     15.1    130.0   151600     87.0     21.2      5.5   151500     13.0   051300      0.0      0.0     3.75      8.0     None     2.21   100000     10.0     None     None     None     None     None     None     None
467410 20240923   1009.6   1012.7   1011.9   214100   1007.9   153700     28.3     32.4   121500     25.1   220900     24.7       81       62   115900      3.4    190.0      9.9    180.0   111100     20.0      4.6      8.0   213900     19.5   213200      6.9     57.6    19.43     28.8     None    11.22   120000      9.3     None     None     None     None     None     None     None
467410 20240924   1009.2   1012.3   1010.8   000100   1007.7   151500     29.1     32.6   121200     26.5   054500     24.8       78       58   123900      2.0    260.0      6.9    260.0   143500      0.0      0.0      0.0     None      0.0     None      9.1     75.3    21.97     22.0     None    11.21   130000      5.3     None     None     None     None     None     None     None
467410 20240925   1008.3   1011.3   1009.8   085800   1007.2   143100     29.6     32.7   115700     27.6   040100     24.8       76       57   115700      2.7    340.0      8.9    300.0   125000      0.0      0.0      0.0     None      0.0     None      7.8     65.4    21.51     46.3     None    11.47   120000      6.5     None     None     None     None     None     None     None
467410 20240926   1007.4   1010.4   1008.8   083900   1005.8   151700     29.7     32.9   131100     27.6   050900     25.0       76       61   111600      3.4    360.0     10.1    330.0   154900      0.0      0.0      0.0     None      0.0     None      8.2     68.8    20.73     17.8     None     9.13   130000      5.8     None     None     None     None     None     None     None
467410 20240927   1006.3   1009.3   1008.0   091400   1004.3   155700     29.1     31.8   134300     27.5   054400     24.9       78       66   132600      3.2    360.0     10.0    340.0   151700     -9.8      0.1     -9.8   114600     -9.8   114600      4.7     39.1    15.20     10.0     None     6.97   140000      7.3     None     None     None     None     None     None     None
467410 20240928   1004.2   1007.2   1006.0   083200   1001.7   150100     29.6     33.2   144800     26.8   045100     24.5       75       58   144800      2.8     20.0     11.3     10.0   181700      0.0      0.0      0.0     None      0.0     None      7.8     65.7    19.20     20.0     None     8.02   120000      5.5     None     None     None     None     None     None     None
467410 20240929   1002.3   1005.3   1004.2   100600   1000.4   163900     29.7     32.3   103600     27.4   062900     24.5       74       59   102700      1.9    130.0      7.0    300.0   132400     -9.8      0.1     -9.8   205500     -9.8   205500      5.7     47.6    15.83     11.8     None     6.71   110000      6.8     None     None     None     None     None     None     None
467410 20240930    997.3   1000.3   1000.8   000100    994.3   143900     29.4     31.8   132500     28.1   201600     25.2       79       69   132500      1.5    200.0      6.8    190.0   120800     -9.8      1.0     -9.8   030900     -9.8   030900      0.6      5.1     8.93     12.3     None     5.24   120000      9.8     None     None     None     None     None     None     None
467410 20241001    998.7   1001.7   1001.7   211900    995.7   043100     28.3     30.1   153700     26.1   235300     24.7       81       65   145400      2.1    360.0      9.4    180.0   102700      3.0      2.3      1.5   233200      3.0   232500      0.0      0.0     7.06     26.3     None     4.16   120000     10.0     None     None     None     None     None     None     None
467410 20241002    999.9   1003.0   1002.5   231700    996.2   150500     25.1     26.6   150100     23.6   231800     23.7       92       75   001400      3.9     20.0     14.5     30.0   153900     67.5     20.3      8.0   030200     10.5   024700      0.0      0.0     3.18      8.0     None     1.64   150000     10.0     None     None     None     None     None     None     None
467410 20241003   1001.8   1004.9   1006.8   230800    999.0   045400     24.2     25.2   170500     23.0   042500     22.5       90       87   204300      5.4     20.0     17.0     10.0   121900     31.5     18.7      1.5   034900      5.0   052500      0.0      0.0     1.60      7.3     None     0.62   110000     10.0     None     None     None     None     None     None     None
467410 20241004   1008.4   1011.5   1010.3   211700   1006.3   005200     26.2     30.6   130700     22.8   033900     22.8       82       64   130800      3.4    360.0      9.7    360.0   172300     -9.8      0.4     -9.8   011800     -9.8   011800      1.6     13.6    12.95     19.5     None     6.62   130000      9.5     None     None     None     None     None     None     None
467410 20241005   1009.6   1012.7   1011.2   232000   1007.9   145100     27.5     31.6   132900     24.4   041200     23.9       81       63   132900      3.5    360.0      9.3    340.0   141400      0.0      0.0      0.0     None      0.0     None      7.4     63.2    20.98     21.8     None     9.67   120000      7.3     None     None     None     None     None     None     None
467410 20241006   1010.2   1013.3   1011.7   081500   1008.3   143500     28.0     31.9   120800     25.9   204300     24.3       81       60   105500      2.5     20.0      8.3    300.0   152800      1.5      1.1      1.0   203400      1.5   201800      7.3     62.5    20.28     14.3     None     9.60   130000      6.8     None     None     None     None     None     None     None
467410 20241007   1010.2   1013.3   1011.9   085600   1008.3   155000     28.5     31.1   111000     26.1   025600     23.7       76       58   130100      2.0    240.0      6.1    250.0   124900      0.0      0.0      0.0     None      0.0     None     10.7     91.7    22.26     19.0     None    10.33   120000      3.3     None     None     None     None     None     None     None
467410 20241008   1009.6   1012.7   1011.1   084300   1007.6   150700     28.4     31.8   135400     25.9   235800     23.8       76       65   100100      2.2     20.0      7.6    340.0   145900      0.0      0.0      0.0     None      0.0     None      7.2     61.8    18.96     14.8     None     8.29   130000      5.8     None     None     None     None     None     None     None
467410 20241009   1008.7   1011.8   1010.1   000100   1007.0   142000     27.5     30.8   121300     24.3   055700     22.9       76       65   121800      2.2     20.0      7.1    310.0   130700      0.0      0.0      0.0     None      0.0     None      6.1     52.5    16.62      9.5     None     7.56   130000      5.0     None     None     None     None     None     None     None
467410 20241010   1008.9   1012.0   1010.3   091100   1007.2   142000     26.2     30.9   125000     23.4   060500     20.7       72       57   134400      3.6     10.0     11.5    350.0   181200      0.0      0.0      0.0     None      0.0     None      9.9     85.3    20.02      9.5     None     7.93   120000      4.0     None     None     None     None     None     None     None
467410 20241011   1009.5   1012.6   1011.4   213600   1007.9   144800     26.4     30.1   114500     22.6   051100     20.6       71       61   105100      2.6     10.0      7.3    290.0   120100      0.0      0.0      0.0     None      0.0     None      5.3     45.8    17.79     11.3     None     7.59   130000      6.0     None     None     None     None     None     None     None
467410 20241012   1011.1   1014.2   1012.4   083300   1009.8   143200     27.4     30.7   121200     24.0   043200     22.0       73       60   155400      2.2     20.0      6.8    290.0   120100      0.0      0.0      0.0     None      0.0     None     10.1     87.4    19.91      7.5     None     7.56   120000      5.0     None     None     None     None     None     None     None
467410 20241013   1011.0   1014.1   1012.4   084300   1009.4   144700     27.5     30.5   141600     25.3   052100     23.4       79       63   131700      1.9     20.0      7.1    350.0   154800      0.0      0.0      0.0     None      0.0     None      9.0     78.0    19.19     16.3     None     7.69   120000      4.8     None     None     None     None     None     None     None
467410 20241014   1010.3   1013.3   1011.8   202800   1008.4   140700     28.0     31.0   130600     25.9   051000     23.5       77       61   134000      1.8     20.0      6.1    260.0   112700      0.0      0.0      0.0     None      0.0     None      7.5     65.1    19.21      8.3     None     7.72   120000      4.8     None     None     None     None     None     None     None
467410 20241015   1010.3   1013.4   1011.8   220400   1008.9   034800     27.9     30.3   130900     26.0   043800     24.0       79       69   114100      2.2    300.0      6.4    300.0   123700      0.0      0.0      0.0     None      0.0     None      1.1      9.6    13.40      6.3     None     5.76   130000      9.3     None     None     None     None     None     None     None
467410 20241016   1011.1   1014.1   1012.6   090100   1009.6   143400     28.4     31.1   132500     26.7   042500     23.8       77       55   130800      1.9     10.0      5.9    200.0   100100      0.0      0.0      0.0     None      0.0     None      8.3     72.4    18.89     11.5     None     7.04   130000      9.0     None     None     None     None     None     None     None
467410 20241017   1010.4   1013.5   1012.1   092900   1008.5   144600     28.3     31.5   142100     26.8   041200     24.1       78       60   130500      1.8    170.0      5.9    250.0   131800      0.0      0.0      0.0     None      0.0     None      6.9     60.3    17.09      9.3     None     7.47   130000      4.5     None     None     None     None     None     None     None
467410 20241018   1010.0   1013.1   1011.4   091600   1008.5   144400     28.5     31.6   140300     26.4   053400     23.9       77       59   122300      2.3     20.0      6.2    360.0   210900      0.0      0.0      0.0     None      0.0     None     10.2     89.2    19.80     19.0     None     8.46   120000      3.0     None     None     None     None     None     None     None
467410 20241019   1010.6   1013.7   1012.2   222900   1009.2   145700     28.1     30.9   111300     25.5   060100     24.5       81       65   111300      2.4     20.0      8.2    310.0   141700      0.0      0.0      0.0     None      0.0     None      4.5     39.4    14.97      6.8     None     6.78   110000      5.3     None     None     None     None     None     None     None
467410 20241020   1011.7   1014.8   1013.5   092900   1010.5   135400     28.2     32.4   124800     25.6   235700     23.5       76       56   113700      2.5    360.0      7.3    350.0   190600      0.0      0.0      0.0     None      0.0     None      3.8     33.4    14.84      8.5     None     6.47   130000      7.5     None     None     None     None     None     None     None
467410 20241021   1010.4   1013.5   1012.2   080100   1008.2   144500     27.6     32.0   121500     24.6   065400     22.9       76       59   121500      3.1    360.0      8.8    300.0   145500      0.0      0.0      0.0     None      0.0     None      8.0     69.6    16.70     15.8     None     6.60   120000      3.0     None     None     None     None     None     None     None
467410 20241022   1008.1   1011.2   1010.1   081400   1006.1   142700     27.5     31.1   133500     25.0   232500     23.1       77       62   120900      3.1    360.0     11.2    360.0   191000      0.0      0.0      0.0     None      0.0     None      5.2     45.8    14.14      9.3     None     5.25   120000      8.3     None     None     None     None     None     None     None
467410 20241023   1003.5   1006.6   1006.1   000100   1001.3   154500     26.0     30.6   133400     23.1   235600     20.0       70       55   131900      4.1    360.0     10.6    350.0   160100      0.0      0.0      0.0     None      0.0     None      6.8     60.0    17.17     19.3     None     7.63   120000      9.0     None     None     None     None     None     None     None
467410 20241024   1000.0   1003.1   1001.8   000200    997.6   151300     25.2     29.1   142700     22.3   050200     19.6       72       59   114500      4.5    360.0     11.1    360.0   124400      0.0      0.0      0.0     None      0.0     None      2.9     25.6    11.75     19.5     None     5.08   120000      8.0     None     None     None     None     None     None     None
467410 20241025   1001.2   1004.2   1004.1   233800    999.3   142500     26.9     30.1   143200     23.9   042400     22.9       79       64   102800      2.6     10.0      8.1     10.0   023500     -9.8      0.3     -9.8   201900     -9.8   201900      3.4     29.8    11.91     11.5     None     4.91   120000      7.3     None     None     None     None     None     None     None
467410 20241026   1005.0   1008.1   1007.1   233200   1003.0   030500     27.8     31.5   144100     25.7   023900     24.6       83       65   112000      2.5    360.0      8.8    360.0   163600     -9.8      0.8     -9.8   194600     -9.8   194600      5.0     44.4    14.07     18.3     None     5.49   140000      7.8     None     None     None     None     None     None     None
467410 20241027   1005.6   1008.7   1007.2   085200   1003.5   143700     27.6     30.5   125000     25.8   035300     24.4       83       70   125000      1.9    330.0      6.5    320.0   131900      1.5      1.5      1.0   233000      1.5   230500      3.3     29.3    14.07     11.8     None     7.37   130000      8.3     None     None     None     None     None     None     None
467410 20241028   1005.1   1008.2   1006.9   211000   1003.2   143400     26.0     28.2   135600     24.3   231000     23.0       84       74   182200      2.9    360.0     10.2    360.0   205900     13.5      1.8      7.0   000400     12.5   000200      0.7      6.2     8.76     22.5     None     4.97   140000      9.3     None     None     None     None     None     None     None
467410 20241029   1005.4   1008.5   1007.5   090200   1002.6   144500     25.7     30.9   131100     23.1   235900     20.8       75       59   131100      3.9     10.0     13.3    360.0   183800      0.0      0.0      0.0     None      0.0     None      5.8     51.7    15.85     15.0     None     7.10   110000      6.5     None     None     None     None     None     None     None
467410 20241030   1001.9   1004.9   1005.6   085600    996.2   235400     25.8     30.5   125700     22.3   030400     20.4       73       57   123800      4.2    360.0     10.8     10.0   181500      0.0      0.0      0.0     None      0.0     None      6.7     59.9    16.83     15.0     None     7.66   120000      8.8     None     None     None     None     None     None     None
467410 20241031    986.7    989.7    998.1   235900    974.3   125900     25.7     27.0   131700     24.3   235300     23.5       88       79   134200      8.2    360.0     25.9    360.0   110000     12.0     10.3      1.0   072600      3.0   072600      0.0      0.0     1.85      8.8     None     0.88   110000     10.0     None     None     None     None     None     None     None
467410 20241101   1006.1   1009.2   1010.6   224100    998.1   000100     26.6     29.7   132300     24.0   015800     23.5       84       69   135200      4.2    190.0     16.6    250.0   002000      7.0      3.6      1.5   014000      4.0   005200      1.1      9.9     8.35     16.5     None     4.40   130000      8.3     None     None     None     None     None     None     None
467410 20241102   1012.1   1015.2   1015.0   221000   1009.7   024400     26.8     31.2   133600     23.5   061600     21.8       75       58   125300      2.6    360.0      6.6     20.0   012600      0.0      0.0      0.0     None      0.0     None     10.6     95.2    19.06     16.3     None     7.59   120000      2.8     None     None     None     None     None     None     None
467410 20241103   1013.1   1016.2   1014.4   000100   1011.0   142400     26.3     30.8   131500     23.2   060700     21.9       78       62   124100      2.9    360.0      7.2    290.0   141900      0.0      0.0      0.0     None      0.0     None     10.3     92.6    18.36      9.3     None     7.18   120000      0.8     None     None     None     None     None     None     None
467410 20241104   1012.6   1015.7   1014.2   000100   1010.3   155000     26.5     30.1   135800     23.7   055200     22.0       77       64   113400      2.4    360.0      7.2    310.0   140900      0.0      0.0      0.0     None      0.0     None      7.3     65.7    14.77     10.0     None     6.04   120000      3.8     None     None     None     None     None     None     None
467410 20241105   1012.4   1015.5   1014.0   090300   1010.2   142500     25.1     28.9   131900     22.5   235700     20.1       74       63   131900      3.3    360.0      9.0    350.0   155700      0.0      0.0      0.0     None      0.0     None      4.2     37.9    12.38     14.3     None     6.14   130000      4.5     None     None     None     None     None     None     None
467410 20241106   1012.8   1016.0   1014.3   100200   1011.0   150900     23.6     28.6   140100     20.9   235959     16.6       65       53   130700      4.3    360.0     10.0    360.0   065000      0.0      0.0      0.0     None      0.0     None      9.8     88.5    17.78     12.3     None     6.84   120000      0.3     None     None     None     None     None     None     None
467410 20241107   1012.6   1015.7   1014.3   091500   1010.9   152600     23.3     28.4   132500     19.5   064200     16.4       66       52   115200      3.8    360.0      9.4    310.0   143000      0.0      0.0      0.0     None      0.0     None      9.1     82.3    17.07     17.5     None     6.13   120000      3.5     None     None     None     None     None     None     None
467410 20241108   1011.5   1014.6   1013.1   083500   1009.4   145200     23.5     27.9   140200     21.0   043500     19.1       77       61   135000      3.7    360.0      9.3    360.0   093100      0.0      0.0      0.0     None      0.0     None      1.9     17.2    10.50     27.5     None     4.92   130000      9.0     None     None     None     None     None     None     None
467410 20241109   1011.9   1015.0   1013.6   090100   1010.3   140300     25.0     29.8   122200     21.8   043200     21.6       82       62   122200      2.7    360.0      8.0    330.0   162300      0.0      0.0      0.0     None      0.0     None      9.3     84.4    15.98     10.8     None     6.23   120000      4.8     None     None     None     None     None     None     None
467410 20241110   1011.6   1014.7   1013.5   083100   1010.0   151800     25.5     29.9   135400     23.0   052200     21.7       80       63   132000      2.6     10.0      9.6    360.0   160500      0.0      0.0      0.0     None      0.0     None      8.5     77.2    16.47      7.3     None     7.33   120000      3.0     None     None     None     None     None     None     None
467410 20241111   1009.7   1012.8   1011.8   092000   1007.5   144600     25.3     30.1   132800     21.9   053200     21.5       80       61   134200      3.2     10.0      8.3    320.0   144700     -9.8      0.8     -9.8   224100     -9.8   224100      8.0     72.8    15.81      7.8     None     6.79   120000      4.0     None     None     None     None     None     None     None
467410 20241112   1008.1   1011.2   1010.4   084100   1006.0   160300     24.7     26.2   122500     23.6   011900     23.0       90       83   122800      2.1    360.0      9.3     10.0   100800      1.5      7.3      0.5   082500      0.5   075000      0.0      0.0     3.48     10.0     None     2.62   130000     10.0     None     None     None     None     None     None     None
467410 20241113   1008.7   1011.8   1010.3   203400   1006.6   012800     25.9     29.2   113600     24.0   041500     23.0       85       68   113600      2.1    320.0      6.0    300.0   143500      0.0      0.0      0.0     None      0.0     None      5.8     52.9    14.09     12.3     None   -99.95     None      6.5     None     None     None     None     None     None     None
467410 20241114   1008.8   1011.9   1010.4   090100   1007.0   141900     26.1     29.5   112700     24.3   003800     23.1       84       68   112100      2.4    360.0      6.3    310.0   131200     -9.8      0.5     -9.8   141600     -9.8   141600      3.5     32.0    11.29      9.3     None     3.42   100000      7.5     None     None     None     None     None     None     None
467410 20241115   1005.4   1008.5   1008.2   000100   1003.3   155800     25.0     27.9   141100     23.1   053800     23.3       90       77   125100      2.9    360.0      9.5    350.0   191500      4.0      3.4      1.5   222900      3.0   222900      0.0      0.0     5.79      2.9     None   -99.95     None     10.0     None     None     None     None     None     None     None
467410 20241116   1005.9   1009.0   1008.1   212500   1004.1   032500     24.6     27.2   150800     22.7   040500     22.7       89       79   150900      3.7    360.0     12.3     20.0   065600    114.0      9.4     13.0   031300     52.0   030500      0.9      8.2     6.58      8.0     None   -99.95     None     10.0     None     None     None     None     None     None     None
467410 20241117   1009.7   1012.8   1011.9   214200   1007.4   023900     25.8     30.7   140600     23.5   234800     22.1       81       60   144700      3.4    360.0      8.4     10.0   182800      0.0      0.0      0.0     None      0.0     None      7.7     70.6    16.08     17.5     None   -99.95     None      2.5     None     None     None     None     None     None     None
467410 20241118   1012.4   1015.6   1014.7   103300   1010.6   153000     22.9     25.1   134700     20.5   225800     18.7       78       69   142000      4.1    360.0     11.7     10.0   174700     -9.8      2.1     -9.8   104500     -9.8   104500      0.0      0.0     5.91     11.3     None   -99.95     None     10.0     None     None     None     None     None     None     None
467410 20241119   1013.7   1016.9   1015.1   090700   1011.9   020500     22.3     26.2   150600     20.2   034200     18.0       77       68   123500      3.4    360.0      9.0     20.0   020300     -9.8      0.1     -9.8   031600     -9.8   031600      1.6     14.7    10.30     13.8     None   -99.95     None      9.5     None     None     None     None     None     None     None
467410 20241120   1012.8   1015.9   1014.3   084300   1011.1   142900     22.9     26.7   141200     20.3   034900     19.2       80       67   131600      3.4     10.0      8.9    360.0   175300      0.0      0.0      0.0     None      0.0     None      2.3     21.2    11.17     13.5     None   -99.95     None      8.8     None     None     None     None     None     None     None
467410 20241121   1012.1   1015.3   1014.1   085800   1010.5   141400     22.7     27.3   130100     20.2   235700     18.7       79       65   130100      3.9    360.0     11.5    350.0   154300      0.0      0.0      0.0     None      0.0     None      5.8     53.5    14.77     13.8     None   -99.95     None      3.8     None     None     None     None     None     None     None
467410 20241122   1012.9   1016.0   1014.7   222200   1011.2   143000     22.4     27.0   133100     19.9   040500     17.6       74       62   133200      3.5    360.0      9.0     20.0   001500      0.0      0.0      0.0     None      0.0     None      4.1     37.8    13.37     11.3     None   -99.95     None      7.5     None     None     None     None     None     None     None
467410 20241123   1014.6   1017.8   1016.4   085000   1013.1   144800     22.7     26.7   131200     19.9   050400     16.8       70       60   130100      3.1     10.0      7.9    360.0   164500      0.0      0.0      0.0     None      0.0     None      2.2     20.3    12.21     12.5     None   -99.95     None      8.5     None     None     None     None     None     None     None
467410 20241124   1015.2   1018.3   1017.2   083000   1013.7   133400     23.3     27.3   121900     20.4   065000     18.0       73       59   115200      2.5    360.0      7.0     10.0   182700      0.0      0.0      0.0     None      0.0     None      8.3     76.7    15.49     15.0     None   -99.95     None      4.3     None     None     None     None     None     None     None
467410 20241125   1014.6   1017.8   1016.2   091200   1013.2   142100     23.4     27.4   122800     21.0   061000     19.6       80       61   142600      2.8    360.0      9.6    340.0   153700      0.0      0.0      0.0     None      0.0     None      9.1     84.2    15.89     18.8     None   -99.95     None      0.8     None     None     None     None     None     None     None
467410 20241126   1014.0   1017.2   1016.4   090200   1010.7   144400     22.4     27.1   144000     17.7   235400     17.4       74       57   133800      5.4    360.0     14.1    360.0   091600      0.0      0.0      0.0     None      0.0     None      9.2     85.2    16.36     16.0     None   -99.95     None      2.0     None     None     None     None     None     None     None
467410 20241127   1015.3   1018.6   1016.9   093900   1012.7   144100     19.4     24.5   135600     16.6   063800     12.0       63       50   235700      4.5    360.0     10.8     40.0   172800      0.0      0.0      0.0     None      0.0     None      8.8     81.6    15.99     13.5     None   -99.95     None      3.3     None     None     None     None     None     None     None
467410 20241128   1016.7   1019.8   1018.7   085500   1014.1   150100     19.5     23.8   133600     16.7   062300      9.3       52       40   022900      5.0     10.0     11.5     20.0   074500      0.0      0.0      0.0     None      0.0     None      9.8     90.9    16.34     31.3     None     6.12   120000      0.5     None     None     None     None     None     None     None
467410 20241129   1016.1   1019.3   1017.8   085800   1013.7   144900     18.9     23.7   140200     16.2   052100      8.7       53       36   120700      4.7     10.0     15.5    360.0   061100      0.0      0.0      0.0     None      0.0     None     10.1     93.8    16.87     26.3     None     6.56   120000      0.5     None     None     None     None     None     None     None
467410 20241130   1014.0   1017.2   1016.0   000400   1011.3   144700     19.4     23.6   140800     15.7   060300     11.4       60       44   103900      2.7     20.0      7.5    300.0   144300      0.0      0.0      0.0     None      0.0     None     10.2     94.8    16.51     13.5     None     6.38   120000      1.8     None     None     None     None     None     None     None
467410 20241201   1011.8   1015.0   1014.0   082700   1009.5   143200     20.7     25.3   133400     17.5   050100     14.6       70       45   114900      2.6     20.0      7.1    330.0   183700      0.0      0.0      0.0     None      0.0     None     10.1     94.0    16.55     15.5     None     6.07   120000      0.0     None     None     None     None     None     None     None
467410 20241202   1012.0   1015.1   1013.9   091300   1010.3   150100     21.2     26.0   125100     17.5   063500     17.1       78       53   122600      2.5     20.0      7.9    320.0   150300      0.0      0.0      0.0     None      0.0     None      9.7     90.3    16.03     12.3     None     5.93   120000      0.8     None     None     None     None     None     None     None
467410 20241203   1011.9   1015.0   1013.5   094600   1010.5   141000     22.4     26.1   125500     19.4   063500     18.1       77       62   115400      1.6    300.0      7.0    300.0   142200      0.0      0.0      0.0     None      0.0     None      8.7     80.3    14.64     11.8     None     6.20   120000      1.5     None     None     None     None     None     None     None
467410 20241204   1011.9   1015.1   1013.4   083800   1010.0   151000     22.7     26.9   135600     19.9   070600     17.6       74       55   135700      2.9    360.0      8.1    300.0   140200      0.0      0.0      0.0     None      0.0     None      8.5     79.2    15.56      8.0     None     5.63   120000      4.8     None     None     None     None     None     None     None
467410 20241205   1012.1   1015.3   1014.0   083800   1010.0   143500     21.7     26.5   145600     18.3   055900     16.1       71       51   150100      3.5    360.0      9.7    360.0   031300      0.0      0.0      0.0     None      0.0     None      9.7     90.5    16.21     12.3     None     6.11   120000      0.5     None     None     None     None     None     None     None
467410 20241206   1011.9   1015.1   1013.8   092500   1009.4   141700     21.7     27.2   125800     18.1   060700     16.5       73       51   125400      3.8    360.0      9.7     10.0   154300      0.0      0.0      0.0     None      0.0     None      9.7     90.5    16.15     13.5     None     5.99   120000      0.3     None     None     None     None     None     None     None
467410 20241207   1012.7   1015.8   1014.7   221500   1010.6   132800     21.5     26.7   124800     18.3   065400     16.7       75       55   124000      4.6    360.0     11.7     20.0   171700      0.0      0.0      0.0     None      0.0     None      9.2     85.9    16.21     16.3     None     6.08   120000      1.0     None     None     None     None     None     None     None
467410 20241208   1015.2   1018.3   1017.1   213100   1013.0   134200     19.4     24.1   122700     16.8   233500     13.7       70       56   134200      4.6    360.0     12.0    360.0   035900      0.0      0.0      0.0     None      0.0     None      6.5     60.7    14.40     15.0     None     6.14   120000      3.8     None     None     None     None     None     None     None
467410 20241209   1015.3   1018.5   1017.4   074200   1012.7   143700     19.8     23.9   135600     16.9   000200     14.0       70       55   123300      3.9    360.0      8.9    350.0   134100      0.0      0.0      0.0     None      0.0     None      8.4     78.5    15.53     20.0     None     6.23   120000      5.0     None     None     None     None     None     None     None
467410 20241210   1013.6   1016.7   1015.3   082600   1011.5   142900     21.1     25.6   124500     18.2   065000     15.9       73       51   122600      3.2    360.0      9.1     10.0   151400      0.0      0.0      0.0     None      0.0     None      9.2     86.0    15.84     22.5     None     5.87   120000      4.5     None     None     None     None     None     None     None
467410 20241211   1013.0   1016.2   1015.1   091500   1010.8   145700     21.6     28.0   134200     18.6   063800     17.1       77       42   131800      3.8     10.0      9.8    360.0   182600      0.0      0.0      0.0     None      0.0     None      9.5     88.9    16.12     29.3     None     6.58   120000      1.3     None     None     None     None     None     None     None
467410 20241212   1013.6   1016.7   1015.7   084900   1011.2   141900     20.4     25.2   142700     17.2   061400     15.3       73       55   140900      4.3    360.0     10.2     10.0   074300      0.0      0.0      0.0     None      0.0     None      7.5     70.2    14.76     11.8     None     6.42   120000      6.0     None     None     None     None     None     None     None
467410 20241213   1015.0   1018.2   1017.3   233900   1012.6   143400     19.5     23.1   132800     16.5   233700     14.9       75       63   132800      5.6     10.0     15.1    360.0   184600     -9.8      0.5     -9.8   075000     -9.8   071100      0.0      0.0     8.30     14.3     None     4.64   120000      9.8     None     None     None     None     None     None     None
467410 20241214   1019.4   1022.6   1021.3   093800   1017.2   000100     15.7     18.9   135700     13.7   203000      9.3       66       53   135700      6.3    360.0     15.1     10.0   054800      0.0      0.0      0.0     None      0.0     None      0.1      0.9     8.78     11.8     None     3.43   110000      9.0     None     None     None     None     None     None     None
467410 20241215   1019.5   1022.8   1022.0   093100   1017.0   154800     15.7     20.9   150500     12.6   044900      9.3       66       52   135200      4.1    360.0     10.3     10.0   180700      0.0      0.0      0.0     None      0.0     None      3.3     30.6    11.18      9.3     None     4.77   130000      6.8     None     None     None     None     None     None     None
467410 20241216   1018.2   1021.4   1020.2   094400   1016.2   144300     15.9     18.8   131300     14.0   035700      9.5       66       55   131400      3.8    360.0      8.9    340.0   195800      0.0      0.0      0.0     None      0.0     None      0.0      0.0     6.73     10.8     None     2.46   120000      9.5     None     None     None     None     None     None     None
467410 20241217   1016.6   1019.8   1018.4   062500   1014.6   123800     18.0     23.6   131000     13.7   043600     12.4       71       50   122800      3.9    360.0     11.5     10.0   152400      0.0      0.0      0.0     None      0.0     None     10.1     94.6    16.10     12.0     None   -99.95     None      0.0     None     None     None     None     None     None     None
467410 20241218   1015.9   1019.0   1017.5   090500   1013.4   141100     18.0     23.2   145200     15.4   050000     10.7       64       42   143600      5.6    360.0     13.8     10.0   082300      0.0      0.0      0.0     None      0.0     None      7.0     65.6    15.65     17.5     None     3.73   150000      6.8     None     None     None     None     None     None     None
467410 20241219   1016.7   1019.9   1019.0   094700   1015.4   024300     15.7     18.2   134600     14.3   053500      7.5       59       49   124800      4.2    360.0     10.7    360.0   033900      0.0      0.0      0.0     None      0.0     None      0.2      1.9     8.60     21.8     None     5.86   130000      9.5     None     None     None     None     None     None     None
467410 20241220   1014.9   1018.1   1017.1   090800   1012.4   143200     17.3     22.5   130600     13.3   063100     11.7       70       50   135000      3.7    360.0      8.3     10.0   184900      0.0      0.0      0.0     None      0.0     None     10.1     94.6    16.20     10.8     None     7.39   120000      0.0     None     None     None     None     None     None     None
467410 20241221   1014.8   1018.0   1016.7   092800   1012.5   140400     18.0     22.8   134600     15.0   235900     13.1       73       59   125000      4.3    360.0     13.3    360.0   191900     -9.8      0.2     -9.8   162800     -9.8   162800      1.1     10.2    10.34     11.5     None     6.25   120000      9.0     None     None     None     None     None     None     None
467410 20241222   1016.7   1019.9   1018.8   090100   1015.0   143000     15.5     19.2   130700     13.9   052100      8.5       63       51   130700      5.1    360.0     12.9    360.0   022500      0.0      0.0      0.0     None      0.0     None      3.0     28.1    10.89     13.5     None     5.30   130000      8.3     None     None     None     None     None     None     None
467410 20241223   1016.4   1019.6   1018.0   081700   1015.2   140200     15.4     16.7   145200     13.9   000600     12.0       81       68   095400      3.4    360.0      8.2     20.0   025000      9.5     12.6      1.0   121400      3.0   195100      0.0      0.0     3.45     13.8     None     2.67   130000     10.0     None     None     None     None     None     None     None
467410 20241224   1016.7   1019.9   1018.6   092400   1014.8   155600     16.8     18.7   142900     15.2   020200     15.5       92       85   143500      2.3     10.0      8.5     20.0   022100     13.5     12.4      1.5   014000      3.5   104000      0.0      0.0     4.92      4.8     None     3.32   140000     10.0     None     None     None     None     None     None     None
467410 20241225   1017.3   1020.5   1019.1   090900   1015.0   152700     19.3     22.5   140500     17.0   052100     17.0       87       74   140600      3.1    360.0      8.9     10.0   210900      0.0      0.0      0.0     None      0.0     None      2.1     19.7    11.45      7.3     None     5.46   120000      8.3     None     None     None     None     None     None     None
467410 20241226   1017.4   1020.5   1019.1   090200   1015.3   145200     20.2     24.8   140200     17.7   233000     16.5       80       64   140200      4.1    360.0      9.4    350.0   163100      0.0      0.0      0.0     None      0.0     None      4.9     45.8    13.59     12.3     None     7.08   130000      6.3     None     None     None     None     None     None     None
467410 20241227   1018.6   1021.8   1020.2   094000   1016.9   031200     18.1     20.1   151600     16.9   233700     14.2       78       72   161600      4.0    360.0     10.4     10.0   233700     -9.8      0.7     -9.8   182900     -9.8   182900      0.0      0.0     3.84      8.5     None     2.30   110000     10.0     None     None     None     None     None     None     None
467410 20241228   1019.5   1022.7   1021.1   084400   1017.4   144300     16.0     20.3   144600     12.5   224000      9.4       66       48   135100      5.8     10.0     15.6    360.0   035100      0.0      0.0      0.0     None      0.0     None      7.6     71.0    15.30     10.0     None     6.48   120000      3.8     None     None     None     None     None     None     None
467410 20241229   1019.0   1022.3   1021.4   085300   1016.3   144100     16.1     21.0   133600     11.6   044200      9.7       66       52   133600      3.2    360.0      9.0    350.0   011000      0.0      0.0      0.0     None      0.0     None      8.9     83.2    15.79     14.3     None     6.10   130000      1.0     None     None     None     None     None     None     None
467410 20241230   1017.3   1020.5   1019.7   090200   1015.1   154200     19.5     24.1   130200     16.6   010300     13.7       70       45   144700      3.5     10.0      9.2    350.0   142400      0.0      0.0      0.0     None      0.0     None      5.7     53.2    13.17     14.8     None     5.62   130000      5.8     None     None     None     None     None     None     None
467410 20241231   1014.8   1018.0   1016.9   000100   1012.4   153700     18.8     22.0   135400     16.8   011500     11.7       64       51   110800      4.3    360.0     12.3    350.0   112100     -9.8      0.1     -9.8   230200     -9.8   230200      0.6      5.6     8.42     14.0     None     5.10   120000      9.5     None     None     None     None     None     None     None
