* MD (Multifield Daily Data Format)
* 以 '*' 字元開頭的文字為格式說明
* 以 '#' 字元開頭的文字為氣象資料欄位標題列9個字元一組
********************************************************************************
* 格式說明:
* 站碼(stno) 時間(yyyymmdd) 氣象資料欄位
* 1~6        8~15           第16個字元開始每個氣象要素(欄位)9個字元
* 時間為當地時間(Local Time)
* yyyy:西元年
* mm:月
* dd:日
********************************************************************************
* 欄位標題說明:
* 極值發生時間欄位格式為 hhmmss 6位字元  其中 hh:小時(00~23時) mm:分鐘(00~59分) ss:秒(00~59秒)
*
* CD11 平均雲量(10分量)
* EP01 20cm箱外蒸發量(mm)
* EP04 20cm箱內蒸發量(mm)
* EP05 A型蒸發量(mm)
* GR01 全天空日射量(MJ/㎡)
* GR02 最大小時全天空日射量(MJ/㎡)
* GR03 最大小時全天空日射量時間
* PP01 降水量(mm)
* PP02 降水時數(hour)
* PP03 最大十分鐘降水量(mm)
* PP04 最大十分鐘降水量起始時間
* PP05 最大六十分鐘降水量(mm)
* PP06 最大六十分鐘降水量起始時間
* PS01 平均測站氣壓(hPa)                
* PS02 平均海平面氣壓(hPa)
* PS03 最高測站氣壓(hPa)                  
* PS04 最高測站氣壓時間
* PS05 最低測站氣壓(hPa)
* PS06 最低測站氣壓時間
* PS07 最高海平面氣壓(hPa)
* PS08 最高海平面氣壓時間
* PS09 最低海平面氣壓(hPa)
* PS10 最低海平面氣壓時間
* RH01 平均相對溼度(%)
* RH02 最大相對溼度(%)
* RH03 最大相對溼度時間
* RH04 最小相對溼度(%)
* RH05 最小相對溼度時間
* SD01 雪深(cm)
* SS01 日照時數(hour)
* SS02 日照率(%)
* ST01 天空狀況
* ST02 地面狀況
* ST03 雷暴
* ST04 液態降水1
* ST05 液態降水2
* ST06 固態降水1
* ST07 固態降水2
* ST08 固態降水3
* ST09 視障1
* ST10 視障2
* ST11 光象1
* ST12 光象2
* TB01 黑球溫度(℃)
* TD01 平均露點溫度(℃)
* TD02 最高露點溫度(℃)
* TD03 最高露點溫度時間
* TD04 最低露點溫度(℃)
* TD05 最低露點溫度時間
* TG01 最低草溫(℃)
* TS01 地表溫度0cm(℃)
* TS02 地中溫度5cm(℃)
* TS03 地中溫度10cm(℃)
* TS04 地中溫度20cm(℃)
* TS05 地中溫度30cm(℃)
* TS06 地中溫度50cm(℃)
* TS07 地中溫度100cm(℃)
* TS08 地中溫度200cm(℃)
* TS09 地中溫度300cm(℃)
* TS10 地中溫度500cm(℃)
* TW01 平均溼球溫度(℃)
* TX01 平均氣溫(℃)
* TX02 絕對最高氣溫(℃)
* TX03 絕對最高氣溫時間
* TX04 絕對最低氣溫(℃)
* TX05 絕對最低氣溫時間
* TX10 氣溫日較差(℃)
* VP01 平均水氣壓(hPa)
* VP02 最大水氣壓(hPa)
* VP03 最大水氣壓時間
* VP04 最小水氣壓(hPa)
* VP05 最小水氣壓時間
* VS01 平均能見度(km)
* WD01 平均風風速(m/s)
* WD02 平均風風向(360 degree)
* WD03 平均風程(m/s)
* WD04 最大平均風風速(m/s)
* WD05 最大平均風風向(360 degree)
* WD06 最大平均風時間
* WD07 最大瞬間風風速(m/s)
* WD08 最大瞬間風風向(360 degree)
* WD09 最大瞬間風時間
* UV01 紫外線指數
********************************************************************************
* 特殊值:
* -999.1:儀器故障待修
* -9.6/-999.6:資料累計於後
* -9.5/-99.5/-999.5/-999.5/-9999.5/-9995:因故障而無資料
* -9.7/-99.7/-999.7/-999.7/-9999.7/-9997:因不明原因而無資料
* -9.8:雨跡(Trace)
* None:未觀測而無資料
********************************************************************************
# stno yyyymmdd     PS01     PS02     PS03     PS04     PS05     PS06     TX01     TX02     TX03     TX04     TX05     TD01     RH01     RH04     RH05     WD01     WD02     WD07     WD08     WD09     PP01     PP02     PP03     PP04     PP05     PP06     SS01     SS02     GR01     VS01     EP05     UV01     UV03     CD11     TS01     TS02     TS03     TS04     TS05     TS06     TS07
467410 20230101   1018.4   1021.6   1020.0   083600   1016.5   152200     18.7     21.3   144900     17.1   055600     16.4       87       77   144700      3.5    360.0      9.6    360.0   170600     -9.8      1.6     -9.8   054200     -9.8   054200      0.0      0.0     5.28      8.5     None     3.18   130000     10.0     None     None     None     None     None     None     None
467410 20230102   1018.5   1021.7   1020.1   090000   1016.3   145900     18.4     19.8   152100     17.7   235400     18.1       98       93   001600      3.8    360.0      9.8     30.0   114300      0.5      7.1      0.5   124000      0.5   122000      0.0      0.0     4.12      5.5     None     2.41   130000     10.0     None     None     None     None     None     None     None
467410 20230103   1018.6   1021.8   1020.5   094100   1017.1   152000     18.0     21.2   142900     15.9   235600     15.5       86       74   134600      3.9     10.0     10.5     30.0   100800      0.0      0.0      0.0     None      0.0     None      1.4     13.1     9.38      8.3     None     4.73   140000      9.5     None     None     None     None     None     None     None
467410 20230104   1018.7   1021.9   1020.3   082800   1016.7   155000     18.3     23.5   144400     15.8   053300     14.4       78       60   134200      4.0     10.0     10.1     20.0   072500      0.0      0.0      0.0     None      0.0     None      7.7     71.8    14.52     11.8     None     6.43   120000      6.8     None     None     None     None     None     None     None
467410 20230105   1018.6   1021.8   1020.6   081800   1016.0   150500     19.2     24.9   140300     15.8   042800     16.6       86       59   134400      3.6     10.0     10.4    350.0   083800      0.0      0.0      0.0     None      0.0     None      6.2     57.7    13.83     11.8     None     6.50   130000      7.0     None     None     None     None     None     None     None
467410 20230106   1017.7   1020.9   1019.9   100100   1015.0   153400     19.1     23.0   141400     17.1   235100     16.3       84       67   135100      4.3     10.0     11.5    360.0   093600      0.0      0.0      0.0     None      0.0     None      5.6     52.1    12.60      7.3     None     7.66   130000      5.8     None     None     None     None     None     None     None
467410 20230107   1016.0   1019.2   1017.6   215600   1013.7   145700     19.8     24.6   134400     16.4   034000     13.8       69       53   131400      3.0     10.0      8.7     30.0   054300      0.0      0.0      0.0     None      0.0     None      5.9     54.9    14.10     10.0     None     7.19   120000      8.3     None     None     None     None     None     None     None
467410 20230108   1017.1   1020.3   1018.4   101200   1015.6   155000     19.9     24.4   131500     17.0   055700     14.7       73       54   133500      2.8    360.0      7.1    300.0   132000      0.0      0.0      0.0     None      0.0     None      7.8     72.5    14.33      5.5     None     6.32   120000      7.3     None     None     None     None     None     None     None
467410 20230109   1016.5   1019.7   1018.6   091600   1014.0   153000     19.7     25.1   154300     16.8   010400     16.6       83       47   154500      2.9     10.0      8.7    350.0   183400      0.0      0.0      0.0     None      0.0     None      8.8     81.7    15.71      4.8     None     6.68   130000      4.5     None     None     None     None     None     None     None
467410 20230110   1015.1   1018.3   1016.8   093300   1013.1   152400     19.9     23.2   113000     18.0   025700     17.3       85       70   135500      2.8     20.0      8.7    340.0   150900      0.0      0.0      0.0     None      0.0     None      1.2     11.1    11.27      5.0     None     4.92   120000      9.3     None     None     None     None     None     None     None
467410 20230111   1014.3   1017.5   1016.2   093000   1012.1   151600     19.7     23.9   131800     18.1   055100     17.8       89       68   132000      2.8    360.0      8.2    330.0   134900     -9.8      1.3     -9.8   044200     -9.8   044200      1.9     17.6    11.66      3.4     None     7.25   130000      9.5     None     None     None     None     None     None     None
467410 20230112   1012.8   1016.0   1014.6   000100   1010.9   141600     20.7     25.2   134700     17.6   041200     17.9       85       60   162700      2.3     20.0      7.2     20.0   063400      0.0      0.0      0.0     None      0.0     None      3.9     36.1    12.29      7.8     None     6.25   130000      8.0     None     None     None     None     None     None     None
467410 20230113   1010.0   1013.1   1012.4   084700   1008.2   233000     23.3     28.3   125400     19.0   064700     19.1       79       52   125200      2.1     20.0      8.5    230.0   151200      0.0      0.0      0.0     None      0.0     None      9.4     87.0    15.87     15.3     None     6.92   130000      2.3     None     None     None     None     None     None     None
467410 20230114   1007.2   1010.3   1009.5   090700   1004.8   144200     24.6     28.5   110400     22.3   044300     20.4       78       57   104300      2.5    160.0      7.4    260.0   140600      0.0      0.0      0.0     None      0.0     None      7.8     72.1    15.81     31.3     None     7.41   130000      5.3     None     None     None     None     None     None     None
467410 20230115   1009.7   1012.8   1013.8   235500   1007.4   142500     20.6     25.7   131400     15.4   231900     17.0       81       59   140500      4.0     10.0     10.0     20.0   044100      0.0      0.0      0.0     None      0.0     None      7.0     64.6    15.56      7.5     None     7.46   130000      2.8     None     None     None     None     None     None     None
467410 20230116   1015.8   1019.0   1018.2   214500   1013.6   151600     15.9     19.9   153000     14.0   063300     10.4       71       58   143700      4.8     10.0     11.8    350.0   061900     -9.8      0.2     -9.8   023600     -9.8   023600      7.2     66.4    15.63     15.0     None     7.74   130000      3.0     None     None     None     None     None     None     None
467410 20230117   1018.2   1021.5   1020.6   220400   1015.5   143700     16.3     21.6   131200     13.0   053000     12.0       76       58   123500      4.5     10.0     10.8    350.0   160200      0.0      0.0      0.0     None      0.0     None      9.6     88.4    16.55     11.8     None     7.37   130000      1.5     None     None     None     None     None     None     None
467410 20230118   1018.8   1022.1   1020.9   081300   1016.2   155900     16.1     20.6   132500     13.9   072500     11.9       77       56   132200      5.1     10.0     12.6    350.0   135600      0.0      0.0      0.0     None      0.0     None      7.7     70.8    15.72     11.3     None     7.71   130000      3.8     None     None     None     None     None     None     None
467410 20230119   1017.7   1020.9   1019.9   081900   1015.1   143200     17.0     23.0   133400     13.0   060300     12.0       74       47   153300      4.0     10.0     11.2    360.0   001700      0.0      0.0      0.0     None      0.0     None      8.4     77.2    16.49      9.8     None     7.54   130000      3.5     None     None     None     None     None     None     None
467410 20230120   1017.0   1020.2   1018.8   084500   1015.1   151000     17.9     23.4   133100     14.9   040100     13.5       76       54   131400      3.9     10.0      9.4    350.0   074400      0.0      0.0      0.0     None      0.0     None      3.1     28.5    13.04      6.8     None     7.22   130000      8.3     None     None     None     None     None     None     None
467410 20230121   1015.6   1018.8   1018.5   093000   1012.5   155700     18.2     24.0   130300     14.9   063200     14.1       78       54   125100      3.2     20.0      8.0     10.0   010100      0.0      0.0      0.0     None      0.0     None      9.6     88.0    16.71     12.5     None     7.01   130000      1.3     None     None     None     None     None     None     None
467410 20230122   1013.4   1016.5   1015.8   083900   1010.9   142300     20.0     25.9   144500     16.3   004200     15.7       78       52   144500      3.7     20.0      9.7    360.0   183700      0.0      0.0      0.0     None      0.0     None      7.4     67.8    16.48      8.0     None     7.82   130000      5.3     None     None     None     None     None     None     None
467410 20230123   1011.7   1014.8   1014.0   233600   1009.3   150000     19.8     24.6   122900     16.6   230200     16.0       79       62   114600      4.3     10.0     10.3     60.0   164700      0.0      0.0      0.0     None      0.0     None      5.9     53.9    14.88      7.8     None     7.54   130000      6.8     None     None     None     None     None     None     None
467410 20230124   1018.2   1021.4   1020.4   094300   1014.0   000100     14.5     17.5   135600     10.4   234800      7.3       63       42   213000      7.8     10.0     21.9    360.0   080600      0.0      0.0      0.0     None      0.0     None      7.8     71.2    16.82     11.3     None     7.95   130000      2.8     None     None     None     None     None     None     None
467410 20230125   1018.6   1021.8   1021.1   085100   1016.0   151600     13.5     18.5   141700      9.4   055200      5.3       58       44   121100      3.1     10.0      9.9     10.0   004800      0.0      0.0      0.0     None      0.0     None     10.0     91.2    17.44     17.8     None     7.88   130000      1.0     None     None     None     None     None     None     None
467410 20230126   1016.3   1019.5   1018.6   083700   1013.1   143300     16.5     22.2   133300     12.7   054500     10.3       68       44   115800      3.5     20.0      9.3     20.0   204100      0.0      0.0      0.0     None      0.0     None     10.3     93.8    18.41     15.0     None     8.26   130000      1.3     None     None     None     None     None     None     None
467410 20230127   1016.9   1020.2   1018.9   210500   1014.6   151500     14.9     19.6   121800     10.8   221000      7.6       63       46   141600      6.5     10.0     18.1    320.0   163900      0.0      0.0      0.0     None      0.0     None     10.2     92.8    17.91     15.0     None     7.82   130000      0.3     None     None     None     None     None     None     None
467410 20230128   1018.3   1021.6   1020.6   091100   1015.9   143200     12.1     17.2   141500      9.1   065900      2.3       51       41   124800      4.9     10.0     12.3    360.0   164400      0.0      0.0      0.0     None      0.0     None      9.8     89.0    17.28     13.0     None     7.75   130000      2.0     None     None     None     None     None     None     None
467410 20230129   1018.3   1021.6   1020.0   084100   1016.1   154000     13.7     20.0   130300      9.1   021500      6.4       62       42   125800      3.5     10.0     10.4     10.0   181600      0.0      0.0      0.0     None      0.0     None      7.4     67.1    16.66     13.8     None     7.25   120000      4.5     None     None     None     None     None     None     None
467410 20230130   1018.1   1021.3   1021.1   090600   1015.5   145500     15.8     22.8   143600     10.6   064100      9.1       66       39   143600      2.9     20.0      8.3     30.0   183000      0.0      0.0      0.0     None      0.0     None     10.4     94.2    18.58     11.3     None     7.80   130000      0.5     None     None     None     None     None     None     None
467410 20230131   1015.4   1018.6   1018.1   091500   1012.9   144100     16.8     22.5   134200     12.4   061200      9.5       64       34   161000      2.5     20.0      7.3    320.0   160300      0.0      0.0      0.0     None      0.0     None     10.4     94.0    18.96     11.5     None     8.26   130000      0.0     None     None     None     None     None     None     None
467410 20230201   1013.2   1016.4   1015.1   084600   1011.2   145800     20.5     26.9   141000     15.5   034500      9.9       52       34   113200      2.3    360.0      5.8     40.0   063900      0.0      0.0      0.0     None      0.0     None      3.6     32.5    12.98     16.3     None     7.26   140000      6.8     None     None     None     None     None     None     None
467410 20230202   1014.8   1018.0   1017.0   092400   1013.0   141100     19.7     25.4   141700     15.9   234700     14.1       71       52   141700      3.7    360.0      9.0    350.0   131800      0.0      0.0      0.0     None      0.0     None      9.4     84.7    18.23      6.5     None     9.23   130000      4.0     None     None     None     None     None     None     None
467410 20230203   1014.9   1018.1   1017.1   090600   1012.7   165600     18.7     23.9   145700     15.7   005100     14.3       77       57   145700      3.5    360.0      8.4     20.0   003600      0.0      0.0      0.0     None      0.0     None      5.4     48.6    15.22      7.0     None     8.59   120000      6.0     None     None     None     None     None     None     None
467410 20230204   1013.7   1016.9   1015.9   095200   1011.3   150400     18.9     24.8   132200     15.6   061400     15.4       81       56   132200      3.4     10.0      9.0    350.0   060100      0.0      0.0      0.0     None      0.0     None      5.9     53.0    16.42      6.8     None     8.99   130000      8.3     None     None     None     None     None     None     None
467410 20230205   1012.7   1015.9   1014.7   090000   1010.6   133100     18.9     25.4   122300     16.8   044100     16.1       85       59   122400      3.4     10.0      9.6    360.0   162900      0.0      0.0      0.0     None      0.0     None      2.9     26.0    12.09      6.3     None     8.35   130000      9.0     None     None     None     None     None     None     None
467410 20230206   1011.0   1014.1   1013.6   092400   1007.9   152700     20.4     26.1   143200     16.6   045400     16.9       81       57   143100      3.1     20.0     10.3    290.0   101100     -9.8      0.3     -9.8   160600     -9.8   160600      0.4      3.6     9.93     12.0     None     6.54   130000      8.8     None     None     None     None     None     None     None
467410 20230207   1012.0   1015.2   1014.0   223700   1010.4   143700     20.9     27.2   133200     17.7   233300     17.2       81       56   133300      3.5     10.0      9.0    310.0   150200      0.0      0.0      0.0     None      0.0     None     10.3     92.1    18.42      6.8     None     8.52   130000      0.3     None     None     None     None     None     None     None
467410 20230208   1013.7   1016.9   1015.7   090800   1011.3   145400     19.8     26.0   152700     17.4   042400     16.9       85       60   152800      3.5     10.0      8.0    320.0   164700      0.0      0.0      0.0     None      0.0     None      7.8     69.6    17.31      5.3     None     8.71   130000      2.5     None     None     None     None     None     None     None
467410 20230209   1013.3   1016.5   1015.1   000200   1011.4   153200     20.2     24.7   120600     16.6   061200     16.9       82       64   115800      2.8     20.0      7.4    350.0   140500      0.0      0.0      0.0     None      0.0     None      4.5     40.1    13.46      4.8     None     8.77   120000      5.8     None     None     None     None     None     None     None
467410 20230210   1012.4   1015.5   1014.6   093200   1010.7   150000     23.1     28.8   143900     18.8   062400     18.3       75       53   144200      2.1    360.0      6.7    290.0   151700      0.0      0.0      0.0     None      0.0     None      8.1     72.1    16.33     10.3     None     8.10   140000      5.0     None     None     None     None     None     None     None
467410 20230211   1012.2   1015.4   1014.4   094500   1010.4   145900     21.4     27.1   134800     17.2   053500     17.9       81       61   135000      2.4    360.0      7.2    350.0   040300      0.0      0.0      0.0     None      0.0     None      9.8     87.0    19.03      6.0     None     9.28   130000      2.0     None     None     None     None     None     None     None
467410 20230212   1011.8   1014.9   1014.1   082000   1009.3   152000     23.7     28.6   110400     18.7   052100     19.3       78       50   110500      2.9    200.0     11.4    180.0   144500      0.0      0.0      0.0     None      0.0     None     10.7     94.9    20.04     13.5     None     9.81   130000      0.0     None     None     None     None     None     None     None
467410 20230213   1010.7   1013.8   1012.8   082600   1007.6   151100     24.9     30.1   115300     20.1   235900     20.6       78       51   113600      2.5     90.0      8.4    320.0   192700      0.0      0.0      0.0     None      0.0     None     10.1     89.4    20.07     43.8     None    10.67   130000      1.0     None     None     None     None     None     None     None
467410 20230214   1014.2   1017.5   1016.6   230200   1011.3   014400     16.1     20.1   000100     13.1   232100     12.4       79       71   105500      5.0     10.0     12.7     30.0   072800     -9.8      0.7     -9.8   114600     -9.8   114600      0.0      0.0     3.91     12.5     None     2.87   140000     10.0     None     None     None     None     None     None     None
467410 20230215   1018.7   1022.0   1020.9   215300   1016.5   000100     14.8     19.6   145300     12.5   071800      7.7       63       48   141100      5.4     10.0     14.6    350.0   052100      0.0      0.0      0.0     None      0.0     None      4.6     40.6    14.95     14.5     None     9.04   130000      6.8     None     None     None     None     None     None     None
467410 20230216   1020.4   1023.6   1022.1   090300   1018.5   151600     16.6     21.9   131100     12.5   040000      9.8       65       50   125500      3.2     10.0      7.5    300.0   134900      0.0      0.0      0.0     None      0.0     None      9.8     86.3    20.11     13.8     None     9.72   130000      2.3     None     None     None     None     None     None     None
467410 20230217   1018.2   1021.4   1021.4   000100   1015.1   160600     17.9     23.4   130300     14.3   060500     13.4       76       53   120500      4.0     10.0     11.3    330.0   135300      0.0      0.0      0.0     None      0.0     None     10.4     91.4    20.60     11.0     None    10.21   130000      0.5     None     None     None     None     None     None     None
467410 20230218   1015.2   1018.3   1017.3   000100   1012.1   153600     19.5     25.9   132600     13.9   063300     15.3       79       43   122100      2.6     20.0      7.6    310.0   133600      0.0      0.0      0.0     None      0.0     None      9.3     81.6    20.33     10.5     None     9.97   130000      3.8     None     None     None     None     None     None     None
467410 20230219   1013.4   1016.6   1015.4   000100   1011.0   154100     19.5     26.7   131500     15.8   072500     15.7       80       43   131400      3.8     10.0     11.2    340.0   153800      0.0      0.0      0.0     None      0.0     None      6.6     57.4    19.25      5.6     None     9.60   130000      6.7     None     None     None     None     None     None     None
467410 20230220   1013.5   1016.7   1015.5   225300   1011.9   030400     17.8     22.7   140700     15.1   232300     11.6       68       49   131600      4.4     10.0     10.2    350.0   191300      0.0      0.0      0.0     None      0.0     None      1.9     16.6    13.49      6.0     None     7.02   140000      9.3     None     None     None     None     None     None     None
467410 20230221   1017.0   1020.2   1018.8   213200   1014.9   022500     17.1     22.6   133000     13.7   232500      9.8       63       47   133100      4.4     10.0     11.6     20.0   174900      0.0      0.0      0.0     None      0.0     None      6.7     58.5    17.99     15.5     None     9.47   130000      7.0     None     None     None     None     None     None     None
467410 20230222   1017.2   1020.4   1019.4   075400   1014.9   160700     16.3     20.8   122800     13.7   001400     11.6       74       57   112400      4.6     10.0     12.2    350.0   162600      0.0      0.0      0.0     None      0.0     None     10.1     88.0    21.19     10.3     None     9.84   130000      1.8     None     None     None     None     None     None     None
467410 20230223   1013.4   1016.5   1016.3   000100   1010.8   150700     18.0     23.4   142100     14.9   005100     14.6       82       57   141100      4.2    360.0     10.6     40.0   081400      0.0      0.0      0.0     None      0.0     None      7.8     67.8    20.49      8.5     None    10.73   130000      2.8     None     None     None     None     None     None     None
467410 20230224   1013.4   1016.6   1016.9   235400   1011.2   141900     17.4     22.0   141600     14.4   234300     14.9       86       66   135200      5.2     10.0     12.9     40.0   161500      0.0      0.0      0.0     None      0.0     None      6.6     57.3    17.83      6.2     None    10.82   130000      5.8     None     None     None     None     None     None     None
467410 20230225   1020.2   1023.5   1023.5   223100   1016.9   000100     16.4     21.5   140200     14.3   001300     10.8       70       53   130700      5.1     10.0     11.9     70.0   161200      0.0      0.0      0.0     None      0.0     None      2.6     22.5    15.10      7.0     None     9.27   130000      9.5     None     None     None     None     None     None     None
467410 20230226   1023.9   1027.2   1025.8   085800   1022.2   151700     15.8     20.4   140600     13.1   062300      8.0       60       46   124200      4.8    360.0     12.2    350.0   142800      0.0      0.0      0.0     None      0.0     None      9.5     82.1    20.99     17.0     None     9.64   130000      2.3     None     None     None     None     None     None     None
467410 20230227   1022.9   1026.1   1024.5   090900   1020.9   151100     16.6     22.3   135500     13.0   055700     10.2       67       45   113400      3.3     20.0      9.7     20.0   182300      0.0      0.0      0.0     None      0.0     None     10.4     89.7    21.21     15.3     None     9.58   130000      2.7     None     None     None     None     None     None     None
467410 20230228   1020.2   1023.5   1023.0   000100   1017.6   153700     17.1     22.5   140500     14.4   053000     13.8       82       58   133600      3.6     20.0      9.6    350.0   170600      0.0      0.0      0.0     None      0.0     None     10.5     90.4    21.69      9.5     None    10.37   130000      0.0     None     None     None     None     None     None     None
467410 20230301   1017.5   1020.7   1019.7   090300   1014.7   155900     18.8     25.6   130100     13.7   040000     13.4       75       33   142800      3.8     20.0     12.0    340.0   134800      0.0      0.0      0.0     None      0.0     None     10.5     90.3    21.74     15.5     None    10.16   130000      0.0     None     None     None     None     None     None     None
467410 20230302   1019.4   1022.6   1021.5   204300   1017.5   015300     18.0     24.2   120300     14.8   234000     11.3       67       42   120400      4.5     10.0     13.0    350.0   172900      0.0      0.0      0.0     None      0.0     None     10.4     89.2    20.35      8.5     None     8.74   130000      0.0     None     None     None     None     None     None     None
467410 20230303   1020.5   1023.8   1022.1   080200   1018.2   142500     17.4     22.3   131600     13.6   035100     10.8       66       49   131500      2.5     20.0      8.1    300.0   150100      0.0      0.0      0.0     None      0.0     None     10.4     89.1    21.38      9.8     None     9.84   130000      0.0     None     None     None     None     None     None     None
467410 20230304   1020.5   1023.7   1022.7   085500   1018.2   152300     18.4     24.2   134200     14.3   070000     12.8       71       49   125900      3.0     10.0      9.0     20.0   180700      0.0      0.0      0.0     None      0.0     None     10.2     87.2    20.57      9.3     None     9.06   130000      2.5     None     None     None     None     None     None     None
467410 20230305   1019.1   1022.3   1021.3   085100   1016.6   150800     18.8     25.6   134300     13.9   063900     11.0       63       35   123100      3.3     10.0      9.8    320.0   151700      0.0      0.0      0.0     None      0.0     None     10.9     93.0    22.39     10.0     None     9.89   130000      0.0     None     None     None     None     None     None     None
467410 20230306   1018.6   1021.8   1020.5   085300   1016.7   153000     19.5     24.1   120800     15.5   013000     12.8       66       48   120900      1.9    260.0      7.9    300.0   140400      0.0      0.0      0.0     None      0.0     None     10.7     90.5    22.49     17.0     None    10.63   130000      0.3     None     None     None     None     None     None     None
467410 20230307   1017.9   1021.1   1019.9   090100   1016.0   154700     20.7     24.8   124500     17.7   051400     11.9       57       44   113300      2.6     90.0      8.3    320.0   140000      0.0      0.0      0.0     None      0.0     None      9.7     81.9    21.39     14.8     None    10.04   130000      3.8     None     None     None     None     None     None     None
467410 20230308   1016.8   1019.9   1018.9   090600   1014.8   153900     21.2     25.7   132200     17.7   023900     10.0       50       29   141400      2.0    320.0      8.6    300.0   134200      0.0      0.0      0.0     None      0.0     None     10.8     91.6    21.60     16.3     None     9.30   130000      0.0     None     None     None     None     None     None     None
467410 20230309   1014.7   1017.9   1016.5   084400   1012.6   152000     21.3     26.2   125700     17.5   064300     10.5       51       25   125600      2.7    320.0      9.9    330.0   131300      0.0      0.0      0.0     None      0.0     None     10.6     89.8    21.25     11.3     None     8.68   130000      0.0     None     None     None     None     None     None     None
467410 20230310   1014.3   1017.4   1016.0   084300   1012.6   150900     22.1     25.4   155200     18.5   024600     14.1       61       48   104700      1.8     20.0      7.5    320.0   160500      0.0      0.0      0.0     None      0.0     None     10.4     87.9    22.79      9.3     None    10.28   130000      1.3     None     None     None     None     None     None     None
467410 20230311   1015.1   1018.2   1016.5   081600   1013.7   165400     22.8     26.5   121500     19.7   053000     15.4       63       51   112400      2.0    310.0      8.6    300.0   155100      0.0      0.0      0.0     None      0.0     None     10.4     87.7    22.75     18.8     None    10.76   130000      2.5     None     None     None     None     None     None     None
467410 20230312   1014.9   1018.1   1016.4   224900   1013.1   153300     22.2     27.2   144400     18.3   235300     15.0       66       34   142100      3.0    360.0     11.8     20.0   211800      0.0      0.0      0.0     None      0.0     None     10.2     85.9    21.24     14.8     None     9.32   130000      1.8     None     None     None     None     None     None     None
467410 20230313   1015.0   1018.2   1016.8   083300   1013.0   145300     18.9     24.0   151100     15.5   035900     11.8       64       48   151100      4.2    360.0     10.0     20.0   004100      0.0      0.0      0.0     None      0.0     None      3.9     32.5    16.10     10.8     None     8.74   120000      7.3     None     None     None     None     None     None     None
467410 20230314   1013.1   1016.2   1014.7   091900   1010.6   155500     20.3     25.4   125700     16.2   030400     13.1       64       42   125600      2.6     20.0      8.1    330.0   152500      0.0      0.0      0.0     None      0.0     None      8.5     71.3    21.79     13.0     None    10.77   130000      7.0     None     None     None     None     None     None     None
467410 20230315   1014.2   1017.3   1016.0   215200   1012.3   145300     21.9     26.6   123700     18.1   034600     15.4       69       43   132400      3.1     20.0      9.9    330.0   121200      0.0      0.0      0.0     None      0.0     None      9.5     79.5    21.22     12.0     None     9.35   130000      4.3     None     None     None     None     None     None     None
467410 20230316   1015.4   1018.5   1017.2   094900   1013.6   153500     22.3     26.9   124000     19.0   063700     17.6       76       50   142200      3.0    360.0      9.4    340.0   161400      0.0      0.0      0.0     None      0.0     None      9.3     77.7    20.00     11.0     None     8.83   130000      6.8     None     None     None     None     None     None     None
467410 20230317   1013.6   1016.8   1016.4   000100   1011.4   151000     22.7     27.5   115300     19.5   062800     17.9       75       49   113100      3.2     20.0      8.7    300.0   123100      0.0      0.0      0.0     None      0.0     None     10.3     85.9    21.03      9.8     None     8.63   120000      2.8     None     None     None     None     None     None     None
467410 20230318   1012.6   1015.8   1014.0   091000   1010.8   145100     22.6     27.6   114200     19.9   233800     17.3       73       53   114200      3.5     10.0     11.8    340.0   164800      0.0      0.0      0.0     None      0.0     None      8.8     73.3    21.49     12.8     None     9.65   130000      2.3     None     None     None     None     None     None     None
467410 20230319   1012.2   1015.3   1014.4   084100   1009.5   162500     22.0     26.9   114600     18.4   061400     17.2       75       54   112700      4.0     10.0     10.3    350.0   145400      0.0      0.0      0.0     None      0.0     None     10.1     83.9    21.03     11.5     None     9.46   120000      1.8     None     None     None     None     None     None     None
467410 20230320   1009.3   1012.4   1011.8   000100   1007.2   161700     23.7     28.4   120400     20.1   024300     18.4       74       46   140400      2.4     20.0      6.9    220.0   134400      0.0      0.0      0.0     None      0.0     None      9.2     76.3    21.29     11.0     None     9.41   130000      3.3     None     None     None     None     None     None     None
467410 20230321   1007.4   1010.5   1009.0   085400   1005.6   153800     24.7     27.9   120000     21.9   040600     20.5       78       64   104200      1.8    240.0      7.4    260.0   120600      0.0      0.0      0.0     None      0.0     None      8.7     72.0    20.40     19.3     None     9.29   130000      2.5     None     None     None     None     None     None     None
467410 20230322   1006.9   1010.0   1008.6   092800   1005.5   144700     24.9     27.7   105200     23.1   064600     21.4       81       63   154100      2.5    190.0      9.2    250.0   125300      0.0      0.0      0.0     None      0.0     None     10.7     88.4    22.35     21.3     None    10.31   130000      5.3     None     None     None     None     None     None     None
467410 20230323   1008.2   1011.3   1009.8   193300   1006.5   030300     24.8     28.2   135000     22.5   050600     20.6       78       59   120200      2.0    230.0      7.1    270.0   122600      0.0      0.0      0.0     None      0.0     None      9.3     76.7    23.96     15.5     None    12.10   130000      3.8     None     None     None     None     None     None     None
467410 20230324   1010.7   1013.8   1012.3   222100   1008.7   023200     26.0     30.3   105900     22.1   053900     19.2       67       47   110000      2.8    360.0      9.2    320.0   133600      0.0      0.0      0.0     None      0.0     None     10.7     87.4    22.96     11.3     None    10.76   130000      2.3     None     None     None     None     None     None     None
467410 20230325   1010.8   1013.9   1012.2   200600   1008.6   144100     23.8     29.6   134800     20.3   202400     19.3       77       54   134800      4.0     10.0     13.8     30.0   194800     -9.8      0.7     -9.8   193000     -9.8   193000      9.0     73.4    22.43     10.5     None    10.23   120000      5.3     None     None     None     None     None     None     None
467410 20230326   1011.1   1014.3   1013.6   235900   1009.4   153300     21.5     26.8   111600     18.1   231400     17.5       79       49   113600      4.0     20.0     12.9     50.0   121500     -9.8      1.6     -9.8   032300     -9.8   032300      0.0      0.0     4.95     31.3     None     3.51   100000     10.0     None     None     None     None     None     None     None
467410 20230327   1012.5   1015.7   1014.5   235800   1010.7   150100     20.3     26.3   115800     17.0   053900     15.6       75       54   121800      4.0    360.0     10.8     10.0   000900      0.0      0.0      0.0     None      0.0     None      4.1     33.6    15.82     10.0     None     7.37   130000      9.5     None     None     None     None     None     None     None
467410 20230328   1013.7   1016.8   1015.9   090900   1011.7   150800     21.0     27.0   135900     16.7   050500     16.5       77       54   132700      4.5     10.0     11.4     10.0   145600     -9.8      0.6     -9.8   013100     -9.8   013100      8.4     68.6    22.05      9.8     None    11.23   130000      2.8     None     None     None     None     None     None     None
467410 20230329   1011.6   1014.7   1013.2   083400   1009.7   162200     21.4     25.2   102900     18.8   035000     18.5       84       65   102700      4.0     10.0     12.2     20.0   135600      0.0      0.0      0.0     None      0.0     None      3.2     26.1    12.89      9.8     None     4.60   110000      5.8     None     None     None     None     None     None     None
467410 20230330   1008.8   1012.0   1011.1   000100   1006.6   151300     22.6     29.0   115600     19.3   043400     18.4       79       52   115600      4.0     10.0     11.2     80.0   060400      0.0      0.0      0.0     None      0.0     None      8.8     71.6    21.13     11.5     None     9.22   120000      1.8     None     None     None     None     None     None     None
467410 20230331   1009.9   1013.0   1011.9   100600   1007.7   151700     22.4     28.3   145300     18.9   045900     17.2       73       52   145400      3.2    360.0      9.0    350.0   002200      0.0      0.0      0.0     None      0.0     None      6.9     55.6    20.02      7.4     None     9.51   130000      6.8     None     None     None     None     None     None     None
467410 20230401   1009.7   1012.8   1011.6   090100   1007.9   153000     21.2     22.6   164600     20.0   061400     18.8       87       77   101100      3.0     20.0      9.0     60.0   105200      0.5      2.4      0.5   140600      0.5   140600      0.1      0.8     4.06      8.0     None     2.31   120000     10.0     None     None     None     None     None     None     None
467410 20230402   1009.3   1012.5   1011.0   080100   1006.9   161100     24.1     29.3   122300     19.8   054800     19.7       78       52   154100      3.1     10.0      8.4    310.0   142400      0.0      0.0      0.0     None      0.0     None     10.0     80.9    23.43      8.8     None    10.33   120000      1.3     None     None     None     None     None     None     None
467410 20230403   1009.9   1013.0   1011.4   215800   1008.3   152100     24.5     27.8   123200     21.9   013800     19.3       74       61   123100      2.1    360.0      8.1    300.0   143200      0.0      0.0      0.0     None      0.0     None     10.1     81.6    21.01     12.0     None     8.00   130000      1.0     None     None     None     None     None     None     None
467410 20230404   1008.5   1011.6   1010.4   082400   1006.3   160000     24.6     28.0   113400     22.5   062300     19.6       74       59   113500      2.3    330.0      8.4    280.0   130300      0.0      0.0      0.0     None      0.0     None      6.9     55.6    20.23      8.8     None     8.79   130000      6.0     None     None     None     None     None     None     None
467410 20230405   1009.2   1012.3   1010.6   090100   1007.4   140500     25.7     30.5   124200     22.3   025900     20.2       72       47   123900      3.5    200.0     11.5    200.0   152200      0.0      0.0      0.0     None      0.0     None      8.5     68.4    22.54     20.8     None    10.60   130000      4.5     None     None     None     None     None     None     None
467410 20230406   1009.1   1012.2   1010.9   083300   1007.2   160200     26.3     28.9   101800     24.9   050700     22.2       79       63   102700      3.0    210.0      9.4    180.0   113100      0.0      0.0      0.0     None      0.0     None      6.0     48.2    19.45     11.0     None    10.19   130000      6.0     None     None     None     None     None     None     None
467410 20230407   1011.0   1014.1   1014.4   234300   1008.7   033200     23.3     27.0   133100     19.0   230600     18.8       77       59   133900      3.9     10.0     10.6    350.0   112300     -9.8      0.2     -9.8   045700     -9.8   045700      2.7     21.7    16.07     11.5     None    10.50   130000      7.8     None     None     None     None     None     None     None
467410 20230408   1014.9   1018.1   1016.8   083800   1013.1   155800     22.0     26.9   144200     18.2   053500     13.5       59       47   135300      3.0     10.0     10.6     10.0   000600      0.0      0.0      0.0     None      0.0     None      7.4     59.2    21.68     11.3     None    11.10   120000      4.8     None     None     None     None     None     None     None
467410 20230409   1014.4   1017.6   1016.6   075200   1011.9   154200     22.4     25.2   113500     20.1   010900     14.9       63       55   101000      2.3    240.0      8.8    290.0   141400      0.0      0.0      0.0     None      0.0     None      9.8     78.3    24.45     20.5     None    11.88   130000      3.8     None     None     None     None     None     None     None
467410 20230410   1012.5   1015.6   1014.4   000100   1010.3   164500     23.4     27.5   112100     20.4   035900     16.4       66       46   112100      2.7    310.0      9.7    320.0   141100      0.0      0.0      0.0     None      0.0     None     10.8     86.2    23.82     18.3     None    10.42   130000      0.8     None     None     None     None     None     None     None
467410 20230411   1010.4   1013.5   1012.2   091200   1007.8   160800     24.9     28.9   121200     21.7   030000     17.1       63       44   111700      2.5     10.0      9.3    280.0   141000      0.0      0.0      0.0     None      0.0     None     10.5     83.6    23.54     13.8     None    10.79   130000      0.3     None     None     None     None     None     None     None
467410 20230412   1009.8   1012.9   1011.2   220000   1007.9   153000     24.8     28.4   131600     22.5   051200     19.3       72       54   103400      3.0    360.0     10.7    330.0   154100      0.0      0.0      0.0     None      0.0     None      7.0     55.7    18.17     12.3     None     6.37   110000      4.8     None     None     None     None     None     None     None
467410 20230413   1009.4   1012.5   1011.3   082300   1007.7   155000     24.3     28.5   112300     21.7   052000     20.7       81       62   123800      3.1    320.0      9.5    320.0   145800      0.0      0.0      0.0     None      0.0     None      9.3     73.8    22.22      7.0     None     9.60   130000      1.0     None     None     None     None     None     None     None
467410 20230414   1007.5   1010.5   1010.2   082400   1004.2   152000     25.6     31.2   134500     20.9   053800     20.8       77       51   134500      2.0     10.0      6.5    300.0   142500      0.0      0.0      0.0     None      0.0     None      8.4     66.6    22.48      7.8     None    10.76   130000      4.5     None     None     None     None     None     None     None
467410 20230415   1005.4   1008.5   1007.3   085300   1003.6   154400     27.2     30.2   104400     24.9   061900     20.9       69       55   104400      3.0    300.0     10.5    290.0   115400      0.0      0.0      0.0     None      0.0     None      7.7     60.9    20.59     14.0     None     8.63   130000      2.8     None     None     None     None     None     None     None
467410 20230416   1007.0   1010.1   1009.1   230800   1005.1   023400     26.7     30.7   143800     24.2   052200     21.3       73       49   143900      2.1    290.0      6.9    280.0   142900      0.0      0.0      0.0     None      0.0     None      9.4     73.7    23.78     10.8     None    10.35   130000      4.3     None     None     None     None     None     None     None
467410 20230417   1010.0   1013.1   1011.5   092300   1008.0   031700     27.0     31.7   131100     24.0   045600     21.2       71       51   140500      2.3    320.0      9.0    320.0   120100      0.0      0.0      0.0     None      0.0     None     10.7     84.3    24.97     16.3     None    10.63   120000      1.3     None     None     None     None     None     None     None
467410 20230418   1008.7   1011.8   1011.4   082900   1006.1   183700     28.1     33.4   140600     24.7   053700     21.6       68       47   141600      3.5    180.0     13.5    210.0   160500      0.0      0.0      0.0     None      0.0     None      6.1     48.0    17.90     10.5     None     6.76   140000      8.3     None     None     None     None     None     None     None
467410 20230419   1004.6   1007.6   1007.8   000100   1002.5   235500     28.0     31.4   112800     26.4   045200     23.3       76       53   123200      4.4    180.0     11.3    230.0   123800     -9.8      0.2     -9.8   161200     -9.8   161200      6.3     49.5    19.43     15.0     None     9.62   120000      5.5     None     None     None     None     None     None     None
467410 20230420   1002.8   1005.9   1005.1   222900   1000.8   023300     26.4     29.3   120000     24.4   145700     22.5       79       64   120000      2.9    160.0     13.1    210.0   100000      0.5      0.9      0.5   145700      0.5   144100      0.8      6.3     8.49     12.3     None     4.83   120000      8.8     None     None     None     None     None     None     None
467410 20230421   1005.9   1009.0   1008.3   220600   1003.1   024400     25.8     29.1   095200     24.0   233600     21.8       79       62   094900      2.2     20.0      6.7    300.0   120600     -9.8      1.0     -9.8   123800     -9.8   123800      2.5     19.4     8.12     15.3     None     5.50   100000      9.3     None     None     None     None     None     None     None
467410 20230422   1008.8   1011.8   1011.2   220400   1006.7   153300     26.4     31.1   152500     23.6   233800     21.0       73       51   151200      2.3    300.0      8.6    310.0   155500      0.0      0.0      0.0     None      0.0     None      8.9     69.6    20.63     10.5     None     7.24   130000      5.8     None     None     None     None     None     None     None
467410 20230423   1010.7   1013.8   1012.2   083400   1009.2   021900     26.0     31.0   131000     22.7   035800     20.7       73       53   131100      3.0    320.0      9.7    310.0   145200      0.0      0.0      0.0     None      0.0     None      8.6     67.1    22.43      8.0     None     8.66   130000      2.5     None     None     None     None     None     None     None
467410 20230424   1010.8   1013.9   1012.9   091000   1009.1   142800     25.1     29.7   131900     22.4   235700     21.4       81       60   131400      3.2    360.0     10.8    340.0   173700      0.0      0.0      0.0     None      0.0     None      3.6     28.1    13.42      9.0     None     5.82   130000      7.5     None     None     None     None     None     None     None
467410 20230425   1009.7   1012.8   1011.1   084400   1008.1   154100     24.5     28.9   114500     21.7   032700     20.3       78       61   114600      2.5     10.0      7.1    260.0   124900      0.0      0.0      0.0     None      0.0     None      1.6     12.4    15.90     14.8     None     9.86   120000      9.3     None     None     None     None     None     None     None
467410 20230426   1010.1   1013.2   1012.2   220000   1008.7   160900     24.7     29.3   131800     21.6   055900     18.5       69       53   122500      3.8    360.0      9.9    340.0   125000      0.0      0.0      0.0     None      0.0     None      7.4     57.5    23.00     11.5     None    10.63   120000      4.3     None     None     None     None     None     None     None
467410 20230427   1011.9   1015.0   1013.8   092900   1010.0   162100     25.3     29.9   130300     21.2   053700     17.7       63       52   115800      3.0     10.0      9.5    310.0   140200      0.0      0.0      0.0     None      0.0     None      9.0     69.8    24.17     13.5     None    11.02   120000      2.8     None     None     None     None     None     None     None
467410 20230428   1010.7   1013.8   1012.7   080700   1008.4   160700     26.4     31.7   113000     22.8   051400     20.1       70       47   113000      3.2    360.0     11.2    300.0   134500      0.0      0.0      0.0     None      0.0     None     11.0     85.2    25.10     11.8     None    10.35   130000      1.3     None     None     None     None     None     None     None
467410 20230429   1008.3   1011.4   1010.3   072000   1006.6   161100     27.6     32.0   111600     23.8   054500     20.7       66       50   110200      2.4     10.0      8.8    300.0   120100      0.0      0.0      0.0     None      0.0     None     10.8     82.9    25.57     19.3     None    11.30   120000      2.5     None     None     None     None     None     None     None
467410 20230430   1008.3   1011.4   1011.1   221400   1006.4   030200     26.5     30.9   134400     22.7   234700     20.5       71       55   134400      3.8    360.0     10.7    300.0   095200      0.0      0.0      0.0     None      0.0     None      9.8     75.7    23.68     10.3     None    10.62   120000      6.3     None     None     None     None     None     None     None
467410 20230501   1010.7   1013.8   1013.3   215900   1009.0   041300     25.8     30.8   124900     21.4   054300     18.8       66       52   123100      2.9    360.0      7.4    300.0   144100      0.0      0.0      0.0     None      0.0     None     10.0     77.1    24.64     11.0     None    11.26   130000      4.8     None     None     None     None     None     None     None
467410 20230502   1012.3   1015.4   1013.9   084100   1010.6   155100     26.6     31.1   112000     23.5   043600     20.3       69       49   111100      2.8    360.0     10.8    330.0   145500      0.0      0.0      0.0     None      0.0     None     11.4     87.8    25.30     12.8     None    11.31   120000      4.8     None     None     None     None     None     None     None
467410 20230503   1011.2   1014.3   1013.1   083300   1009.8   162200     26.9     31.1   130900     23.8   020000     21.5       73       55   130900      2.0     20.0      7.1    270.0   145300      0.0      0.0      0.0     None      0.0     None      9.5     72.4    24.55     11.8     None    11.91   120000      6.0     None     None     None     None     None     None     None
467410 20230504   1007.0   1010.1   1009.9   000100   1004.5   175400     28.1     31.9   100500     24.8   041600     21.4       68       47   094900      2.8     20.0     11.2    200.0   163000      0.0      0.0      0.0     None      0.0     None     12.1     92.9    27.22     15.5     None    11.96   120000      1.3     None     None     None     None     None     None     None
467410 20230505   1004.1   1007.2   1005.7   093800   1001.9   162000     28.7     32.9   120200     26.3   055100     23.5       74       56   090500      4.0    200.0     13.4    200.0   104500      0.0      0.0      0.0     None      0.0     None     11.4     87.4    27.17     30.0     None    12.87   120000      2.5     None     None     None     None     None     None     None
467410 20230506   1003.4   1006.4   1004.7   075000   1001.2   163900     29.0     32.6   104700     26.2   052300     23.3       73       47   142900      3.1    210.0      9.7    240.0   134500      0.0      0.0      0.0     None      0.0     None     11.8     90.3    27.35     50.0     None    12.68   120000      5.8     None     None     None     None     None     None     None
467410 20230507   1004.3   1007.4   1007.0   112100   1002.7   041000     27.7     30.1   165400     23.7   115200     23.1       77       59   092700      1.7    190.0     11.4    350.0   111900     14.5      3.8      3.0   111800      7.5   111800      0.6      4.6     7.76     36.3     None     5.15   140000      9.8     None     None     None     None     None     None     None
467410 20230508   1007.2   1010.3   1009.7   215500   1004.4   021400     25.1     28.4   121300     21.9   231100     21.1       79       63   140500      3.5    360.0      9.2    350.0   221600      1.5      1.8      1.0   073700      1.0   072500      4.0     30.5    18.94     11.5     None    12.33   120000      7.8     None     None     None     None     None     None     None
467410 20230509   1009.6   1012.7   1011.3   213100   1008.2   162400     23.1     26.8   143100     20.7   033500     17.2       69       60   144600      3.5     10.0      9.0     30.0   021200      0.0      0.0      0.0     None      0.0     None      0.7      5.3    11.23     14.3     None     6.68   130000      9.8     None     None     None     None     None     None     None
467410 20230510   1010.5   1013.6   1011.8   215800   1009.2   164900     24.7     27.6   133700     21.7   020900     18.1       67       56   161400      1.9    220.0      9.0    180.0   134200      0.0      0.0      0.0     None      0.0     None     11.5     87.6    27.36     12.8     None    11.95   120000      2.8     None     None     None     None     None     None     None
467410 20230511   1011.6   1014.7   1012.9   095300   1010.5   023300     25.8     29.3   125700     23.8   034700     19.6       69       49   125700      1.9    160.0      7.8    250.0   145700      0.0      0.0      0.0     None      0.0     None      3.9     29.7    18.02     11.8     None     8.69   140000      9.3     None     None     None     None     None     None     None
467410 20230512   1011.5   1014.6   1013.2   093500   1009.8   161500     25.9     28.9   122500     24.0   055600     20.8       74       62   111700      2.3    330.0      8.0    320.0   144400      0.0      0.0      0.0     None      0.0     None      3.5     26.6    17.07      9.8     None    11.88   130000      8.8     None     None     None     None     None     None     None
467410 20230513   1010.0   1013.1   1011.9   091900   1008.3   143000     25.7     29.5   142900     23.5   051900     20.8       75       57   114500      2.9    340.0     10.1    340.0   151100     -9.8      1.0     -9.8   074400     -9.8   074400      1.9     14.4    16.56      7.8     None     9.16   120000     10.0     None     None     None     None     None     None     None
467410 20230514   1008.1   1011.2   1009.6   092500   1006.6   153800     25.8     29.2   125100     24.0   000100     19.8       70       51   131000      2.4    350.0      8.9    350.0   161700     -9.8      0.5     -9.8   033100     -9.8   033100      0.3      2.3    11.08     10.0     None     8.92   130000     10.0     None     None     None     None     None     None     None
467410 20230515   1007.9   1011.0   1009.3   210300   1006.4   153700     24.9     27.5   103600     23.5   062700     21.9       84       66   101300      1.7     60.0      5.3    270.0   125600      5.0      5.0      2.5   203500      4.5   202800      0.1      0.8     8.45      7.3     None     5.68   100000     10.0     None     None     None     None     None     None     None
467410 20230516   1007.3   1010.4   1008.9   084300   1005.5   150900     26.0     29.2   131700     22.9   013500     21.8       78       64   211200      2.0    350.0      6.7    350.0   114900      1.0      2.0      0.5   005900      0.5   000700      0.5      3.7    14.36      7.5     None     9.05   120000      9.5     None     None     None     None     None     None     None
467410 20230517   1006.7   1009.7   1008.0   000100   1004.9   161000     27.7     31.2   115900     24.7   034700     22.5       74       57   113400      2.6    230.0      8.2    260.0   161900      0.0      0.0      0.0     None      0.0     None     11.8     89.1    27.61     20.8     None    12.53   130000      2.0     None     None     None     None     None     None     None
467410 20230518   1006.0   1009.1   1007.6   103900   1004.3   162500     28.7     30.9   121500     26.6   030200     25.1       81       70   083800      2.6    210.0      9.5    230.0   132700      0.0      0.0      0.0     None      0.0     None      4.3     32.4    19.94     23.8     None    11.03   120000      8.8     None     None     None     None     None     None     None
467410 20230519   1006.6   1009.7   1008.1   224800   1005.2   023600     28.3     31.2   114200     26.1   032300     24.8       82       68   123800      2.8    200.0     10.1    220.0   114300      1.5      0.5      1.5   031500      1.5   031500      4.4     32.9    19.74      9.3     None    10.05   120000      8.0     None     None     None     None     None     None     None
467410 20230520   1007.6   1010.6   1009.6   222800   1006.1   151800     28.4     31.2   112800     26.3   033600     24.1       78       67   114700      2.4    250.0      9.1    220.0   143500     -9.8      0.6     -9.8   195500     -9.8   195500      6.5     48.5    20.97     12.0     None    12.20   120000      5.5     None     None     None     None     None     None     None
467410 20230521   1008.1   1011.1   1009.5   084000   1006.4   170200     28.9     31.8   123700     26.7   033800     24.1       76       60   122600      2.6    140.0      8.4    250.0   141700      0.0      0.0      0.0     None      0.0     None      9.8     73.7    25.79     16.3     None    12.82   120000      3.5     None     None     None     None     None     None     None
467410 20230522   1006.5   1009.6   1007.8   000100   1005.0   175600     29.3     32.0   131900     27.1   032900     24.7       77       64   103000      2.3    250.0      7.3    260.0   140100      0.0      0.0      0.0     None      0.0     None      9.4     70.6    24.35     53.8     None    11.56   130000      6.3     None     None     None     None     None     None     None
467410 20230523   1006.6   1009.7   1008.7   213800   1004.8   024200     27.4     30.7   120600     24.8   191500     23.6       80       67   110700      2.4    290.0      8.3    330.0   043800      4.0      1.1      3.5   043400      3.5   043000      1.2      9.0    13.21     17.5     None     6.02   110000      9.8     None     None     None     None     None     None     None
467410 20230524   1008.3   1011.3   1009.3   205000   1007.3   023800     27.4     31.8   105700     25.2   061700     22.2       74       57   105700      1.8    290.0      7.9    310.0   131300      0.0      0.0      0.0     None      0.0     None      3.7     27.7    18.82     10.3     None    10.70   130000      9.0     None     None     None     None     None     None     None
467410 20230525   1009.7   1012.7   1011.1   233800   1008.1   153400     28.8     33.2   114500     25.6   060400     23.0       71       54   114100      2.7     20.0      8.8    300.0   131800      0.0      0.0      0.0     None      0.0     None      9.3     69.7    24.52     17.0     None    10.98   120000      4.5     None     None     None     None     None     None     None
467410 20230526   1009.8   1012.9   1011.6   084600   1007.8   164500     28.9     32.1   135100     26.8   052800     23.1       72       57   143000      2.7    310.0      8.1    310.0   123400     -9.8      0.1     -9.8   105000     -9.8   105000      5.5     41.2    16.30     16.0     None     8.15   140000      6.8     None     None     None     None     None     None     None
467410 20230527   1008.2   1011.3   1009.5   092200   1006.8   162300     28.6     31.2   143500     27.0   055300     23.1       73       59   115000      2.9    320.0      9.2    300.0   152200      0.0      0.0      0.0     None      0.0     None      3.8     28.4    18.14     18.3     None     8.11   130000      7.8     None     None     None     None     None     None     None
467410 20230528   1005.9   1009.0   1007.4   074500   1003.9   154600     28.4     31.8   122100     26.0   042700     23.4       75       59   122100      2.7    310.0      9.5    300.0   120300      0.0      0.0      0.0     None      0.0     None      8.4     62.8    24.13     11.0     None    11.76   130000      3.8     None     None     None     None     None     None     None
467410 20230529   1002.3   1005.3   1005.2   000100   1000.4   175900     29.0     31.4   133400     26.5   054100     23.4       73       58   162100      2.3     20.0      8.3    240.0   123500      0.0      0.0      0.0     None      0.0     None     11.3     84.4    27.61     14.8     None    12.63   120000      2.0     None     None     None     None     None     None     None
467410 20230530    997.2   1000.2   1000.6   000100    994.5   155800     29.7     33.6   142100     27.0   171400     24.1       72       58   161400      1.9    170.0      8.9    300.0   122200      0.5      0.5      0.5   171300      0.5   171300      5.0     37.3    20.05     11.0     None    10.14   130000      7.8     None     None     None     None     None     None     None
467410 20230531    994.9    997.9    996.2   221400    993.7   160100     29.2     32.8   132100     27.5   054200     24.2       75       61   132000      2.9     10.0     12.1    340.0   134000      0.5      0.8      0.5   113900      0.5   113900      3.1     23.1    11.42      8.8     None     6.43   100000      7.3     None     None     None     None     None     None     None
467410 20230601    997.3   1000.4   1001.1   225200    994.1   035600     28.6     32.2   153100     26.5   032500     23.7       75       58   143900      6.0    350.0     17.1     20.0   092300      0.0      0.0      0.0     None      0.0     None      7.0     52.2    21.74     29.3     None    12.42   120000      4.3     None     None     None     None     None     None     None
467410 20230602   1003.1   1006.1   1005.9   224800   1000.9   002200     29.4     33.2   105700     26.7   042300     25.1       79       61   092800      2.6    210.0      7.5    260.0   144700      0.0      0.0      0.0     None      0.0     None     10.8     80.4    25.92     17.3     None    11.57   130000      3.5     None     None     None     None     None     None     None
467410 20230603   1006.5   1009.6   1008.2   214600   1004.9   030700     29.0     32.2   134700     27.2   091900     25.0       80       60   135700      2.0    180.0      8.1    250.0   124900      9.0      1.8      4.0   083800      9.0   083100      4.2     31.0    18.28     19.0     None    12.14   130000      8.0     None     None     None     None     None     None     None
467410 20230604   1007.1   1010.1   1008.3   224300   1005.4   152200     30.0     33.7   122400     27.0   035900     23.9       71       56   122000      2.7     20.0      9.5    290.0   143200      0.0      0.0      0.0     None      0.0     None      7.0     52.1    23.22     19.5     None    11.37   130000      6.0     None     None     None     None     None     None     None
467410 20230605   1007.0   1010.1   1008.9   221200   1005.4   154000     29.5     32.9   112700     27.5   044200     24.8       76       61   002500      2.5    190.0      9.4    270.0   124800      0.0      0.0      0.0     None      0.0     None      7.8     58.0    23.24     14.5     None    11.48   120000      5.3     None     None     None     None     None     None     None
467410 20230606   1006.8   1009.8   1009.0   221000   1005.1   154400     29.6     32.5   125500     27.0   050400     24.4       74       60   134400      3.1    210.0     10.8    200.0   134400      0.0      0.0      0.0     None      0.0     None     11.1     82.5    26.72     35.0     None    12.51   130000      2.5     None     None     None     None     None     None     None
467410 20230607   1007.5   1010.6   1008.6   000100   1006.0   164000     29.5     32.4   133100     27.2   040100     24.8       76       60   133100      3.3    160.0      9.5    250.0   123400      0.0      0.0      0.0     None      0.0     None     11.1     82.4    26.41     30.0     None    12.29   130000      7.0     None     None     None     None     None     None     None
467410 20230608   1005.7   1008.8   1008.3   000100   1003.5   155300     29.5     32.5   103800     27.8   045400     24.7       76       61   102600      3.3    200.0     11.2    240.0   141100      0.0      0.0      0.0     None      0.0     None     10.3     76.5    24.46     22.0     None    14.46   120000      6.5     None     None     None     None     None     None     None
467410 20230609   1002.9   1005.9   1005.0   000200   1000.7   162200     29.9     32.5   122000     27.7   044400     25.0       75       60   115300      2.2    250.0      8.4    270.0   123500      0.0      0.0      0.0     None      0.0     None     10.0     74.2    23.86     32.5     None    12.37   130000      7.0     None     None     None     None     None     None     None
467410 20230610   1000.2   1003.2   1002.3   000100    998.5   155300     29.5     32.7   123100     27.2   034700     24.5       75       59   123100      2.0    240.0      7.5    230.0   143600     -9.8      0.2     -9.8   202000     -9.8   202000      5.5     40.8    18.38     15.8     None     9.92   130000      8.5     None     None     None     None     None     None     None
467410 20230611    999.8   1002.8   1001.3   101900    998.5   034900     28.7     31.4   134200     25.4   103000     25.1       81       66   135300      1.4    180.0      6.9    180.0   100900     34.5      3.6     12.5   102000     30.5   100600      1.2      8.8    12.21     37.8     None     9.34   130000      9.0     None     None     None     None     None     None     None
467410 20230612   1000.0   1003.1   1001.9   082900    998.6   151100     27.0     30.5   134300     25.5   075800     25.5       92       72   134100      2.7    150.0     11.6    190.0   154000     65.0      9.6     13.0   045400     19.5   045400      1.3      9.6    10.84     17.8     None    11.50   140000      9.5     None     None     None     None     None     None     None
467410 20230613    999.7   1002.8   1001.3   225800    998.3   033500     27.7     32.0   132000     25.8   041700     25.5       88       67   140300      3.2    130.0     12.8    190.0   142200     24.0      2.8      9.0   230900     20.5   224500      3.1     22.8    16.55     17.5     None     9.77   140000      9.3     None     None     None     None     None     None     None
467410 20230614   1002.6   1005.6   1005.5   212300    999.5   021300     28.5     31.7   131100     25.8   032800     25.2       83       68   135600      2.3    280.0      7.4    270.0   143500      7.5      2.8      1.5   005500      3.5   005500      3.1     23.0    18.54     36.3     None     9.53   120000      9.0     None     None     None     None     None     None     None
467410 20230615   1005.3   1008.4   1008.1   234800   1003.2   030900     27.4     30.1   144100     25.0   075000     24.5       84       72   161600      3.3    160.0     15.9    200.0   234200     13.5      4.3      3.0   234300      6.0   055000      1.0      7.3    13.28     13.0     None     7.99   140000      9.5     None     None     None     None     None     None     None
467410 20230616   1006.8   1009.9   1008.8   221900   1005.3   051900     28.4     31.5   140000     24.6   022100     24.3       79       67   130300      3.5    180.0     12.6    180.0   131800      0.5      1.1      0.5   010500      0.5   010500      2.1     15.6    15.71     38.8     None    10.85   120000     10.0     None     None     None     None     None     None     None
467410 20230617   1008.6   1011.6   1010.1   214900   1007.1   025900     29.3     32.0   135500     27.7   034700     25.8       81       71   165500      2.6    190.0      7.5    210.0   132000      0.0      0.0      0.0     None      0.0     None      0.6      4.4    12.65     28.8     None     9.37   140000      9.0     None     None     None     None     None     None     None
467410 20230618   1007.7   1010.7   1009.4   090000   1005.4   160800     29.9     33.0   112300     27.4   045700     25.5       78       63   112200      2.6    160.0      7.6    200.0   101400      0.0      0.0      0.0     None      0.0     None      8.3     61.5    25.43     33.3     None    13.72   130000      6.5     None     None     None     None     None     None     None
467410 20230619   1006.1   1009.1   1008.0   082300   1004.1   164200     30.2     33.5   105300     27.6   041000     24.4       72       54   145600      2.0    270.0      7.5    280.0   130300      0.0      0.0      0.0     None      0.0     None     11.4     84.4    27.00     28.8     None    13.15   120000      4.3     None     None     None     None     None     None     None
467410 20230620   1005.4   1008.5   1006.6   220500   1004.2   161700     30.1     33.2   131500     28.3   042000     25.1       75       60   131500      2.4    260.0      8.8    270.0   162600      0.0      0.0      0.0     None      0.0     None     11.2     82.9    27.44     30.0     None    13.47   120000      3.5     None     None     None     None     None     None     None
467410 20230621   1005.8   1008.8   1006.7   105500   1004.2   163600     30.1     33.0   141200     28.1   044600     25.1       75       58   131900      2.5    250.0      9.1    280.0   132900     -9.8      0.1     -9.8   021700     -9.8   021700     10.0     74.0    26.66     48.8     None    12.89   130000      5.5     None     None     None     None     None     None     None
467410 20230622   1005.8   1008.9   1007.1   223700   1004.3   175800     29.9     33.0   134600     28.0   054900     25.3       76       58   133800      2.5    260.0      7.8    250.0   112500      1.5      0.3      1.5   071600      1.5   070900      8.2     60.7    23.77     32.5     None    12.28   120000      6.8     None     None     None     None     None     None     None
467410 20230623   1006.3   1009.3   1007.4   214400   1005.2   151100     29.9     32.9   120400     27.8   033900     24.9       75       55   111500      2.7    220.0      8.5    250.0   145900      0.5      0.4      0.5   082700      0.5   082700      9.2     68.1    24.44     38.3     None    13.15   130000      8.5     None     None     None     None     None     None     None
467410 20230624   1006.5   1009.5   1008.2   211800   1004.9   155600     30.2     33.0   100600     27.6   042500     24.3       71       58   093000      3.9    200.0     14.3    200.0   140200      0.0      0.0      0.0     None      0.0     None     12.2     90.4    28.14     56.3     None    13.24   130000      5.5     None     None     None     None     None     None     None
467410 20230625   1007.0   1010.0   1008.6   220000   1005.5   161900     30.4     34.0   102500     27.8   052100     24.1       70       53   101200      2.7     20.0      8.3    240.0   112100      0.0      0.0      0.0     None      0.0     None      9.7     71.9    25.06     33.8     None    12.20   130000      7.0     None     None     None     None     None     None     None
467410 20230626   1007.3   1010.4   1009.2   215600   1005.7   150500     29.4     33.6   131100     24.5   173500     24.2       74       54   120400      2.5     20.0     16.4     70.0   172000     23.0      0.7     17.0   172800     23.0   171300      8.2     60.8    22.63     36.3     None    12.84   130000      5.5     None     None     None     None     None     None     None
467410 20230627   1008.3   1011.3   1010.4   222000   1007.0   044400     29.9     34.1   142600     26.0   052200     24.2       72       56   142600      2.2    320.0      9.4    310.0   151400      0.5      1.1      0.5   193500      0.5   190700      7.2     53.4    22.23     29.3     None     9.50   110000      8.0     None     None     None     None     None     None     None
467410 20230628   1007.9   1011.0   1010.0   000100   1006.3   161700     29.9     33.2   162300     27.6   051900     24.4       73       51   162300      1.8     20.0      7.1    200.0   162500     -9.8      0.2     -9.8   074800     -9.8   074800      0.1      0.7    13.26     10.0     None     8.40   120000      9.5     None     None     None     None     None     None     None
467410 20230629   1005.8   1008.8   1007.1   000100   1003.5   161600     30.1     34.3   140100     27.7   054100     24.7       73       58   140100      3.0    180.0     15.9    190.0   144300      0.0      0.0      0.0     None      0.0     None      5.7     42.3    19.39     37.5     None    11.63   130000      8.0     None     None     None     None     None     None     None
467410 20230630   1004.9   1007.9   1005.9   000100   1003.7   041600     30.4     32.9   125200     28.7   050900     24.9       73       60   110900      4.4    180.0     10.6    210.0   133700      0.0      0.0      0.0     None      0.0     None     10.0     74.2    24.66     43.8     None    13.81   130000      7.5     None     None     None     None     None     None     None
467410 20230701   1006.4   1009.5   1008.7   234200   1004.3   011800     29.2     33.1   123200     26.5   152500     24.9       78       57   123700      4.8    160.0     15.8    200.0   131700      2.5      1.7      1.0   133400      1.5   151400      3.7     27.5    17.41     62.5     None    12.82   120000      8.8     None     None     None     None     None     None     None
467410 20230702   1008.1   1011.2   1010.4   213700   1006.2   040000     30.2     33.5   132300     27.4   004800     25.0       75       56   124800      4.5    160.0     13.0    180.0   123800      0.5      0.6      0.5   003100      0.5   003100     11.8     87.6    28.26     70.0     None    12.94   130000      5.0     None     None     None     None     None     None     None
467410 20230703   1008.4   1011.5   1010.1   000100   1006.8   155000     30.1     33.2   113800     27.9   050100     25.0       74       58   113700      3.7    220.0      9.9    190.0   143000      0.0      0.0      0.0     None      0.0     None     11.4     84.7    27.94     43.8     None    13.50   130000      6.8     None     None     None     None     None     None     None
467410 20230704   1007.4   1010.4   1009.0   000200   1006.2   153900     30.3     33.7   104500     27.8   054000     24.4       71       49   113000      2.6    250.0     12.4    300.0   163900      0.0      0.0      0.0     None      0.0     None     11.2     83.2    27.24     50.0     None    13.60   130000      3.3     None     None     None     None     None     None     None
467410 20230705   1006.7   1009.7   1007.8   092700   1005.6   160900     30.8     34.0   120600     28.5   030000     24.4       69       57   103100      2.0    250.0      7.3    240.0   132800      0.0      0.0      0.0     None      0.0     None     11.7     87.0    26.46     70.0     None    13.96   130000      3.5     None     None     None     None     None     None     None
467410 20230706   1007.0   1010.1   1008.4   090100   1005.7   024800     30.6     33.4   114400     28.7   060000     25.5       75       60   131500      2.5    260.0      8.4    250.0   143400      0.0      0.0      0.0     None      0.0     None      9.1     67.7    24.19     35.0     None    13.16   120000      7.8     None     None     None     None     None     None     None
467410 20230707   1008.1   1011.1   1009.2   100400   1006.9   161200     30.8     34.0   142900     28.8   044700     24.7       71       48   140600      2.2    280.0      7.9    270.0   144600      0.0      0.0      0.0     None      0.0     None     10.4     77.4    26.51     18.0     None    13.74   130000      3.8     None     None     None     None     None     None     None
467410 20230708   1008.4   1011.5   1009.6   064100   1007.0   162300     31.0     34.2   134200     29.0   053100     25.0       71       52   131600      2.3    260.0      8.1    250.0   115500      0.0      0.0      0.0     None      0.0     None     11.8     87.9    27.53     25.0     None    13.46   130000      2.8     None     None     None     None     None     None     None
467410 20230709   1007.4   1010.4   1008.3   095100   1006.6   150600     30.8     33.7   131700     28.7   042200     25.0       72       55   131500      2.4    300.0      9.7    300.0   151600      0.0      0.0      0.0     None      0.0     None     10.3     76.7    25.84     42.0     None    13.71   130000      3.8     None     None     None     None     None     None     None
467410 20230710   1006.4   1009.4   1007.4   093800   1005.3   162800     30.8     33.8   123300     28.7   065600     25.4       73       60   102900      2.3    230.0      9.1    280.0   143300      0.0      0.0      0.0     None      0.0     None     10.8     80.5    27.80     43.8     None    13.18   130000      4.5     None     None     None     None     None     None     None
467410 20230711   1006.9   1009.9   1008.4   084600   1005.5   003000     29.3     32.1   111200     27.3   174100     25.2       79       70   111300      2.2    240.0      8.5    250.0   142300     18.5      2.7      9.0   043400     13.0   043200      2.0     14.8    13.60     27.5     None     9.29   130000      8.5     None     None     None     None     None     None     None
467410 20230712   1006.2   1009.2   1007.4   090600   1004.5   151600     29.6     34.4   125200     26.0   171200     24.3       74       58   124700      2.1     60.0      9.8    350.0   164200     11.0      0.6      7.5   165600     11.0   165400      8.3     62.0    23.01     41.3     None    12.51   130000      6.8     None     None     None     None     None     None     None
467410 20230713   1004.2   1007.2   1006.3   000100   1002.2   154600     30.3     33.8   111500     27.4   040100     25.1       74       61   110300      3.0     20.0     10.8    300.0   133000      0.0      0.0      0.0     None      0.0     None      8.5     63.5    24.17     19.5     None    10.43   130000      6.0     None     None     None     None     None     None     None
467410 20230714   1001.3   1004.3   1003.4   000100    998.6   162400     31.1     34.5   122400     27.7   022200     24.0       67       53   112300      3.0    360.0     11.0     10.0   084800      0.0      0.0      0.0     None      0.0     None      9.0     67.3    22.72     35.0     None    10.80   130000      7.3     None     None     None     None     None     None     None
467410 20230715    998.7   1001.7   1000.5   000100    996.8   144900     31.6     35.2   124700     29.0   051100     24.5       67       45   125700      2.8    310.0      8.5    300.0   121300     -9.8      0.1     -9.8   160100     -9.8   160100      9.1     67.4    22.53     33.8     None    10.89   140000      5.5     None     None     None     None     None     None     None
467410 20230716    998.6   1001.6   1001.3   212200    996.4   033700     29.9     33.8   095400     27.4   113000     25.3       77       58   095600      2.0     20.0     13.6    200.0   112600     12.5      0.8      8.5   111900     12.5   111900      3.3     24.7    12.25     18.8     None     7.71   100000      8.5     None     None     None     None     None     None     None
467410 20230717   1002.0   1005.0   1005.3   214600    999.8   022300     31.2     34.8   125700     28.4   024400     23.6       65       46   130000      3.0     80.0     12.9    190.0   162400      0.0      0.0      0.0     None      0.0     None     10.7     80.2    25.10     53.8     None    13.42   130000      9.0     None     None     None     None     None     None     None
467410 20230718   1006.3   1009.3   1008.2   205500   1004.7   004700     30.1     34.1   121900     26.9   211600     24.3       72       52   125200      2.7     90.0     10.2    210.0   144100      1.5      3.3      0.5   213100      1.0   213100      3.3     24.5    18.84     22.5     None    10.74   120000      9.8     None     None     None     None     None     None     None
467410 20230719   1006.8   1009.8   1008.0   105300   1005.5   150700     29.4     34.8   131300     25.7   171800     24.5       76       53   130700      2.1     30.0      8.3    120.0   162100     29.0      4.0      7.0   164900     19.0   161200      2.7     20.3    17.15     38.0     None    11.83   130000      9.3     None     None     None     None     None     None     None
467410 20230720   1006.4   1009.5   1008.5   220600   1004.5   153100     28.8     32.8   112200     25.7   231800     24.8       80       59   101400      2.7    260.0     10.4    150.0   193900     12.0      2.2      3.5   193500     10.5   192100      4.6     34.6    20.51     37.0     None    12.38   130000      8.3     None     None     None     None     None     None     None
467410 20230721   1007.6   1010.6   1009.9   235300   1005.6   155700     29.8     33.5   132200     25.7   000600     24.7       75       59   132300      2.3    230.0      7.8    220.0   163300     -9.8      0.5     -9.8   002700     -9.8   002700     11.3     84.1    25.50     55.0     None    12.78   130000      6.3     None     None     None     None     None     None     None
467410 20230722   1008.7   1011.8   1010.0   001200   1007.3   155000     30.0     33.0   140500     26.7   013900     24.9       75       59   124100      2.4    240.0      8.3    240.0   160100      0.0      0.0      0.0     None      0.0     None      7.7     58.0    21.02     56.3     None    11.18   140000      6.0     None     None     None     None     None     None     None
467410 20230723   1007.6   1010.6   1009.5   000300   1006.0   161300     29.5     33.9   103400     27.5   234200     25.8       82       57   103400      2.2     20.0      8.3    290.0   121900      5.5      2.1      2.0   165800      3.0   134400      4.8     36.2    11.67     22.5     None     7.70   110000      8.0     None     None     None     None     None     None     None
467410 20230724   1004.9   1007.9   1006.8   082800   1002.9   162800     30.2     34.0   133300     26.7   051400     24.1       71       53   133300      3.3    360.0     13.3    330.0   134800      0.0      0.0      0.0     None      0.0     None     10.2     77.0    23.78     42.5     None    10.39   110000      5.3     None     None     None     None     None     None     None
467410 20230725   1001.7   1004.7   1004.3   073800    998.9   233400     30.4     34.1   140500     26.6   183400     24.9       73       52   135400      2.4     20.0     11.7    150.0   183000      8.0      0.1      8.0   182600      8.0   182600      9.4     71.0    25.47     36.3     None    12.89   130000      7.0     None     None     None     None     None     None     None
467410 20230726    996.4    999.4    999.7   004500    994.2   171700     28.0     29.9   150100     26.2   205400     25.4       86       78   000100      1.5    160.0      5.3    140.0   004600     11.0     10.2      1.0   160900      2.5   160900      0.0      0.0     4.33      7.5     None     3.70   150000     10.0     None     None     None     None     None     None     None
467410 20230727    993.6    996.6    995.3   002600    991.5   235700     26.4     27.3   124500     24.8   225000     24.7       90       84   093700      2.0    160.0      9.9     80.0   234200     20.0     14.9      2.5   190100      5.5   211200      0.0      0.0     3.52     30.0     None     2.32   130000     10.0     None     None     None     None     None     None     None
467410 20230728    996.8    999.9   1001.7   212300    989.4   025000     25.6     27.5   232900     23.5   113700     24.4       93       84   004400      8.0    160.0     27.3    140.0   045600    106.0     18.3      4.5   152700     13.0   150300      0.0      0.0     1.83      3.5     None     2.03   110000     10.0     None     None     None     None     None     None     None
467410 20230729   1003.1   1006.1   1004.9   202500   1000.8   030300     29.2     32.7   133600     27.1   033900     25.7       82       65   131000      5.2    170.0     14.7    180.0   090600      0.0      0.0      0.0     None      0.0     None      7.8     59.2    23.72     24.3     None    13.76   130000      8.8     None     None     None     None     None     None     None
467410 20230730   1004.6   1007.6   1006.0   214500   1003.4   150700     28.6     33.8   130400     26.1   174300     25.4       84       58   131100      2.2     20.0     10.7     70.0   171300     26.0      3.3     10.5   171200     22.0   165200      1.3      9.8    12.17     27.0     None     9.73   120000      9.3     None     None     None     None     None     None     None
467410 20230731   1003.7   1006.8   1005.4   000100   1001.6   160500     28.8     32.2   141200     26.2   013600     24.5       78       61   153100      2.4    100.0      9.5    320.0   141500     -9.8      0.2     -9.8   125100     -9.8   125100      5.4     41.1    19.22     12.5     None     7.69   150000      8.8     None     None     None     None     None     None     None
467410 20230801   1000.7   1003.7   1003.1   000100    998.1   161000     29.8     33.3   142000     26.9   051400     25.1       76       63   150900      2.7     10.0      8.8    320.0   162700      0.0      0.0      0.0     None      0.0     None      9.7     73.9    24.34     20.5     None    10.28   130000      5.0     None     None     None     None     None     None     None
467410 20230802    998.7   1001.7   1000.6   000100    997.0   164900     29.5     31.8   115000     27.5   053900     26.0       82       70   115000      4.3    340.0     13.9    320.0   143800     -9.8      0.3     -9.8   032300     -9.8   032300      3.2     24.4    17.58     13.8     None     9.91   110000      9.3     None     None     None     None     None     None     None
467410 20230803    999.0   1002.0   1000.4   205000    997.6   160000     30.2     33.7   125000     28.6   015300     26.2       80       63   124900      3.3    210.0     10.4    220.0   234500      0.0      0.0      0.0     None      0.0     None      1.9     14.5    14.96     23.8     None     9.36   130000      9.3     None     None     None     None     None     None     None
467410 20230804   1001.6   1004.6   1003.6   215800    999.2   030800     30.0     31.9   111800     29.2   234200     26.7       83       72   135800      5.2    260.0     16.5    250.0   140500      0.0      0.0      0.0     None      0.0     None      3.0     23.0    16.85     13.5     None    10.10   120000      9.5     None     None     None     None     None     None     None
467410 20230805   1001.7   1004.7   1003.0   000100   1000.8   153600     30.0     31.9   153800     29.1   054100     26.9       84       75   153900      4.1    240.0     13.2    260.0   132800      0.0      0.0      0.0     None      0.0     None      2.7     20.5    16.82     11.0     None     8.24   120000      9.0     None     None     None     None     None     None     None
467410 20230806   1000.2   1003.2   1001.5   211100    998.5   154500     29.7     31.5   153800     28.9   035600     27.1       86       79   153800      3.6    260.0     11.3    270.0   141200      0.5      0.5      0.5   032000      0.5   032000      1.1      8.4    12.84     17.5     None     5.45   130000     10.0     None     None     None     None     None     None     None
467410 20230807   1000.4   1003.4   1002.1   105300    998.6   153100     29.1     31.5   142200     25.8   100100     26.3       85       74   142300      2.4    200.0     13.2    180.0   093100     10.5      1.0      4.0   095300      6.0   093500      3.8     28.9    13.33     12.5     None     8.20   140000      8.5     None     None     None     None     None     None     None
467410 20230808   1001.4   1004.4   1002.9   220400    999.4   033300     29.2     32.0   152200     26.6   061900     26.1       84       67   145800      2.1    150.0      8.0    100.0   072600     18.5      1.5      6.5   060500      9.0   060000      2.9     22.3    12.09     21.8     None     6.03   150000      8.3     None     None     None     None     None     None     None
467410 20230809   1002.8   1005.8   1004.5   083300   1001.2   164600     29.4     32.9   154100     25.9   083600     25.6       81       60   155300      2.4    200.0      8.9    200.0   142900     14.0      1.3      4.5   083200      7.0   073900      5.7     43.9    21.88     17.3     None    11.51   140000      8.8     None     None     None     None     None     None     None
467410 20230810   1003.0   1006.1   1005.1   104600   1001.3   152700     26.0     28.7   000800     24.4   110400     25.1       95       88   000100      2.6    100.0      8.9    100.0   073900    190.5     17.2     15.5   072000     43.5   093700      0.0      0.0     0.67      7.0     None     0.13   120000     10.0     None     None     None     None     None     None     None
467410 20230811   1002.6   1005.7   1003.8   232000   1001.6   150800     27.4     30.9   132900     24.7   050100     25.0       87       70   133700      2.9    150.0      7.8    190.0   144100     52.0      8.0     10.0   045200     34.5   040700      1.4     10.7    12.17     26.3     None     9.06   140000      9.3     None     None     None     None     None     None     None
467410 20230812   1003.3   1006.3   1004.4   213300   1001.5   162000     29.1     33.0   124000     26.5   052100     25.1       80       61   121800      3.2    130.0      9.9    200.0   185800      4.0      0.5      2.0   185300      4.0   184200      7.9     61.1    23.83     21.3     None    11.39   120000      5.5     None     None     None     None     None     None     None
467410 20230813   1003.5   1006.6   1005.4   100500   1002.1   172600     28.7     31.7   142900     26.9   094400     25.5       83       69   142700      2.7    160.0      9.7    210.0   093000      5.0      0.8      2.5   093200      2.5   092800      3.1     24.0    13.08     34.5     None     8.41   130000      8.8     None     None     None     None     None     None     None
467410 20230814   1004.4   1007.5   1006.2   100800   1003.4   165700     27.9     30.4   160200     25.9   104800     25.6       87       77   165000      1.9    170.0      7.1    180.0   095000     35.0      3.9      7.0   072600     15.0   094100      1.9     14.6     7.90     13.5     None     4.30   150000      8.3     None     None     None     None     None     None     None
467410 20230815   1004.9   1008.0   1006.1   215000   1003.5   153800     29.0     32.0   113300     26.2   041300     25.9       83       72   113500      1.7    170.0      9.4    330.0   122500     14.5      1.6      6.0   040400      9.5   035700      3.2     24.9    15.49     16.3     None    10.79   120000      8.5     None     None     None     None     None     None     None
467410 20230816   1004.4   1007.4   1005.9   084700   1003.0   175500     28.8     31.7   120100     27.0   223200     26.1       86       75   120200      1.8    130.0      9.2    280.0   115000      9.5      1.1      5.0   051400      5.5   050100      1.3     10.0    10.49     22.0     None    10.10   120000      8.8     None     None     None     None     None     None     None
467410 20230817   1002.9   1006.0   1004.6   083700   1001.6   030200     26.6     27.7   000100     25.3   091600     24.6       89       82   104800      2.3    160.0      8.3    160.0   163800      3.0      1.7      1.5   083500      1.5   083500      1.1      8.5     5.11     15.5     None     2.64   100000      9.8     None     None     None     None     None     None     None
467410 20230818   1002.8   1005.9   1004.9   220600   1001.6   024500     27.2     30.1   111900     25.0   055300     24.7       86       73   111900      3.2    160.0     10.1    190.0   142900     18.0      1.1     10.0   052900     16.0   052500      2.0     15.6    13.24     32.5     None     8.05   120000      9.0     None     None     None     None     None     None     None
467410 20230819   1005.0   1008.1   1006.7   232800   1003.4   042000     27.5     30.0   104600     26.3   233300     24.6       84       71   110600      2.9    160.0      8.7    210.0   152500      2.0      0.9      2.0   152100      2.0   152100      1.6     12.5     7.44     17.5     None     4.47   110000      9.3     None     None     None     None     None     None     None
467410 20230820   1006.7   1009.8   1008.1   104500   1005.0   163000     29.1     32.7   135500     26.2   005000     24.7       78       60   140100      2.4    210.0      7.6    240.0   143400      0.0      0.0      0.0     None      0.0     None     11.0     86.2    24.35     40.0     None    11.58   120000      4.8     None     None     None     None     None     None     None
467410 20230821   1006.0   1009.1   1007.4   000100   1003.8   160900     29.8     33.2   121500     27.1   053200     25.4       78       60   113600      2.1    240.0      8.0    250.0   151700     -9.8      0.1     -9.8   041800     -9.8   041800     10.7     84.0    26.55     38.8     None    12.73   130000      3.0     None     None     None     None     None     None     None
467410 20230822   1004.2   1007.2   1006.5   000100   1001.7   160000     29.9     33.5   144000     27.7   061200     25.3       77       61   132900      2.0    260.0      7.0    240.0   101000      0.0      0.0      0.0     None      0.0     None      9.4     73.9    22.28     30.0     None    12.28   130000      5.0     None     None     None     None     None     None     None
467410 20230823   1004.0   1007.0   1005.5   215400   1002.1   152900     30.1     33.0   120600     27.5   043700     24.4       72       56   113100      1.9    240.0      7.8    240.0   141100      0.0      0.0      0.0     None      0.0     None      9.6     75.6    25.96     48.8     None    12.32   130000      5.0     None     None     None     None     None     None     None
467410 20230824   1004.8   1007.9   1006.0   095300   1003.5   021000     29.8     33.9   114600     27.6   220500     24.1       72       55   111600      1.9     90.0     10.0     40.0   163000      0.0      0.0      0.0     None      0.0     None      8.5     67.1    23.25     35.0     None    11.59   120000      7.5     None     None     None     None     None     None     None
467410 20230825   1004.2   1007.2   1005.6   072200   1001.8   151700     29.9     34.1   122300     26.7   052600     24.1       71       55   112300      2.5    300.0     10.1     90.0   182000     -9.8      0.3     -9.8   192000     -9.8   192000     10.1     78.9    24.52     12.5     None     9.40   130000      3.5     None     None     None     None     None     None     None
467410 20230826   1002.9   1005.9   1004.4   000100   1000.5   142900     29.3     33.1   123000     27.1   210100     24.7       77       62   115500      2.1     90.0      8.6    300.0   144100      0.0      0.0      0.0     None      0.0     None      6.3     49.9    19.10     30.0     None     9.49   130000      6.3     None     None     None     None     None     None     None
467410 20230827   1001.4   1004.5   1003.0   000100   1000.3   150500     29.4     32.0   101800     26.8   054100     24.0       73       64   092400      1.7     90.0      8.1    250.0   120200      0.0      0.0      0.0     None      0.0     None      6.4     50.8    17.07     25.0     None    11.57   120000      6.5     None     None     None     None     None     None     None
467410 20230828   1000.7   1003.7   1002.2   233900    999.2   154700     30.0     34.0   135900     26.4   054200     23.7       70       51   135900      1.5    270.0      7.5    310.0   131000      0.0      0.0      0.0     None      0.0     None     10.8     85.8    24.77     50.0     None    11.37   130000      3.5     None     None     None     None     None     None     None
467410 20230829   1000.2   1003.2   1002.1   000100    998.0   144200     30.6     34.3   110900     27.9   042600     24.8       72       53   113200      2.6    310.0     10.3    280.0   133800     -9.8      0.1     -9.8   223400     -9.8   223400      8.5     67.6    22.61     19.8     None     9.18   130000      8.0     None     None     None     None     None     None     None
467410 20230830    997.9   1000.9   1000.3   000200    996.2   145300     29.7     33.0   114700     28.0   061400     25.9       81       64   100800      2.1     90.0      6.6    260.0   145600     -9.8      0.8     -9.8   163100     -9.8   163100      2.0     17.5    13.09     10.0     None     8.90   120000      9.5     None     None     None     None     None     None     None
467410 20230831    999.4   1002.5   1001.7   214200    998.0   031200     27.5     31.2   103200     25.6   055500     25.2       87       73   111900      2.1    170.0      8.5    190.0   122000     33.0     10.2      6.0   045800     13.5   113500      0.2      1.6     7.48     25.0     None     5.57   110000     10.0     None     None     None     None     None     None     None
467410 20230901   1000.2   1003.2   1001.4   211900    999.2   135400     28.5     32.7   112400     26.0   013000     25.1       83       61   102300      1.9     60.0     10.7    190.0   140600     12.0      2.6      3.0   145700     10.5   143100      4.8     38.0    13.95     16.8     None     6.76   100000      8.5     None     None     None     None     None     None     None
467410 20230902    998.8   1001.8   1000.3   000100    997.5   164500     29.0     31.9   142000     26.9   084000     25.9       84       67   161800      2.0    230.0      7.5    320.0   154200      6.5      1.8      2.5   075400      6.0   074500      2.8     22.4    16.05     26.3     None     9.15   140000      9.5     None     None     None     None     None     None     None
467410 20230903    990.3    993.3    998.0   000100    979.1   182300     27.8     29.0   183500     25.8   200800     25.4       87       77   183000      3.7    100.0     19.4     30.0   192600     10.0      5.2      2.0   183800      4.0   194700      0.0      0.0     3.02     14.8     None     2.44   100000     10.0     None     None     None     None     None     None     None
467410 20230904    993.4    996.4   1000.6   225300    984.5   054200     26.5     30.3   120700     25.3   182600     25.0       91       76   120700      6.9    180.0     21.8    120.0   050200     28.5      8.2      3.5   011600     11.5   004300      1.6     12.7    10.87     16.3     None     9.80   120000      9.5     None     None     None     None     None     None     None
467410 20230905   1002.6   1005.7   1005.5   234200    999.6   013200     28.3     31.9   104900     26.0   012100     25.3       84       67   110000      4.6    160.0     14.4    200.0   130800     -9.8      0.6     -9.8   003400     -9.8   003400      2.9     23.4    16.40     33.8     None     8.24   130000      8.0     None     None     None     None     None     None     None
467410 20230906   1005.7   1008.8   1007.6   213200   1003.9   145400     28.8     33.0   131500     26.5   054700     24.8       80       57   143200      3.1    150.0      7.6    200.0   114800      0.5      0.8      0.5   200800      0.5   194400      7.9     63.1    24.08     16.3     None    11.27   120000      8.0     None     None     None     None     None     None     None
467410 20230907   1006.0   1009.1   1007.0   100500   1004.5   151300     27.3     31.1   104900     24.4   191300     24.8       87       70   105200      2.0    160.0      8.1    160.0   180900    143.5      8.0     19.0   185500     70.5   183400      1.1      8.8     9.08     27.5     None     7.15   110000      9.3     None     None     None     None     None     None     None
467410 20230908   1006.3   1009.4   1007.6   221900   1005.1   144300     25.9     28.5   103400     24.4   221800     24.8       94       81   103700      2.7    140.0     10.2    200.0   104800     94.0      8.8     13.0   211300     50.0   205200      0.0      0.0     9.71      9.3     None     4.52   130000     10.0     None     None     None     None     None     None     None
467410 20230909   1005.6   1008.7   1007.5   000100   1004.7   191600     25.4     28.0   115100     24.1   232000     24.2       93       82   120200      3.3    120.0     10.9    120.0   233400     49.5     12.9      6.5   221700     18.5   215000      0.0      0.0     6.90     17.5     None     5.47   120000      9.8     None     None     None     None     None     None     None
467410 20230910   1005.1   1008.2   1008.0   210500   1003.7   141100     25.8     27.2   132400     23.9   005600     24.6       93       88   152200      3.6    140.0     10.0    120.0   000500     48.5      9.9      6.5   010200     28.0   003100      0.0      0.0     5.49     28.8     None     2.89   110000     10.0     None     None     None     None     None     None     None
467410 20230911   1005.5   1008.6   1007.0   204800   1004.2   150500     27.5     31.2   135000     24.8   014900     24.2       83       67   141000      1.7    320.0      9.1    310.0   150900      0.5      0.5      0.5   061400      0.5   054000      5.6     45.6    19.56     18.8     None     9.93   130000      7.0     None     None     None     None     None     None     None
467410 20230912   1005.5   1008.5   1006.5   085000   1003.8   150200     28.2     31.0   102400     25.7   055900     23.9       78       65   100500      1.8    130.0      7.7    250.0   150700      0.0      0.0      0.0     None      0.0     None      7.9     64.5    21.40     16.5     None     8.92   130000      5.5     None     None     None     None     None     None     None
467410 20230913   1005.4   1008.5   1006.6   221600   1004.1   171400     28.6     31.3   124700     26.2   055800     23.7       75       63   143500      1.8    130.0      7.1    300.0   155100      0.0      0.0      0.0     None      0.0     None      7.6     62.1    19.59     33.8     None     8.36   120000      4.5     None     None     None     None     None     None     None
467410 20230914   1006.2   1009.3   1008.0   213800   1004.9   035400     28.9     32.2   133200     26.4   055000     23.4       73       61   133200      2.0    300.0      7.5    310.0   141600      0.0      0.0      0.0     None      0.0     None      8.1     66.4    20.23     13.8     None     8.36   130000      2.8     None     None     None     None     None     None     None
467410 20230915   1008.0   1011.1   1010.6   220200   1006.2   150500     28.9     32.2   111100     26.8   054400     23.3       72       60   135600      1.7     20.0      7.0    240.0   120900      0.0      0.0      0.0     None      0.0     None      8.6     70.6    21.45     13.0     None     8.21   130000      5.5     None     None     None     None     None     None     None
467410 20230916   1009.1   1012.2   1010.9   092800   1007.6   144500     29.3     33.2   133500     26.5   052800     23.2       70       56   102700      2.0     90.0      6.8    310.0   165700      0.0      0.0      0.0     None      0.0     None      8.6     70.7    21.56     16.8     None     9.66   130000      6.5     None     None     None     None     None     None     None
467410 20230917   1008.5   1011.5   1010.2   092900   1006.9   155400     29.9     32.9   130700     27.6   045600     23.7       70       56   120200      1.8    140.0      7.5    300.0   142600      0.0      0.0      0.0     None      0.0     None      4.8     39.5    18.39     22.5     None     8.30   130000      7.5     None     None     None     None     None     None     None
467410 20230918   1009.0   1012.0   1010.2   213700   1007.7   145500     30.2     33.7   114300     27.7   050800     23.1       67       49   142700      2.6     10.0     10.1    310.0   141400      0.0      0.0      0.0     None      0.0     None      9.1     75.1    23.55     15.0     None     9.62   130000      3.8     None     None     None     None     None     None     None
467410 20230919   1009.0   1012.0   1010.2   075300   1007.6   153300     29.6     33.2   135300     26.9   045000     23.6       71       49   140200      2.0    300.0      7.6    260.0   121500      0.0      0.0      0.0     None      0.0     None      9.4     77.7    21.82     14.0     None     8.71   130000      1.5     None     None     None     None     None     None     None
467410 20230920   1007.9   1011.0   1009.4   081800   1005.8   164700     29.8     32.3   124300     27.4   051300     24.1       72       61   093100      2.1    300.0      7.7    260.0   131900      0.0      0.0      0.0     None      0.0     None     10.8     89.5    22.87     18.0     None     9.37   130000      3.3     None     None     None     None     None     None     None
467410 20230921   1007.9   1010.9   1009.5   085400   1006.3   174000     30.3     33.3   123800     27.9   055700     24.0       70       54   120900      2.6    320.0      8.9    330.0   151000      0.0      0.0      0.0     None      0.0     None      8.3     68.9    21.03     26.3     None     9.95   120000      5.0     None     None     None     None     None     None     None
467410 20230922   1007.3   1010.3   1008.5   000100   1005.2   152100     29.9     33.3   125800     27.7   061600     25.0       75       56   125800      2.4    320.0      8.5    310.0   124200      0.0      0.0      0.0     None      0.0     None      6.8     56.5    18.25     15.5     None     7.28   140000      3.5     None     None     None     None     None     None     None
467410 20230923   1007.1   1010.1   1008.1   204800   1005.8   144500     29.7     32.9   123700     27.8   054900     24.7       75       57   120600      2.3    150.0      8.0    260.0   131100      0.0      0.0      0.0     None      0.0     None      9.1     75.8    21.34     12.0     None     9.58   120000      6.3     None     None     None     None     None     None     None
467410 20230924   1007.2   1010.2   1008.9   084400   1005.5   151800     29.9     32.6   114900     27.7   051100     25.0       76       62   123700      2.4    300.0      8.1    310.0   121800      0.0      0.0      0.0     None      0.0     None      7.8     65.1    20.50     21.3     None    10.02   120000      4.5     None     None     None     None     None     None     None
467410 20230925   1007.3   1010.4   1008.8   215400   1005.4   152100     29.9     33.0   143100     28.1   055700     25.4       78       62   143100      2.2    140.0      7.5    290.0   113700      0.0      0.0      0.0     None      0.0     None      7.2     59.6    18.58     25.0     None   -99.95     None      3.0     None     None     None     None     None     None     None
467410 20230926   1007.3   1010.3   1008.9   090200   1005.7   152700     30.1     33.5   123600     27.6   034200     24.7       73       53   124400      2.3    130.0      8.4    270.0   142600      0.0      0.0      0.0     None      0.0     None      9.7     81.3    22.78     15.0     None   -99.95     None      5.5     None     None     None     None     None     None     None
467410 20230927   1006.7   1009.8   1008.4   223200   1005.1   151600     29.3     32.1   131200     27.9   233700     24.9       77       63   113000      2.9    160.0      7.9    280.0   135800      0.0      0.0      0.0     None      0.0     None      2.8     23.3    13.49     23.0     None   -99.95     None      7.3     None     None     None     None     None     None     None
467410 20230928   1007.9   1011.0   1009.8   222700   1006.7   143000     28.8     31.9   103700     26.8   043800     25.1       81       68   093000      2.1    140.0      8.4    260.0   141400      0.5      0.9      0.5   155600      0.5   153400      4.8     40.4    13.59     16.0     None     5.32   140000      7.5     None     None     None     None     None     None     None
467410 20230929   1008.0   1011.1   1009.2   083900   1006.3   160300     29.6     33.3   134600     27.2   060700     24.9       76       62   100900      2.2    120.0      8.8    310.0   151400      0.0      0.0      0.0     None      0.0     None      9.9     83.4    21.11     11.8     None     7.55   130000      1.8     None     None     None     None     None     None     None
467410 20230930   1006.1   1009.1   1007.7   000100   1004.0   170300     30.2     33.3   122100     27.5   053500     24.9       74       53   124200      2.2    150.0      7.1    310.0   150000      0.0      0.0      0.0     None      0.0     None      9.3     78.5    21.68     17.5     None     8.42   130000      3.3     None     None     None     None     None     None     None
467410 20231001   1005.4   1008.4   1006.8   225000   1003.1   161000     30.1     33.7   155400     27.6   235900     25.0       75       59   131100      2.2    360.0      9.4    330.0   155900      0.0      0.0      0.0     None      0.0     None      8.0     67.7    20.70     11.8     None    10.70   130000      6.5     None     None     None     None     None     None     None
467410 20231002   1006.1   1009.2   1007.9   080600   1004.2   150700     29.5     33.7   130100     26.2   235800     23.1       69       56   114600      3.9     20.0     10.6     10.0   220600      0.0      0.0      0.0     None      0.0     None      8.8     74.6    19.98     16.0     None     8.96   120000      1.5     None     None     None     None     None     None     None
467410 20231003   1003.9   1007.0   1006.6   000300   1001.4   162200     28.0     32.4   132200     25.0   032900     20.8       65       47   103600      5.0     10.0     14.1     10.0   141500      0.0      0.0      0.0     None      0.0     None      9.3     79.0    21.35     14.8     None    10.52   120000      7.5     None     None     None     None     None     None     None
467410 20231004    999.3   1002.4   1003.6   000100    995.4   235700     27.1     27.8   013600     26.4   091200     23.9       83       77   161500      8.4    360.0     26.0     50.0   234200     -9.8      1.2     -9.8   034900     -9.8   034900      0.0      0.0     2.63      8.0     None     1.82   110000     10.0     None     None     None     None     None     None     None
467410 20231005    996.0    999.0   1003.1   235600    992.4   120400     27.6     29.4   122700     26.2   041500     23.2       77       64   211500      7.0     10.0     29.9     30.0   024200     -9.8      1.1     -9.8   140100     -9.8   140100      0.0      0.0     5.70     14.5     None     4.29   130000     10.0     None     None     None     None     None     None     None
467410 20231006   1006.0   1009.1   1007.7   204500   1003.1   000100     26.2     29.3   093200     24.5   145000     23.7       86       68   004100      2.1     20.0     13.7    150.0   004600     13.0      6.7      3.0   130800      5.5   130800      0.1      0.9     5.28     10.0     None     3.93   100000     10.0     None     None     None     None     None     None     None
467410 20231007   1007.9   1011.0   1009.7   210900   1006.2   032900     27.2     31.7   133200     25.2   032600     23.9       83       60   133200      2.3     20.0      8.4     30.0   192400     -9.8      0.1     -9.8   060100     -9.8   060100      2.4     20.5    13.14     23.8     None     7.90   130000      8.8     None     None     None     None     None     None     None
467410 20231008   1009.9   1013.0   1011.8   202600   1008.4   140200     27.4     32.0   125700     24.7   051700     24.2       84       63   121300      2.8     10.0      8.9    350.0   171100      4.0      0.8      2.0   190900      4.0   190900      2.1     17.8    14.09      9.5     None     8.78   130000      9.0     None     None     None     None     None     None     None
467410 20231009   1011.2   1014.3   1013.2   203000   1009.7   145800     27.8     31.5   121800     25.4   052100     24.2       81       62   121800      1.9     10.0      7.3    310.0   153700      0.0      0.0      0.0     None      0.0     None      9.5     81.6    20.81      9.3     None    11.10   120000      4.3     None     None     None     None     None     None     None
467410 20231010   1011.5   1014.6   1013.2   074900   1009.1   144200     27.6     30.9   151800     24.7   062800     23.4       78       64   115600      2.3     20.0      6.6    300.0   144200      0.0      0.0      0.0     None      0.0     None      5.1     43.9    15.45     13.0     None     7.31   120000      5.8     None     None     None     None     None     None     None
467410 20231011   1012.0   1015.1   1013.8   210300   1010.3   145200     27.5     31.4   143900     24.7   055800     22.0       72       61   143800      3.3     10.0      9.5    100.0   205100      0.0      0.0      0.0     None      0.0     None      8.7     75.0    18.37     11.8     None     8.56   120000      4.8     None     None     None     None     None     None     None
467410 20231012   1012.5   1015.6   1014.1   091400   1010.6   144700     27.2     31.8   135500     23.2   061000     20.8       69       52   135500      2.6     10.0      8.2    350.0   184400      0.0      0.0      0.0     None      0.0     None      8.9     76.9    19.37     18.5     None     8.49   120000      2.0     None     None     None     None     None     None     None
467410 20231013   1010.8   1013.9   1012.6   081300   1008.7   144800     27.6     31.4   114400     24.8   044800     21.4       69       56   141800      2.2     10.0      6.7    240.0   130400      0.0      0.0      0.0     None      0.0     None      8.7     75.3    19.15     10.8     None     9.31   120000      4.0     None     None     None     None     None     None     None
467410 20231014   1009.2   1012.3   1010.7   081600   1006.8   144100     27.4     31.7   132000     24.4   061400     21.6       72       54   145000      2.4     20.0      8.4    310.0   142400      0.0      0.0      0.0     None      0.0     None      8.1     70.2    18.76     10.5     None     8.87   130000      6.0     None     None     None     None     None     None     None
467410 20231015   1010.0   1013.1   1011.6   215100   1008.7   032300     26.6     30.0   131300     24.2   055400     20.0       67       53   155600      2.7     10.0      8.2    350.0   172300      0.0      0.0      0.0     None      0.0     None      0.6      5.2    10.17     14.3     None     6.07   120000      9.8     None     None     None     None     None     None     None
467410 20231016   1011.9   1015.0   1013.4   220300   1010.3   142800     26.0     28.3   125500     23.8   064700     19.8       69       60   120700      1.9     20.0      6.2     40.0   065500     -9.8      1.0     -9.8   054800     -9.8   054800      0.0      0.0     6.82      5.5     None     5.23   120000     10.0     None     None     None     None     None     None     None
467410 20231017   1013.0   1016.1   1014.8   094500   1011.6   024900     25.7     28.4   124200     23.9   045500     21.2       76       66   121300      1.7     10.0      5.3     40.0   192300     -9.8      1.1     -9.8   000100     -9.8   000100      0.0      0.0     5.62      3.0     None     4.17   120000     10.0     None     None     None     None     None     None     None
467410 20231018   1013.7   1016.8   1015.5   085500   1012.1   144700     26.6     29.5   134500     24.5   061600     21.3       73       55   142700      1.2     20.0      3.9    300.0   165400      0.0      0.0      0.0     None      0.0     None      0.1      0.9     8.29      5.3     None     4.15   140000     10.0     None     None     None     None     None     None     None
467410 20231019   1012.6   1015.7   1014.1   000100   1010.8   142400     27.2     30.9   104500     24.1   055000     21.8       73       47   105300      2.0     20.0      7.5    310.0   142800      0.0      0.0      0.0     None      0.0     None      8.3     72.6    18.91      9.3     None     8.95   120000      4.3     None     None     None     None     None     None     None
467410 20231020   1012.0   1015.1   1013.5   203200   1010.7   125600     27.2     32.5   120800     23.9   235100     21.6       73       41   111600      3.1     20.0     11.3    350.0   184100      0.0      0.0      0.0     None      0.0     None      7.4     64.9    18.25     11.0     None     9.20   120000      5.0     None     None     None     None     None     None     None
467410 20231021   1013.7   1016.8   1015.6   212300   1012.2   031700     26.0     30.9   121400     22.9   042000     20.1       71       55   115100      2.8    360.0      7.1    360.0   081800      0.0      0.0      0.0     None      0.0     None      5.1     44.8    17.26     12.3     None     8.72   120000      8.3     None     None     None     None     None     None     None
467410 20231022   1014.4   1017.5   1015.8   090300   1012.6   153500     26.9     30.9   135900     23.9   024800     20.7       69       55   135800      2.0    360.0      7.1    290.0   161000      0.0      0.0      0.0     None      0.0     None      9.2     80.9    19.81     20.0     None     9.32   120000      4.3     None     None     None     None     None     None     None
467410 20231023   1013.9   1017.0   1015.4   084400   1012.2   135800     27.0     31.1   122900     24.1   044500     22.2       75       57   110700      2.1     10.0      7.1    330.0   155800      0.0      0.0      0.0     None      0.0     None      9.1     80.2    17.93     10.8     None     8.01   120000      5.5     None     None     None     None     None     None     None
467410 20231024   1013.0   1016.1   1015.8   081300   1010.6   151000     27.3     31.0   140500     24.9   063400     22.9       78       59   105400      2.6     10.0      8.4    340.0   172400      0.0      0.0      0.0     None      0.0     None      7.9     69.7    17.22     10.0     None     8.32   130000      2.8     None     None     None     None     None     None     None
467410 20231025   1011.8   1014.9   1013.2   000100   1009.9   142200     27.4     31.1   135500     24.9   232000     23.0       77       57   135500      1.9    300.0      7.0     20.0   182100      0.0      0.0      0.0     None      0.0     None      7.6     67.2    17.04      8.8     None     7.73   120000      3.0     None     None     None     None     None     None     None
467410 20231026   1011.3   1014.4   1012.7   094400   1010.0   151200     27.2     30.4   115000     25.0   051900     22.6       77       59   144700      1.8    290.0      7.6    320.0   150300      0.0      0.0      0.0     None      0.0     None      8.9     78.8    18.48     11.3     None     8.32   120000      2.5     None     None     None     None     None     None     None
467410 20231027   1010.9   1014.0   1012.6   091800   1009.4   150000     26.7     29.7   135300     24.4   040400     21.7       74       59   152500      2.0     20.0      8.0    250.0   132900      0.0      0.0      0.0     None      0.0     None      8.1     71.9    17.69     17.8     None     8.11   120000      2.0     None     None     None     None     None     None     None
467410 20231028   1011.3   1014.4   1012.9   090500   1009.8   140100     26.6     30.6   111500     24.2   232000     21.4       73       56   110300      2.2     10.0      9.0    320.0   154700      0.0      0.0      0.0     None      0.0     None      8.1     72.0    17.35     12.5     None     8.09   120000      4.3     None     None     None     None     None     None     None
467410 20231029   1012.3   1015.4   1014.0   220200   1010.5   145800     26.2     30.6   130900     23.8   031700     20.4       71       51   130200      2.4     10.0      7.6    330.0   171600      0.0      0.0      0.0     None      0.0     None      8.5     75.7    17.00     11.3     None     7.30   130000      3.8     None     None     None     None     None     None     None
467410 20231030   1013.1   1016.2   1015.0   231800   1010.9   144100     26.0     31.4   133000     23.1   053900     19.7       69       45   133000      3.7     10.0     10.1    340.0   160500      0.0      0.0      0.0     None      0.0     None      8.2     73.1    18.63     22.5     None     8.18   120000      3.8     None     None     None     None     None     None     None
467410 20231031   1014.0   1017.1   1015.4   085500   1012.2   143400     26.2     30.1   130100     22.8   071200     20.7       72       57   145000      2.3     10.0      7.9    320.0   132400      0.0      0.0      0.0     None      0.0     None      9.2     82.2    17.93     10.0     None     7.18   120000      3.0     None     None     None     None     None     None     None
467410 20231101   1013.7   1016.8   1015.2   085900   1012.3   153500     26.6     29.5   095100     24.2   063300     21.3       73       55   093600      1.7     20.0      6.8    320.0   161100      0.0      0.0      0.0     None      0.0     None      9.8     87.7    17.95     15.5     None     7.41   120000      2.0     None     None     None     None     None     None     None
467410 20231102   1012.0   1015.1   1013.8   092800   1010.7   151700     26.5     30.2   131200     24.1   063800     21.8       76       56   110700      2.2     20.0      8.2    300.0   135800      0.0      0.0      0.0     None      0.0     None      9.3     83.4    17.49     10.5     None     7.91   130000      3.0     None     None     None     None     None     None     None
467410 20231103   1010.6   1013.7   1012.2   092300   1008.7   143700     26.3     30.9   125000     23.5   043700     21.6       76       53   121400      2.7     20.0      8.7    320.0   140900      0.0      0.0      0.0     None      0.0     None      9.6     86.2    18.01      8.5     None     7.13   120000      1.3     None     None     None     None     None     None     None
467410 20231104   1011.0   1014.1   1012.4   085700   1009.4   142200     26.7     32.2   115600     23.3   061400     20.6       71       40   120400      2.7     20.0      8.4    320.0   141100      0.0      0.0      0.0     None      0.0     None      9.9     89.0    18.35     18.8     None     7.98   120000      0.5     None     None     None     None     None     None     None
467410 20231105   1011.6   1014.7   1013.0   201600   1009.9   142200     27.3     32.1   115200     24.2   063300     20.7       68       45   114500      1.5     20.0      7.2    290.0   152000      0.0      0.0      0.0     None      0.0     None     10.3     92.8    17.96     10.0     None     7.67   120000      1.5     None     None     None     None     None     None     None
467410 20231106   1012.1   1015.2   1013.8   212800   1010.2   144100     27.9     32.5   123100     24.7   043700     20.3       65       41   102700      2.9     20.0      9.8    320.0   134600      0.0      0.0      0.0     None      0.0     None      9.5     85.7    17.98     22.5     None     8.10   120000      2.5     None     None     None     None     None     None     None
467410 20231107   1013.1   1016.2   1014.7   084400   1011.6   140000     26.3     30.8   120900     23.9   225700     20.8       72       59   153400      2.9     20.0      9.3     10.0   171400      0.0      0.0      0.0     None      0.0     None      3.8     34.3    11.97      5.5     None     5.94   110000      6.3     None     None     None     None     None     None     None
467410 20231108   1012.8   1015.9   1014.2   091200   1011.2   152900     26.1     29.7   131700     23.2   022600     20.1       70       58   105400      2.3     20.0      7.3    310.0   140900      0.0      0.0      0.0     None      0.0     None     10.2     92.3    17.56     10.8     None     7.77   120000      2.5     None     None     None     None     None     None     None
467410 20231109   1012.8   1015.9   1014.2   091700   1010.9   134600     26.6     31.2   115300     24.3   043800     22.1       77       52   113700      2.1     20.0      7.1    310.0   173500      0.0      0.0      0.0     None      0.0     None      7.4     67.1    15.27      8.0     None     6.94   120000      5.5     None     None     None     None     None     None     None
467410 20231110   1013.2   1016.3   1014.7   091600   1010.9   151600     28.0     33.9   131400     24.3   054900     21.8       71       42   125000      2.6     10.0      8.9     10.0   181500      0.0      0.0      0.0     None      0.0     None      9.7     88.0    17.64      9.0     None     7.76   120000      3.0     None     None     None     None     None     None     None
467410 20231111   1014.0   1017.1   1015.7   215600   1011.7   143100     26.0     31.1   134400     23.0   063100     21.0       75       56   141600      3.7    360.0      9.3    340.0   153300      0.0      0.0      0.0     None      0.0     None      9.8     89.1    16.85     15.3     None     7.23   120000      0.8     None     None     None     None     None     None     None
467410 20231112   1015.4   1018.5   1017.4   230300   1013.3   140500     24.4     29.0   123600     22.0   055800     19.1       73       59   123300      4.2    360.0     11.5    340.0   132200      0.0      0.0      0.0     None      0.0     None      6.5     59.2    15.66     11.8     None     6.99   120000      4.0     None     None     None     None     None     None     None
467410 20231113   1017.6   1020.8   1019.9   223900   1015.5   143900     22.5     26.8   140000     19.8   230900     15.8       66       53   140000      4.3    360.0      9.6    350.0   154200      0.0      0.0      0.0     None      0.0     None      8.1     73.8    16.84     12.5     None     7.34   120000      3.8     None     None     None     None     None     None     None
467410 20231114   1018.3   1021.5   1020.6   094100   1016.3   144600     22.6     27.6   130800     19.7   013200     15.7       66       49   114600      3.2    360.0      9.4    350.0   171000      0.0      0.0      0.0     None      0.0     None      5.8     52.9    15.23     23.8     None     7.53   120000      5.8     None     None     None     None     None     None     None
467410 20231115   1017.7   1020.8   1019.4   084000   1015.5   150500     23.8     28.5   120600     19.9   054800     18.3       72       51   120700      2.2     20.0      6.1    270.0   143200      0.0      0.0      0.0     None      0.0     None     10.2     93.2    17.22     11.3     None     7.01   130000      2.5     None     None     None     None     None     None     None
467410 20231116   1017.8   1021.0   1019.9   080400   1015.4   151200     24.1     28.8   114700     20.7   233500     18.6       72       48   113600      4.7     10.0     14.7    350.0   173500      0.0      0.0      0.0     None      0.0     None      5.2     47.6    13.69     26.8     None     5.76   110000      6.5     None     None     None     None     None     None     None
467410 20231117   1018.0   1021.2   1019.5   084500   1016.1   151100     19.6     24.0   143700     16.3   234300      9.8       54       41   133300      6.3     10.0     16.2    360.0   021100      0.0      0.0      0.0     None      0.0     None      2.9     26.6    11.89     14.3     None     4.55   140000      7.8     None     None     None     None     None     None     None
467410 20231118   1018.2   1021.3   1020.2   084600   1015.7   152000     19.0     24.7   132500     15.1   060100      6.4       44       33   023100      3.8     20.0      9.3     30.0   041800      0.0      0.0      0.0     None      0.0     None      9.6     88.1    17.18     14.3     None     6.68   120000      0.5     None     None     None     None     None     None     None
467410 20231119   1016.7   1019.9   1018.5   000100   1014.3   151400     20.3     24.8   121700     15.3   022500     11.9       59       44   121900      2.0    290.0      7.4    290.0   140600      0.0      0.0      0.0     None      0.0     None     10.2     93.7    17.10     24.5     None     6.56   120000      2.3     None     None     None     None     None     None     None
467410 20231120   1015.4   1018.6   1017.1   081600   1013.7   150100     21.8     25.3   130400     18.1   032000     14.8       65       47   130400      2.5     20.0      8.6    310.0   123900      0.0      0.0      0.0     None      0.0     None      9.1     83.7    16.97     13.3     None     6.79   120000      4.3     None     None     None     None     None     None     None
467410 20231121   1013.9   1017.0   1016.0   073900   1011.3   152800     22.8     27.9   124600     19.6   061100     15.4       65       37   132400      2.1     60.0      7.2    340.0   114700      0.0      0.0      0.0     None      0.0     None     10.2     93.9    17.79     42.5     None     6.78   120000      0.0     None     None     None     None     None     None     None
467410 20231122   1012.6   1015.8   1014.3   081800   1010.7   144000     23.1     27.8   121400     19.4   051100     16.1       66       47   145100      1.9    100.0      6.7    310.0   132400      0.0      0.0      0.0     None      0.0     None     10.2     94.0    17.41     22.5     None     7.05   120000      1.8     None     None     None     None     None     None     None
467410 20231123   1012.7   1015.9   1014.4   093100   1011.2   135600     23.1     28.7   130500     19.5   063100     16.6       68       36   134600      2.4    360.0      9.7    350.0   202700      0.0      0.0      0.0     None      0.0     None     10.1     93.2    17.13     10.3     None     6.48   120000      2.8     None     None     None     None     None     None     None
467410 20231124   1015.3   1018.4   1017.2   211300   1013.2   034900     22.9     27.8   144900     19.9   234600     16.2       67       39   143700      2.2    360.0      9.0     30.0   175800      0.0      0.0      0.0     None      0.0     None     10.1     93.3    17.02     12.5     None     6.72   120000      0.8     None     None     None     None     None     None     None
467410 20231125   1016.8   1019.9   1018.6   091300   1015.1   150000     22.4     26.7   133400     18.3   052200     15.9       67       48   123700      2.1    330.0      6.9    300.0   121800      0.0      0.0      0.0     None      0.0     None     10.0     92.5    16.53     10.5     None     6.70   120000      0.5     None     None     None     None     None     None     None
467410 20231126   1015.4   1018.5   1017.6   000100   1012.8   150200     22.2     27.3   132300     19.4   064400     16.9       73       50   115800      2.7     10.0     10.2    350.0   152400      0.0      0.0      0.0     None      0.0     None      9.5     87.9    15.57     14.8     None     6.13   120000      0.8     None     None     None     None     None     None     None
467410 20231127   1013.6   1016.8   1015.1   084100   1011.8   150700     22.8     27.4   134100     19.4   070900     17.0       70       55   130000      3.4     20.0      9.6    340.0   135500      0.0      0.0      0.0     None      0.0     None      5.9     54.7    13.33     12.0     None     5.85   120000      6.8     None     None     None     None     None     None     None
467410 20231128   1014.5   1017.7   1016.6   090500   1013.0   141500     23.5     28.0   132800     18.9   062300     17.5       69       53   121600      2.3     10.0      7.5     20.0   053800      0.0      0.0      0.0     None      0.0     None      7.5     69.5    14.75     11.0     None     5.73   130000      4.3     None     None     None     None     None     None     None
467410 20231129   1015.4   1018.5   1017.0   221000   1013.6   142500     25.2     28.9   140800     22.9   051700     18.4       67       50   140700      2.0     20.0      7.6    350.0   163200     -9.8      0.4     -9.8   212500     -9.8   211700      3.2     29.7    11.84      9.3     None     5.69   130000      7.0     None     None     None     None     None     None     None
467410 20231130   1016.0   1019.1   1017.5   210600   1013.7   135700     23.9     28.4   132500     21.1   235900     18.6       73       53   123600      3.9     10.0      9.4    350.0   025200      0.0      0.0      0.0     None      0.0     None      2.6     24.1    11.52     13.6     None     6.10   120000      8.2     None     None     None     None     None     None     None
467410 20231201   1016.9   1020.1   1018.5   095600   1015.2   144000     21.1     25.0   133300     18.4   235800     16.3       74       63   132300      4.4     10.0     10.4     20.0   202700      0.0      0.0      0.0     None      0.0     None      2.9     27.0     9.99     13.3     None     5.78   130000      8.3     None     None     None     None     None     None     None
467410 20231202   1017.3   1020.5   1019.5   090100   1014.8   143400     20.8     26.3   131200     17.8   063800     15.3       71       56   131200      3.3     10.0      9.5    340.0   152000      0.0      0.0      0.0     None      0.0     None      7.9     73.5    14.94     13.0     None     6.02   120000      2.3     None     None     None     None     None     None     None
467410 20231203   1016.2   1019.4   1018.1   082900   1014.8   150600     21.3     24.9   135100     18.9   022200     17.0       77       64   110800      1.9     20.0      9.3    360.0   035400      0.0      0.0      0.0     None      0.0     None      0.0      0.0     8.16     10.0     None     3.99   120000      9.5     None     None     None     None     None     None     None
467410 20231204   1012.7   1015.9   1015.0   000100   1010.8   140300     22.3     25.8   133200     19.6   031100     17.7       76       63   133200      3.0     10.0     12.5     20.0   115900     -9.8      0.3     -9.8   200100     -9.8   200100      0.7      6.5     9.83     17.0     None     5.03   120000      9.8     None     None     None     None     None     None     None
467410 20231205   1011.5   1014.6   1013.1   223800   1009.2   145100     22.4     27.3   123200     20.1   054300     18.0       77       58   123000      4.3     10.0     11.3     40.0   013200      0.0      0.0      0.0     None      0.0     None      7.4     69.0    14.89     25.5     None     6.36   120000      7.3     None     None     None     None     None     None     None
467410 20231206   1012.6   1015.8   1014.2   085500   1011.0   135100     21.7     25.7   130000     20.2   221600     16.4       72       56   235500      4.6     10.0     11.7    350.0   202700      0.0      0.0      0.0     None      0.0     None      3.4     31.7    12.82     14.3     None     5.59   120000      8.5     None     None     None     None     None     None     None
467410 20231207   1012.9   1016.0   1014.4   083300   1011.0   142900     22.2     27.1   131000     18.7   064900     13.5       58       45   141000      2.0     20.0      9.3    340.0   002000      0.0      0.0      0.0     None      0.0     None      9.1     84.9    14.91     14.5     None     5.41   120000      4.3     None     None     None     None     None     None     None
467410 20231208   1013.4   1016.6   1015.3   083800   1011.7   151300     22.7     26.9   134200     19.9   023000     16.2       67       50   150900      1.8     20.0      6.2    340.0   161700      0.0      0.0      0.0     None      0.0     None      7.5     70.0    13.77     11.5     None     5.78   130000      3.5     None     None     None     None     None     None     None
467410 20231209   1012.0   1015.1   1014.6   084600   1010.2   150100     24.3     29.6   131700     20.0   060500     15.6       60       40   135200      2.1     20.0      7.9    320.0   144200      0.0      0.0      0.0     None      0.0     None      9.0     84.1    15.56     17.3     None     6.26   120000      2.0     None     None     None     None     None     None     None
467410 20231210   1010.8   1013.9   1013.0   085600   1008.7   143500     25.5     30.3   124800     22.1   063700     17.9       64       47   113100      2.2     20.0      7.4     60.0   122200      0.0      0.0      0.0     None      0.0     None      9.5     88.8    15.39     11.3     None     6.38   120000      1.8     None     None     None     None     None     None     None
467410 20231211   1011.5   1014.6   1013.1   093000   1010.1   154800     25.9     29.3   145000     23.7   060100     21.3       76       63   133900      1.1     20.0      5.2    290.0   122200      0.0      0.0      0.0     None      0.0     None      3.3     30.9    10.64      7.5     None     4.68   130000      8.3     None     None     None     None     None     None     None
467410 20231212   1012.9   1016.0   1015.3   222000   1011.4   015500     25.2     29.5   122100     21.3   232200     20.8       77       64   120800      3.2    360.0      8.1     20.0   215300     -9.8      0.1     -9.8   031900     -9.8   031900      7.8     73.0    13.46      8.5     None     5.68   130000      3.8     None     None     None     None     None     None     None
467410 20231213   1015.8   1019.0   1017.5   092200   1014.4   145700     23.3     28.5   134600     19.9   043800     18.8       76       59   134600      3.0     10.0      7.8    350.0   022200      0.0      0.0      0.0     None      0.0     None      8.2     76.7    14.50     10.3     None     5.61   120000      1.0     None     None     None     None     None     None     None
467410 20231214   1016.0   1019.2   1018.0   091200   1014.0   152000     23.8     28.0   141700     21.7   045900     20.3       82       61   130300      2.2     20.0      6.9    330.0   153900      0.0      0.0      0.0     None      0.0     None      6.4     59.9    12.96      8.8     None     5.25   120000      3.0     None     None     None     None     None     None     None
467410 20231215   1013.6   1016.8   1015.4   075600   1011.1   153200     24.9     29.9   145300     21.5   043800     20.1       76       49   133000      1.5     20.0      7.4    300.0   164900      0.0      0.0      0.0     None      0.0     None      8.6     80.5    14.83      6.8     None     5.82   120000      2.3     None     None     None     None     None     None     None
467410 20231216   1015.6   1018.7   1019.6   233100   1013.0   033500     21.4     26.6   111400     14.8   234600     15.7       70       53   140500      4.2     10.0     15.6     50.0   193400      0.0      0.0      0.0     None      0.0     None      9.8     91.8    15.67     13.3     None     6.14   120000      1.8     None     None     None     None     None     None     None
467410 20231217   1019.7   1022.9   1021.8   093100   1017.3   143300     17.5     21.2   151000     14.4   054300     10.9       65       55   122200      2.3     10.0     11.3     40.0   000300     -9.8      0.6     -9.8   074800     -9.8   074800      1.6     15.0    10.31     14.0     None     5.11   120000      8.5     None     None     None     None     None     None     None
467410 20231218   1018.1   1021.3   1020.3   085600   1015.7   142800     20.4     25.2   123300     16.6   015300     15.0       72       52   115900      3.1     10.0      9.8    350.0   145700      0.0      0.0      0.0     None      0.0     None      8.1     75.9    15.12     13.8     None     6.57   120000      2.3     None     None     None     None     None     None     None
467410 20231219   1016.1   1019.3   1017.8   081300   1013.3   150600     21.4     26.1   123000     18.2   231700     17.5       79       60   123000      4.4    360.0     11.2     20.0   211500      0.0      0.0      0.0     None      0.0     None      2.2     20.6    11.36     13.3     None     6.19   120000      9.0     None     None     None     None     None     None     None
467410 20231220   1016.4   1019.6   1017.9   220200   1014.7   141500     17.5     20.2   134300     15.8   235300     13.6       78       67   134400      4.4    360.0     10.5    340.0   081800      7.0      5.1      2.0   023900      4.0   020500      0.0      0.0     5.71     11.8     None     3.21   130000     10.0     None     None     None     None     None     None     None
467410 20231221   1019.4   1022.6   1023.1   222300   1016.6   023400     15.1     16.7   121100     12.3   233700     10.1       72       65   163800      5.1    360.0     11.4    350.0   215400     -9.8      1.6     -9.8   040800     -9.8   040800      0.1      0.9     6.72     18.0     None     3.35   110000     10.0     None     None     None     None     None     None     None
467410 20231222   1023.9   1027.2   1025.5   094400   1022.2   142100     13.4     17.0   153600     10.9   060400      6.0       61       50   154300      4.7    360.0     12.5    360.0   005100      0.0      0.0      0.0     None      0.0     None      3.4     31.8    11.54     13.5     None     4.78   120000      8.3     None     None     None     None     None     None     None
467410 20231223   1023.4   1026.6   1024.9   000100   1021.6   141000     16.5     19.6   150300     13.0   033900     10.0       65       58   135600      2.2     20.0      6.3    360.0   230500     -9.8      0.2     -9.8   082100     -9.8   082100      0.0      0.0     5.96     10.0     None     2.91   130000     10.0     None     None     None     None     None     None     None
467410 20231224   1022.0   1025.2   1023.5   083600   1019.7   141700     16.7     22.1   125200     13.0   234400     11.6       73       55   133600      4.8    360.0     13.1    350.0   151000      0.0      0.0      0.0     None      0.0     None      7.8     73.0    14.99     22.5     None     6.19   120000      2.3     None     None     None     None     None     None     None
467410 20231225   1021.2   1024.5   1023.1   085200   1018.8   144100     15.9     22.8   142700     11.7   062000      8.8       64       47   144200      3.5    360.0      8.6     20.0   033400      0.0      0.0      0.0     None      0.0     None      9.6     89.9    15.73     12.0     None     5.79   120000      4.0     None     None     None     None     None     None     None
467410 20231226   1020.8   1024.1   1022.7   084600   1018.9   151400     17.5     22.4   151700     12.6   054000     11.3       67       51   151700      2.2    360.0      5.5     10.0   225100      0.0      0.0      0.0     None      0.0     None      0.4      3.7     9.06     10.8     None     3.59   120000      9.3     None     None     None     None     None     None     None
467410 20231227   1020.0   1023.2   1022.0   084400   1018.4   142600     20.2     23.5   144000     18.4   032300     16.9       82       61   141500      2.9    360.0      7.4    340.0   124400     -9.8      0.1     -9.8   230500     -9.8   230500      0.0      0.0     7.18      5.3     None     4.30   130000     10.0     None     None     None     None     None     None     None
467410 20231228   1018.7   1021.9   1020.4   091500   1016.9   152000     19.6     21.9   111600     18.1   234300     17.9       90       70   115500      3.6     10.0     10.8     10.0   090800      5.5      3.1      2.0   130800      2.0   130800      0.0      0.0     4.67     20.8     None     2.81   120000     10.0     None     None     None     None     None     None     None
467410 20231229   1016.9   1020.1   1018.6   083300   1014.9   144200     19.8     25.6   135700     17.0   061900     17.3       86       62   135100      3.7     20.0      9.2    340.0   170500      0.0      0.0      0.0     None      0.0     None      9.3     86.9    15.85      9.5     None     6.64   120000      1.8     None     None     None     None     None     None     None
467410 20231230   1014.4   1017.6   1016.6   000100   1012.7   145400     19.6     22.1   133700     17.7   040400     18.3       93       83   141000      2.3     20.0      6.3     30.0   043500      2.5      3.7      0.5   150500      1.5   172500      0.5      4.6     4.68      4.5     None     3.28   140000      8.5     None     None     None     None     None     None     None
467410 20231231   1013.9   1017.1   1015.7   221600   1012.4   133700     21.7     28.1   132800     18.0   065600     17.0       77       40   122500      3.4    360.0      8.7    350.0   102800      0.0      0.0      0.0     None      0.0     None      9.4     87.8    15.96     16.0     None     6.56   120000      2.5     None     None     None     None     None     None     None
