* MD (Multifield Daily Data Format)
* 以 '*' 字元開頭的文字為格式說明
* 以 '#' 字元開頭的文字為氣象資料欄位標題列9個字元一組
********************************************************************************
* 格式說明:
* 站碼(stno) 時間(yyyymmdd) 氣象資料欄位
* 1~6        8~15           第16個字元開始每個氣象要素(欄位)9個字元
* 時間為當地時間(Local Time)
* yyyy:西元年
* mm:月
* dd:日
********************************************************************************
* 欄位標題說明:
* 極值發生時間欄位格式為 hhmmss 6位字元  其中 hh:小時(00~23時) mm:分鐘(00~59分) ss:秒(00~59秒)
*
* CD11 平均雲量(10分量)
* EP01 20cm箱外蒸發量(mm)
* EP04 20cm箱內蒸發量(mm)
* EP05 A型蒸發量(mm)
* GR01 全天空日射量(MJ/㎡)
* GR02 最大小時全天空日射量(MJ/㎡)
* GR03 最大小時全天空日射量時間
* PP01 降水量(mm)
* PP02 降水時數(hour)
* PP03 最大十分鐘降水量(mm)
* PP04 最大十分鐘降水量起始時間
* PP05 最大六十分鐘降水量(mm)
* PP06 最大六十分鐘降水量起始時間
* PS01 平均測站氣壓(hPa)                
* PS02 平均海平面氣壓(hPa)
* PS03 最高測站氣壓(hPa)                  
* PS04 最高測站氣壓時間
* PS05 最低測站氣壓(hPa)
* PS06 最低測站氣壓時間
* PS07 最高海平面氣壓(hPa)
* PS08 最高海平面氣壓時間
* PS09 最低海平面氣壓(hPa)
* PS10 最低海平面氣壓時間
* RH01 平均相對溼度(%)
* RH02 最大相對溼度(%)
* RH03 最大相對溼度時間
* RH04 最小相對溼度(%)
* RH05 最小相對溼度時間
* SD01 雪深(cm)
* SS01 日照時數(hour)
* SS02 日照率(%)
* ST01 天空狀況
* ST02 地面狀況
* ST03 雷暴
* ST04 液態降水1
* ST05 液態降水2
* ST06 固態降水1
* ST07 固態降水2
* ST08 固態降水3
* ST09 視障1
* ST10 視障2
* ST11 光象1
* ST12 光象2
* TB01 黑球溫度(℃)
* TD01 平均露點溫度(℃)
* TD02 最高露點溫度(℃)
* TD03 最高露點溫度時間
* TD04 最低露點溫度(℃)
* TD05 最低露點溫度時間
* TG01 最低草溫(℃)
* TS01 地表溫度0cm(℃)
* TS02 地中溫度5cm(℃)
* TS03 地中溫度10cm(℃)
* TS04 地中溫度20cm(℃)
* TS05 地中溫度30cm(℃)
* TS06 地中溫度50cm(℃)
* TS07 地中溫度100cm(℃)
* TS08 地中溫度200cm(℃)
* TS09 地中溫度300cm(℃)
* TS10 地中溫度500cm(℃)
* TW01 平均溼球溫度(℃)
* TX01 平均氣溫(℃)
* TX02 絕對最高氣溫(℃)
* TX03 絕對最高氣溫時間
* TX04 絕對最低氣溫(℃)
* TX05 絕對最低氣溫時間
* TX10 氣溫日較差(℃)
* VP01 平均水氣壓(hPa)
* VP02 最大水氣壓(hPa)
* VP03 最大水氣壓時間
* VP04 最小水氣壓(hPa)
* VP05 最小水氣壓時間
* VS01 平均能見度(km)
* WD01 平均風風速(m/s)
* WD02 平均風風向(360 degree)
* WD03 平均風程(m/s)
* WD04 最大平均風風速(m/s)
* WD05 最大平均風風向(360 degree)
* WD06 最大平均風時間
* WD07 最大瞬間風風速(m/s)
* WD08 最大瞬間風風向(360 degree)
* WD09 最大瞬間風時間
* UV01 紫外線指數
********************************************************************************
* 特殊值:
* -999.1:儀器故障待修
* -9.6/-999.6:資料累計於後
* -9.5/-99.5/-999.5/-999.5/-9999.5/-9995:因故障而無資料
* -9.7/-99.7/-999.7/-999.7/-9999.7/-9997:因不明原因而無資料
* -9.8:雨跡(Trace)
* None:未觀測而無資料
********************************************************************************
# stno yyyymmdd     PS01     PS02     PS03     PS04     PS05     PS06     TX01     TX02     TX03     TX04     TX05     TD01     RH01     RH04     RH05     WD01     WD02     WD07     WD08     WD09     PP01     PP02     PP03     PP04     PP05     PP06     SS01     SS02     GR01     VS01     EP05     UV01     UV03     CD11     TS01     TS02     TS03     TS04     TS05     TS06     TS07
467410 20210101   1020.1   1023.4   1022.3   080800   1017.6   142300     14.1     19.5   141200     10.5   062700      7.1       64       43   134600      3.5    360.0      9.3     10.0   195600      0.0      0.0      0.0     None      0.0     None      9.0     84.0    16.05     16.4     None     6.31   130000      4.4     None     None     None     None     None     None     None
467410 20210102   1018.4   1021.6   1020.0   003100   1015.7   143000     15.3     20.6   142100     11.0   063100     10.0       72       49   125900      3.2     20.0      8.7    320.0   110000      0.0      0.0      0.0     None      0.0     None      9.8     91.4    16.21     10.3     None     6.37   130000      0.3     None     None     None     None     None     None     None
467410 20210103   1018.2   1021.4   1020.2   083800   1015.5   143400     17.4     23.5   141600     13.2   071100     12.4       74       44   124800      4.0    360.0     12.3    300.0   144500      0.0      0.0      0.0     None      0.0     None     10.2     95.1    16.68     11.4     None     6.77   120000      1.0     None     None     None     None     None     None     None
467410 20210104   1016.7   1019.9   1018.9   000100   1014.4   143300     18.5     23.9   133200     15.5   061900     15.0       81       56   124800      4.3     10.0     12.0     10.0   233300      0.0      0.0      0.0     None      0.0     None      7.8     72.7    15.19      8.4     None     6.87   120000      5.0     None     None     None     None     None     None     None
467410 20210105   1015.2   1018.4   1017.0   085000   1013.0   141000     18.5     22.1   113900     15.9   235500     14.7       79       63   112800      5.2    360.0     12.8     30.0   180200      0.0      0.0      0.0     None      0.0     None      7.5     69.8    15.67      9.4     None     6.91   130000      4.4     None     None     None     None     None     None     None
467410 20210106   1014.6   1017.8   1016.8   081800   1012.0   143800     17.7     20.7   122200     15.6   032800     13.4       76       64   113600      3.0     10.0      8.7    360.0   231300      0.0      0.0      0.0     None      0.0     None      0.5      4.7     8.52     12.6     None     5.02   120000      8.8     None     None     None     None     None     None     None
467410 20210107   1015.5   1018.7   1017.4   223500   1013.5   144100     15.0     18.2   144500     12.1   233800     11.6       81       66   144100      4.6     10.0     12.9     10.0   193800     -9.8      1.6     -9.8   004300     -9.8   004300      1.0      9.3     5.95     11.3     None     3.07   150000      9.4     None     None     None     None     None     None     None
467410 20210108   1018.8   1022.1   1020.4   215400   1017.3   042300     10.3     12.3   000100      8.9   211400      4.7       68       58   235959      6.0    360.0     15.6    360.0   064400      0.0      0.0      0.0     None      0.0     None      0.0      0.0     4.51     21.6     None     2.36   140000      9.4     None     None     None     None     None     None     None
467410 20210109   1019.1   1022.4   1020.9   085000   1016.6   151500     11.3     15.7   153800      8.8   055400      2.3       54       45   145600      4.3     10.0     14.5    360.0   001100      0.0      0.0      0.0     None      0.0     None      1.4     13.0     9.81     19.8     None     4.01   120000      8.3     None     None     None     None     None     None     None
467410 20210110   1018.5   1021.8   1020.3   004200   1015.8   152700     13.8     19.7   150900      8.4   061100      6.0       60       43   140200      2.9     10.0      9.5    320.0   163400     -9.8      0.1     -9.8   215100     -9.8   215100      8.6     79.8    15.70     17.1     None     6.08   130000      5.1     None     None     None     None     None     None     None
467410 20210111   1018.7   1021.9   1020.8   091300   1016.6   142300     14.3     18.2   142600     10.7   235900      8.7       69       58   142600      4.9    360.0     15.5    360.0   185200     -9.8      0.2     -9.8   235700     -9.8   235700      1.0      9.3     8.97     12.3     None     4.84   130000      9.0     None     None     None     None     None     None     None
467410 20210112   1017.7   1020.9   1020.0   000800   1015.4   145100     12.6     16.9   142100      9.8   024200      4.9       61       42   140600      5.5    360.0     17.9     10.0   102400     -9.8      0.3     -9.8   000100     -9.8   000100      3.1     28.7    12.43     11.6     None     5.00   140000      5.9     None     None     None     None     None     None     None
467410 20210113   1015.6   1018.9   1017.2   093600   1013.2   152700     14.5     21.6   130100      8.6   055200      7.0       62       38   123700      3.3     10.0      8.7    310.0   140700      0.0      0.0      0.0     None      0.0     None     10.1     93.4    17.00     11.8     None     6.57   130000      0.0     None     None     None     None     None     None     None
467410 20210114   1014.5   1017.8   1016.3   000400   1012.2   145300     16.2     21.5   123600     11.7   070100      8.4       61       34   123700      1.8     20.0      6.8    320.0   160500      0.0      0.0      0.0     None      0.0     None     10.2     94.3    16.84     17.5     None     6.44   130000      0.3     None     None     None     None     None     None     None
467410 20210115   1012.9   1016.0   1015.0   000100   1009.7   145700     17.1     22.7   130500     13.5   063100     10.7       67       47   123500      2.4     20.0      6.7     10.0   173600      0.0      0.0      0.0     None      0.0     None      9.9     91.4    16.08      9.8     None     5.90   120000      0.0     None     None     None     None     None     None     None
467410 20210116   1013.4   1016.6   1016.0   230500   1011.1   151900     17.6     23.3   121300     13.6   061800     12.3       73       39   123000      2.4    360.0     10.1    360.0   235100      0.0      0.0      0.0     None      0.0     None      9.6     88.5    15.96      4.3     None     6.20   130000      0.0     None     None     None     None     None     None     None
467410 20210117   1017.6   1020.8   1020.2   215600   1015.6   020000     15.5     20.2   131300     12.5   235300      9.6       68       51   121700      5.9    360.0     16.1    350.0   075800      0.0      0.0      0.0     None      0.0     None      4.7     43.3    13.55     13.5     None     5.52   130000      2.6     None     None     None     None     None     None     None
467410 20210118   1018.2   1021.4   1020.0   001200   1015.3   145200     15.0     20.6   131300     10.9   052700      9.0       68       49   130300      3.2    360.0      9.8    360.0   012800      0.0      0.0      0.0     None      0.0     None      9.4     86.5    15.66     10.0     None     6.15   130000      0.4     None     None     None     None     None     None     None
467410 20210119   1016.5   1019.7   1017.8   093900   1015.0   145500     16.9     21.6   135300     12.6   052200     11.1       70       49   120000      2.4     10.0      7.7    320.0   151800      0.0      0.0      0.0     None      0.0     None      9.8     90.1    16.51      9.4     None     6.71   130000      1.8     None     None     None     None     None     None     None
467410 20210120   1014.9   1018.1   1016.9   085800   1013.0   153200     18.0     23.2   121000     14.6   061100     14.8       82       57   120100      2.8    360.0      8.2    320.0   133500      0.0      0.0      0.0     None      0.0     None      9.7     89.0    17.13      5.5     None     7.09   130000      3.6     None     None     None     None     None     None     None
467410 20210121   1011.9   1015.1   1014.3   000100   1009.7   150100     19.9     27.3   123100     16.2   063000     16.5       82       46   123100      2.2     20.0      6.0    310.0   142400     -9.8      0.1     -9.8   224400     -9.8   224400      4.1     37.6    13.75      2.5     None     6.80   130000      9.0     None     None     None     None     None     None     None
467410 20210122   1008.4   1011.5   1010.4   000100   1006.3   161900     20.1     23.8   114100     18.5   064500     18.2       89       70   114100      1.8    360.0      6.5     10.0   183500      2.5      2.8      1.0   124800      2.5   124800      0.0      0.0     6.53      3.1     None     4.21   120000      8.6     None     None     None     None     None     None     None
467410 20210123   1010.1   1013.2   1012.8   222100   1007.5   152900     19.0     23.6   160100     17.1   234700     17.9       94       71   154000      2.4    360.0      7.3    330.0   180200      0.0      0.0      0.0     None      0.0     None      2.9     26.5     7.79      3.3     None     3.93   150000      4.8     None     None     None     None     None     None     None
467410 20210124   1013.7   1016.9   1015.3   100600   1012.2   020300     18.6     23.2   152300     16.0   042500     15.7       85       61   152300      2.5     10.0      7.9    310.0   152300      0.0      0.0      0.0     None      0.0     None      4.2     38.4    13.65      3.0     None     7.37   130000      6.7     None     None     None     None     None     None     None
467410 20210125   1014.2   1017.4   1016.4   065800   1011.7   150100     19.7     25.6   141400     15.2   065100     14.1       72       44   155200      3.5    360.0     10.7     20.0   080500      0.0      0.0      0.0     None      0.0     None      9.9     90.3    17.65      5.9     None     7.66   130000      2.0     None     None     None     None     None     None     None
467410 20210126   1013.6   1016.8   1015.6   090300   1011.4   152600     18.1     23.1   153300     14.5   065000     15.5       86       61   155000      2.3    360.0      7.9    300.0   132700      0.0      0.0      0.0     None      0.0     None      7.8     71.0    16.09      3.8     None     7.24   130000      0.0     None     None     None     None     None     None     None
467410 20210127   1013.9   1017.1   1016.0   093200   1011.4   144800     18.3     24.3   141200     15.4   225300     15.4       84       58   135300      3.2    360.0      8.8     10.0   225000      0.0      0.0      0.0     None      0.0     None      6.3     57.3    14.17      2.1     None     6.99   130000      2.0     None     None     None     None     None     None     None
467410 20210128   1016.2   1019.4   1018.1   231400   1014.4   150900     17.2     22.3   120500     14.3   233400     12.9       77       53   141200      5.0    360.0     16.7    350.0   161600      0.0      0.0      0.0     None      0.0     None      7.6     69.0    16.02      6.1     None     7.35   130000      2.4     None     None     None     None     None     None     None
467410 20210129   1018.0   1021.2   1019.9   230100   1016.5   135500     16.5     21.6   141100     13.3   042400      9.4       63       46   130500      3.4    360.0     10.4     10.0   011900      0.0      0.0      0.0     None      0.0     None      7.3     66.2    16.49     10.1     None     7.96   130000      3.5     None     None     None     None     None     None     None
467410 20210130   1019.5   1022.7   1021.0   090100   1017.8   150300     17.2     21.2   115300     14.2   035500     11.9       72       55   103400      2.3     10.0      7.9    310.0   162300      0.0      0.0      0.0     None      0.0     None     10.0     90.5    17.70     10.0     None     7.86   130000      0.6     None     None     None     None     None     None     None
467410 20210131   1019.0   1022.3   1021.3   090200   1017.0   150600     17.8     23.4   130700     13.3   073500     12.7       74       47   121100      2.7     20.0      8.6    290.0   134900      0.0      0.0      0.0     None      0.0     None      8.6     77.8    17.32     11.1     None     7.92   130000      1.0     None     None     None     None     None     None     None
467410 20210201   1016.6   1019.8   1018.8   083200   1014.4   144100     19.6     25.0   132700     15.2   020200      9.4       55       17   134100      1.9     10.0      7.8    340.0   163500      0.0      0.0      0.0     None      0.0     None     10.3     93.0    18.48     12.6     None     8.03   130000      0.0     None     None     None     None     None     None     None
467410 20210202   1016.5   1019.6   1018.3   091400   1014.4   145200     19.7     25.5   125600     15.8   044400     11.4       60       29   110800      3.0    360.0      8.8    350.0   174200      0.0      0.0      0.0     None      0.0     None     10.2     91.9    18.12      9.5     None     7.08   130000      0.0     None     None     None     None     None     None     None
467410 20210203   1018.3   1021.5   1020.4   091600   1016.4   143400     18.5     23.8   125700     15.0   071700     13.6       74       56   104000      2.4     10.0      7.2    310.0   160500      0.0      0.0      0.0     None      0.0     None     10.0     90.0    18.06      5.3     None     7.35   130000      0.0     None     None     None     None     None     None     None
467410 20210204   1018.3   1021.5   1020.6   090000   1016.3   153800     18.9     23.2   113600     14.7   070800     14.6       78       53   160800      2.5     10.0      7.4    320.0   141800      0.0      0.0      0.0     None      0.0     None      9.9     89.0    18.08      5.6     None     7.07   130000      0.0     None     None     None     None     None     None     None
467410 20210205   1016.6   1019.8   1018.7   085900   1014.8   145500     19.1     23.6   152100     15.4   045100     15.6       81       61   122300      1.7     20.0      5.7    260.0   160900      0.0      0.0      0.0     None      0.0     None      9.6     86.1    18.32      5.3     None     7.53   130000      0.1     None     None     None     None     None     None     None
467410 20210206   1014.8   1018.0   1017.2   090600   1012.9   151900     20.7     25.4   132500     17.2   044200     14.8       70       44   141600      2.1     20.0      7.2     10.0   184700      0.0      0.0      0.0     None      0.0     None     10.3     92.2    19.01      6.8     None     7.74   130000      0.0     None     None     None     None     None     None     None
467410 20210207   1014.9   1018.0   1017.1   091500   1012.7   150000     19.3     25.7   124100     14.8   072500     15.5       80       52   121700      2.8     20.0      9.4    330.0   151600      0.0      0.0      0.0     None      0.0     None      8.1     72.4    18.00      2.6     None     7.58   130000      0.3     None     None     None     None     None     None     None
467410 20210208   1015.5   1018.7   1017.3   222400   1013.9   155200     19.6     25.4   131800     15.0   042100     15.9       81       53   160500      2.1    360.0      7.3     10.0   230900      0.0      0.0      0.0     None      0.0     None      6.9     61.6    16.66      3.6     None     6.72   120000      3.3     None     None     None     None     None     None     None
467410 20210209   1015.2   1018.4   1017.4   094500   1013.1   154200     19.5     23.6   143700     16.1   065300     14.8       75       57   153300      3.1    320.0      9.5    300.0   105900      0.0      0.0      0.0     None      0.0     None      8.9     79.3    17.57      9.1     None     7.36   130000      2.4     None     None     None     None     None     None     None
467410 20210210   1010.8   1014.0   1014.6   000100   1008.3   145300     19.3     22.9   134700     17.4   055000     16.2       83       66   134500      3.2    340.0      8.8    330.0   154300     -9.8      0.7     -9.8   191400     -9.8   191400      1.5     13.3    12.24      8.5     None     6.18   120000      8.4     None     None     None     None     None     None     None
467410 20210211   1007.8   1011.0   1009.7   224200   1006.0   140400     18.5     24.5   112200     16.4   043600     16.8       90       68   113000      4.9    360.0     14.9     10.0   192200     13.5      4.4      2.5   040600      6.5   055400      3.0     26.6    13.25     10.7     None     8.20   130000      9.5     None     None     None     None     None     None     None
467410 20210212   1010.7   1013.9   1012.6   223000   1008.9   010100     18.5     22.6   144900     16.3   005700     16.0       86       66   134100      3.8    360.0     10.3     10.0   005100      0.0      0.0      0.0     None      0.0     None      1.6     14.2    10.82      8.3     None     6.52   130000      9.3     None     None     None     None     None     None     None
467410 20210213   1012.1   1015.3   1013.9   093000   1010.3   161300     20.2     24.7   153100     17.2   051700     17.2       84       63   153900      3.1    360.0      8.5    310.0   134900      0.0      0.0      0.0     None      0.0     None      6.7     59.3    18.12      4.9     None     8.80   130000      6.5     None     None     None     None     None     None     None
467410 20210214   1011.5   1014.7   1013.6   092700   1009.7   151300     19.1     24.5   134100     16.8   235800     16.9       88       60   134400      2.7    360.0      9.6    340.0   155600      0.0      0.0      0.0     None      0.0     None      5.8     51.2    16.31      3.7     None     8.71   130000      5.4     None     None     None     None     None     None     None
467410 20210215   1011.9   1015.1   1013.1   090300   1010.9   042100     19.7     25.1   122400     16.1   063200     15.8       79       47   122400      2.8    360.0      7.7    360.0   024400      0.0      0.0      0.0     None      0.0     None      8.7     76.7    19.50      5.3     None     8.37   130000      2.8     None     None     None     None     None     None     None
467410 20210216   1012.8   1016.0   1014.4   082300   1010.8   150600     20.8     25.8   112300     17.5   064900     15.4       73       41   111100      2.1     20.0      8.5    290.0   132500      0.0      0.0      0.0     None      0.0     None      8.7     76.6    19.82      5.3     None     8.05   130000      5.0     None     None     None     None     None     None     None
467410 20210217   1015.4   1018.6   1018.5   231800   1013.2   012700     18.7     23.3   141800     15.2   235200     12.8       70       46   140600      4.9    360.0     12.4    350.0   150600      0.0      0.0      0.0     None      0.0     None      7.5     65.9    17.79      7.0     None     7.33   130000      4.8     None     None     None     None     None     None     None
467410 20210218   1019.8   1023.0   1021.7   220500   1018.0   151700     17.0     22.7   131900     13.8   061900      8.0       56       44   104500      3.6    360.0     10.7    360.0   070600      0.0      0.0      0.0     None      0.0     None      6.6     57.9    17.06     12.3     None     6.91   130000      2.8     None     None     None     None     None     None     None
467410 20210219   1019.7   1022.9   1021.7   092200   1018.0   170100     17.4     21.5   112300     14.0   005100      9.8       61       46   123900      1.7     20.0      7.4    250.0   130900      0.0      0.0      0.0     None      0.0     None     10.5     92.0    20.60      9.9     None     8.23   130000      0.6     None     None     None     None     None     None     None
467410 20210220   1017.3   1020.5   1019.4   102500   1015.5   152800     18.3     22.9   143700     14.5   063300     11.0       63       37   124700      1.9     20.0      6.9    250.0   113500      0.0      0.0      0.0     None      0.0     None     10.6     92.7    21.22     10.8     None     8.76   130000      0.5     None     None     None     None     None     None     None
467410 20210221   1015.2   1018.4   1017.8   084200   1013.4   152900     19.8     24.2   120400     15.8   042800     10.4       55       38   094800      2.2     20.0      7.0    280.0   140000      0.0      0.0      0.0     None      0.0     None     10.7     93.4    21.08     19.6     None     8.14   130000      1.4     None     None     None     None     None     None     None
467410 20210222   1013.3   1016.5   1015.1   000100   1011.4   142800     21.5     26.0   115900     17.2   050400     12.0       55       37   092900      2.0     20.0      7.0    260.0   124800      0.0      0.0      0.0     None      0.0     None     10.8     94.1    21.54     22.8     None     8.70   130000      0.1     None     None     None     None     None     None     None
467410 20210223   1011.6   1014.7   1013.4   000100   1009.5   161300     21.2     26.1   120500     18.9   034600     15.8       72       57   121600      3.2     10.0      8.2    320.0   130700     -9.8      0.1     -9.8   160200     -9.8   160200      4.1     35.6    15.35     10.3     None     7.97   120000      7.4     None     None     None     None     None     None     None
467410 20210224   1010.5   1013.6   1012.5   085000   1008.3   153500     21.2     26.6   122500     19.0   011800     17.5       80       60   122500      2.6     10.0      7.4    300.0   151900      0.0      0.0      0.0     None      0.0     None      5.1     44.3    16.17      4.5     None     7.93   130000      7.6     None     None     None     None     None     None     None
467410 20210225   1008.1   1011.2   1010.4   000100   1005.9   185100     21.7     26.3   124200     18.8   015900     17.6       78       58   124300      2.7    360.0      9.2    300.0   130800      0.0      0.0      0.0     None      0.0     None      9.9     85.7    21.09     10.4     None     9.18   130000      3.1     None     None     None     None     None     None     None
467410 20210226   1007.0   1010.1   1009.1   233100   1005.1   150700     22.5     27.5   130100     19.3   053000     17.9       77       53   135000      3.1    360.0      8.9    300.0   131300      0.0      0.0      0.0     None      0.0     None     10.4     89.9    19.87      9.1     None     7.69   130000      1.4     None     None     None     None     None     None     None
467410 20210227   1010.6   1013.8   1013.2   235500   1008.6   142600     20.7     27.2   142100     17.5   235300     16.8       80       54   142100      3.6    360.0     11.8     10.0   185100      0.0      0.0      0.0     None      0.0     None      7.8     67.3    18.46      5.0     None     7.25   130000      3.8     None     None     None     None     None     None     None
467410 20210228   1012.7   1015.9   1014.7   090700   1010.9   161900     21.1     26.3   133600     16.4   051600     16.6       76       57   152700      2.7     10.0      8.0    300.0   134100      0.0      0.0      0.0     None      0.0     None     10.1     87.0    19.93      7.9     None     7.80   130000      1.3     None     None     None     None     None     None     None
467410 20210301   1013.3   1016.4   1015.6   090200   1011.6   175100     23.5     29.3   131300     18.9   040600     17.6       71       48   124700      2.2    340.0      8.1    320.0   121800      0.0      0.0      0.0     None      0.0     None      7.4     63.6    18.58      8.3     None     8.59   130000      3.6     None     None     None     None     None     None     None
467410 20210302   1014.4   1017.6   1017.5   223800   1012.3   035800     21.4     24.8   104200     16.4   225900     15.9       71       56   151100      4.3    360.0     12.4    340.0   130100      0.0      0.0      0.0     None      0.0     None      9.2     78.9    19.01     11.5     None     6.93   130000      3.6     None     None     None     None     None     None     None
467410 20210303   1016.8   1020.0   1018.2   071200   1015.0   152800     19.2     24.7   124900     15.8   063400     14.3       74       54   124900      3.1    360.0      9.6     10.0   142300      0.0      0.0      0.0     None      0.0     None      5.6     48.0    16.96      8.4     None     7.87   130000      8.6     None     None     None     None     None     None     None
467410 20210304   1015.7   1018.9   1017.7   000100   1014.0   164200     20.6     26.9   122900     16.6   060700     16.1       76       50   122900      3.2     10.0      8.1     10.0   200800      0.0      0.0      0.0     None      0.0     None      3.6     30.8    14.51      5.5     None     7.25   120000      6.3     None     None     None     None     None     None     None
467410 20210305   1013.7   1016.9   1015.7   000100   1011.8   142500     22.9     27.9   131400     19.4   053600     17.9       74       56   134000      2.1     10.0      9.4     20.0   001000     -9.8      0.3     -9.8   005400     -9.8   005400      5.6     47.8    16.15      8.0     None     7.52   140000      5.9     None     None     None     None     None     None     None
467410 20210306   1013.8   1017.0   1015.7   223900   1011.9   143900     23.5     29.2   142800     18.8   063300     18.9       76       58   120000      2.6     10.0      9.4     10.0   225100      0.0      0.0      0.0     None      0.0     None      8.4     71.5    20.72      7.3     None    10.21   130000      5.0     None     None     None     None     None     None     None
467410 20210307   1014.9   1018.1   1017.1   230700   1013.0   032400     20.8     26.2   135600     17.3   234200     16.8       79       60   124000      4.1    360.0     11.1     20.0   231700      0.0      0.0      0.0     None      0.0     None      5.6     47.6    17.60      5.4     None     8.39   130000      6.5     None     None     None     None     None     None     None
467410 20210308   1016.2   1019.3   1017.9   094500   1013.6   143100     20.4     26.5   135700     17.1   001100     16.0       77       56   134000      3.8    360.0      9.8    320.0   144500      0.0      0.0      0.0     None      0.0     None      9.4     79.7    19.96      5.1     None     8.23   130000      3.9     None     None     None     None     None     None     None
467410 20210309   1016.4   1019.5   1018.4   083900   1013.9   143800     20.3     27.2   140500     16.7   055800     16.5       80       54   122500      3.7    360.0      9.1     10.0   073600      0.0      0.0      0.0     None      0.0     None      8.2     69.4    19.76      3.1     None     8.51   130000      4.0     None     None     None     None     None     None     None
467410 20210310   1016.8   1020.0   1018.4   083700   1014.3   153400     21.1     26.6   132500     17.4   062200     16.8       78       57   132500      2.5    360.0      7.2    330.0   162300      0.0      0.0      0.0     None      0.0     None      8.0     67.6    19.19      4.9     None     7.96   130000      3.8     None     None     None     None     None     None     None
467410 20210311   1016.8   1020.0   1018.9   085100   1014.7   155900     21.1     25.6   122400     18.3   064000     17.1       79       62   122400      2.2    330.0      7.5    300.0   123200      0.0      0.0      0.0     None      0.0     None     10.1     85.2    21.06      4.6     None     8.93   130000      0.0     None     None     None     None     None     None     None
467410 20210312   1015.5   1018.7   1017.4   080600   1013.1   154800     22.6     29.2   120900     18.7   063100     17.2       74       45   115500      2.8    350.0     11.9    340.0   154200      0.0      0.0      0.0     None      0.0     None     10.4     87.6    21.18      7.9     None     8.82   120000      0.6     None     None     None     None     None     None     None
467410 20210313   1014.8   1017.9   1016.6   081900   1012.7   145600     21.6     27.9   130500     18.3   055400     16.4       74       51   130500      3.0     10.0     10.3    310.0   150500      0.0      0.0      0.0     None      0.0     None     10.2     85.7    21.13      5.4     None     9.20   130000      0.8     None     None     None     None     None     None     None
467410 20210314   1013.3   1016.5   1015.1   090500   1011.3   145100     21.3     26.8   141400     17.6   055200     16.0       73       51   151100      3.0    360.0      9.1    310.0   152800      0.0      0.0      0.0     None      0.0     None     10.3     86.4    21.68      5.0     None     9.47   130000      1.4     None     None     None     None     None     None     None
467410 20210315   1012.0   1015.2   1013.9   084600   1010.1   155600     22.4     26.4   140100     18.5   034600     16.0       68       53   184800      2.6    360.0      9.4    340.0   154800      0.0      0.0      0.0     None      0.0     None      9.8     82.0    22.41      7.8     None    10.33   130000      2.9     None     None     None     None     None     None     None
467410 20210316   1010.7   1013.8   1012.2   094600   1008.9   152600     24.6     29.3   112600     20.7   054300     16.4       61       44   110800      2.4     10.0      8.4    280.0   120700      0.0      0.0      0.0     None      0.0     None     10.9     91.1    23.12      9.1     None    10.71   130000      0.3     None     None     None     None     None     None     None
467410 20210317   1010.3   1013.4   1011.7   224700   1008.4   151500     25.4     30.7   130100     21.7   053000     18.1       65       46   144000      3.2     10.0      8.7    340.0   153400      0.0      0.0      0.0     None      0.0     None     10.9     90.9    21.70     13.3     None     9.73   130000      0.5     None     None     None     None     None     None     None
467410 20210318   1010.3   1013.4   1012.3   080500   1008.5   153100     23.7     29.5   140000     19.8   055700     19.2       78       51   150200      3.1     20.0      8.6    310.0   135100      0.0      0.0      0.0     None      0.0     None      9.5     79.1    21.99      6.1     None    10.68   130000      2.8     None     None     None     None     None     None     None
467410 20210319   1009.7   1012.8   1012.1   092100   1007.4   152500     24.1     28.7   140300     19.9   041600     19.2       75       55   140400      2.5     10.0      7.5    310.0   152400      0.0      0.0      0.0     None      0.0     None      9.6     79.8    21.11      7.1     None     9.67   130000      2.4     None     None     None     None     None     None     None
467410 20210320   1008.4   1011.5   1010.0   083200   1006.5   150400     25.0     29.4   123800     22.6   045700     19.5       72       52   132300      2.4     20.0      8.1     30.0   174500      0.0      0.0      0.0     None      0.0     None     10.1     83.8    20.92      7.8     None     9.79   130000      0.4     None     None     None     None     None     None     None
467410 20210321   1011.9   1015.0   1016.4   232200   1008.9   004800     21.3     26.5   125700     16.1   221100     16.4       74       57   140100      5.4    360.0     15.3     10.0   174600      0.0      0.0      0.0     None      0.0     None      7.4     61.2    19.10      5.1     None     8.92   130000      5.4     None     None     None     None     None     None     None
467410 20210322   1017.8   1021.0   1019.7   214300   1015.4   021200     16.2     17.6   110600     14.7   204800     11.0       72       66   110600      4.5    360.0     13.2     10.0   003000      0.0      0.0      0.0     None      0.0     None      0.0      0.0     5.23      8.0     None     2.43   110000      9.4     None     None     None     None     None     None     None
467410 20210323   1016.4   1019.6   1019.0   082600   1013.8   154000     18.9     23.9   135800     15.0   000100     13.5       71       53   134400      2.2    330.0      7.1    280.0   143100      0.0      0.0      0.0     None      0.0     None      1.3     10.7    11.17      8.5     None     6.77   130000      9.8     None     None     None     None     None     None     None
467410 20210324   1013.4   1016.5   1016.2   102200   1010.9   170600     19.1     22.0   171700     17.4   235900     16.3       84       66   154900      3.9     10.0     11.0     20.0   145700      5.0      3.5      2.5   051900      4.5   051900      2.7     22.2     9.07     12.3     None     5.76   150000      5.8     None     None     None     None     None     None     None
467410 20210325   1013.3   1016.5   1015.8   102900   1011.5   155200     20.2     26.1   141200     15.5   053600     12.7       64       41   131800      3.8    360.0     10.5     20.0   081500      0.0      0.0      0.0     None      0.0     None     10.6     87.1    23.24     14.3     None     9.86   130000      1.0     None     None     None     None     None     None     None
467410 20210326   1012.2   1015.3   1014.7   083300   1009.8   164500     22.4     27.3   124400     17.9   052500     16.7       72       55   111200      3.0    360.0      9.9    100.0   152800      0.0      0.0      0.0     None      0.0     None      9.7     79.5    22.85      7.8     None    10.18   130000      3.3     None     None     None     None     None     None     None
467410 20210327   1009.2   1012.4   1011.7   000100   1006.5   161300     24.8     29.0   111900     21.2   012700     18.7       69       50   112000      1.9     20.0      6.7    330.0   121100      0.0      0.0      0.0     None      0.0     None      8.3     67.9    21.30     12.1     None    10.20   130000      2.8     None     None     None     None     None     None     None
467410 20210328   1006.6   1009.7   1008.5   000100   1004.6   152100     26.1     30.1   110500     23.8   041400     20.6       72       59   173000      2.0    300.0      9.9    290.0   150900      0.0      0.0      0.0     None      0.0     None      9.3     76.0    21.62     15.9     None    10.15   130000      1.6     None     None     None     None     None     None     None
467410 20210329   1005.7   1008.8   1007.5   084000   1003.3   154300     25.7     29.3   131700     23.1   060600     21.6       79       61   131700      2.1    280.0      6.7    280.0   130800      0.0      0.0      0.0     None      0.0     None      9.7     79.1    20.32     11.4     None     8.42   130000      1.8     None     None     None     None     None     None     None
467410 20210330   1004.9   1008.0   1006.2   081200   1003.6   151400     26.3     29.3   121500     24.6   031700     22.7       81       63   121700      1.8    280.0      8.2    250.0   151600      0.0      0.0      0.0     None      0.0     None      6.7     54.5    18.14     17.3     None     8.02   120000      3.8     None     None     None     None     None     None     None
467410 20210331   1005.2   1008.3   1006.7   083400   1003.8   152000     26.5     29.9   131300     24.4   054500     22.4       79       61   123500      2.0    360.0      7.8    260.0   144400      0.0      0.0      0.0     None      0.0     None      9.5     77.2    21.71     18.1     None     9.61   130000      3.3     None     None     None     None     None     None     None
467410 20210401   1006.0   1009.1   1007.9   084500   1004.3   170200     26.8     30.2   110100     24.6   054600     22.2       77       53   131700      1.6    230.0      7.0    280.0   152900      0.0      0.0      0.0     None      0.0     None      6.8     55.1    21.04     17.8     None    10.02   130000      6.1     None     None     None     None     None     None     None
467410 20210402   1007.6   1010.6   1009.6   092000   1006.1   024600     27.3     31.0   121400     25.0   060600     22.3       75       56   110900      2.3    310.0      8.3    310.0   145700      0.0      0.0      0.0     None      0.0     None     10.5     85.0    23.53     17.6     None     9.78   130000      1.6     None     None     None     None     None     None     None
467410 20210403   1008.7   1011.8   1010.0   084300   1007.0   153900     26.7     30.6   110900     24.0   061300     21.6       74       56   111100      3.0     20.0      9.5    300.0   133900      0.0      0.0      0.0     None      0.0     None     10.0     80.8    21.47     10.9     None     7.76   130000      0.1     None     None     None     None     None     None     None
467410 20210404   1010.2   1013.3   1012.2   235300   1008.7   153700     25.3     30.2   114600     21.2   235200     20.0       73       56   114200      3.7    360.0      9.8    340.0   170200      0.0      0.0      0.0     None      0.0     None      8.6     69.4    19.41      6.9     None     7.21   130000      4.5     None     None     None     None     None     None     None
467410 20210405   1013.2   1016.4   1015.1   094000   1011.6   150100     23.2     28.7   123900     20.0   063000     14.4       58       44   102300      3.5    360.0      9.2     10.0   013700      0.0      0.0      0.0     None      0.0     None      8.9     71.6    21.07     16.3     None     8.22   120000      4.0     None     None     None     None     None     None     None
467410 20210406   1013.8   1017.0   1015.9   214500   1011.8   151300     23.0     27.9   150000     18.6   062000     14.8       60       50   150000      3.0     10.0      8.8    310.0   153200      0.0      0.0      0.0     None      0.0     None      6.7     53.8    18.77     13.1     None     7.14   120000      4.5     None     None     None     None     None     None     None
467410 20210407   1012.6   1015.7   1015.2   000100   1010.6   165600     22.5     25.5   121100     19.5   052200     16.7       70       63   085400      2.6     20.0      7.6     10.0   212100      0.0      0.0      0.0     None      0.0     None      0.5      4.0    13.03     11.4     None     6.73   120000      5.9     None     None     None     None     None     None     None
467410 20210408   1010.9   1014.0   1012.9   220800   1008.8   155000     23.1     28.5   134900     19.6   235000     17.8       73       56   105500      3.6     20.0     14.6    350.0   205700      0.0      0.0      0.0     None      0.0     None      6.5     52.0    21.10     10.0     None     9.22   130000      3.9     None     None     None     None     None     None     None
467410 20210409   1012.9   1016.1   1014.9   231600   1011.0   032800     21.0     25.7   141200     18.1   234100     15.3       70       55   141300      3.9    360.0     10.4    330.0   151000      0.0      0.0      0.0     None      0.0     None      1.5     12.0    14.18      9.8     None     8.38   110000      7.4     None     None     None     None     None     None     None
467410 20210410   1015.1   1018.3   1016.4   080900   1013.1   150900     22.0     28.6   134800     17.8   011900     16.1       70       50   134800      3.7     10.0     11.3    350.0   184000      0.0      0.0      0.0     None      0.0     None     10.7     85.4    24.18      9.9     None    10.16   130000      1.6     None     None     None     None     None     None     None
467410 20210411   1015.5   1018.6   1017.4   090100   1013.9   154500     23.3     28.9   121900     19.1   045600     18.0       73       54   105000      2.9     20.0      8.4    310.0   123300      0.0      0.0      0.0     None      0.0     None     11.2     89.2    25.19     12.6     None    11.12   130000      0.4     None     None     None     None     None     None     None
467410 20210412   1013.5   1016.6   1016.0   081900   1011.1   170100     24.3     29.2   131300     20.1   052200     19.0       74       48   132400      2.5    300.0      7.6    340.0   172300      0.0      0.0      0.0     None      0.0     None     10.9     86.7    25.34     12.3     None    11.31   130000      0.4     None     None     None     None     None     None     None
467410 20210413   1011.3   1014.4   1012.9   081100   1009.4   162700     25.8     29.7   140200     23.1   054100     20.5       73       58   133000      2.4    330.0      9.0    300.0   162500      0.0      0.0      0.0     None      0.0     None     11.1     88.1    25.02     14.9     None    11.34   120000      2.0     None     None     None     None     None     None     None
467410 20210414   1010.6   1013.7   1012.1   092300   1008.5   160400     25.0     30.2   123400     21.6   215700     19.6       73       55   123500      4.2    360.0     10.5    320.0   141400      0.0      0.0      0.0     None      0.0     None      9.3     73.7    23.73      9.4     None    10.74   120000      5.6     None     None     None     None     None     None     None
467410 20210415   1010.0   1013.2   1011.8   090600   1007.5   152900     23.7     29.0   125500     20.4   040800     18.7       74       56   125600      4.5    360.0     11.7    360.0   074200      0.0      0.0      0.0     None      0.0     None     10.7     84.6    24.58     11.5     None    11.18   130000      2.9     None     None     None     None     None     None     None
467410 20210416   1010.5   1013.6   1011.9   220600   1009.0   151700     24.5     29.4   122600     20.8   060200     19.7       76       57   111000      3.2    360.0      8.4    330.0   144500      0.0      0.0      0.0     None      0.0     None     10.5     82.9    24.60      9.1     None    11.46   130000      2.4     None     None     None     None     None     None     None
467410 20210417   1011.2   1014.3   1012.7   083300   1009.1   152800     25.6     31.3   130700     21.9   060700     19.0       68       46   122200      3.4    360.0     10.1    320.0   133400      0.0      0.0      0.0     None      0.0     None      9.3     73.3    24.44      8.4     None    11.73   130000      4.4     None     None     None     None     None     None     None
467410 20210418   1010.5   1013.6   1012.0   095800   1008.2   160200     25.7     28.2   114000     23.9   000100     18.8       66       56   132400      2.9    250.0     10.4    250.0   114900      0.0      0.0      0.0     None      0.0     None      8.7     68.5    23.82     10.8     None    11.82   130000      5.1     None     None     None     None     None     None     None
467410 20210419   1009.5   1012.6   1010.9   000100   1008.1   161900     24.6     27.8   131700     21.7   044900     17.2       64       50   131700      2.2     10.0      7.1    260.0   142000      0.0      0.0      0.0     None      0.0     None      7.4     58.1    22.94     12.4     None    11.86   130000      5.3     None     None     None     None     None     None     None
467410 20210420   1009.1   1012.2   1010.7   092300   1007.4   170300     25.4     28.8   134700     22.9   024000     19.5       70       53   144900      2.6    300.0     10.4    300.0   112000      0.0      0.0      0.0     None      0.0     None     10.4     81.6    25.53     16.1     None    12.61   120000      3.8     None     None     None     None     None     None     None
467410 20210421   1007.8   1010.9   1009.9   082600   1005.8   144400     26.2     30.0   131300     23.7   055900     20.5       71       55   131300      2.9    340.0      9.9    300.0   141500      0.0      0.0      0.0     None      0.0     None     10.5     82.2    24.35     13.5     None    12.04   130000      2.9     None     None     None     None     None     None     None
467410 20210422   1005.1   1008.2   1007.0   000100   1003.0   161100     25.6     29.4   151200     23.3   034600     21.6       79       60   151300      3.0    360.0     10.0    310.0   152900      0.0      0.0      0.0     None      0.0     None      9.9     77.4    24.70     10.8     None    11.88   130000      3.4     None     None     None     None     None     None     None
467410 20210423   1004.3   1007.3   1006.0   221000   1002.2   153700     26.0     30.8   133200     23.7   010700     21.5       77       56   133200      3.8    350.0     12.1    330.0   145200      0.0      0.0      0.0     None      0.0     None      6.2     48.4    20.00     11.5     None     9.42   130000      4.8     None     None     None     None     None     None     None
467410 20210424   1007.1   1010.2   1008.7   094100   1005.2   020600     25.7     29.8   122800     22.9   061000     21.0       76       60   122900      2.4     10.0      8.9    240.0   141900      0.0      0.0      0.0     None      0.0     None      8.0     62.3    23.83      9.8     None    10.40   130000      5.0     None     None     None     None     None     None     None
467410 20210425   1009.2   1012.3   1011.4   221400   1006.8   031600     24.6     27.0   084600     22.4   223500     21.0       81       71   091600      2.2    210.0      8.8    180.0   134300      0.5      2.8      0.5   224700      0.5   224700      0.4      3.1     8.51     13.3     None     3.69   100000      8.9     None     None     None     None     None     None     None
467410 20210426   1011.2   1014.3   1013.5   215400   1009.5   020800     23.7     26.7   101800     22.5   221900     20.5       83       64   100900      2.2    200.0      9.3    190.0   123900      0.5      2.5      0.5   131000      0.5   123600      1.1      8.5    11.55     18.0     None     7.57   110000      8.9     None     None     None     None     None     None     None
467410 20210427   1012.8   1015.9   1014.4   225200   1011.5   162200     23.7     26.2   115300     22.1   051500     20.8       84       69   104500      2.4    350.0      8.0    290.0   140100      3.0      1.5      1.0   005400      2.0   125600      0.5      3.9     8.99     10.5     None     5.42   120000      8.1     None     None     None     None     None     None     None
467410 20210428   1012.1   1015.2   1014.0   083300   1010.4   145300     25.3     29.5   130600     22.3   040400     20.0       74       50   110200      2.2    360.0      8.3    290.0   155200      0.0      0.0      0.0     None      0.0     None      5.5     42.6    22.05     10.9     None    10.67   130000      8.1     None     None     None     None     None     None     None
467410 20210429   1009.8   1012.9   1011.2   001200   1008.4   165000     23.6     25.1   013600     21.9   234700     20.9       85       75   161000      2.1    360.0      6.8    330.0   135400     16.0      4.7      1.5   043900      6.5   043900      0.0      0.0     7.06      9.7     None     4.78   130000      7.6     None     None     None     None     None     None     None
467410 20210430   1009.5   1012.6   1010.8   084200   1008.2   152700     25.1     29.1   135500     21.7   012000     19.4       72       57   165600      1.7     10.0      7.1    310.0   114200      0.0      0.0      0.0     None      0.0     None     10.0     77.2    24.59     14.9     None    11.77   130000      5.0     None     None     None     None     None     None     None
467410 20210501   1010.0   1013.1   1011.5   085000   1008.4   030600     26.0     28.9   105300     23.3   052600     19.0       66       45   130700      1.6    240.0      6.9    220.0   133400      0.0      0.0      0.0     None      0.0     None      5.5     42.4    22.45     32.6     None    10.34   110000      7.5     None     None     None     None     None     None     None
467410 20210502   1011.5   1014.6   1013.2   102500   1009.9   005000     26.5     29.9   103000     23.7   052300     20.3       70       48   103100      2.5    340.0      7.9    330.0   104500      0.0      0.0      0.0     None      0.0     None      8.4     64.7    22.94     14.0     None    10.59   120000      7.5     None     None     None     None     None     None     None
467410 20210503   1011.0   1014.1   1012.8   091200   1009.1   152500     25.7     28.8   133600     24.5   032500     22.0       80       56   135000      2.0    360.0      6.8    300.0   150800     -9.8      2.5     -9.8   093600     -9.8   093600      0.0      0.0     8.06      7.5     None     5.42   140000      9.6     None     None     None     None     None     None     None
467410 20210504   1009.2   1012.3   1010.8   073900   1007.0   160500     27.5     31.6   135200     23.7   042500     22.0       73       56   135300      3.6    170.0     14.4    170.0   145300      0.0      0.0      0.0     None      0.0     None      6.8     52.2    20.43     12.9     None     9.28   130000      5.4     None     None     None     None     None     None     None
467410 20210505   1010.4   1013.5   1012.7   220500   1008.8   154700     27.6     31.3   101700     23.4   233500     22.4       74       59   101700      3.5    140.0      9.0    350.0   192900      0.0      0.0      0.0     None      0.0     None     10.6     81.3    27.01     23.1     None    13.69   120000      4.8     None     None     None     None     None     None     None
467410 20210506   1012.2   1015.3   1013.5   080600   1010.5   160300     26.7     31.3   110600     22.0   053700     20.6       70       55   110100      2.8    350.0      8.3    280.0   132300      0.0      0.0      0.0     None      0.0     None     11.5     88.0    27.24     21.6     None    13.03   120000      1.9     None     None     None     None     None     None     None
467410 20210507   1010.3   1013.4   1012.4   063500   1007.6   165400     28.4     31.9   115200     26.0   010200     22.3       70       53   102600      1.8    260.0      7.9    240.0   135200      0.0      0.0      0.0     None      0.0     None     10.3     78.8    26.40     21.5     None    13.67   120000      4.5     None     None     None     None     None     None     None
467410 20210508   1007.6   1010.7   1009.1   070800   1005.7   162000     28.3     32.2   121800     26.4   020800     23.9       77       54   122800      3.1    170.0     10.9    220.0   134000      0.0      0.0      0.0     None      0.0     None     10.2     77.9    26.16     29.4     None    13.87   130000      5.1     None     None     None     None     None     None     None
467410 20210509   1007.1   1010.2   1009.5   213000   1004.7   160800     28.5     32.1   115400     26.5   020900     23.0       73       57   151700      2.3    300.0      7.5    300.0   140100      0.0      0.0      0.0     None      0.0     None     10.5     80.1    26.35     28.1     None    13.92   120000      4.8     None     None     None     None     None     None     None
467410 20210510   1007.0   1010.1   1009.0   081400   1005.0   015500     28.2     31.3   134500     26.5   011900     23.0       73       62   134500      2.4    230.0      8.3    200.0   103600      0.0      0.0      0.0     None      0.0     None      8.8     67.0    24.41     36.3     None    12.99   120000      4.4     None     None     None     None     None     None     None
467410 20210511   1007.0   1010.1   1008.6   081300   1005.3   161400     28.5     32.2   103800     26.2   035100     23.9       77       56   101800      2.9    160.0      8.5    220.0   113800      0.0      0.0      0.0     None      0.0     None     12.0     91.3    28.79     46.3     None    13.46   120000      1.9     None     None     None     None     None     None     None
467410 20210512   1007.0   1010.0   1008.4   083800   1004.8   152800     29.3     33.3   113000     26.2   051600     23.6       72       49   102300      2.4    160.0      7.2    280.0   122200      0.0      0.0      0.0     None      0.0     None     12.3     93.4    28.06     26.9     None    13.13   120000      1.1     None     None     None     None     None     None     None
467410 20210513   1007.2   1010.3   1008.8   083900   1005.8   153600     29.4     32.5   154100     27.1   051800     24.5       76       57   121000      2.8    230.0      9.0    240.0   143000      0.0      0.0      0.0     None      0.0     None     10.9     82.7    27.02     21.9     None    12.81   130000      4.0     None     None     None     None     None     None     None
467410 20210514   1007.5   1010.5   1008.7   221700   1006.0   161300     29.5     32.6   121200     27.5   052400     23.4       70       55   152200      3.9    200.0     11.2    200.0   150600      0.0      0.0      0.0     None      0.0     None     12.3     93.2    28.48     28.8     None    12.88   130000      3.0     None     None     None     None     None     None     None
467410 20210515   1007.2   1010.3   1008.8   080600   1005.5   162200     29.9     34.1   114000     26.9   043600     23.4       68       49   114100      4.0    170.0     13.2    180.0   160800      0.0      0.0      0.0     None      0.0     None     12.3     93.1    28.27     36.9     None    13.63   120000      0.6     None     None     None     None     None     None     None
467410 20210516   1007.6   1010.6   1009.1   082600   1005.8   152500     29.7     33.1   104300     27.9   041700     24.7       75       56   102400      4.1    170.0     12.2    160.0   033100      0.0      0.0      0.0     None      0.0     None     11.1     83.9    27.62     36.9     None    13.66   120000      3.1     None     None     None     None     None     None     None
467410 20210517   1008.0   1011.1   1009.6   082200   1006.6   161300     29.6     32.7   125400     27.5   045100     24.7       76       56   152800      2.8    150.0      8.8    240.0   104900      0.0      0.0      0.0     None      0.0     None     10.2     77.0    25.61     30.0     None    13.45   120000      6.4     None     None     None     None     None     None     None
467410 20210518   1007.9   1010.9   1009.8   082800   1005.7   160900     29.7     32.2   112600     28.2   035400     24.6       75       57   123100      3.4    170.0     10.2    220.0   142500      0.0      0.0      0.0     None      0.0     None     10.4     78.5    27.85     38.8     None    13.68   120000      6.3     None     None     None     None     None     None     None
467410 20210519   1006.6   1009.6   1008.2   084500   1004.6   160200     30.0     33.3   113200     28.0   041800     24.9       75       59   105000      4.3    170.0     13.9    180.0   144800      0.0      0.0      0.0     None      0.0     None      9.8     73.9    27.47     49.4     None    13.33   120000      5.1     None     None     None     None     None     None     None
467410 20210520   1007.1   1010.2   1008.7   101500   1005.5   141800     30.1     32.6   120800     28.3   003100     24.4       72       60   115700      3.4    160.0      9.2    180.0   132700      0.0      0.0      0.0     None      0.0     None     10.0     75.3    26.21     45.6     None    13.66   120000      4.5     None     None     None     None     None     None     None
467410 20210521   1006.7   1009.7   1008.3   084200   1004.6   163500     30.3     33.3   130400     28.2   043900     25.0       74       57   130600      2.9    240.0      9.0    240.0   131700      0.0      0.0      0.0     None      0.0     None     12.2     91.8    28.02     45.0     None    13.84   130000      2.9     None     None     None     None     None     None     None
467410 20210522   1005.7   1008.8   1007.6   093000   1003.8   155400     30.4     33.4   121600     28.4   045000     24.9       73       55   113700      2.3    230.0      8.2    230.0   130500      0.0      0.0      0.0     None      0.0     None      8.9     66.9    24.66     31.3     None    13.02   120000      6.4     None     None     None     None     None     None     None
467410 20210523   1006.3   1009.4   1007.9   222400   1005.1   151100     30.7     33.7   134400     28.5   051200     25.0       72       57   115400      2.2    270.0      9.8    230.0   144500      0.0      0.0      0.0     None      0.0     None     10.4     78.1    26.11     31.9     None    13.29   120000      5.1     None     None     None     None     None     None     None
467410 20210524   1007.6   1010.6   1009.2   215400   1005.8   152900     30.7     33.5   130100     28.6   044700     24.6       71       51   110800      2.7    140.0      9.6    200.0   135700      0.0      0.0      0.0     None      0.0     None     10.6     79.5    25.47     32.5     None    13.50   130000      4.3     None     None     None     None     None     None     None
467410 20210525   1007.8   1010.8   1009.5   090300   1005.8   151600     30.7     34.0   103300     28.3   045300     24.0       68       55   100600      2.7    290.0      9.9    330.0   153700      0.0      0.0      0.0     None      0.0     None     12.2     91.4    28.04     28.8     None    13.02   130000      3.8     None     None     None     None     None     None     None
467410 20210526   1007.4   1010.5   1009.0   092800   1005.7   154600     30.0     32.9   110300     27.7   045500     24.5       73       59   103700      2.5    220.0      9.6    260.0   122500      0.0      0.0      0.0     None      0.0     None     11.3     84.6    27.23     39.4     None    13.54   120000      2.1     None     None     None     None     None     None     None
467410 20210527   1007.3   1010.4   1008.6   081900   1005.8   154100     30.5     33.5   123800     28.5   050000     24.6       71       56   123800      2.2    270.0      9.9    250.0   150600      0.0      0.0      0.0     None      0.0     None     11.2     83.8    27.48     51.9     None    13.68   130000      6.0     None     None     None     None     None     None     None
467410 20210528   1007.2   1010.3   1009.1   090300   1005.7   153400     30.3     33.0   111500     28.5   053400     25.4       75       57   102200      2.3    240.0     10.5    260.0   121600      0.0      0.0      0.0     None      0.0     None      8.3     62.0    24.50     38.8     None    12.59   120000      5.5     None     None     None     None     None     None     None
467410 20210529   1005.4   1008.5   1006.6   000200   1003.9   173400     29.8     32.8   104900     27.3   131800     24.8       75       59   093900      2.0    170.0     11.6    260.0   111300      4.0      1.8      2.0   130700      2.0   130700      6.4     47.8    17.73     36.3     None    10.03   110000      6.8     None     None     None     None     None     None     None
467410 20210530   1003.4   1006.5   1005.0   090500   1001.7   160800     27.1     29.4   000100     25.3   201500     25.1       89       73   000300      2.3    120.0      8.3    120.0   140900     50.0      4.4     14.5   195600     24.0   193800      0.0      0.0     2.53     17.6     None     1.45   130000      8.9     None     None     None     None     None     None     None
467410 20210531   1003.2   1006.2   1005.2   223200   1001.5   023500     28.2     31.5   144300     25.1   101100     25.7       87       73   132900      2.0    140.0      9.3    240.0   095600     25.5      3.4      8.5   092800     21.0   092500      3.5     26.1    13.63     28.4     None    11.45   130000      8.4     None     None     None     None     None     None     None
467410 20210601   1004.9   1008.0   1006.2   213300   1003.6   021300     28.8     31.7   094900     25.1   054900     24.5       78       66   104300      2.4     90.0     13.7    220.0   122900      9.5      1.5      2.5   050100      8.5   044700      4.2     31.3    17.25     32.5     None     8.74   120000      8.3     None     None     None     None     None     None     None
467410 20210602   1005.8   1008.8   1007.3   214400   1003.9   160000     29.8     32.7   110600     27.7   035600     24.7       74       59   112600      3.0    220.0     11.3    200.0   134800      0.0      0.0      0.0     None      0.0     None     11.5     85.7    27.26     36.9     None    13.59   130000      4.4     None     None     None     None     None     None     None
467410 20210603   1004.3   1007.3   1006.5   000100   1002.0   162000     30.2     33.0   130800     27.7   053600     25.4       75       66   224600      3.2    190.0     11.1    180.0   191300      0.0      0.0      0.0     None      0.0     None     10.6     78.9    25.04     50.0     None    13.88   130000      5.8     None     None     None     None     None     None     None
467410 20210604   1001.7   1004.7   1003.7   064600    998.7   154700     30.3     33.6   123600     28.4   235400     25.2       75       57   123800      4.3    140.0     11.7    190.0   135900      0.0      0.0      0.0     None      0.0     None      8.5     63.2    22.73     28.1     None    13.33   130000      7.0     None     None     None     None     None     None     None
467410 20210605   1002.1   1005.2   1004.2   084100   1000.5   031900     26.9     29.2   140000     24.9   083300     24.7       88       76   013300      3.1    170.0     12.5    230.0   153300    112.5     12.0     18.0   153300     34.0   151200      0.1      0.7     5.54     22.0     None     6.90   140000      9.3     None     None     None     None     None     None     None
467410 20210606   1003.5   1006.6   1006.1   193700   1000.8   015600     25.1     26.3   000600     24.1   170200     24.2       95       83   232100      3.9    140.0     13.7    190.0   004600    156.0     19.2     16.5   041600     39.5   040200      0.0      0.0     2.62      9.0     None     2.07   120000      9.8     None     None     None     None     None     None     None
467410 20210607   1006.9   1010.0   1008.7   091900   1005.0   012700     27.2     30.0   151700     24.6   092300     22.9       78       63   152500      2.2    120.0     14.1    190.0   091700      4.0      0.7      3.5   091400      4.0   091400      0.8      5.9    11.61     35.0     None     6.23   140000      8.6     None     None     None     None     None     None     None
467410 20210608   1007.3   1010.4   1008.6   091900   1005.1   154400     28.4     32.2   121200     25.9   053400     24.1       78       63   123200      2.2     20.0      9.5    170.0   161500     -9.8      0.7     -9.8   191900     -9.8   191900      9.0     66.8    25.44     30.0     None    12.72   130000      7.5     None     None     None     None     None     None     None
467410 20210609   1005.9   1009.0   1007.6   000100   1004.0   153400     29.3     33.6   120400     26.3   050700     23.9       74       54   102500      2.0     10.0      9.3    290.0   145400     17.0      0.7     10.0   182900     17.0   182500     10.6     78.7    25.71     57.5     None    11.33   130000      6.5     None     None     None     None     None     None     None
467410 20210610   1004.5   1007.6   1006.5   000100   1002.7   163400     29.3     33.1   114400     26.7   045900     24.2       75       57   142000      1.9     70.0      8.0    250.0   141200      1.0      0.6      0.5   182600      1.0   182000      8.2     60.8    23.11     50.0     None    11.90   120000      5.8     None     None     None     None     None     None     None
467410 20210611   1005.4   1008.4   1008.4   222000   1003.6   051800     29.9     33.4   133000     26.9   055900     24.4       73       54   120600      2.0    310.0      8.8    330.0   140800     -9.8      0.2     -9.8   170400     -9.8   170400     10.1     74.9    26.28     35.0     None    12.89   130000      4.5     None     None     None     None     None     None     None
467410 20210612   1007.8   1010.9   1009.8   222500   1006.4   155200     30.0     33.2   125500     27.0   045600     24.7       74       59   113800      2.3     50.0     11.5    200.0   151400      0.0      0.0      0.0     None      0.0     None      9.7     71.9    26.02     26.6     None    12.15   130000      6.9     None     None     None     None     None     None     None
467410 20210613   1007.5   1010.5   1009.6   000100   1004.8   161100     29.8     33.3   130200     27.6   041200     24.6       74       57   124700      2.3     80.0      8.4    250.0   171200     -9.8      0.1     -9.8   201100     -9.8   201100     10.8     80.0    27.15     47.5     None    13.39   120000      6.3     None     None     None     None     None     None     None
467410 20210614   1004.8   1007.9   1007.3   000100   1003.0   172700     30.0     33.4   123800     27.3   060800     24.4       72       56   132300      2.4    260.0      8.9    240.0   144900      0.0      0.0      0.0     None      0.0     None     11.0     81.5    25.86     60.6     None    13.96   130000      4.3     None     None     None     None     None     None     None
467410 20210615   1003.2   1006.2   1004.2   074200   1002.1   161600     29.7     32.2   131300     27.8   075500     25.3       78       63   111800      2.5    180.0      8.5    200.0   120700      0.5      0.1      0.5   073600      0.5   073600      7.0     51.9    19.95     54.4     None    11.61   140000      5.4     None     None     None     None     None     None     None
467410 20210616   1005.2   1008.3   1007.2   224000   1002.5   023500     29.2     31.6   151500     27.5   113100     25.4       80       67   172200      2.4    260.0      7.8    280.0   085400      7.0      1.1      4.5   080100      6.5   080100      1.5     11.1     9.50     22.8     None     6.38   130000      6.8     None     None     None     None     None     None     None
467410 20210617   1006.4   1009.5   1007.3   214900   1005.7   033100     29.1     31.5   150200     26.6   043700     25.3       80       71   085700      2.2    240.0      8.0    190.0   150600      3.5      1.3      2.5   105500      3.0   105500      4.7     34.8    16.17     23.1     None    10.43   130000      6.4     None     None     None     None     None     None     None
467410 20210618   1005.1   1008.2   1006.6   084300   1003.3   155700     29.5     32.5   121100     27.1   043800     25.5       79       65   113300      1.9     90.0      7.4    210.0   122100      2.0      0.7      1.0   041700      1.0   041700      7.4     54.8    20.68     25.6     None    11.43   120000      6.0     None     None     None     None     None     None     None
467410 20210619   1003.1   1006.1   1004.7   000100   1001.6   160700     29.2     31.8   142500     26.4   045400     26.1       83       71   142500      2.5    250.0     11.0    270.0   135600     20.0      2.4      6.0   033000     13.0   025500      2.4     17.8    14.94     24.4     None    11.98   130000      7.8     None     None     None     None     None     None     None
467410 20210620   1001.4   1004.4   1002.7   100400   1000.2   173800     28.2     29.5   094900     26.1   060000     26.2       89       80   175700      2.4    120.0      7.4    160.0   050200     36.5      2.9      6.0   043700     23.5   043000      0.8      5.9     7.14     21.3     None     4.28   140000      9.0     None     None     None     None     None     None     None
467410 20210621   1001.7   1004.8   1003.3   213200    999.8   025000     27.6     30.4   124500     26.1   134100     25.9       90       78   124200      2.5    110.0     10.4    240.0   022400     48.5      4.3      7.0   133000     22.0   131400      0.2      1.5     6.62     14.1     None     6.73   130000      9.6     None     None     None     None     None     None     None
467410 20210622   1003.6   1006.7   1004.8   132600   1000.6   014800     26.1     28.5   120900     24.7   140700     24.6       91       79   120700      2.6    130.0      8.3    250.0   131700     51.5     11.5     10.5   020100     27.5   131500      0.0      0.0     6.20     19.1     None     5.40   120000      9.1     None     None     None     None     None     None     None
467410 20210623   1004.8   1007.9   1006.8   112400   1002.6   035700     26.3     28.0   165300     24.5   120300     23.7       86       78   154400      2.6    120.0     12.1    150.0   233900     23.0      5.7     11.0   100100     17.0   100000      0.2      1.5     7.09     36.9     None     4.32   150000      9.4     None     None     None     None     None     None     None
467410 20210624   1004.9   1008.0   1006.8   225700   1003.5   052400     26.7     30.6   121200     24.2   043400     24.1       86       65   123500      3.2    170.0     11.7    220.0   135800     38.0      6.5      6.0   005100     14.5   005100      4.1     30.4    19.71     27.1     None    11.63   120000      9.1     None     None     None     None     None     None     None
467410 20210625   1004.9   1008.0   1006.7   222400   1003.3   162000     26.5     29.9   125600     24.1   011300     23.9       86       73   080600      3.1    120.0     11.7    180.0   172400     23.5      7.7      2.5   004000      6.0   003300      1.3      9.6    13.35     33.1     None     9.21   130000      8.4     None     None     None     None     None     None     None
467410 20210626   1006.4   1009.5   1007.9   215800   1005.0   045100     27.3     32.1   140600     24.7   015300     24.1       84       58   140700      2.1    180.0      8.9    220.0   162700     14.0      3.6      2.5   022400      7.5   014500      2.9     21.5    18.27     26.3     None    10.99   120000      8.6     None     None     None     None     None     None     None
467410 20210627   1005.6   1008.7   1007.6   000100   1004.0   141200     26.8     32.1   125000     25.5   015400     24.7       89       63   125000      2.5    120.0     13.2    230.0   132700     18.5      5.6      5.5   150800     14.0   150800      1.9     14.1    14.59     16.5     None    11.66   130000      9.1     None     None     None     None     None     None     None
467410 20210628   1004.6   1007.7   1005.7   100900   1003.6   144700     26.0     29.0   141100     24.8   020300     24.8       93       76   141000      2.9    120.0      9.6    130.0   125400    129.0     10.8      9.5   050600     21.5   160600      1.6     11.9    11.10     14.9     None    11.79   140000      9.5     None     None     None     None     None     None     None
467410 20210629   1005.2   1008.3   1006.4   145800   1004.3   044200     26.4     30.4   121900     24.8   150300     24.7       90       74   122200      2.6     80.0     14.0    220.0   133400     77.5      4.0     17.5   052500     39.5   050200      1.0      7.4     9.78     25.6     None     9.31   110000      7.6     None     None     None     None     None     None     None
467410 20210630   1005.8   1008.8   1007.0   104400   1004.5   023800     28.8     31.8   131200     25.8   053800     25.1       81       66   135100      2.6    190.0      9.6    180.0   095800      0.0      0.0      0.0     None      0.0     None      9.6     71.2    25.22     43.1     None    14.10   120000      3.4     None     None     None     None     None     None     None
467410 20210701   1005.8   1008.8   1007.3   222900   1004.2   160300     29.4     32.6   110700     26.5   053800     24.8       77       61   103000      2.3    240.0      8.8    240.0   160800      0.0      0.0      0.0     None      0.0     None     12.0     89.0    26.13     43.8     None    12.94   120000      4.3     None     None     None     None     None     None     None
467410 20210702   1006.1   1009.1   1007.2   215900   1004.8   161500     29.5     32.0   153300     27.2   045900     25.3       79       66   152200      2.2    250.0      7.7    280.0   140400      2.5      0.5      2.5   045300      2.5   045300      8.5     63.1    23.41     23.5     None    12.22   140000      6.0     None     None     None     None     None     None     None
467410 20210703   1005.5   1008.6   1007.2   223900   1004.2   154900     29.7     32.5   141500     27.5   060100     25.1       77       58   115200      2.7    240.0      8.5    240.0   133000      0.0      0.0      0.0     None      0.0     None     11.2     83.2    27.90     33.8     None    14.29   130000      5.6     None     None     None     None     None     None     None
467410 20210704   1005.6   1008.7   1007.1   221300   1004.7   163200     30.1     33.3   125000     27.7   024700     25.4       76       63   114500      3.1    320.0     10.0    280.0   151600      0.0      0.0      0.0     None      0.0     None      7.7     57.2    22.72     40.6     None    12.02   130000      4.9     None     None     None     None     None     None     None
467410 20210705   1004.7   1007.7   1006.4   000100   1002.7   151000     29.8     34.0   113900     27.6   163800     25.1       76       54   105600      3.2    340.0     11.4    330.0   144900      2.5      0.7      1.5   162700      2.5   161200      6.1     45.3    18.65     26.9     None    12.69   120000      5.8     None     None     None     None     None     None     None
467410 20210706   1004.8   1007.8   1008.6   222200   1001.0   040500     29.1     31.2   143300     26.5   093600     25.3       81       66   121800      3.2    180.0     10.0    170.0   161000      7.0      1.6      5.5   085800      7.0   082800      7.2     53.5    20.07     29.8     None    14.21   130000      5.9     None     None     None     None     None     None     None
467410 20210707   1009.0   1012.0   1010.9   224100   1007.9   021800     30.1     32.7   114000     28.2   030500     25.0       74       62   101000      3.9    180.0     13.8    200.0   115800      0.0      0.0      0.0     None      0.0     None     10.9     81.1    26.67     31.9     None    13.93   120000      2.3     None     None     None     None     None     None     None
467410 20210708   1009.5   1012.6   1010.6   000100   1008.1   165600     30.0     32.5   111700     28.2   045500     25.3       76       68   111700      2.1    250.0      8.7    260.0   130900      0.0      0.0      0.0     None      0.0     None      5.2     38.7    19.05     28.1     None     8.69   140000      6.3     None     None     None     None     None     None     None
467410 20210709   1008.2   1011.2   1009.6   000100   1006.7   161500     30.3     33.3   103600     27.7   055400     24.9       74       57   103700      2.8    200.0      8.7    280.0   114100      0.0      0.0      0.0     None      0.0     None     11.3     84.2    26.60     41.3     None    12.82   130000      3.8     None     None     None     None     None     None     None
467410 20210710   1008.4   1011.4   1010.3   215100   1007.0   030000     30.4     33.5   113300     27.8   054000     25.2       74       59   113300      2.5    200.0      8.7    220.0   163400      0.0      0.0      0.0     None      0.0     None      6.9     51.4    20.63     45.6     None     9.06   140000      5.4     None     None     None     None     None     None     None
467410 20210711   1009.3   1012.4   1010.5   091800   1008.1   165500     29.6     33.3   122900     28.0   200200     25.7       80       66   113800      2.1     20.0      7.7    330.0   132700      0.5      0.7      0.5   151200      0.5   145000      4.4     32.8    13.93     43.1     None    10.82   120000      6.0     None     None     None     None     None     None     None
467410 20210712   1008.5   1011.6   1010.1   092100   1006.8   163000     30.1     33.5   113000     27.4   052000     25.1       75       57   131600      2.0    240.0      8.0    240.0   150200      0.0      0.0      0.0     None      0.0     None      8.3     62.0    21.79     31.3     None    11.18   130000      6.4     None     None     None     None     None     None     None
467410 20210713   1006.8   1009.9   1008.1   210800   1004.9   150000     29.5     33.5   122800     25.8   170800     24.3       74       62   105900      2.4     10.0      9.6    180.0   145200     -9.8      0.3     -9.8   151500     -9.8   151500      5.9     44.1    18.30     30.6     None    11.58   130000      5.6     None     None     None     None     None     None     None
467410 20210714   1006.3   1009.3   1007.5   220500   1004.6   150400     29.2     33.1   123400     26.1   043300     24.1       74       63   102000      3.0    300.0     12.4    310.0   143000     -9.8      0.3     -9.8   185600     -9.8   185600      7.4     55.3    21.04     40.6     None    11.48   130000      5.9     None     None     None     None     None     None     None
467410 20210715   1006.6   1009.7   1007.6   081400   1005.2   150400     27.9     32.7   123800     25.7   185800     24.4       82       59   122600      1.8     80.0      9.4    240.0   132300     24.0      4.6      7.5   132400     18.5   125400      3.4     25.4     9.68     39.1     None     7.14   130000      5.4     None     None     None     None     None     None     None
467410 20210716   1006.1   1009.1   1007.3   000100   1004.6   152700     28.6     32.5   111800     25.7   050500     23.9       76       57   103200      1.8     80.0      8.7    300.0   125500      0.5      0.6      0.5   174900      0.5   173100      7.9     59.2    23.46     49.4     None    11.82   130000      5.0     None     None     None     None     None     None     None
467410 20210717   1003.2   1006.2   1005.2   000100   1001.3   160100     29.0     33.0   141300     26.4   062000     23.5       73       58   141600      2.1     80.0      7.8     60.0   184300      0.0      0.0      0.0     None      0.0     None     10.6     79.5    24.74     37.5     None    12.72   120000      4.0     None     None     None     None     None     None     None
467410 20210718   1001.7   1004.8   1002.9   000100    999.8   162600     29.7     33.3   113200     26.7   053600     23.2       69       56   105100      2.1     80.0     12.0     70.0   184700      0.0      0.0      0.0     None      0.0     None     11.1     83.3    26.07     46.3     None    12.69   130000      5.6     None     None     None     None     None     None     None
467410 20210719   1001.8   1004.9   1003.4   213200   1000.1   155300     28.9     31.7   092500     26.2   113500     25.1       81       64   162000      1.9    280.0      8.5    200.0   110800     18.0      2.9      6.5   111700     16.5   110800      2.4     18.0    12.25     20.0     None     8.21   130000      7.9     None     None     None     None     None     None     None
467410 20210720   1001.9   1004.9   1003.2   211700   1001.0   152200     28.6     32.6   133900     25.6   212800     25.2       82       62   132000      2.7    300.0     10.9    300.0   140700     18.0      3.7      9.5   211900     14.0   210600      3.7     27.8    18.97     26.3     None    11.85   130000      8.5     None     None     None     None     None     None     None
467410 20210721    998.4   1001.4   1001.5   000100    996.1   165100     29.2     33.2   151300     26.2   041700     24.7       77       61   140400      2.9    350.0     12.4    360.0   191100     -9.8      0.1     -9.8   072300     -9.8   072300      6.2     46.7    19.37     24.4     None    10.58   140000      4.8     None     None     None     None     None     None     None
467410 20210722    993.4    996.4    996.5   000100    991.3   161900     28.9     31.1   130000     27.4   033600     25.2       80       73   125800      6.4    350.0     17.5    330.0   105100     -9.8      1.7     -9.8   081300     -9.8   081300      1.2      9.0    11.68     17.6     None     7.98   130000      7.9     None     None     None     None     None     None     None
467410 20210723    991.7    994.7    993.1   233900    990.0   174200     29.1     31.2   133400     27.8   013600     25.5       81       72   142200      6.3    340.0     19.1    320.0   115600     -9.8      0.3     -9.8   010100     -9.8   010100      3.0     22.6    16.71     14.5     None     8.55   120000      8.0     None     None     None     None     None     None     None
467410 20210724    994.2    997.2    996.4   235800    992.3   015600     29.4     32.9   133600     26.9   023200     25.1       78       61   144500      4.4    340.0     15.0    330.0   001800      0.0      0.0      0.0     None      0.0     None     11.0     83.0    26.34     30.0     None    13.29   120000      6.6     None     None     None     None     None     None     None
467410 20210725    996.4    999.4    998.1   222200    995.3   013200     28.7     31.4   142900     25.8   074900     26.4       88       79   130500      2.7    220.0      9.6    240.0   143500     19.0      2.2      4.5   011400      9.0   011400      5.0     37.8    16.47     17.1     None    10.93   130000      7.5     None     None     None     None     None     None     None
467410 20210726    996.1    999.1    998.0   000100    994.6   161300     29.9     32.0   113100     28.1   044700     26.6       83       71   133900      3.1    220.0      9.3    220.0   100000      5.0      0.4      3.5   025300      3.5   024800      8.3     62.8    24.63     20.0     None    11.78   120000      6.5     None     None     None     None     None     None     None
467410 20210727    994.5    997.5    996.0   235800    992.5   142500     29.8     33.6   121400     27.3   083100     26.1       81       59   121400      2.4    170.0      7.8    220.0   145300      1.5      1.1      1.0   080300      1.5   073800      8.9     67.4    22.25     24.9     None    12.67   130000      5.8     None     None     None     None     None     None     None
467410 20210728    996.3    999.3    999.0   230400    994.1   042500     28.8     33.0   105000     25.6   233300     25.9       84       68   102100      2.4    160.0     10.7    230.0   230000     27.5      3.3     10.5   225900     25.0   225900      2.2     16.7    13.86     12.1     None     8.56   110000      8.3     None     None     None     None     None     None     None
467410 20210729    999.4   1002.5   1001.8   230300    997.5   035000     27.6     30.7   163400     25.0   231900     25.6       89       72   163700      2.8    160.0     11.0    180.0   123100     81.0      6.1     11.0   123300     29.0   123200      1.9     14.4     8.51     20.0     None     5.00   120000      7.9     None     None     None     None     None     None     None
467410 20210730   1000.9   1004.0   1002.3   083400    999.4   025700     26.6     28.4   081700     25.7   102800     25.4       93       87   164200      2.9    150.0      8.5    110.0   191500     78.5      8.6     15.5   083200     26.5   082100      0.1      0.8     4.74     27.0     None     1.92   130000      9.1     None     None     None     None     None     None     None
467410 20210731    999.9   1003.0   1002.4   090400    998.1   164400     25.2     26.5   003000     24.2   201600     24.6       97       92   001100      3.0    120.0     10.4    190.0   081500    172.5     22.7     17.5   081400     54.5   081300      0.0      0.0     1.52      7.9     None     1.30   130000      8.8     None     None     None     None     None     None     None
467410 20210801    996.8    999.9    998.3   001300    995.0   155500     26.5     29.5   145600     24.4   060300     25.5       94       85   145700      2.4    210.0     11.9    170.0   022500    182.0     12.1     14.5   055300     44.0   025400      0.2      1.5     5.37     10.1     None     4.60   150000      9.8     None     None     None     None     None     None     None
467410 20210802    996.3    999.4    997.6   213900    995.4   161600     26.3     28.0   104000     25.2   144300     25.4       94       89   103900      2.4    140.0      9.2    350.0   133800     67.5      4.4     24.0   134000     62.0   132600      0.0      0.0     3.92     21.7     None     3.86   100000      9.1     None     None     None     None     None     None     None
467410 20210803    997.1   1000.1    999.0   235100    995.3   041000     27.6     30.8   120800     25.1   023400     25.6       89       75   121000      2.8    120.0      9.8    180.0   170300      9.5      1.5      3.0   022700      4.0   022500      2.7     20.6    16.74     17.0     None     7.50   110000      7.4     None     None     None     None     None     None     None
467410 20210804    997.2   1000.2    999.1   000200    995.3   182700     27.0     30.5   124000     25.6   064200     25.3       91       79   124300      4.2    140.0     18.0    180.0   125700     34.0      6.5      6.0   064500     15.0   060800      0.6      4.6     8.63     18.3     None     7.43   120000      7.9     None     None     None     None     None     None     None
467410 20210805    996.7    999.8    998.5   222400    994.7   042800     26.5     27.9   011400     25.6   081200     25.3       93       83   004000      4.9    170.0     17.3    130.0   042800     66.0     11.1      8.0   044000     15.0   041900      0.0      0.0     3.03      8.7     None     1.25   140000      9.3     None     None     None     None     None     None     None
467410 20210806    995.8    998.8    997.4   000100    994.5   042800     27.5     28.7   071100     25.9   104500     26.2       93       87   070600      6.7    180.0     18.8    180.0   070400     64.5     10.4     11.0   171000     19.0   103300      0.0      0.0     1.46      7.5     None     0.84   140000      9.5     None     None     None     None     None     None     None
467410 20210807    998.4   1001.4   1002.1   225800    994.4   032200     27.2     28.1   033300     25.7   042800     26.4       95       90   131400      4.7    250.0     22.5    220.0   024200     72.5     11.7      9.5   064300     30.0   063600      0.0      0.0     3.69      4.0     None     2.67   130000      9.8     None     None     None     None     None     None     None
467410 20210808   1003.6   1006.7   1006.2   235900   1001.1   021700     26.8     28.5   121200     25.3   192200     25.9       95       87   130400      2.1    120.0      7.9    110.0   183800     55.0      7.8      6.5   180600     20.0   174300      0.0      0.0     3.50     13.1     None     3.65   130000      9.1     None     None     None     None     None     None     None
467410 20210809   1005.1   1008.2   1006.8   104000   1003.4   173700     26.9     29.5   161000     25.1   131100     25.7       93       81   154400      2.0    170.0      7.9    150.0   002300     53.0      9.7      5.0   002200     18.5   101600      1.3     10.0     6.37     14.6     None     6.20   150000      7.5     None     None     None     None     None     None     None
467410 20210810   1005.7   1008.8   1007.4   224200   1004.2   172600     27.9     31.7   104400     26.3   044600     25.0       84       71   101700      2.4    180.0     12.4    160.0   123700     -9.8      0.2     -9.8   131400     -9.8   131400      5.1     39.4    15.68     35.6     None    10.39   110000      4.3     None     None     None     None     None     None     None
467410 20210811   1007.4   1010.5   1008.9   213100   1005.8   163400     28.4     31.9   121300     26.1   052600     25.3       84       67   121500      2.6    120.0      8.4    240.0   144100      0.5      1.3      0.5   195000      0.5   195000      7.8     60.3    22.34     33.1     None    13.37   130000      6.9     None     None     None     None     None     None     None
467410 20210812   1007.9   1011.0   1009.9   084000   1005.8   150700     28.1     30.9   135200     24.5   065500     24.8       83       68   135500      2.3    110.0      8.6    250.0   061400     21.5      1.9      8.5   062700     20.5   061600      3.1     24.0    16.87     38.1     None   -99.95   100000      7.9     None     None     None     None     None     None     None
467410 20210813   1005.6   1008.7   1007.2   000100   1004.4   154900     27.6     30.6   115100     25.9   175100     24.6       84       71   093000      3.4    140.0     11.5    190.0   173200      5.0      0.8      4.0   173300      5.0   171600      4.2     32.6    18.85     39.4     None   -99.95   100000      6.4     None     None     None     None     None     None     None
467410 20210814   1006.2   1009.3   1009.2   220900   1004.4   025500     26.5     29.4   140900     25.1   215600     25.0       91       76   154600      3.0    120.0     10.5    180.0   084700     57.0      8.1      6.5   090100     19.5   085800      2.2     17.1    12.38     24.8     None   -99.95   100000      8.1     None     None     None     None     None     None     None
467410 20210815   1009.1   1012.2   1011.3   223900   1007.4   030100     28.6     32.5   120800     25.3   000100     24.5       79       60   114100      1.9    210.0      8.1    240.0   140500      0.0      0.0      0.0     None      0.0     None     12.0     93.3    27.36     61.3     None   -99.95   100000      4.5     None     None     None     None     None     None     None
467410 20210816   1010.6   1013.6   1011.6   094700   1009.1   144600     29.5     32.5   125800     27.5   053600     25.3       79       60   131100      1.8    260.0      7.3    250.0   152400      0.0      0.0      0.0     None      0.0     None      9.0     70.1    23.02     40.0     None    13.88   130000      5.4     None     None     None     None     None     None     None
467410 20210817   1008.3   1011.4   1010.6   000100   1006.0   160100     29.6     32.7   122100     27.2   051700     24.8       76       57   122100      2.4    180.0      8.1    240.0   114500      0.0      0.0      0.0     None      0.0     None     11.7     91.3    26.61     50.0     None    13.85   120000      3.0     None     None     None     None     None     None     None
467410 20210818   1006.3   1009.3   1007.8   000100   1004.2   160400     28.9     31.5   102300     27.3   053400     25.1       80       65   102000      2.1    220.0      7.0    240.0   145300      0.0      0.0      0.0     None      0.0     None      2.2     17.2    11.66     43.1     None     6.15   110000      6.1     None     None     None     None     None     None     None
467410 20210819   1006.5   1009.6   1007.9   232700   1004.8   034500     29.4     33.6   113700     27.3   054300     24.5       76       55   113800      2.4    240.0      9.3    230.0   151600      0.0      0.0      0.0     None      0.0     None      7.5     58.7    23.87     32.5     None    11.83   120000      6.6     None     None     None     None     None     None     None
467410 20210820   1007.4   1010.4   1008.8   094900   1005.6   161400     29.6     32.6   111800     26.8   061900     24.1       72       55   111200      2.3    240.0      7.9    200.0   153400      0.0      0.0      0.0     None      0.0     None     11.1     87.0    26.45     54.4     None    13.06   130000      4.1     None     None     None     None     None     None     None
467410 20210821   1006.5   1009.6   1007.8   000100   1005.0   150900     29.5     32.8   123100     27.7   032100     24.1       73       55   132000      2.4    120.0      8.5    240.0   150600      0.0      0.0      0.0     None      0.0     None      8.0     62.8    22.27     46.9     None    12.55   130000      6.0     None     None     None     None     None     None     None
467410 20210822   1005.5   1008.5   1006.6   091200   1003.6   165700     29.4     32.6   105200     26.5   051000     23.3       70       54   115700      2.0    240.0      7.7    250.0   151200      0.0      0.0      0.0     None      0.0     None     10.9     85.7    25.12     52.5     None    12.10   130000      6.3     None     None     None     None     None     None     None
467410 20210823   1005.8   1008.8   1007.2   223000   1004.8   152900     29.9     32.9   130900     27.5   050400     24.4       73       57   123500      2.5    240.0      8.9    190.0   111700      0.0      0.0      0.0     None      0.0     None     11.4     89.8    26.73     54.4     None    13.10   130000      7.0     None     None     None     None     None     None     None
467410 20210824   1006.4   1009.5   1008.3   223300   1005.2   031200     29.8     32.9   102200     27.7   050600     24.9       76       60   103600      2.6    160.0     10.1    190.0   142700     -9.8      0.1     -9.8   165200     -9.8   165200      6.7     52.9    21.00     44.4     None    13.82   120000      5.5     None     None     None     None     None     None     None
467410 20210825   1007.7   1010.8   1010.2   221500   1006.1   150700     29.5     32.8   122900     27.0   044200     24.2       73       60   094200      2.6    120.0      8.5    240.0   145900      0.0      0.0      0.0     None      0.0     None      9.1     71.9    23.61     27.4     None    12.51   130000      3.5     None     None     None     None     None     None     None
467410 20210826   1009.2   1012.3   1010.9   203700   1007.4   150800     28.8     33.4   111200     23.9   192700     22.9       71       52   121000      2.3    280.0     10.1    290.0   162500     23.5      2.0      6.5   165700     18.0   165300      9.0     71.2    24.06     20.4     None    12.09   130000      3.0     None     None     None     None     None     None     None
467410 20210827   1009.2   1012.3   1010.1   002000   1007.6   153500     29.4     33.7   123100     25.3   060000     23.5       71       54   122900      2.2    340.0      8.9    280.0   143500     -9.8      0.1     -9.8   181800     -9.8   181800      9.9     78.5    22.64     26.9     None    10.53   120000      2.3     None     None     None     None     None     None     None
467410 20210828   1008.5   1011.6   1009.8   074800   1006.8   162200     29.7     34.1   122700     27.1   052900     24.5       75       52   122700      2.4    360.0      8.6    250.0   143700      0.0      0.0      0.0     None      0.0     None     10.7     85.0    25.79     12.1     None    12.02   120000      2.3     None     None     None     None     None     None     None
467410 20210829   1008.4   1011.5   1009.7   211500   1006.9   153400     29.9     33.0   145000     27.5   050100     24.6       74       54   150600      1.7    280.0      7.9    250.0   130300      0.0      0.0      0.0     None      0.0     None     11.2     89.1    25.61     20.0     None    12.28   130000      2.9     None     None     None     None     None     None     None
467410 20210830   1008.5   1011.6   1010.9   113100   1007.1   163200     28.4     29.2   000600     27.1   231300     24.9       82       75   195100      1.7     10.0      8.0    360.0   163500      1.5      3.2      0.5   122400      1.0   133400      0.0      0.0     3.34     17.4     None     1.52   150000      7.5     None     None     None     None     None     None     None
467410 20210831   1008.4   1011.5   1009.7   081000   1007.2   160600     29.2     32.1   115500     26.7   013500     24.4       76       60   115200      2.3    130.0      9.5    300.0   160100      0.0      0.0      0.0     None      0.0     None      4.9     39.1    17.32     21.0     None     9.16   130000      7.5     None     None     None     None     None     None     None
467410 20210901   1007.8   1010.9   1009.2   213600   1006.0   151400     29.5     32.6   130700     27.6   035200     25.6       80       63   132500      2.4    270.0      9.4    230.0   145200     -9.8      0.2     -9.8   174600     -9.8   174600      6.0     48.0    21.02     25.9     None    11.58   120000      5.6     None     None     None     None     None     None     None
467410 20210902   1006.8   1009.9   1008.8   000100   1004.5   152800     29.2     33.1   135200     26.9   050400     24.5       76       58   133400      2.2    300.0     11.3    280.0   134600      3.0      1.6      2.0   040400      2.5   040400      5.7     45.7    18.39     27.1     None     9.73   140000      6.8     None     None     None     None     None     None     None
467410 20210903   1005.4   1008.5   1007.4   000100   1003.4   150000     28.3     32.2   121500     25.8   172100     23.3       75       63   093900      1.9     90.0     11.0     90.0   171200      7.0      1.3      5.0   124000      7.0   123700      5.2     41.7    13.76     31.3     None     7.31   120000      3.0     None     None     None     None     None     None     None
467410 20210904   1006.4   1009.5   1007.8   224500   1004.8   150300     28.9     33.2   115800     26.0   054700     23.8       75       55   114200      2.5     40.0     10.4    310.0   150100      6.5      2.8      1.5   181300      4.5   181300      9.8     78.8    24.45     43.5     None    12.18   130000      4.1     None     None     None     None     None     None     None
467410 20210905   1007.2   1010.3   1010.2   204100   1005.1   155500     28.2     32.6   124800     24.0   203000     24.4       81       64   124300      2.5    290.0     14.6    180.0   195100     36.0      3.0     13.0   201900     30.5   201200      6.1     49.1    16.91     15.1     None     7.87   130000      6.6     None     None     None     None     None     None     None
467410 20210906   1008.2   1011.2   1010.0   213200   1006.7   153200     29.1     33.1   132400     25.1   000100     24.9       79       62   122900      2.6     10.0     10.1    270.0   153300      0.0      0.0      0.0     None      0.0     None      7.3     58.9    19.67     42.5     None     9.14   130000      3.6     None     None     None     None     None     None     None
467410 20210907   1007.8   1010.8   1009.3   000100   1005.8   163400     30.4     33.5   134300     27.6   041100     24.1       70       57   104600      2.5    310.0     10.3    270.0   132500      0.0      0.0      0.0     None      0.0     None      9.4     76.0    22.82     40.6     None    10.31   110000      4.9     None     None     None     None     None     None     None
467410 20210908   1006.5   1009.5   1008.3   000100   1005.1   150200     30.2     33.4   140600     27.8   053900     25.2       75       58   111000      2.8    310.0     10.1    330.0   153100      0.0      0.0      0.0     None      0.0     None      7.9     64.0    20.32     24.0     None    11.54   130000      4.6     None     None     None     None     None     None     None
467410 20210909   1006.4   1009.5   1007.5   085300   1005.2   152900     30.1     33.2   124200     27.8   060300     25.1       75       54   140100      2.0    290.0      7.6    290.0   141400     -9.8      0.1     -9.8   000900     -9.8   000900      8.3     67.4    21.53     20.4     None    11.34   130000      4.3     None     None     None     None     None     None     None
467410 20210910   1004.6   1007.6   1006.9   000100   1002.4   235300     30.4     33.2   120700     28.1   053000     25.3       75       60   113900      2.3    340.0      9.2    280.0   141400      0.0      0.0      0.0     None      0.0     None     10.3     83.7    23.94     17.9     None    11.59   130000      2.0     None     None     None     None     None     None     None
467410 20210911    997.4   1000.4   1002.5   000100    993.8   233300     29.9     32.2   124800     28.5   061700     25.4       77       63   115700      2.4    330.0      9.7    320.0   170000      0.0      0.0      0.0     None      0.0     None      0.5      4.1    12.87     16.8     None     7.98   130000      7.6     None     None     None     None     None     None     None
467410 20210912    996.5    999.5   1003.0   215300    991.9   041600     28.1     29.7   100400     27.1   145400     25.3       85       73   161700      5.0    300.0     17.1    310.0   121100      2.0      3.2      0.5   080200      1.0   103400      1.3     10.6    10.65     17.6     None     6.54   140000      8.1     None     None     None     None     None     None     None
467410 20210913   1005.3   1008.4   1008.8   231200   1001.7   025800     27.4     29.8   084800     25.3   100600     24.9       86       74   074300      2.5    140.0      9.3    170.0   093100     15.5      3.1      5.0   100500     14.5   093100      0.9      7.4     6.55     24.4     None     3.58   140000      6.8     None     None     None     None     None     None     None
467410 20210914   1009.0   1012.1   1010.7   230200   1007.4   143500     29.0     32.4   122700     24.9   045200     25.7       83       67   115400      2.4    230.0      8.1    230.0   125000     44.5      3.4     10.0   230400     25.0   042100      9.1     74.5    25.04     21.9     None    12.11   120000      7.6     None     None     None     None     None     None     None
467410 20210915   1008.2   1011.2   1010.2   000100   1006.0   152800     29.1     32.6   112500     26.9   054800     24.9       79       64   120600      2.2    120.0      8.4    240.0   151200     -9.8      0.2     -9.8   001500     -9.8   001500      9.7     79.6    22.43     35.6     None    10.61   120000      6.4     None     None     None     None     None     None     None
467410 20210916   1006.5   1009.6   1008.2   000100   1004.3   154200     29.4     33.0   121400     26.6   045500     24.7       76       58   140000      2.5    200.0      8.0    210.0   153000     -9.8      0.1     -9.8   024900     -9.8   024900     10.2     83.9    23.02     28.8     None    10.02   130000      3.1     None     None     None     None     None     None     None
467410 20210917   1007.3   1010.4   1009.1   215100   1005.9   152000     29.8     32.8   122000     27.5   051100     24.8       75       58   110300      2.3    240.0      7.0    250.0   112300      0.0      0.0      0.0     None      0.0     None     10.5     86.5    23.14     26.9     None    10.30   120000      4.4     None     None     None     None     None     None     None
467410 20210918   1008.9   1011.9   1010.3   215600   1007.5   162400     30.5     33.9   143600     28.0   043500     24.2       70       55   125300      2.8     10.0     10.0    320.0   132500      0.0      0.0      0.0     None      0.0     None      8.9     73.5    20.54     17.9     None     8.63   130000      2.4     None     None     None     None     None     None     None
467410 20210919   1009.1   1012.1   1010.2   000100   1007.7   153100     30.4     33.8   122300     28.2   060200     25.0       74       56   133800      1.7     80.0      7.8    280.0   122800      0.0      0.0      0.0     None      0.0     None      9.0     74.4    21.65     11.9     None    10.86   130000      4.3     None     None     None     None     None     None     None
467410 20210920   1008.2   1011.2   1010.0   090400   1005.8   155200     30.4     33.6   123200     27.7   051500     24.4       71       56   153500      2.0    290.0      7.7    280.0   143200      0.0      0.0      0.0     None      0.0     None      9.1     75.4    21.77     23.8     None    10.55   130000      3.1     None     None     None     None     None     None     None
467410 20210921   1007.2   1010.2   1008.8   000100   1004.9   143500     29.8     33.0   123300     27.8   191300     24.0       71       60   195900      2.1    290.0      9.8    280.0   130000      0.0      0.0      0.0     None      0.0     None      7.2     59.8    18.84     22.4     None     9.76   130000      4.5     None     None     None     None     None     None     None
467410 20210922   1008.6   1011.7   1011.5   231000   1006.9   033300     30.1     33.8   143600     27.2   052000     23.7       69       57   115000      2.3    330.0      9.9    310.0   163300      0.0      0.0      0.0     None      0.0     None      6.4     53.2    16.78     34.4     None     6.10   100000      4.9     None     None     None     None     None     None     None
467410 20210923   1011.3   1014.4   1012.8   221800   1009.9   144800     29.4     33.2   112800     26.1   191500     23.6       71       59   103900      1.8    100.0     11.4     40.0   171100      0.5      0.8      0.5   175100      0.5   175100      9.0     75.0    21.18     34.4     None     7.84   120000      4.8     None     None     None     None     None     None     None
467410 20210924   1011.0   1014.0   1012.6   003400   1009.1   150800     29.1     32.6   145800     26.4   045800     23.8       73       60   093200      2.0    120.0      9.1    300.0   134200      0.0      0.0      0.0     None      0.0     None      6.8     56.8    18.37     22.4     None     8.33   130000      3.6     None     None     None     None     None     None     None
467410 20210925   1009.3   1012.3   1010.6   000100   1007.7   150600     29.6     33.7   135300     27.3   043600     24.1       73       54   135400      2.2    120.0      7.4    320.0   165800     -9.8      0.2     -9.8   122400     -9.8   122400      8.1     67.7    18.93     16.3     None     7.62   140000      4.0     None     None     None     None     None     None     None
467410 20210926   1008.2   1011.3   1009.6   000100   1006.6   145800     29.8     32.7   133600     27.6   042800     23.8       70       54   133600      1.9    240.0      7.2    230.0   132400      0.0      0.0      0.0     None      0.0     None     10.3     86.3    22.95     12.1     None     9.94   120000      2.1     None     None     None     None     None     None     None
467410 20210927   1006.8   1009.8   1008.2   000100   1005.2   150500     30.0     33.5   134700     27.9   042000     24.0       71       49   141500      2.5    300.0      9.5    300.0   161600      0.0      0.0      0.0     None      0.0     None      7.3     61.3    17.68     10.6     None     7.12   130000      2.5     None     None     None     None     None     None     None
467410 20210928   1005.5   1008.5   1007.0   000100   1003.7   150000     29.8     33.0   112900     27.1   052100     23.7       70       54   114800      2.0    300.0      8.2    270.0   145100      0.0      0.0      0.0     None      0.0     None     10.3     86.6    22.27     14.1     None     9.54   120000      2.6     None     None     None     None     None     None     None
467410 20210929   1004.5   1007.5   1005.9   000100   1002.7   143800     29.8     32.7   123600     28.3   042100     24.5       73       57   131900      2.3    160.0      8.8    300.0   080300      0.0      0.0      0.0     None      0.0     None      7.7     64.9    19.45     12.4     None     9.47   120000      3.6     None     None     None     None     None     None     None
467410 20210930   1005.3   1008.3   1007.7   214900   1003.4   152000     30.1     33.6   135000     27.7   024400     24.0       71       58   121900      2.1    320.0      8.3    290.0   134000      0.0      0.0      0.0     None      0.0     None      7.8     65.9    18.07     13.6     None     7.45   130000      2.4     None     None     None     None     None     None     None
467410 20211001   1006.8   1009.9   1008.8   221200   1004.9   150400     29.8     32.5   124500     27.4   052800     24.3       73       57   175500      2.2    290.0      9.5    300.0   125500      0.0      0.0      0.0     None      0.0     None      7.7     65.1    18.84     12.1     None     8.30   130000      4.8     None     None     None     None     None     None     None
467410 20211002   1008.7   1011.7   1010.2   093000   1006.7   143700     29.7     33.7   140200     27.4   044300     23.9       72       54   133200      2.3    300.0      9.1    290.0   130100     -9.8      0.1     -9.8   140500     -9.8   140500      7.8     66.1    18.99      8.1     None     7.17   130000      2.3     None     None     None     None     None     None     None
467410 20211003   1009.6   1012.7   1010.9   093200   1008.4   145400     29.5     32.8   123500     26.8   052200     24.0       73       61   155300      1.8    280.0      7.2    250.0   132100      0.0      0.0      0.0     None      0.0     None      9.6     81.5    20.26     13.9     None     8.81   120000      0.9     None     None     None     None     None     None     None
467410 20211004   1009.5   1012.6   1011.3   095400   1008.2   153600     29.7     33.1   135200     27.1   050300     23.5       70       54   114700      1.9    290.0      7.8    290.0   142300      0.0      0.0      0.0     None      0.0     None      9.5     80.8    20.51     18.4     None     9.38   120000      1.4     None     None     None     None     None     None     None
467410 20211005   1007.6   1010.7   1009.4   000100   1006.0   153100     29.4     32.5   143900     26.7   061000     23.3       70       52   135100      1.9    240.0      7.9    220.0   122300      0.0      0.0      0.0     None      0.0     None     10.9     92.9    22.33     22.4     None     9.37   120000      0.4     None     None     None     None     None     None     None
467410 20211006   1005.3   1008.4   1008.0   000100   1003.2   174100     29.7     32.9   133400     27.0   051200     23.3       69       54   093600      2.6    120.0      7.9    330.0   154000      0.0      0.0      0.0     None      0.0     None      6.8     58.1    18.37     18.9     None     7.50   130000      4.5     None     None     None     None     None     None     None
467410 20211007   1004.9   1007.9   1006.3   091500   1003.5   142900     29.8     32.9   130200     27.7   062200     24.2       72       55   125900      2.1    340.0      8.2    280.0   142600      0.0      0.0      0.0     None      0.0     None      1.3     11.1    11.79     13.0     None     6.43   130000      7.6     None     None     None     None     None     None     None
467410 20211008   1005.5   1008.5   1007.2   213300   1004.0   140400     29.9     33.4   133900     27.6   035400     24.4       73       54   133900      2.4    290.0      9.1    290.0   134600      0.0      0.0      0.0     None      0.0     None      3.3     28.3    15.62     14.3     None     7.46   130000      7.4     None     None     None     None     None     None     None
467410 20211009   1005.8   1008.9   1007.5   100200   1004.3   155400     29.8     33.0   134000     27.6   062900     25.2       77       61   114300      1.9    280.0      8.8    250.0   144600      0.0      0.0      0.0     None      0.0     None      8.1     69.6    19.23     16.0     None     8.80   130000      3.9     None     None     None     None     None     None     None
467410 20211010   1003.8   1006.8   1005.9   000100   1001.8   234700     29.8     33.2   105300     27.2   062600     24.0       72       58   123300      1.9    250.0      7.5    240.0   145500      0.0      0.0      0.0     None      0.0     None     11.0     94.7    21.39     16.6     None     9.23   120000      2.9     None     None     None     None     None     None     None
467410 20211011    995.3    998.3   1001.8   000100    991.4   230200     28.7     31.5   145400     26.9   053100     23.3       73       61   111300      2.2    360.0      7.8    360.0   082500     -9.8      0.3     -9.8   193200     -9.8   193200      1.3     11.2     8.43     13.6     None     4.51   120000      8.1     None     None     None     None     None     None     None
467410 20211012    996.5    999.5   1002.2   234700    992.0   033000     27.2     28.1   170600     26.0   040300     24.8       87       80   020800      1.6    190.0      7.8    180.0   114000      2.5      4.3      0.5   073600      1.5   112700      0.0      0.0     3.19     15.1     None     2.17   130000      8.5     None     None     None     None     None     None     None
467410 20211013   1004.9   1008.0   1007.4   210900   1001.6   002700     26.6     29.0   105900     25.3   052600     24.0       86       68   120700      1.5     70.0      6.4     60.0   074500     13.5     11.5      1.5   042500      4.0   042500      0.2      1.7     6.12     27.9     None     6.32   110000      8.9     None     None     None     None     None     None     None
467410 20211014   1007.2   1010.3   1009.3   085800   1005.4   025400     26.1     27.8   154000     24.6   044800     23.9       88       79   154200      1.4    120.0      5.3    120.0   021400      8.0     10.2      0.5   012600      2.0   082400      0.0      0.0     4.56     11.9     None     3.32   130000      9.6     None     None     None     None     None     None     None
467410 20211015   1006.9   1010.0   1008.4   215700   1005.6   133800     28.3     31.3   130200     26.1   015000     24.9       82       67   140100      1.8    290.0      7.7    290.0   133700      0.0      0.0      0.0     None      0.0     None      5.4     46.9    15.69     29.3     None     7.96   130000      7.1     None     None     None     None     None     None     None
467410 20211016   1009.5   1012.6   1012.3   214300   1007.4   021300     28.7     32.3   113100     26.3   054600     24.0       77       55   112600      2.1     80.0      7.0    290.0   162500      0.0      0.0      0.0     None      0.0     None      7.7     67.0    18.90     24.4     None     8.85   120000      6.6     None     None     None     None     None     None     None
467410 20211017   1012.4   1015.5   1013.9   212200   1010.6   143500     26.4     31.2   131400     22.8   235200     19.0       65       52   135600      3.9    360.0     10.4    180.0   155100      0.0      0.0      0.0     None      0.0     None     10.5     91.5    20.62     22.5     None     9.00   120000      4.6     None     None     None     None     None     None     None
467410 20211018   1013.5   1016.6   1015.4   212100   1011.7   140100     25.5     29.9   121400     22.1   050800     18.9       67       58   121000      2.7    360.0      8.7    340.0   181300      0.0      0.0      0.0     None      0.0     None      7.3     63.8    18.72     20.8     None     8.72   120000      5.0     None     None     None     None     None     None     None
467410 20211019   1014.1   1017.2   1016.0   082800   1011.9   154200     26.1     30.5   110300     22.6   051900     19.7       68       54   110400      2.8    360.0     10.3    340.0   153300      0.0      0.0      0.0     None      0.0     None      8.6     75.2    19.31     14.8     None     7.98   120000      2.5     None     None     None     None     None     None     None
467410 20211020   1013.0   1016.1   1014.5   000100   1011.4   160100     26.5     30.3   122600     23.4   041100     20.8       71       57   132400      2.3    350.0      7.5    240.0   143500      0.0      0.0      0.0     None      0.0     None     10.4     91.2    20.31     16.3     None     8.79   120000      4.3     None     None     None     None     None     None     None
467410 20211021   1010.9   1014.0   1012.5   214000   1009.2   153800     26.4     31.2   110600     22.4   234200     20.9       72       51   103100      4.0    350.0     11.8    360.0   180500      0.0      0.0      0.0     None      0.0     None     10.2     89.6    19.83     15.0     None     8.64   130000      5.4     None     None     None     None     None     None     None
467410 20211022   1013.2   1016.3   1015.0   215800   1011.6   021200     24.0     28.7   134600     21.4   044900     18.6       72       58   134200      3.9    350.0     10.2    350.0   002400      0.0      0.0      0.0     None      0.0     None      6.5     57.2    18.10     14.9     None     8.29   120000      6.1     None     None     None     None     None     None     None
467410 20211023   1014.1   1017.2   1015.5   215500   1012.9   144000     25.4     29.6   122300     22.0   000500     19.6       71       50   121500      1.9    300.0      6.9    290.0   130600      0.0      0.0      0.0     None      0.0     None      6.9     60.8    17.46     13.5     None     8.18   130000      6.1     None     None     None     None     None     None     None
467410 20211024   1013.3   1016.4   1014.9   000100   1011.0   143700     25.4     30.0   130100     22.2   231700     19.9       72       55   111300      3.5    350.0     11.7    350.0   192700      0.0      0.0      0.0     None      0.0     None      6.5     57.4    16.39     13.3     None     6.36   130000      6.3     None     None     None     None     None     None     None
467410 20211025   1011.6   1014.7   1013.4   000100   1009.4   150500     25.2     30.4   140700     21.4   044600     19.6       72       55   125700      3.6    360.0      9.6    340.0   013200      0.0      0.0      0.0     None      0.0     None      9.8     86.7    19.14     14.9     None     8.29   120000      3.8     None     None     None     None     None     None     None
467410 20211026   1011.8   1014.9   1013.3   221500   1009.9   151500     26.5     30.3   143700     22.9   024800     20.8       71       52   160400      2.0    360.0      8.2     10.0   232900      0.0      0.0      0.0     None      0.0     None      4.8     42.5    16.17     10.3     None     6.71   120000      7.1     None     None     None     None     None     None     None
467410 20211027   1013.1   1016.2   1014.7   090800   1011.4   144500     26.0     30.4   133400     23.0   043700     20.6       73       53   104600      3.2    360.0      8.8    300.0   152800      0.0      0.0      0.0     None      0.0     None      9.5     84.3    19.26     12.4     None     7.50   120000      2.8     None     None     None     None     None     None     None
467410 20211028   1014.1   1017.2   1015.6   205800   1012.4   153000     25.5     29.7   113500     22.3   062200     19.3       69       55   113500      2.7    350.0      8.3    340.0   213100      0.0      0.0      0.0     None      0.0     None      9.6     85.3    17.94     10.8     None     7.04   130000      2.8     None     None     None     None     None     None     None
467410 20211029   1014.6   1017.7   1016.7   090700   1012.7   141800     24.6     29.3   121500     21.1   063200     17.9       66       44   122300      2.5    350.0      7.9    340.0   172800      0.0      0.0      0.0     None      0.0     None      9.0     80.1    17.75     11.9     None     7.67   130000      1.9     None     None     None     None     None     None     None
467410 20211030   1015.1   1018.2   1016.5   080500   1013.6   151900     25.3     29.2   105600     22.0   063400     18.4       66       50   104200      2.7     10.0      8.2    280.0   125300      0.0      0.0      0.0     None      0.0     None      7.1     63.3    17.12     14.4     None     7.75   120000      5.0     None     None     None     None     None     None     None
467410 20211031   1014.9   1018.0   1016.2   084000   1012.8   145300     25.1     29.9   141000     21.6   063500     19.7       73       52   141000      3.2    350.0      8.9     10.0   204200      0.0      0.0      0.0     None      0.0     None     10.1     90.2    19.11     11.0     None     7.71   130000      1.5     None     None     None     None     None     None     None
467410 20211101   1014.8   1017.9   1016.5   090500   1012.7   144900     25.6     29.8   140800     22.8   034900     20.7       75       57   140100      2.5    350.0      8.5    280.0   120500      0.0      0.0      0.0     None      0.0     None     10.5     94.0    18.23      9.9     None     7.41   120000      0.5     None     None     None     None     None     None     None
467410 20211102   1014.2   1017.3   1016.3   081400   1012.0   153800     25.1     30.1   131500     21.5   062200     19.6       72       56   131500      3.2    350.0      8.6    300.0   140800      0.0      0.0      0.0     None      0.0     None     10.1     90.5    18.08     11.5     None     7.80   120000      1.3     None     None     None     None     None     None     None
467410 20211103   1013.0   1016.1   1014.7   000100   1010.9   150400     25.9     29.5   134600     22.7   055400     20.3       72       55   161300      1.9    350.0      7.1    300.0   141500      0.0      0.0      0.0     None      0.0     None      9.9     88.9    18.16     11.3     None     7.88   120000      2.1     None     None     None     None     None     None     None
467410 20211104   1012.1   1015.2   1013.7   092200   1010.5   150600     26.3     30.2   121000     24.0   033900     20.7       72       56   121000      2.5    350.0      9.8    300.0   123800      0.0      0.0      0.0     None      0.0     None      6.6     59.3    15.78     16.3     None     6.74   130000      5.9     None     None     None     None     None     None     None
467410 20211105   1009.8   1012.9   1012.3   082500   1007.5   151200     26.3     30.0   113400     23.3   051600     22.1       78       56   110800      2.2    360.0      6.9    190.0   123000      0.0      0.0      0.0     None      0.0     None      4.7     42.3    13.91      8.1     None     5.24   110000      5.4     None     None     None     None     None     None     None
467410 20211106   1007.2   1010.3   1008.4   000100   1005.3   135500     27.4     32.7   115000     24.6   054100     21.8       72       50   104000      2.6    360.0      9.4    290.0   143000      0.0      0.0      0.0     None      0.0     None     10.4     93.8    18.62     15.9     None     7.18   120000      1.0     None     None     None     None     None     None     None
467410 20211107   1008.9   1012.0   1010.5   220000   1007.5   141500     26.5     30.8   115100     23.2   064200     21.6       75       58   150900      2.5     10.0      7.0    350.0   022600      0.0      0.0      0.0     None      0.0     None      8.8     79.5    17.60      9.0     None     7.18   120000      2.5     None     None     None     None     None     None     None
467410 20211108   1011.2   1014.3   1013.8   221700   1009.3   020400     23.9     28.4   102600     18.4   224100     19.4       76       61   144300      4.3    350.0     12.5    340.0   155700      0.0      0.0      0.0     None      0.0     None      7.7     69.7    16.15     10.1     None     5.65   140000      3.6     None     None     None     None     None     None     None
467410 20211109   1014.1   1017.3   1016.5   090500   1012.4   141500     20.6     25.5   131300     18.3   235300     12.4       59       47   130700      4.3    350.0     11.8    350.0   033200      0.0      0.0      0.0     None      0.0     None      7.3     66.1    16.03     14.1     None     7.81   120000      5.1     None     None     None     None     None     None     None
467410 20211110   1014.1   1017.3   1015.6   091600   1012.0   144600     20.7     25.1   140800     17.9   051100      9.4       49       30   134700      4.2    350.0     11.7     10.0   121400      0.0      0.0      0.0     None      0.0     None      4.5     40.8    13.87     15.1     None     6.72   110000      5.1     None     None     None     None     None     None     None
467410 20211111   1013.9   1017.0   1016.1   090200   1011.3   140300     21.1     26.8   141400     16.9   050700     10.2       50       33   085500      3.3    350.0     10.0    360.0   020300      0.0      0.0      0.0     None      0.0     None      8.1     73.6    15.82     17.8     None     6.22   120000      1.6     None     None     None     None     None     None     None
467410 20211112   1014.5   1017.6   1016.6   083700   1013.0   133300     22.6     28.1   131500     19.6   042100     14.1       59       41   131500      2.9    350.0      9.7    330.0   144800      0.0      0.0      0.0     None      0.0     None      3.7     33.7    13.30     13.0     None     6.38   120000      8.6     None     None     None     None     None     None     None
467410 20211113   1014.2   1017.3   1016.4   083600   1011.9   125700     20.9     26.1   132600     18.0   061000     16.0       74       50   124800      4.7    360.0     12.8    350.0   213800      1.0      1.8      0.5   005300      1.0   005300      4.3     39.2    13.91     19.6     None     6.87   120000      6.4     None     None     None     None     None     None     None
467410 20211114   1013.6   1016.8   1015.8   084200   1011.1   153000     21.0     25.7   134800     17.1   040000     15.4       72       54   125200      4.1    360.0     10.6    340.0   022000      0.0      0.0      0.0     None      0.0     None     10.3     94.0    18.01     12.8     None     7.35   120000      2.5     None     None     None     None     None     None     None
467410 20211115   1013.0   1016.2   1015.1   090200   1011.0   155900     23.2     27.7   131200     19.0   040100     17.1       69       50   134000      2.1    360.0      7.2    280.0   142900      0.0      0.0      0.0     None      0.0     None     10.0     91.4    17.30     14.4     None     6.91   120000      5.3     None     None     None     None     None     None     None
467410 20211116   1013.4   1016.5   1014.7   085100   1011.6   145400     24.3     28.8   115000     21.9   232300     19.0       73       49   114800      2.6    350.0     10.3    310.0   160200      0.0      0.0      0.0     None      0.0     None     10.2     93.3    17.25     10.0     None     6.58   120000      1.9     None     None     None     None     None     None     None
467410 20211117   1013.0   1016.1   1014.7   085900   1011.6   143200     24.0     28.4   120400     21.3   043100     20.1       80       57   113900      2.9    350.0      9.8    340.0   181900      0.0      0.0      0.0     None      0.0     None      9.9     90.7    17.31      8.3     None     6.79   120000      2.9     None     None     None     None     None     None     None
467410 20211118   1009.8   1012.9   1012.5   004900   1006.8   151800     23.3     28.1   131400     21.6   234700     19.3       79       55   130300      4.7    350.0     12.7    360.0   182300      0.0      0.0      0.0     None      0.0     None      7.9     72.5    16.49     11.9     None     7.26   120000      6.8     None     None     None     None     None     None     None
467410 20211119   1008.0   1011.1   1009.5   075400   1006.1   150500     23.6     27.8   135700     20.4   061100     19.7       79       62   131400      4.0    350.0     11.2    350.0   090600      0.0      0.0      0.0     None      0.0     None      9.7     89.1    17.14     14.3     None     6.61   120000      2.8     None     None     None     None     None     None     None
467410 20211120   1009.5   1012.6   1011.5   214200   1008.0   140200     24.3     28.3   110000     21.3   042500     20.2       79       59   110000      2.4    360.0      7.1    360.0   185700      0.0      0.0      0.0     None      0.0     None      2.6     23.9    11.55      7.5     None     4.82   120000      7.1     None     None     None     None     None     None     None
467410 20211121   1010.5   1013.6   1011.8   091100   1008.8   153200     25.1     29.6   115000     22.5   235400     20.4       76       53   123400      3.0     10.0      9.2    340.0   132500      0.0      0.0      0.0     None      0.0     None     10.2     93.9    17.01      9.0     None     6.60   120000      2.9     None     None     None     None     None     None     None
467410 20211122   1011.5   1014.7   1014.3   220000   1009.6   030500     22.2     27.1   114200     18.0   223900     18.0       78       60   141800      4.5    350.0     13.8    350.0   172100      0.0      0.0      0.0     None      0.0     None      6.2     57.1    13.95      5.9     None     5.48   130000      4.1     None     None     None     None     None     None     None
467410 20211123   1015.6   1018.8   1017.5   222400   1013.7   001900     18.6     21.9   140900     16.6   234000     12.6       68       59   140300      4.6    350.0     10.5    340.0   115700      0.0      0.0      0.0     None      0.0     None      2.0     18.5     9.48     13.5     None     3.64   130000      7.5     None     None     None     None     None     None     None
467410 20211124   1015.6   1018.8   1017.5   000100   1013.7   143300     19.9     25.0   125400     15.7   042200     14.3       71       53   122300      3.2    350.0      9.1     10.0   002500      0.0      0.0      0.0     None      0.0     None      9.8     90.5    16.61     15.1     None     6.67   120000      2.1     None     None     None     None     None     None     None
467410 20211125   1014.0   1017.1   1015.9   084200   1012.2   134700     21.1     23.8   133500     18.6   020700     16.2       74       61   112700      2.9    350.0      9.8    350.0   112600     -9.8      0.4     -9.8   174800     -9.8   174800      0.0      0.0     5.93      9.9     None     3.94   120000      8.5     None     None     None     None     None     None     None
467410 20211126   1013.8   1017.0   1015.2   084900   1011.8   144800     21.6     25.7   140100     19.4   235100     17.6       78       64   130200      4.0    350.0     11.5     10.0   180600     -9.8      0.9     -9.8   001100     -9.8   001100      4.9     45.3    14.64     10.8     None     6.72   120000      7.3     None     None     None     None     None     None     None
467410 20211127   1014.7   1017.8   1015.9   221500   1013.5   153400     21.9     26.2   122700     18.1   044700     16.4       72       56   122800      3.3    360.0     10.2    350.0   020300      0.0      0.0      0.0     None      0.0     None      4.0     37.1    12.62     17.9     None     6.34   120000      7.6     None     None     None     None     None     None     None
467410 20211128   1014.9   1018.1   1017.0   084900   1013.4   150900     22.5     24.4   131900     20.9   025900     20.3       88       77   141800      1.8    330.0      5.6    360.0   190000      5.0      9.2      0.5   032900      2.0   162500      0.0      0.0     5.51      5.3     None     3.17   120000      9.6     None     None     None     None     None     None     None
467410 20211129   1012.3   1015.4   1013.9   084300   1010.4   144700     23.0     26.2   133300     21.3   051000     20.4       86       65   133100      2.0    360.0      5.7    360.0   200300      0.5      2.1      0.5   030700      0.5   024900      0.6      5.6     9.08      7.1     None     4.24   110000      8.5     None     None     None     None     None     None     None
467410 20211130   1012.1   1015.2   1013.8   085700   1009.5   151100     22.6     26.2   124100     19.0   235000     18.0       76       56   171300      5.5    350.0     16.3    340.0   173900      0.0      0.0      0.0     None      0.0     None      4.4     40.9    12.35     11.0     None     5.30   120000      6.0     None     None     None     None     None     None     None
467410 20211201   1015.1   1018.3   1016.8   085400   1013.1   144900     17.8     21.7   151700     14.9   233700      9.2       58       45   131700      5.0    360.0     16.5    360.0   005300      0.0      0.0      0.0     None      0.0     None      4.7     43.7    12.57     10.3     None     4.94   120000      3.6     None     None     None     None     None     None     None
467410 20211202   1015.9   1019.1   1017.7   233300   1013.1   143700     17.9     23.7   134500     14.1   035000     11.0       65       44   131400      3.4    350.0     10.9    350.0   164900      0.0      0.0      0.0     None      0.0     None      9.7     90.2    16.35     11.9     None     6.26   120000      0.6     None     None     None     None     None     None     None
467410 20211203   1016.4   1019.6   1018.7   223100   1013.9   135100     17.9     24.1   134400     14.2   055500      9.2       58       34   134500      4.1    350.0     10.2    350.0   075200      0.0      0.0      0.0     None      0.0     None     10.0     93.1    16.70     17.0     None     6.15   120000      0.0     None     None     None     None     None     None     None
467410 20211204   1017.4   1020.6   1018.8   090500   1015.4   142600     18.4     24.4   135500     12.8   064800      8.9       55       39   103700      2.7    360.0      8.9    350.0   000500      0.0      0.0      0.0     None      0.0     None     10.0     93.2    16.63     17.6     None     5.68   120000      0.1     None     None     None     None     None     None     None
467410 20211205   1016.5   1019.7   1018.2   083900   1014.5   143600     19.9     25.2   124800     16.4   064400     12.7       65       37   124800      3.0    350.0     10.7    340.0   164600      0.0      0.0      0.0     None      0.0     None      9.9     92.3    16.14     15.5     None     5.89   120000      0.8     None     None     None     None     None     None     None
467410 20211206   1014.7   1017.8   1015.8   000100   1012.8   145000     20.0     24.5   134900     16.4   055300     15.9       78       57   122100      4.2    360.0     13.4    350.0   104200      0.0      0.0      0.0     None      0.0     None     10.0     93.3    16.56     13.0     None     6.15   120000      0.6     None     None     None     None     None     None     None
467410 20211207   1016.1   1019.2   1017.9   224500   1014.4   030100     20.6     26.2   143400     16.8   050700     15.3       73       54   125300      2.7    350.0      7.1    350.0   223600      0.0      0.0      0.0     None      0.0     None     10.0     93.3    16.34     10.0     None     5.74   120000      0.6     None     None     None     None     None     None     None
467410 20211208   1018.1   1021.3   1020.0   090500   1016.3   150000     20.2     25.6   133900     15.8   062800     14.5       71       53   132000      2.3    350.0      7.2    320.0   185000      0.0      0.0      0.0     None      0.0     None     10.0     93.4    15.76     11.4     None     5.48   120000      0.5     None     None     None     None     None     None     None
467410 20211209   1017.7   1020.9   1019.4   090300   1016.2   154300     21.2     25.8   125400     18.2   040800     16.4       75       51   125100      2.2    350.0     11.1    330.0   162500      0.0      0.0      0.0     None      0.0     None      9.8     91.6    15.96     11.5     None     5.82   120000      0.8     None     None     None     None     None     None     None
467410 20211210   1016.4   1019.6   1017.9   091300   1014.7   151300     21.6     26.1   122100     18.1   065100     17.3       78       47   130500      1.6    220.0      6.4    250.0   124600      0.0      0.0      0.0     None      0.0     None      9.6     89.7    15.52      8.5     None     5.67   130000      1.0     None     None     None     None     None     None     None
467410 20211211   1017.0   1020.2   1019.2   090800   1014.9   144200     21.8     26.2   115400     19.0   061400     17.2       76       53   114900      2.9    350.0     10.0    310.0   144200      0.0      0.0      0.0     None      0.0     None      9.9     92.6    15.78      8.0     None     5.77   120000      0.1     None     None     None     None     None     None     None
467410 20211212   1016.6   1019.7   1018.4   083200   1014.0   143600     20.8     26.6   134300     18.0   235900     16.9       80       53   125900      3.7    350.0     10.1    350.0   224700      0.0      0.0      0.0     None      0.0     None      8.9     83.2    15.34      8.0     None     6.03   130000      5.1     None     None     None     None     None     None     None
467410 20211213   1016.0   1019.2   1017.8   083700   1013.9   144400     20.0     25.1   140400     17.3   061000     15.2       75       56   123500      4.2    350.0     11.6    350.0   082500      0.0      0.0      0.0     None      0.0     None      9.7     90.8    15.60     10.9     None     6.12   120000      1.6     None     None     None     None     None     None     None
467410 20211214   1014.8   1018.0   1017.0   090600   1012.3   142800     20.8     26.7   142900     16.8   064900     16.3       76       51   142200      2.6    350.0      7.7    340.0   162000      0.0      0.0      0.0     None      0.0     None      7.6     71.1    14.60      9.9     None     5.81   120000      2.3     None     None     None     None     None     None     None
467410 20211215   1013.8   1017.0   1015.9   081500   1011.0   144100     21.6     26.6   134700     19.2   064700     18.3       83       55   135300      2.8    350.0      6.6    350.0   080600      0.0      0.0      0.0     None      0.0     None      8.6     80.5    15.04      5.5     None     5.70   120000      1.1     None     None     None     None     None     None     None
467410 20211216   1013.3   1016.4   1014.6   080300   1010.9   150900     21.8     25.9   123100     18.5   073600     18.1       81       58   132600      2.6    360.0      7.0    360.0   234900      0.0      0.0      0.0     None      0.0     None      7.3     68.4    14.62      4.1     None     5.56   130000      0.0     None     None     None     None     None     None     None
467410 20211217   1014.1   1017.3   1016.9   211800   1011.9   141900     20.4     26.0   124100     16.0   234800     15.5       74       57   123400      5.1    360.0     13.8    350.0   180600      0.0      0.0      0.0     None      0.0     None      8.1     75.9    14.68      5.6     None     5.46   120000      6.0     None     None     None     None     None     None     None
467410 20211218   1017.8   1021.0   1019.5   094100   1015.8   033000     17.0     20.4   141600     15.0   041800      9.6       62       50   131900      4.8    350.0     12.3    350.0   010400      0.0      0.0      0.0     None      0.0     None      1.2     11.2    10.14     11.5     None     4.19   120000      8.6     None     None     None     None     None     None     None
467410 20211219   1017.8   1021.0   1019.7   085800   1015.7   153900     19.0     23.6   130400     15.8   012700     11.5       62       48   130400      3.1    360.0      8.9     20.0   040500      0.0      0.0      0.0     None      0.0     None      3.7     34.7    12.58     11.5     None     5.49   130000      8.6     None     None     None     None     None     None     None
467410 20211220   1016.0   1019.2   1017.9   090000   1013.8   235400     19.4     22.6   135500     17.6   055800     14.1       73       54   125200      2.8    360.0      9.1     10.0   202000     -9.8      1.4     -9.8   161000     -9.8   153000      0.0      0.0     5.53      6.9     None     3.26   110000      9.3     None     None     None     None     None     None     None
467410 20211221   1011.2   1014.3   1013.8   000100   1008.4   150200     19.1     22.5   185900     17.3   012000     17.6       91       83   045700      2.9    360.0     11.6    310.0   201500      9.5      7.0      3.5   202800      6.0   202800      0.0      0.0     3.87      4.0     None     2.69   140000      9.8     None     None     None     None     None     None     None
467410 20211222   1011.0   1014.2   1012.7   230500   1009.6   143200     19.9     23.6   130900     17.9   015600     17.5       87       71   123900      4.1    360.0      9.8    350.0   135100      0.0      0.0      0.0     None      0.0     None      8.1     75.9    15.09      7.1     None     6.44   130000      7.6     None     None     None     None     None     None     None
467410 20211223   1012.3   1015.5   1014.0   090100   1010.5   152100     20.5     24.7   140500     18.0   045200     17.5       83       70   131300      2.9    360.0      7.5    340.0   153100      0.0      0.0      0.0     None      0.0     None      0.5      4.7     9.08      6.0     None     4.64   120000      8.5     None     None     None     None     None     None     None
467410 20211224   1012.9   1016.0   1014.7   225800   1011.3   180700     21.1     24.6   104100     19.2   021400     18.7       87       72   114300      3.7    360.0     10.1    350.0   145000      0.0      0.0      0.0     None      0.0     None      6.4     59.9    13.30      4.6     None     5.75   130000      4.3     None     None     None     None     None     None     None
467410 20211225   1016.5   1019.7   1019.6   221700   1013.9   023400     18.4     20.4   133100     15.2   235959     15.0       81       71   132900      4.0    360.0     11.2    360.0   235200      2.0      2.2      0.5   203000      1.5   214800      0.0      0.0     4.78      7.4     None     2.70   120000      9.1     None     None     None     None     None     None     None
467410 20211226   1020.5   1023.7   1022.3   220000   1018.5   022400     15.9     19.4   142300     14.1   030900     12.4       80       65   142000      4.5    360.0     12.4     20.0   033100     -9.8      1.8     -9.8   000100     -9.8   000100      0.5      4.7     8.24     16.1     None     3.81   120000      8.5     None     None     None     None     None     None     None
467410 20211227   1022.1   1025.4   1024.1   084500   1020.1   143400     14.8     16.5   114900     13.4   074800     11.8       82       74   135100      4.3    360.0     10.6    350.0   054900     -9.8      3.4     -9.8   070100     -9.8   070100      0.1      0.9     6.16     14.3     None     3.35   120000      9.0     None     None     None     None     None     None     None
467410 20211228   1020.3   1023.5   1022.5   000100   1017.6   151900     17.3     22.8   141800     13.6   001600     13.6       80       58   133400      3.4     20.0      9.1    350.0   195200      0.0      0.0      0.0     None      0.0     None      9.2     86.0    15.74      9.6     None     6.48   120000      3.5     None     None     None     None     None     None     None
467410 20211229   1019.5   1022.7   1021.0   082500   1017.8   143900     19.0     23.8   142400     15.8   042900     15.5       81       56   134200      3.8    360.0     10.6     10.0   134200      0.0      0.0      0.0     None      0.0     None      9.8     91.6    15.77      8.4     None     6.50   120000      0.1     None     None     None     None     None     None     None
467410 20211230   1020.0   1023.2   1021.6   205500   1017.8   141400     18.1     23.2   131200     15.1   233800     13.4       75       56   131300      4.1    360.0     11.1     20.0   152200      0.0      0.0      0.0     None      0.0     None      3.8     35.5    12.41      6.1     None     5.93   120000      5.4     None     None     None     None     None     None     None
467410 20211231   1021.1   1024.4   1022.4   071500   1018.9   145800     17.1     21.6   131700     13.8   051800     11.0       68       53   121300      4.7    360.0     12.1    350.0   151700      0.0      0.0      0.0     None      0.0     None      6.4     59.8    13.51     10.5     None     5.90   120000      3.6     None     None     None     None     None     None     None
