* MD (Multifield Daily Data Format)
* 以 '*' 字元開頭的文字為格式說明
* 以 '#' 字元開頭的文字為氣象資料欄位標題列9個字元一組
********************************************************************************
* 格式說明:
* 站碼(stno) 時間(yyyymmdd) 氣象資料欄位
* 1~6        8~15           第16個字元開始每個氣象要素(欄位)9個字元
* 時間為當地時間(Local Time)
* yyyy:西元年
* mm:月
* dd:日
********************************************************************************
* 欄位標題說明:
* 極值發生時間欄位格式為 hhmmss 6位字元  其中 hh:小時(00~23時) mm:分鐘(00~59分) ss:秒(00~59秒)
*
* CD11 平均雲量(10分量)
* EP01 20cm箱外蒸發量(mm)
* EP04 20cm箱內蒸發量(mm)
* EP05 A型蒸發量(mm)
* GR01 全天空日射量(MJ/㎡)
* GR02 最大小時全天空日射量(MJ/㎡)
* GR03 最大小時全天空日射量時間
* PP01 降水量(mm)
* PP02 降水時數(hour)
* PP03 最大十分鐘降水量(mm)
* PP04 最大十分鐘降水量起始時間
* PP05 最大六十分鐘降水量(mm)
* PP06 最大六十分鐘降水量起始時間
* PS01 平均測站氣壓(hPa)                
* PS02 平均海平面氣壓(hPa)
* PS03 最高測站氣壓(hPa)                  
* PS04 最高測站氣壓時間
* PS05 最低測站氣壓(hPa)
* PS06 最低測站氣壓時間
* PS07 最高海平面氣壓(hPa)
* PS08 最高海平面氣壓時間
* PS09 最低海平面氣壓(hPa)
* PS10 最低海平面氣壓時間
* RH01 平均相對溼度(%)
* RH02 最大相對溼度(%)
* RH03 最大相對溼度時間
* RH04 最小相對溼度(%)
* RH05 最小相對溼度時間
* SD01 雪深(cm)
* SS01 日照時數(hour)
* SS02 日照率(%)
* ST01 天空狀況
* ST02 地面狀況
* ST03 雷暴
* ST04 液態降水1
* ST05 液態降水2
* ST06 固態降水1
* ST07 固態降水2
* ST08 固態降水3
* ST09 視障1
* ST10 視障2
* ST11 光象1
* ST12 光象2
* TB01 黑球溫度(℃)
* TD01 平均露點溫度(℃)
* TD02 最高露點溫度(℃)
* TD03 最高露點溫度時間
* TD04 最低露點溫度(℃)
* TD05 最低露點溫度時間
* TG01 最低草溫(℃)
* TS01 地表溫度0cm(℃)
* TS02 地中溫度5cm(℃)
* TS03 地中溫度10cm(℃)
* TS04 地中溫度20cm(℃)
* TS05 地中溫度30cm(℃)
* TS06 地中溫度50cm(℃)
* TS07 地中溫度100cm(℃)
* TS08 地中溫度200cm(℃)
* TS09 地中溫度300cm(℃)
* TS10 地中溫度500cm(℃)
* TW01 平均溼球溫度(℃)
* TX01 平均氣溫(℃)
* TX02 絕對最高氣溫(℃)
* TX03 絕對最高氣溫時間
* TX04 絕對最低氣溫(℃)
* TX05 絕對最低氣溫時間
* TX10 氣溫日較差(℃)
* VP01 平均水氣壓(hPa)
* VP02 最大水氣壓(hPa)
* VP03 最大水氣壓時間
* VP04 最小水氣壓(hPa)
* VP05 最小水氣壓時間
* VS01 平均能見度(km)
* WD01 平均風風速(m/s)
* WD02 平均風風向(360 degree)
* WD03 平均風程(m/s)
* WD04 最大平均風風速(m/s)
* WD05 最大平均風風向(360 degree)
* WD06 最大平均風時間
* WD07 最大瞬間風風速(m/s)
* WD08 最大瞬間風風向(360 degree)
* WD09 最大瞬間風時間
* UV01 紫外線指數
********************************************************************************
* 特殊值:
* -999.1:儀器故障待修
* -9.6/-999.6:資料累計於後
* -9.5/-99.5/-999.5/-999.5/-9999.5/-9995:因故障而無資料
* -9.7/-99.7/-999.7/-999.7/-9999.7/-9997:因不明原因而無資料
* -9.8:雨跡(Trace)
* None:未觀測而無資料
********************************************************************************
# stno yyyymmdd     PS01     PS02     PS03     PS04     PS05     PS06     TX01     TX02     TX03     TX04     TX05     TD01     RH01     RH04     RH05     WD01     WD02     WD07     WD08     WD09     PP01     PP02     PP03     PP04     PP05     PP06     SS01     SS02     GR01     VS01     EP05     UV01     UV03     CD11     TS01     TS02     TS03     TS04     TS05     TS06     TS07
467410 20110101   1016.0   1019.3   1017.7   232300   1013.9   144400     13.9     20.7   142400      9.5   073600      3.9       52       32   010900      3.6     10.0     12.8    360.0   020300      0.0      0.0      0.0     None      0.0     None      6.5     60.7    13.46     11.0     None     3.68   130000      3.6     None     None     None     None     None     None     None
467410 20110102   1017.4   1020.6   1019.3   093600   1015.3   150300     15.2     21.5   135100     10.0   034800      8.0       63       47   131400      2.8     10.0      8.3     10.0   191500      0.0      0.0      0.0     None      0.0     None      8.4     78.4    14.42     10.4     None     4.07   120000      2.4     None     None     None     None     None     None     None
467410 20110103   1016.4   1019.6   1018.3   090600   1014.5   151000     15.5     19.5   102700     13.2   222000     10.3       71       57   104300      4.0     10.0     13.4     10.0   205900      0.0      0.0      0.0     None      0.0     None      0.9      8.4     8.71      4.5     None     2.79   110000      5.5     None     None     None     None     None     None     None
467410 20110104   1016.7   1019.9   1018.7   095200   1014.7   152100     15.5     20.5   143000     12.2   033000     10.2       71       55   142100      4.7     10.0     11.6     20.0   102400      0.0      0.0      0.0     None      0.0     None      5.8     54.1    13.59      4.9     None     4.12   130000      6.0     None     None     None     None     None     None     None
467410 20110105   1015.4   1018.6   1017.8   094400   1012.5   155400     17.8     22.7   144600     13.3   064000     12.7       73       56   151700      4.2     10.0     12.8    360.0   112200      0.0      0.0      0.0     None      0.0     None      4.5     41.9    12.06      7.1     None     3.93   120000      7.4     None     None     None     None     None     None     None
467410 20110106   1016.4   1019.6   1018.3   233100   1014.7   033700     16.0     19.3   122700     12.2   231000     12.1       78       67   131900      5.2    360.0     14.8    360.0   231000      2.0      0.7      1.5   062600      2.0   060100      0.0      0.0     7.36      4.1     None     2.88   130000      9.5     None     None     None     None     None     None     None
467410 20110107   1018.3   1021.6   1020.6   090700   1016.5   151800     13.9     17.5   141500     11.5   040300      8.1       68       57   141300      4.7     10.0     13.2     10.0   041500      0.0      0.0      0.0     None      0.0     None      0.0      0.0     6.61      7.5     None     2.62   130000      9.8     None     None     None     None     None     None     None
467410 20110108   1016.2   1019.4   1018.3   095100   1013.9   153500     16.2     20.7   144400     13.0   024600     11.2       72       60   124600      3.8     10.0     10.3     10.0   200800      0.0      0.0      0.0     None      0.0     None      0.8      7.4    11.19      9.1     None     3.69   130000      6.9     None     None     None     None     None     None     None
467410 20110109   1014.7   1017.9   1015.9   082900   1012.7   144900     17.2     21.2   130300     14.0   235700     12.4       74       61   123200      5.3     10.0     13.4     30.0   144400      0.0      0.0      0.0     None      0.0     None      2.0     18.6    11.72      7.0     None     3.73   130000      7.9     None     None     None     None     None     None     None
467410 20110110   1014.7   1017.9   1016.9   090700   1012.6   145500     14.9     19.2   132500     12.5   052600      9.5       70       59   131700      4.7     10.0     13.4     10.0   061200      0.0      0.0      0.0     None      0.0     None      0.9      8.4    10.99      6.4     None     3.70   120000      8.9     None     None     None     None     None     None     None
467410 20110111   1013.3   1016.5   1014.7   232400   1011.4   151600     13.4     15.2   113100     10.2   235800      9.7       79       69   153500      5.1     10.0     13.2     10.0   180900      0.2      0.8      0.2   234200      0.2   234200      0.0      0.0     4.23      5.0     None     2.06   120000      9.9     None     None     None     None     None     None     None
467410 20110112   1014.3   1017.6   1015.9   083900   1012.8   152100     10.8     12.0   142600      9.4   040000      9.6       92       85   210900      4.3     10.0     13.9     10.0   020200      2.0      2.5      0.5   023600      1.0   023600      0.0      0.0     2.94      2.5     None     1.31   140000     10.0     None     None     None     None     None     None     None
467410 20110113   1014.6   1017.9   1016.7   093300   1012.3   150300     15.9     21.0   154500     11.3   025900     12.2       79       63   151800      3.0     10.0     10.0    360.0   182400      0.0      0.0      0.0     None      0.0     None      5.0     46.3    13.63      3.9     None     4.23   120000      7.8     None     None     None     None     None     None     None
467410 20110114   1013.0   1016.2   1015.3   090700   1010.3   143500     17.9     23.2   130300     15.4   044800     14.5       81       62   132200      4.7     10.0     11.1     10.0   153200      0.0      0.0      0.0     None      0.0     None      4.4     40.7    13.52      3.5     None     4.72   130000      8.1     None     None     None     None     None     None     None
467410 20110115   1014.9   1018.2   1018.5   222700   1012.1   024700     14.7     17.2   112100     10.7   235900      9.7       72       60   124000      7.9     10.0     21.6    360.0   125200      0.0      0.0      0.0     None      0.0     None      6.9     63.8    15.29      7.5     None     4.95   130000      6.9     None     None     None     None     None     None     None
467410 20110116   1018.5   1021.8   1020.6   224400   1016.4   014400     11.3     14.5   135500      9.7   062900      5.1       66       56   150100      4.6     10.0     12.9     20.0   000900      0.0      0.0      0.0     None      0.0     None      0.0      0.0     9.26      8.1     None     3.27   120000      9.5     None     None     None     None     None     None     None
467410 20110117   1019.8   1023.0   1022.4   091800   1017.6   145700     14.0     19.4   142000     10.1   061600      7.6       66       50   125300      3.7     10.0      9.6    350.0   173400      0.0      0.0      0.0     None      0.0     None      9.0     83.0    15.95      7.0     None     4.93   130000      4.9     None     None     None     None     None     None     None
467410 20110118   1017.5   1020.8   1019.8   085000   1015.3   151900     15.7     20.3   123800     11.3   053400     10.7       73       52   123800      2.9    360.0      8.8     20.0   201100      0.0      0.0      0.0     None      0.0     None      3.2     29.5    12.00      5.8     None     3.85   130000      5.8     None     None     None     None     None     None     None
467410 20110119   1014.8   1018.0   1016.8   000100   1012.1   145200     18.3     23.6   131100     15.5   054400     13.9       76       56   131100      3.7     10.0      9.4     20.0   090000      0.0      0.0      0.0     None      0.0     None      7.8     71.8    15.47      6.9     None     4.88   120000      5.4     None     None     None     None     None     None     None
467410 20110120   1013.1   1016.3   1014.5   000100   1011.3   150500     17.2     20.8   140000     15.9   023300     14.2       83       70   131600      4.0     10.0     11.2     10.0   185700      0.0      0.0      0.0     None      0.0     None      0.0      0.0     6.16      4.9     None     2.63   140000      9.1     None     None     None     None     None     None     None
467410 20110121   1013.7   1016.9   1016.4   100000   1011.1   150300     15.9     20.0   140100     13.4   233000     13.0       83       70   133500      5.4     10.0     13.5    360.0   181800      2.5      3.5      0.5   051100      1.0   052000      0.7      6.4     8.99      3.8     None     4.57   130000      9.9     None     None     None     None     None     None     None
467410 20110122   1016.7   1019.9   1018.6   222500   1015.1   022800     15.7     19.1   133400     13.1   032200     11.0       74       63   132900      3.4     10.0     10.3    360.0   004800      0.0      0.0      0.0     None      0.0     None      0.0      0.0     7.77      3.4     None     3.92   130000      9.4     None     None     None     None     None     None     None
467410 20110123   1017.6   1020.8   1019.1   094300   1015.3   145200     16.7     22.4   134400     14.4   063500     12.7       78       57   134400      4.6     10.0     11.9     10.0   192300      0.0      0.0      0.0     None      0.0     None      7.7     70.5    15.33      2.9     None     4.59   130000      3.9     None     None     None     None     None     None     None
467410 20110124   1018.4   1021.7   1020.2   223800   1016.1   145400     15.5     20.0   141700     12.9   234600     10.8       74       58   135800      4.6     10.0     12.7     10.0   070900      0.0      0.0      0.0     None      0.0     None      6.2     56.7    14.52      2.5     None     4.57   130000      4.3     None     None     None     None     None     None     None
467410 20110125   1019.9   1023.2   1022.1   085000   1017.4   151500     15.8     21.4   131300     12.1   051500     11.0       74       57   130100      4.2     10.0     10.7     10.0   165000      0.0      0.0      0.0     None      0.0     None      9.1     83.1    16.05      5.4     None     4.32   130000      0.5     None     None     None     None     None     None     None
467410 20110126   1020.1   1023.3   1022.4   084700   1017.3   150800     16.9     22.1   141000     14.5   013200     12.8       77       60   143500      4.7     10.0     12.7     10.0   180000      0.0      0.0      0.0     None      0.0     None      6.6     60.2    14.96      7.5     None     4.94   130000      2.9     None     None     None     None     None     None     None
467410 20110127   1019.7   1022.9   1021.8   084600   1016.8   141700     17.3     23.7   133700     14.0   063000     13.3       78       57   133700      4.4     10.0     10.2    360.0   180100      0.0      0.0      0.0     None      0.0     None      9.1     82.9    17.68      6.6     None     5.17   130000      1.5     None     None     None     None     None     None     None
467410 20110128   1018.2   1021.4   1020.2   093300   1016.1   144700     16.6     19.7   143900     14.8   235300     13.0       79       68   141700      5.4     10.0     13.4     10.0   163000      0.0      0.0      0.0     None      0.0     None      0.5      5.5     9.85      5.3     None     4.21   130000      8.9     None     None     None     None     None     None     None
467410 20110129   1019.9   1023.2   1022.2   231300   1017.7   025800     13.7     15.9   142200     12.2   234100      8.7       72       64   142200      6.5     10.0     17.3     10.0   080800      0.0      0.0      0.0     None      0.0     None      0.0      0.0     5.26      8.4     None     2.41   130000      9.5     None     None     None     None     None     None     None
467410 20110130   1021.1   1024.4   1023.5   092100   1018.6   144900     13.6     18.8   133600     11.4   062800      8.2       70       58   140800      5.0     10.0     13.1     20.0   192200      0.0      0.0      0.0     None      0.0     None      4.0     36.3    11.61      4.5     None     4.34   130000      7.6     None     None     None     None     None     None     None
467410 20110131   1020.7   1024.0   1023.0   084100   1017.9   150900     13.5     18.8   151900     10.8   060000      7.4       67       51   151800      4.8     10.0     10.9     10.0   043700      0.0      0.0      0.0     None      0.0     None      3.5     31.7    15.26      7.3     None     4.28   120000      6.4     None     None     None     None     None     None     None
467410 20110201   1018.5   1021.7   1020.5   082700   1015.9   151200     15.2     21.8   144000     11.4   002500     10.0       72       51   143900      4.0     10.0     10.6     10.0   211000      0.0      0.0      0.0     None      0.0     None      8.0     72.3    16.84      6.8     None     4.90   130000      5.3     None     None     None     None     None     None     None
467410 20110202   1016.9   1020.1   1018.7   094400   1014.6   152300     16.2     21.2   134800     13.7   065200     11.8       76       58   134700      4.4     10.0     11.0    350.0   142800      0.0      0.0      0.0     None      0.0     None      6.9     62.3    16.33      2.8     None     5.16   130000      4.3     None     None     None     None     None     None     None
467410 20110203   1015.6   1018.8   1017.5   092000   1013.4   144200     16.9     23.3   130600     12.5   060200     12.2       75       53   125900      3.9     10.0      9.6    340.0   145200      0.0      0.0      0.0     None      0.0     None      9.6     86.5    18.28      4.3     None     5.13   130000      0.5     None     None     None     None     None     None     None
467410 20110204   1013.4   1016.6   1015.4   000100   1010.7   151900     17.8     24.0   153200     13.8   060400     13.3       76       55   153200      3.4     10.0      9.1    360.0   080200      0.0      0.0      0.0     None      0.0     None      6.9     62.1    16.39      3.7     None     5.37   130000      1.3     None     None     None     None     None     None     None
467410 20110205   1013.6   1016.7   1015.6   091900   1011.4   145900     18.8     26.1   132400     14.0   065000     12.6       69       40   134000      3.4     20.0      8.5     20.0   081700      0.0      0.0      0.0     None      0.0     None     10.0     89.9    19.54      4.0     None     5.11   130000      0.3     None     None     None     None     None     None     None
467410 20110206   1013.1   1016.3   1015.4   100300   1011.3   145200     18.5     24.7   132800     14.3   064000     11.8       66       44   132400      2.6     10.0      8.1    300.0   145900      0.0      0.0      0.0     None      0.0     None      9.7     87.0    19.03      3.0     None     5.13   130000      0.0     None     None     None     None     None     None     None
467410 20110207   1010.2   1013.3   1013.2   000100   1008.0   150500     20.2     24.4   135600     16.4   005300     12.6       62       49   125500      1.8    340.0      8.0    360.0   130300      0.0      0.0      0.0     None      0.0     None     10.0     89.6    19.27      6.6     None     5.57   130000      0.4     None     None     None     None     None     None     None
467410 20110208   1006.9   1010.1   1009.5   085500   1004.1   153700     21.5     27.2   145600     18.6   033200     13.4       61       41   145500      2.8     20.0      8.7    330.0   162300      0.0      0.0      0.0     None      0.0     None      6.8     60.8    15.35      4.4     None     5.15   130000      2.8     None     None     None     None     None     None     None
467410 20110209   1008.0   1011.2   1010.1   221500   1006.3   031300     20.6     26.2   125500     17.5   043400     14.5       69       46   125400      3.1     10.0      9.2    350.0   134100      0.0      0.0      0.0     None      0.0     None      9.1     81.2    18.27      5.2     None     4.93   130000      0.1     None     None     None     None     None     None     None
467410 20110210   1009.5   1012.6   1011.0   090600   1007.6   143800     19.8     26.6   110000     17.0   222900     15.1       75       48   105900      3.7     10.0     10.7     20.0   173500      0.0      0.0      0.0     None      0.0     None      7.6     67.7    17.19      2.7     None     4.96   130000      2.0     None     None     None     None     None     None     None
467410 20110211   1012.9   1016.1   1016.4   223200   1010.3   031800     16.1     21.1   125700     12.8   233800     10.8       71       55   124900      5.7     10.0     14.1    360.0   212500      0.0      0.0      0.0     None      0.0     None      7.1     63.2    17.18      4.3     None     5.24   130000      2.9     None     None     None     None     None     None     None
467410 20110212   1015.9   1019.1   1018.1   092600   1014.1   150600     15.1     19.6   152000     12.1   062400      8.4       65       52   151100      3.7     10.0     11.9     10.0   003100      0.0      0.0      0.0     None      0.0     None      0.7      6.2     9.88      5.0     None     3.62   130000      7.9     None     None     None     None     None     None     None
467410 20110213   1013.8   1017.0   1015.9   000100   1011.3   142500     16.2     22.9   130000     13.2   205800     11.1       72       49   130000      4.2     10.0     14.6    360.0   212000      1.0      0.6      1.0   233500      1.0   224500      5.6     49.7    14.97      4.9     None     4.97   130000      6.6     None     None     None     None     None     None     None
467410 20110214   1015.9   1019.2   1018.9   224300   1013.1   041600     11.9     13.9   000100     10.3   212000      9.1       83       74   153100      6.0     10.0     17.2    360.0   075100      5.5      2.2      1.0   030000      2.5   021000      0.3      2.7     5.05      5.3     None     1.87   120000      9.9     None     None     None     None     None     None     None
467410 20110215   1017.8   1021.1   1019.9   083400   1015.2   143800     13.9     19.1   134900     10.1   015400      9.4       75       59   140800      3.7     10.0      9.1     20.0   001900      0.2      0.8      0.1   204000      0.2   200100      2.2     19.4    13.08      4.6     None     4.53   130000      8.4     None     None     None     None     None     None     None
467410 20110216   1015.1   1018.3   1017.9   000100   1013.0   170900     17.5     22.5   123500     13.2   045800     13.0       76       60   121300      2.2     10.0      7.5    300.0   140900      0.0      0.0      0.0     None      0.0     None      8.8     77.6    18.18      3.3     None     4.88   130000      1.0     None     None     None     None     None     None     None
467410 20110217   1012.4   1015.5   1014.6   000900   1009.4   145800     19.5     26.9   104500     14.5   051100     15.1       77       51   102600      2.9    360.0     10.1     10.0   214100      0.0      0.0      0.0     None      0.0     None      8.4     74.0    19.00      3.1     None     5.41   130000      1.8     None     None     None     None     None     None     None
467410 20110218   1013.0   1016.2   1014.9   221500   1010.8   035300     17.3     20.0   110300     15.1   224800     13.9       81       71   113500      3.7    360.0      9.6     10.0   212700      0.0      0.0      0.0     None      0.0     None      0.4      3.5     9.43      2.6     None     3.80   120000      9.1     None     None     None     None     None     None     None
467410 20110219   1013.9   1017.1   1016.0   084700   1011.8   140200     16.7     20.8   151200     14.8   040300     12.8       78       67   102700      3.7     10.0     10.4     10.0   184400      0.0      0.0      0.0     None      0.0     None      1.7     14.9    11.53      2.9     None     3.72   110000      8.1     None     None     None     None     None     None     None
467410 20110220   1015.3   1018.5   1016.8   103800   1013.2   152000     15.9     20.4   144300     13.7   063600     12.5       80       65   144200      4.9     10.0     11.8     20.0   201800      1.0      1.2      0.5   053800      1.0   051000      5.5     48.2    16.57      5.5     None     6.33   130000      7.4     None     None     None     None     None     None     None
467410 20110221   1015.5   1018.7   1017.4   092900   1013.8   151700     16.7     20.1   140200     14.4   235500     12.1       75       63   141900      3.4     10.0      8.9     10.0   195400      0.0      0.0      0.0     None      0.0     None      2.2     19.2    13.66      4.6     None     5.01   120000      9.3     None     None     None     None     None     None     None
467410 20110222   1015.5   1018.7   1017.9   083500   1013.9   160100     17.5     23.4   121000     13.5   022800     12.4       73       58   113400      3.3     20.0      8.9    300.0   124300      0.0      0.0      0.0     None      0.0     None      9.1     79.4    19.72      4.8     None     5.68   130000      2.3     None     None     None     None     None     None     None
467410 20110223   1014.6   1017.8   1015.9   075300   1012.4   152500     19.5     24.6   142600     15.8   023400     14.7       74       59   142600      1.9    350.0      8.4    340.0   163300      0.0      0.0      0.0     None      0.0     None      8.6     74.9    19.47      4.1     None     6.00   130000      2.8     None     None     None     None     None     None     None
467410 20110224   1013.5   1016.6   1015.3   084100   1011.5   145300     21.2     26.2   132000     16.9   061500     14.8       68       51   140400      1.7    350.0      6.8    310.0   153700      0.0      0.0      0.0     None      0.0     None      8.8     76.5    18.93      3.8     None     5.22   130000      1.8     None     None     None     None     None     None     None
467410 20110225   1013.9   1017.1   1015.6   104200   1012.0   144700     20.3     26.9   135000     15.6   060400     15.3       74       51   135000      2.7    350.0      9.0    320.0   154000      0.0      0.0      0.0     None      0.0     None      9.0     78.1    18.72      2.5     None     5.12   130000      0.0     None     None     None     None     None     None     None
467410 20110226   1014.6   1017.8   1016.6   083400   1012.7   142300     19.3     24.9   130200     16.5   033100     14.8       76       60   123200      2.8     10.0     10.0    340.0   142500      0.0      0.0      0.0     None      0.0     None      7.8     67.6    19.22      3.5     None     5.65   130000      1.1     None     None     None     None     None     None     None
467410 20110227   1013.8   1017.0   1016.0   093000   1011.8   160000     20.0     25.0   143700     17.4   005500     15.9       78       60   145000      1.5     20.0      5.3     10.0   082400      0.0      0.0      0.0     None      0.0     None      5.6     48.4    14.54      3.0     None     6.13   130000      4.6     None     None     None     None     None     None     None
467410 20110228   1012.0   1015.2   1014.3   082200   1009.8   161000     22.2     28.5   140200     17.7   235800     16.1       70       49   125400      2.4     10.0      8.0    310.0   144700      0.0      0.0      0.0     None      0.0     None     10.1     87.2    21.19      5.1     None     6.74   130000      0.3     None     None     None     None     None     None     None
467410 20110301   1012.1   1015.3   1014.3   083600   1009.8   152500     19.3     25.5   132000     16.1   225500     14.9       77       58   132000      4.2     10.0     12.3     10.0   210900      0.0      0.0      0.0     None      0.0     None      7.4     63.7    19.18      2.9     None     7.16   130000      5.4     None     None     None     None     None     None     None
467410 20110302   1013.9   1017.1   1016.2   220500   1012.2   143000     17.7     23.4   132400     15.0   063100     11.9       70       55   122600      4.3     10.0     10.5     20.0   022800      0.0      0.0      0.0     None      0.0     None      4.9     42.1    16.42      3.9     None     6.60   130000      7.6     None     None     None     None     None     None     None
467410 20110303   1015.1   1018.2   1017.0   215900   1012.5   153300     17.3     22.9   153300     13.8   225700     11.7       70       58   140900      4.5     10.0     13.2     10.0   211000      0.0      0.0      0.0     None      0.0     None      0.7      6.0    13.74      3.9     None     4.94   130000      6.4     None     None     None     None     None     None     None
467410 20110304   1016.2   1019.4   1018.2   090600   1014.2   151800     16.2     21.2   135200     12.7   063800     10.0       67       53   151600      4.6     10.0     11.9     10.0   015200      0.0      0.0      0.0     None      0.0     None      7.3     60.8    19.45      5.0     None     5.71   130000      2.5     None     None     None     None     None     None     None
467410 20110305   1015.6   1018.8   1018.1   091100   1013.4   144600     18.7     24.4   130300     14.2   042700     11.8       65       49   130300      3.2     10.0     11.5    320.0   150300      0.0      0.0      0.0     None      0.0     None      6.6     56.4    18.17      3.0     None     5.95   120000      5.0     None     None     None     None     None     None     None
467410 20110306   1012.6   1015.7   1015.3   000600   1010.0   162800     21.9     27.4   142900     17.2   061600     15.0       65       49   141900      1.6     20.0      5.3     20.0   010100      0.0      0.0      0.0     None      0.0     None      4.8     41.0    15.45      2.8     None     5.00   140000      7.9     None     None     None     None     None     None     None
467410 20110307   1012.6   1015.7   1016.0   231600   1009.6   045700     17.9     22.6   040000     13.7   235800     12.0       69       53   151600      4.9     10.0     19.3     20.0   112400      0.0      0.0      0.0     None      0.0     None      4.3     36.6    14.46      3.9     None     5.45   130000      5.1     None     None     None     None     None     None     None
467410 20110308   1016.4   1019.6   1018.8   233700   1014.8   033000     16.5     20.5   115600     13.4   013100      8.6       60       52   021400      2.2     10.0      7.2    360.0   000700      0.0      0.0      0.0     None      0.0     None      0.2      1.7     5.71      4.9     None     2.96   110000      9.1     None     None     None     None     None     None     None
467410 20110309   1018.5   1021.7   1020.0   100400   1017.1   142500     18.9     23.5   114800     16.0   060200     12.4       66       54   113600      2.3    360.0     10.3    340.0   151500      0.0      0.0      0.0     None      0.0     None      6.1     50.9    18.28      3.5     None     5.31   130000      5.8     None     None     None     None     None     None     None
467410 20110310   1017.7   1020.9   1019.9   090800   1015.5   150600     19.5     23.5   140500     17.3   232200     14.0       71       60   143600      2.9    360.0     10.1    360.0   182200      0.0      0.0      0.0     None      0.0     None      1.9     16.1    11.51      2.1     None     4.30   140000      8.8     None     None     None     None     None     None     None
467410 20110311   1016.5   1019.7   1018.5   090000   1014.5   175900     19.3     24.4   131100     16.6   050700     14.0       72       56   114100      3.6     10.0      9.7    350.0   155900      0.0      0.0      0.0     None      0.0     None      5.9     49.9    18.18      3.6     None     5.70   130000      5.8     None     None     None     None     None     None     None
467410 20110312   1014.9   1018.0   1017.2   091400   1012.4   154700     21.1     27.9   125200     17.5   045000     15.2       70       46   130800      3.1     20.0      9.4    310.0   142600      0.0      0.0      0.0     None      0.0     None      8.6     72.5    20.04      4.3     None     6.06   130000      3.1     None     None     None     None     None     None     None
467410 20110313   1013.2   1016.3   1015.3   103400   1010.9   152000     22.0     27.4   125900     17.5   060700     16.0       69       50   111500      2.6     20.0      6.3    260.0   120700      0.0      0.0      0.0     None      0.0     None      9.3     78.3    20.20      3.9     None     5.30   130000      0.3     None     None     None     None     None     None     None
467410 20110314   1012.2   1015.4   1014.3   085600   1009.4   151500     23.3     28.6   142600     19.4   021500     17.0       69       52   140500      2.4    360.0      9.9     10.0   134300      0.0      0.0      0.0     None      0.0     None      8.1     68.1    18.73      4.1     None     5.04   130000      2.1     None     None     None     None     None     None     None
467410 20110315   1014.2   1017.4   1017.7   215300   1011.9   145000     21.3     27.3   131700     14.5   234700     15.3       69       54   124500      4.1    350.0     14.6    360.0   210800      0.0      0.0      0.0     None      0.0     None      8.1     67.9    19.95      4.1     None     5.93   130000      3.9     None     None     None     None     None     None     None
467410 20110316   1017.5   1020.8   1019.8   100700   1015.3   153900     15.9     20.8   151000     13.0   065500      8.2       60       53   151000      4.8     20.0     14.4     10.0   005100      0.0      0.0      0.0     None      0.0     None      0.5      4.2     9.83      5.4     None     3.76   130000      9.4     None     None     None     None     None     None     None
467410 20110317   1018.1   1021.3   1020.5   085500   1016.2   140800     18.2     23.0   122000     13.9   054700     10.5       61       52   115800      2.1     10.0      8.1     30.0   012500      0.0      0.0      0.0     None      0.0     None      1.1      9.2    14.10      7.0     None     5.77   130000      9.3     None     None     None     None     None     None     None
467410 20110318   1015.8   1018.9   1017.9   000100   1013.8   153500     20.2     24.1   134600     18.1   011400     13.9       68       56   134300      2.4    360.0      8.1    330.0   163900      0.0      0.0      0.0     None      0.0     None      0.0      0.0    10.69      3.7     None     4.42   130000      8.5     None     None     None     None     None     None     None
467410 20110319   1012.1   1015.3   1015.1   000100   1009.8   152400     22.0     27.4   133000     18.1   012500     16.6       72       51   132900      2.3     20.0      8.0     20.0   073600      0.0      0.0      0.0     None      0.0     None      5.3     44.1    18.91      2.7     None     5.70   130000      6.0     None     None     None     None     None     None     None
467410 20110320   1009.9   1013.0   1011.7   085100   1007.6   152300     24.8     29.6   120300     20.2   040900     19.5       73       57   120000      3.6    190.0     12.3    200.0   133100      0.0      0.0      0.0     None      0.0     None     10.7     88.9    23.92      5.4     None     8.06   130000      0.8     None     None     None     None     None     None     None
467410 20110321   1010.2   1013.3   1011.9   234800   1008.5   150500     25.6     29.1   094900     23.3   053500     21.1       76       63   094900      1.7    270.0      6.1    240.0   152300      0.0      0.0      0.0     None      0.0     None      7.1     58.9    17.45      6.3     None     5.96   140000      1.8     None     None     None     None     None     None     None
467410 20110322   1014.0   1017.2   1016.9   235500   1011.5   022200     19.8     24.8   002000     14.8   235900     14.0       70       56   142800      5.8     10.0     16.1     10.0   131400      0.0      0.0      0.0     None      0.0     None      5.6     46.3    20.26      7.8     None     7.18   120000      6.5     None     None     None     None     None     None     None
467410 20110323   1016.8   1020.0   1019.1   083200   1013.9   152900     17.5     22.1   121300     14.8   000900     11.0       66       57   160300      4.2     10.0     10.2    360.0   002400      0.0      0.0      0.0     None      0.0     None      2.2     18.2    14.00      7.3     None     6.55   120000      8.9     None     None     None     None     None     None     None
467410 20110324   1017.3   1020.5   1018.7   080500   1014.7   153900     18.2     22.2   152800     15.7   055700     11.1       64       55   110400      4.1     10.0      9.7     10.0   214300      0.0      0.0      0.0     None      0.0     None      4.5     37.1    17.18      5.5     None     5.04   120000      8.5     None     None     None     None     None     None     None
467410 20110325   1018.2   1021.4   1019.7   084800   1016.1   153400     18.8     24.6   130400     15.0   063200     10.9       60       50   130400      3.2     10.0      9.1    310.0   143200      0.0      0.0      0.0     None      0.0     None      7.2     59.3    19.73      4.9     None     5.71   120000      6.9     None     None     None     None     None     None     None
467410 20110326   1018.6   1021.8   1020.1   093300   1016.6   144600     16.8     20.8   113100     14.7   231500     10.2       65       54   113000      4.2     10.0     11.0    350.0   150100      0.0      0.0      0.0     None      0.0     None      1.0      8.2    10.64      4.5     None     3.76   110000      8.4     None     None     None     None     None     None     None
467410 20110327   1017.8   1021.0   1019.4   093600   1015.5   152400     13.9     15.5   125000     12.1   221600     10.5       80       71   001800      4.8     10.0     12.3     10.0   170800      2.0      4.8      0.5   131000      1.0   210600      0.0      0.0     5.07      5.5     None     2.29   130000      9.9     None     None     None     None     None     None     None
467410 20110328   1017.6   1020.8   1019.2   092600   1015.1   160500     15.5     20.9   143900     11.9   004300     11.7       79       60   161000      4.0     20.0      9.6     20.0   195400      2.2      5.4      0.5   002600      1.0   012100      2.2     18.0    13.69      4.8     None     5.41   140000      9.1     None     None     None     None     None     None     None
467410 20110329   1017.7   1020.9   1019.8   084300   1015.7   153300     18.7     24.2   141900     14.2   060500     10.8       62       42   164900      4.2     10.0     12.1     20.0   174200      0.0      0.0      0.0     None      0.0     None      3.2     26.1    18.79      5.9     None     7.84   120000      8.1     None     None     None     None     None     None     None
467410 20110330   1016.3   1019.5   1018.0   093400   1015.1   155700     20.0     24.0   130400     17.4   000400     11.9       60       48   113300      1.6     30.0      5.9     10.0   181900      0.0      0.0      0.0     None      0.0     None      0.0      0.0     9.10      4.3     None     3.49   140000      9.9     None     None     None     None     None     None     None
467410 20110331   1015.6   1018.8   1018.0   092600   1013.5   151400     18.9     23.8   153800     16.1   070000     13.5       72       50   152400      2.1     30.0      9.5    330.0   161600      0.5      1.9      0.3   023800      0.3   023800      0.7      5.7    10.36      3.9     None     3.53   130000      9.4     None     None     None     None     None     None     None
467410 20110401   1013.7   1016.9   1015.7   083000   1011.7   160200     21.5     27.0   134500     17.8   022900     14.6       66       45   151200      2.8     30.0      9.2    350.0   150800      0.0      0.0      0.0     None      0.0     None     10.4     84.5    24.72      4.3     None     6.50   120000      4.5     None     None     None     None     None     None     None
467410 20110402   1012.0   1015.2   1014.2   000100   1009.2   154000     22.8     27.3   113800     19.3   052100     15.6       65       46   113800      1.9    290.0      8.0    260.0   124600      0.0      0.0      0.0     None      0.0     None     10.3     83.5    24.71      3.3     None     7.40   130000      1.0     None     None     None     None     None     None     None
467410 20110403   1011.4   1014.5   1013.2   081400   1009.3   154400     23.1     27.3   130800     20.3   235900     16.5       67       54   113000      2.3    310.0      8.3    310.0   152000      0.0      0.0      0.0     None      0.0     None      8.8     71.2    23.40      3.9     None     6.99   130000      2.0     None     None     None     None     None     None     None
467410 20110404   1013.2   1016.4   1015.5   215900   1011.5   020900     19.4     23.8   124600     15.4   231100     14.1       72       57   135000      4.1     20.0     12.4     10.0   144100      0.0      0.0      0.0     None      0.0     None      2.9     23.4    16.89      4.5     None     5.43   130000      6.4     None     None     None     None     None     None     None
467410 20110405   1015.1   1018.2   1017.0   092200   1013.0   154900     19.1     24.5   143200     15.0   011900     11.8       63       50   152500      3.1     20.0      7.5     10.0   054900      0.0      0.0      0.0     None      0.0     None      3.4     27.4    16.83      5.0     None     4.94   110000      8.4     None     None     None     None     None     None     None
467410 20110406   1015.1   1018.3   1017.4   093400   1012.6   170900     20.9     25.3   131900     17.0   015900     13.5       63       50   115400      2.4    350.0      8.9    310.0   142300      0.0      0.0      0.0     None      0.0     None      8.0     64.4    22.99      7.0     None     7.39   130000      5.4     None     None     None     None     None     None     None
467410 20110407   1014.5   1017.6   1016.6   081800   1012.1   170700     23.4     28.5   131300     19.8   053500     15.8       64       45   122000      2.5    320.0     10.6    320.0   144100      0.0      0.0      0.0     None      0.0     None     10.6     85.2    25.04      4.3     None     6.88   120000      1.8     None     None     None     None     None     None     None
467410 20110408   1015.0   1018.1   1016.6   082500   1013.1   154700     24.0     29.4   114300     20.7   041600     16.2       62       44   114200      3.8     30.0     11.3    330.0   151300      0.0      0.0      0.0     None      0.0     None     10.2     81.8    24.65      5.9     None     7.03   120000      0.0     None     None     None     None     None     None     None
467410 20110409   1016.5   1019.7   1018.4   090200   1014.7   154100     23.5     28.8   115100     19.8   053500     17.7       70       55   113200      2.8     20.0      8.6    300.0   123500      0.0      0.0      0.0     None      0.0     None      9.3     74.5    23.46      3.4     None     7.07   130000      1.5     None     None     None     None     None     None     None
467410 20110410   1015.3   1018.4   1018.3   090900   1012.6   170200     23.9     28.1   121400     21.0   021900     18.2       71       56   142000      1.9     20.0      6.5    320.0   145200      0.0      0.0      0.0     None      0.0     None      6.4     51.2    19.95      4.0     None     6.75   130000      2.4     None     None     None     None     None     None     None
467410 20110411   1013.3   1016.4   1015.4   093400   1011.3   163300     23.9     27.6   122800     21.0   235959     18.1       71       58   113600      2.5    350.0     10.7    340.0   154700      0.0      0.0      0.0     None      0.0     None      2.0     16.0    14.66      3.0     None     4.57   110000      4.5     None     None     None     None     None     None     None
467410 20110412   1014.6   1017.8   1016.2   090200   1013.1   030600     22.7     27.1   124800     19.6   033300     16.0       66       54   124700      2.6    340.0      8.1    310.0   140800      0.0      0.0      0.0     None      0.0     None      3.4     27.1    18.03      3.9     None     5.76   130000      3.1     None     None     None     None     None     None     None
467410 20110413   1014.2   1017.3   1016.3   081000   1012.1   152400     24.0     28.3   120000     21.5   045800     16.8       64       49   144100      2.2    320.0      8.1    350.0   145300      0.0      0.0      0.0     None      0.0     None      6.6     52.5    20.13      6.0     None     6.99   130000      3.4     None     None     None     None     None     None     None
467410 20110414   1010.8   1013.9   1013.2   000100   1008.2   154400     25.2     30.0   130600     22.6   062300     18.2       66       45   151500      2.0     30.0      7.8    320.0   135700      0.0      0.0      0.0     None      0.0     None      5.5     43.7    18.90      4.6     None     6.73   120000      5.3     None     None     None     None     None     None     None
467410 20110415   1008.2   1011.3   1010.2   084100   1005.8   153600     26.0     30.0   114400     22.9   055400     19.3       67       47   114400      3.3    140.0      8.9    220.0   154700      0.0      0.0      0.0     None      0.0     None     10.5     83.2    24.16      5.6     None     7.91   130000      1.6     None     None     None     None     None     None     None
467410 20110416   1008.0   1011.1   1009.5   084700   1006.1   154600     25.7     28.9   104800     24.0   071100     20.1       72       51   160100      2.8    170.0      8.2    260.0   150900      0.0      0.0      0.0     None      0.0     None      8.3     65.6    20.95      9.4     None     6.60   120000      3.1     None     None     None     None     None     None     None
467410 20110417   1006.7   1009.8   1008.8   000100   1004.4   162400     25.3     29.5   102300     21.5   223300     20.1       74       57   102300      2.3    210.0     12.1    330.0   212500     23.0      2.7     12.0   212300     20.0   212000      1.8     14.2    13.24      5.5     None     4.75   110000      7.0     None     None     None     None     None     None     None
467410 20110418   1006.9   1010.0   1009.5   232400   1004.5   025600     23.9     27.2   120800     21.4   000400     18.5       72       57   161100      3.1     10.0      9.6    330.0   124700      0.5      0.9      0.4   003400      0.5   000100      0.9      7.1    13.35      4.9     None     5.12   110000      9.4     None     None     None     None     None     None     None
467410 20110419   1011.6   1014.8   1014.2   221300   1009.0   025600     24.2     28.5   125900     20.6   235600     16.2       62       43   172600      3.0    360.0     10.4     10.0   172200      0.0      0.0      0.0     None      0.0     None      8.3     65.3    22.53      4.6     None     5.57   130000      4.6     None     None     None     None     None     None     None
467410 20110420   1014.3   1017.4   1015.6   082400   1013.1   022900     23.2     26.6   103600     19.7   040700     14.2       58       48   163500      2.3    320.0      9.4    210.0   115600      0.0      0.0      0.0     None      0.0     None     10.4     81.7    25.94      6.4     None     6.82   120000      0.8     None     None     None     None     None     None     None
467410 20110421   1012.9   1016.0   1015.0   092100   1010.9   170000     24.0     27.9   130500     20.7   054100     15.0       57       46   132100      1.7    310.0      7.8    320.0   142800      0.0      0.0      0.0     None      0.0     None      7.6     59.6    22.00      9.1     None     5.90   140000      4.3     None     None     None     None     None     None     None
467410 20110422   1009.3   1012.4   1011.6   000100   1007.3   150400     24.8     28.9   121200     21.9   031600     17.8       65       53   121200      2.5     10.0      8.4     20.0   225600      0.0      0.0      0.0     None      0.0     None      5.5     43.1    21.12      8.1     None     7.08   130000      5.8     None     None     None     None     None     None     None
467410 20110423   1009.6   1012.7   1011.6   222400   1007.7   162700     24.1     28.9   143300     20.5   081900     15.7       61       41   141000      3.7    360.0     10.5     10.0   075800      0.0      0.0      0.0     None      0.0     None      4.5     35.2    19.92      5.9     None     7.40   120000      7.8     None     None     None     None     None     None     None
467410 20110424   1011.2   1014.3   1012.9   221100   1010.0   143400     24.7     28.4   113600     22.4   053700     16.5       61       49   113600      2.7    210.0      8.1    190.0   135200      0.0      0.0      0.0     None      0.0     None      8.6     67.1    23.65      6.0     None     7.13   120000      5.8     None     None     None     None     None     None     None
467410 20110425   1010.7   1013.8   1012.4   090200   1009.2   154100     24.5     27.7   131600     21.8   052600     17.9       67       55   160900      2.1    290.0      7.7    300.0   153400      0.0      0.0      0.0     None      0.0     None      7.7     60.0    22.74      4.9     None     7.08   130000      5.0     None     None     None     None     None     None     None
467410 20110426   1007.6   1010.7   1009.8   000100   1005.5   172600     25.9     30.0   113700     23.0   043800     18.7       65       51   102400      1.8    260.0      8.1    250.0   130900      0.0      0.0      0.0     None      0.0     None      8.2     63.8    22.70      7.8     None     8.57   130000      6.5     None     None     None     None     None     None     None
467410 20110427   1006.1   1009.2   1008.1   090700   1004.6   160200     25.9     30.3   111900     24.3   034700     18.1       63       41   111900      2.0    260.0      7.7    240.0   141800      0.0      0.0      0.0     None      0.0     None      6.6     51.3    21.45     12.1     None     6.40   120000      5.3     None     None     None     None     None     None     None
467410 20110428   1009.1   1012.2   1011.1   221100   1007.3   023100     25.5     29.0   105800     23.3   044200     18.9       67       57   105800      2.2     20.0      7.4    280.0   115800      0.0      0.0      0.0     None      0.0     None      0.7      5.4    13.71      5.6     None     4.82   110000      8.1     None     None     None     None     None     None     None
467410 20110429   1010.0   1013.1   1011.7   084200   1008.6   030000     24.9     27.5   125200     23.8   025600     20.0       74       62   110900      1.6     20.0      6.2    350.0   145400      2.5      1.0      1.5   154600      2.0   151500      0.0      0.0     5.50      2.3     None     2.41   130000     10.0     None     None     None     None     None     None     None
467410 20110430   1009.1   1012.2   1010.5   000100   1008.4   043300     26.4     29.9   130000     22.8   043700     22.0       77       64   100700      3.3    180.0     12.5    180.0   151200      0.0      0.0      0.0     None      0.0     None      0.0      0.0     8.58      8.4     None     4.26   130000      8.6     None     None     None     None     None     None     None
467410 20110501   1008.8   1011.9   1010.4   091500   1006.9   161400     26.9     31.0   134700     24.7   053100     22.2       76       57   161200      2.1    320.0      6.8    330.0   151200      0.0      0.0      0.0     None      0.0     None      0.9      6.9    14.56      9.5     None     6.22   130000      6.4     None     None     None     None     None     None     None
467410 20110502   1008.1   1011.2   1009.6   070000   1006.0   164600     26.9     30.9   121500     24.6   053400     21.1       71       58   162000      2.0     20.0      8.2    330.0   133100      0.0      0.0      0.0     None      0.0     None      3.7     28.5    15.98      7.5     None     5.95   130000      4.9     None     None     None     None     None     None     None
467410 20110503   1007.7   1010.8   1010.0   215600   1006.0   154100     26.8     32.6   122200     23.4   235100     21.2       72       55   122200      3.1     10.0     11.5    340.0   171100      0.0      0.0      0.0     None      0.0     None      7.4     57.0    22.70      3.6     None     8.24   120000      6.6     None     None     None     None     None     None     None
467410 20110504   1008.6   1011.7   1010.0   212000   1007.2   160000     25.3     29.4   150700     22.1   042500     19.8       72       59   123900      2.6     20.0      7.4    260.0   130300      0.0      0.0      0.0     None      0.0     None      5.7     43.8    21.37      6.5     None     9.32   130000      4.5     None     None     None     None     None     None     None
467410 20110505   1008.8   1011.8   1010.2   220900   1007.5   162100     26.3     31.1   110900     23.1   040300     20.4       70       55   110600      3.6    320.0     10.0    300.0   122000      0.0      0.0      0.0     None      0.0     None     11.0     84.5    26.37      7.9     None     9.73   120000      3.5     None     None     None     None     None     None     None
467410 20110506   1008.2   1011.3   1009.8   094200   1007.0   190000     26.5     30.4   124400     23.2   030800     20.6       70       60   123800      2.0     10.0      7.7    330.0   134500      0.0      0.0      0.0     None      0.0     None      9.6     73.6    25.92     10.1     None     9.21   120000      1.5     None     None     None     None     None     None     None
467410 20110507   1007.5   1010.6   1009.1   081700   1006.4   033100     27.5     31.2   131600     24.9   041000     21.0       68       56   131300      1.6    340.0      7.5    260.0   132100      0.0      0.0      0.0     None      0.0     None      5.2     39.8    20.85     11.3     None     8.06   130000      5.8     None     None     None     None     None     None     None
467410 20110508   1006.8   1009.9   1008.9   000100   1005.0   160800     28.3     32.7   113300     25.6   030300     21.4       67       55   100500      3.0    360.0     10.8    320.0   141900      0.0      0.0      0.0     None      0.0     None     10.8     82.6    25.93      9.5     None     7.89   120000      3.5     None     None     None     None     None     None     None
467410 20110509   1005.0   1008.0   1006.9   000100   1002.9   145800     28.9     33.8   122000     25.6   031600     20.7       62       48   122000      3.0     20.0     11.5    350.0   142800      0.0      0.0      0.0     None      0.0     None      9.4     71.8    25.41     11.8     None     8.83   130000      2.3     None     None     None     None     None     None     None
467410 20110510   1003.8   1006.9   1004.8   063200   1002.2   161700     28.6     32.7   123400     25.8   055300     20.8       64       48   123300      3.4    330.0     13.0    340.0   130400      0.0      0.0      0.0     None      0.0     None     11.3     86.2    26.24      8.8     None     8.22   130000      0.5     None     None     None     None     None     None     None
467410 20110511   1005.5   1008.5   1007.6   223800   1003.9   035000     28.3     31.4   130500     26.3   015300     22.9       73       60   122300      2.5    210.0      8.2    210.0   155100      0.0      0.0      0.0     None      0.0     None      8.2     62.5    21.72     14.0     None     9.47   120000      4.3     None     None     None     None     None     None     None
467410 20110512   1007.1   1010.2   1009.4   224900   1005.3   151600     29.0     32.5   105100     27.1   024500     24.3       76       59   105100      2.1    210.0      8.1    260.0   130600      0.0      0.0      0.0     None      0.0     None      6.1     46.4    20.77     10.9     None     9.13   130000      5.5     None     None     None     None     None     None     None
467410 20110513   1008.5   1011.6   1010.4   220300   1007.2   142200     28.7     32.5   105700     27.2   045200     23.1       72       61   123600      2.1    270.0      8.2    280.0   131500      0.0      0.0      0.0     None      0.0     None      7.3     55.5    22.72      8.3     None     9.24   130000      5.5     None     None     None     None     None     None     None
467410 20110514   1010.3   1013.4   1012.0   222800   1008.5   021900     27.2     30.1   145000     25.0   231200     21.9       73       65   122600      2.7    360.0      6.7    340.0   153000      0.0      0.0      0.0     None      0.0     None      0.1      0.8    11.19      2.8     None     4.12   120000      8.9     None     None     None     None     None     None     None
467410 20110515   1011.9   1015.0   1013.2   085800   1010.8   162400     27.2     31.5   123800     24.6   021600     21.6       72       58   123800      2.7    360.0      9.6    360.0   183400      0.0      0.0      0.0     None      0.0     None      6.8     51.5    21.06      5.9     None     8.33   130000      5.5     None     None     None     None     None     None     None
467410 20110516   1010.2   1013.3   1012.0   000100   1008.3   154700     26.7     31.0   143800     22.6   235900     21.1       72       57   143800      3.7     10.0      8.9    310.0   122200     -9.8      0.2     -9.8   235000     -9.8   235000      7.4     56.0    22.23      6.3     None     8.93   130000      5.6     None     None     None     None     None     None     None
467410 20110517   1008.3   1011.4   1009.6   000100   1007.2   163700     21.8     22.9   171600     20.4   121300     19.2       85       75   171500      3.1     10.0     11.1     10.0   120800     14.5      9.0      2.0   100000      5.5   091000      0.0      0.0     3.60      4.0     None     2.23   130000      9.6     None     None     None     None     None     None     None
467410 20110518   1008.2   1011.3   1009.9   221000   1007.0   161700     24.1     27.3   121900     21.7   005800     20.7       82       68   132700      1.2     20.0      4.7     10.0   084700      5.0      3.7      2.5   185400      4.5   181600      0.2      1.5     9.62      3.4     None     4.99   110000      9.6     None     None     None     None     None     None     None
467410 20110519   1008.9   1012.0   1010.2   101300   1007.7   163000     25.6     28.4   141700     23.5   005000     21.5       78       69   132000      1.6     30.0      8.6    200.0   142800      0.0      0.0      0.0     None      0.0     None      1.5     11.3    11.62     10.6     None     4.84   140000      8.6     None     None     None     None     None     None     None
467410 20110520   1007.6   1010.7   1009.4   084600   1006.4   173000     25.1     27.4   153200     23.1   091300     21.0       79       64   142700      2.0    150.0      9.2    160.0   105700      7.0      6.3      1.0   085600      2.0   061400      0.1      0.8     8.75     10.1     None     3.98   120000      7.8     None     None     None     None     None     None     None
467410 20110521   1006.2   1009.3   1007.2   000100   1004.5   152500     26.7     30.3   104000     23.7   050300     21.3       73       60   094600      2.6    150.0      9.2    200.0   125600      0.0      0.0      0.0     None      0.0     None      3.5     26.4    17.77     14.3     None     6.21   110000      6.5     None     None     None     None     None     None     None
467410 20110522   1006.1   1009.2   1007.3   084900   1004.9   152000     27.8     31.6   121900     25.2   040300     22.5       73       60   121900      2.3    130.0      7.4    260.0   142200      0.0      0.0      0.0     None      0.0     None      4.9     36.9    21.06     11.4     None     8.50   130000      7.3     None     None     None     None     None     None     None
467410 20110523   1006.1   1009.2   1007.1   132700   1004.8   021000     26.2     30.6   124300     23.7   050900     22.2       79       65   123800      2.0    160.0     12.9    270.0   131800     28.5      4.1      9.5   132100     18.0   130000      0.0      0.0     9.10      8.9     None     4.29   120000      8.9     None     None     None     None     None     None     None
467410 20110524   1006.3   1009.4   1008.0   212700   1004.8   150600     27.1     31.1   133100     24.8   234600     22.1       74       64   112100      1.9    300.0      8.3    290.0   151800      0.2      0.2      0.2   064800      0.2   064800      5.1     38.3    17.78     10.9     None     7.58   120000      5.1     None     None     None     None     None     None     None
467410 20110525   1006.3   1009.4   1007.7   080300   1004.3   152200     27.0     31.7   142500     23.3   045500     21.6       73       58   141200      3.0    360.0      8.0    330.0   134500      0.0      0.0      0.0     None      0.0     None      7.2     54.0    22.98      7.4     None     7.43   130000      5.6     None     None     None     None     None     None     None
467410 20110526   1005.4   1008.5   1006.8   000100   1003.3   160700     27.4     31.6   112100     24.2   052200     22.3       74       60   112000      2.8     10.0     10.6    320.0   130400     -9.8      0.4     -9.8   192000     -9.8   192000      5.8     43.5    23.59      4.0     None     8.10   120000      6.5     None     None     None     None     None     None     None
467410 20110527   1001.8   1004.9   1004.9   000100    998.3   235900     27.2     31.8   125900     24.5   232000     22.2       75       62   120300      3.8    360.0     13.6    360.0   165300      0.0      0.0      0.0     None      0.0     None      3.3     24.7    18.88      4.6     None     6.67   120000      7.1     None     None     None     None     None     None     None
467410 20110528    999.9   1003.0   1005.6   233900    996.0   032900     24.7     27.5   145400     22.4   233700     19.6       74       64   142700      5.6    360.0     17.5     10.0   135100      0.0      0.0      0.0     None      0.0     None      3.1     23.2    11.51      6.8     None     4.80   140000      6.0     None     None     None     None     None     None     None
467410 20110529   1008.4   1011.5   1010.8   224400   1005.2   022400     25.4     31.5   123900     21.2   042600     17.2       62       41   112000      3.3     10.0      9.9    320.0   144600      0.0      0.0      0.0     None      0.0     None     10.5     78.5    26.68      8.5     None     7.99   120000      1.4     None     None     None     None     None     None     None
467410 20110530   1009.0   1012.1   1010.8   080700   1006.9   161500     26.4     29.8   134900     23.4   000800     18.9       64       54   140700      1.5    310.0      7.3    290.0   144200      0.0      0.0      0.0     None      0.0     None     10.8     80.7    26.66      7.6     None     8.27   120000      2.4     None     None     None     None     None     None     None
467410 20110531   1006.3   1009.4   1007.9   000100   1005.0   184700     26.8     30.9   111800     24.1   050000     20.9       71       54   111500      1.4     20.0      6.2     30.0   064000     -9.8      3.0     -9.8   140500     -9.8   140500      0.8      6.0    10.79      5.6     None     5.30   110000      7.0     None     None     None     None     None     None     None
467410 20110601   1005.4   1008.5   1007.3   082600   1003.7   031900     26.1     27.4   175000     23.8   085400     22.4       80       72   072400      3.2    140.0     10.7    160.0   235900      9.0      7.0      2.0   082300      4.5   081100      0.0      0.0     4.43      9.0     None     2.66   140000      9.5     None     None     None     None     None     None     None
467410 20110602   1007.2   1010.3   1008.8   221800   1005.0   014800     27.2     30.0   125600     25.6   035700     23.6       81       69   101500      3.7    160.0     12.4    180.0   003700     11.5      4.6      3.5   040400      7.5   031400      0.7      5.2     9.63      6.4     None     5.68   130000      7.9     None     None     None     None     None     None     None
467410 20110603   1008.3   1011.4   1009.3   074900   1007.1   153100     27.3     30.3   125400     25.5   042200     22.9       78       64   131100      1.7    260.0      6.6    270.0   135000      0.0      0.0      0.0     None      0.0     None      6.6     49.2    21.77      9.5     None     7.60   140000      5.3     None     None     None     None     None     None     None
467410 20110604   1007.9   1011.0   1009.4   081900   1006.5   155200     28.0     31.9   141900     25.2   042600     22.8       74       58   124300      2.0    170.0      7.3    260.0   172200      0.0      0.0      0.0     None      0.0     None      9.4     70.0    24.23      7.0     None     8.96   120000      3.0     None     None     None     None     None     None     None
467410 20110605   1008.1   1011.2   1009.5   094300   1007.1   174300     29.2     33.0   125900     25.9   051700     22.8       69       50   105500      2.1    160.0      6.6    290.0   161700      0.0      0.0      0.0     None      0.0     None     11.1     82.6    24.77     11.4     None     9.27   130000      4.1     None     None     None     None     None     None     None
467410 20110606   1007.3   1010.3   1009.2   093700   1006.0   160200     29.6     33.0   144100     26.9   050300     23.1       69       52   145100      2.0    300.0      8.1    320.0   115700      0.0      0.0      0.0     None      0.0     None     11.0     81.8    26.57     14.4     None    10.95   130000      1.6     None     None     None     None     None     None     None
467410 20110607   1006.3   1009.4   1007.7   223400   1004.2   162300     29.7     33.3   125000     27.2   032000     23.9       72       57   110200      2.4    190.0      6.7    270.0   154800      0.0      0.0      0.0     None      0.0     None     11.4     84.7    26.67     20.4     None    10.63   120000      5.3     None     None     None     None     None     None     None
467410 20110608   1006.0   1009.1   1007.0   091800   1004.9   165700     29.7     33.0   124900     27.6   044700     23.9       71       58   124800      2.4    180.0      9.1    260.0   144600      0.0      0.0      0.0     None      0.0     None     11.3     83.9    27.62     17.5     None    10.73   130000      4.3     None     None     None     None     None     None     None
467410 20110609   1005.5   1008.5   1007.6   085500   1003.1   165700     30.7     34.3   125800     27.7   043900     23.5       66       54   123900      4.4    200.0     14.3    210.0   145200      0.0      0.0      0.0     None      0.0     None     12.4     92.1    28.53     13.3     None    10.65   130000      3.1     None     None     None     None     None     None     None
467410 20110610   1003.7   1006.7   1005.5   215400   1002.2   143700     31.0     35.2   115700     27.7   190200     21.9       59       47   113500      6.0    180.0     18.9    190.0   130200      0.0      0.0      0.0     None      0.0     None     12.4     92.0    28.13     18.8     None    10.86   120000      3.4     None     None     None     None     None     None     None
467410 20110611   1005.4   1008.4   1007.7   224900   1003.1   015000     30.2     33.5   123600     28.0   000900     22.9       65       51   124400      6.1    180.0     16.3    180.0   102800      0.0      0.0      0.0     None      0.0     None     12.2     90.5    27.97     15.6     None    10.99   130000      2.4     None     None     None     None     None     None     None
467410 20110612   1007.4   1010.5   1008.7   084400   1006.3   153200     29.3     33.3   122700     26.1   081100     23.7       72       57   114900      3.7    200.0     13.1    220.0   075800      0.5      0.5      0.5   080500      0.5   080100      7.0     51.9    21.16     21.0     None     8.93   110000      6.4     None     None     None     None     None     None     None
467410 20110613   1007.1   1010.1   1008.2   084700   1005.1   160300     29.9     33.5   141500     27.7   045700     24.0       71       57   141500      2.3    180.0      8.4    260.0   160200      0.0      0.0      0.0     None      0.0     None      9.9     73.4    25.97     18.3     None    10.57   120000      4.8     None     None     None     None     None     None     None
467410 20110614   1006.3   1009.4   1007.9   000100   1004.8   161700     30.3     33.3   115200     27.8   051300     23.9       69       58   140000      2.3    180.0      8.7    270.0   134000      0.0      0.0      0.0     None      0.0     None     11.9     88.2    27.38     16.1     None    10.96   120000      4.4     None     None     None     None     None     None     None
467410 20110615   1005.5   1008.5   1006.7   225600   1004.1   162900     30.3     34.4   111200     28.0   023500     23.6       68       47   114900      2.4    190.0      8.3    230.0   132400      0.0      0.0      0.0     None      0.0     None      8.9     65.9    25.04     14.1     None    10.88   130000      5.1     None     None     None     None     None     None     None
467410 20110616   1005.9   1009.0   1007.6   234100   1004.2   161700     30.5     34.2   135300     28.2   043800     23.7       68       50   141200      3.5    200.0      9.9    180.0   192500      0.0      0.0      0.0     None      0.0     None     10.0     74.1    23.79     13.1     None     8.90   120000      4.3     None     None     None     None     None     None     None
467410 20110617   1006.8   1009.8   1008.7   224600   1005.1   170300     30.8     34.5   122200     28.2   054700     22.8       63       51   123100      4.4    190.0     17.4    180.0   125400      0.0      0.0      0.0     None      0.0     None      9.6     71.1    23.38     22.9     None    10.02   130000      6.5     None     None     None     None     None     None     None
467410 20110618   1005.2   1008.3   1008.1   000100   1003.4   172100     30.5     34.0   122200     27.7   045300     23.6       67       52   092500      3.5    220.0     14.0    190.0   123200      0.0      0.0      0.0     None      0.0     None     11.3     83.7    27.56     17.5     None     9.31   130000      4.1     None     None     None     None     None     None     None
467410 20110619   1003.5   1006.5   1004.9   000100   1002.4   153500     30.3     34.3   094400     28.2   040600     23.7       68       51   094100      2.6     20.0      9.6    240.0   131700      0.0      0.0      0.0     None      0.0     None     10.1     74.8    26.93     15.4     None     9.46   120000      3.1     None     None     None     None     None     None     None
467410 20110620   1002.4   1005.5   1004.5   220900   1000.3   151200     30.8     35.4   111400     27.7   044700     23.3       65       46   111400      3.1     20.0      9.7    310.0   135500      0.0      0.0      0.0     None      0.0     None      8.2     60.7    23.36     13.6     None     8.47   110000      4.6     None     None     None     None     None     None     None
467410 20110621   1003.3   1006.4   1004.5   221200   1002.1   032400     28.5     32.2   151200     26.2   075600     23.9       76       61   140800      1.4     40.0      6.6     20.0   140900      5.0      4.8      1.0   051500      3.0   051000      0.0      0.0     9.49      7.0     None     6.24   120000      8.0     None     None     None     None     None     None     None
467410 20110622   1002.5   1005.5   1004.0   000100   1001.5   161700     29.0     31.5   142900     27.1   051200     23.7       73       62   125100      1.8     10.0      6.8    300.0   131300      0.0      0.0      0.0     None      0.0     None      0.0      0.0     7.87      4.9     None     3.90   140000      9.1     None     None     None     None     None     None     None
467410 20110623    999.7   1002.7   1002.1   000100    998.1   163300     29.7     34.0   113800     26.1   141200     24.5       74       62   113800      2.2    360.0     15.0     20.0   134500     52.5      1.3     15.0   133700     52.0   131200      6.1     45.2    17.29      4.4     None     6.92   120000      5.0     None     None     None     None     None     None     None
467410 20110624    994.6    997.6    998.2   000100    991.8   170900     29.5     33.1   150400     26.9   051100     23.9       72       59   140600      2.9    360.0     12.9     10.0   225200      0.0      0.0      0.0     None      0.0     None      7.2     53.3    21.33      6.4     None     8.91   120000      5.5     None     None     None     None     None     None     None
467410 20110625    997.9   1000.9   1001.9   221200    994.4   025700     28.0     29.6   130100     25.9   051600     24.0       79       68   123000      2.8     10.0     11.9     10.0   001000      0.5      0.3      0.5   041800      0.5   041800      0.0      0.0     5.49      8.8     None     2.81   120000      9.3     None     None     None     None     None     None     None
467410 20110626   1002.2   1005.2   1003.9   222100   1000.9   134800     28.7     32.7   123800     25.8   050900     24.7       79       66   123800      3.2    200.0     11.9    210.0   165600     16.5      2.9     11.0   045000     14.0   043000      4.4     32.6    20.52     10.5     None    10.40   120000      7.1     None     None     None     None     None     None     None
467410 20110627   1003.5   1006.6   1005.7   225500   1002.0   150500     27.9     32.4   120400     24.7   205500     24.4       82       63   120400      3.5    200.0     12.9    210.0   132200     42.5      6.1      9.0   204000     23.5   202000      6.5     48.2    19.05     15.1     None    11.15   130000      8.3     None     None     None     None     None     None     None
467410 20110628   1005.9   1009.0   1007.9   225200   1003.7   043300     24.7     25.6   171200     23.4   115000     22.8       89       80   202000      3.5    160.0     11.4    150.0   052800    166.0     15.8     11.0   110300     37.5   101600      0.0      0.0     2.34      3.0     None     1.32   150000     10.0     None     None     None     None     None     None     None
467410 20110629   1007.5   1010.6   1009.3   215900   1006.3   035200     27.6     31.2   113400     25.0   011400     23.2       77       65   113300      2.9    190.0     11.4    180.0   103100     -9.8      0.3     -9.8   032000     -9.8   032000      0.5      3.7    15.35      9.5     None     9.03   120000      7.6     None     None     None     None     None     None     None
467410 20110630   1008.4   1011.4   1009.9   214700   1007.1   160300     28.7     31.8   110700     26.0   044300     23.5       74       59   112800      2.4    220.0      9.6    200.0   153800      0.0      0.0      0.0     None      0.0     None     10.5     77.9    25.94     13.9     None    10.56   120000      6.0     None     None     None     None     None     None     None
467410 20110701   1008.3   1011.3   1009.6   074800   1006.5   162400     29.4     32.3   140800     27.2   042200     23.9       73       63   094200      2.2    330.0      7.8    300.0   143700      0.0      0.0      0.0     None      0.0     None      5.7     42.3    19.31     13.0     None     7.47   140000      6.0     None     None     None     None     None     None     None
467410 20110702   1006.6   1009.7   1008.2   000100   1005.4   152100     29.4     33.5   114000     26.8   044600     23.8       73       57   105800      2.1    230.0      8.9    260.0   151300      0.0      0.0      0.0     None      0.0     None      9.3     69.0    25.66     11.6     None    11.01   120000      5.6     None     None     None     None     None     None     None
467410 20110703   1006.5   1009.6   1007.9   221400   1005.1   163400     29.5     32.7   115500     27.0   043700     24.1       73       59   143900      2.3    260.0      7.3    280.0   144600      0.0      0.0      0.0     None      0.0     None      9.9     73.5    22.58     15.8     None     9.94   130000      3.3     None     None     None     None     None     None     None
467410 20110704   1007.7   1010.7   1008.9   080300   1006.2   162900     29.8     32.7   113700     27.7   050800     24.2       72       58   120400      2.9    190.0      8.0    230.0   154900      0.0      0.0      0.0     None      0.0     None     11.0     81.7    27.86     13.1     None    10.73   120000      4.4     None     None     None     None     None     None     None
467410 20110705   1006.4   1009.4   1007.9   071300   1004.9   171000     29.7     33.0   150200     27.7   045600     22.9       67       55   135400      2.5    190.0      7.5    260.0   155900      0.0      0.0      0.0     None      0.0     None     11.6     86.2    27.04     18.1     None    10.67   130000      4.4     None     None     None     None     None     None     None
467410 20110706   1003.1   1006.1   1005.4   000100   1001.2   162900     29.8     32.8   130200     27.3   053800     23.4       69       54   141800      2.2    160.0      7.6    330.0   165500      0.0      0.0      0.0     None      0.0     None     10.5     80.3    26.66     14.9     None    10.63   130000      2.0     None     None     None     None     None     None     None
467410 20110707   1002.5   1005.5   1003.6   092700   1001.3   033900     29.8     32.7   113500     27.6   052300     22.8       66       51   141000      2.2    160.0      9.2    310.0   141200      0.0      0.0      0.0     None      0.0     None     10.2     75.9    25.10     15.0     None     9.61   130000      2.9     None     None     None     None     None     None     None
467410 20110708   1003.2   1006.2   1004.7   071300   1001.6   163800     29.7     33.1   130400     27.1   041500     23.0       68       53   113100      2.3    280.0      7.3    250.0   120500      0.0      0.0      0.0     None      0.0     None      8.5     63.2    24.89     16.1     None     9.44   120000      4.4     None     None     None     None     None     None     None
467410 20110709   1002.0   1005.0   1003.4   084000   1000.3   155100     30.0     33.5   123500     28.1   054100     23.6       69       55   121900      2.2    260.0      7.2    270.0   154300      0.0      0.0      0.0     None      0.0     None      8.0     59.6    23.12     12.9     None    10.09   130000      7.1     None     None     None     None     None     None     None
467410 20110710   1000.0   1003.0   1001.4   225400    998.3   152500     27.9     30.7   120400     25.2   030200     24.1       80       70   120400      3.0    200.0     12.9    160.0   222700     19.0      2.4      6.0   182800     11.0   012200      1.3      9.7    15.66      8.0     None     6.90   130000      8.6     None     None     None     None     None     None     None
467410 20110711   1000.9   1003.9   1002.7   224900    999.6   031700     28.5     31.5   100500     25.9   051900     23.5       75       64   095500      4.2    180.0     13.4    190.0   111900      0.0      0.0      0.0     None      0.0     None      5.7     42.5    19.22     12.1     None     9.52   130000      5.4     None     None     None     None     None     None     None
467410 20110712   1002.2   1005.3   1004.1   212900   1000.9   141600     28.3     32.5   113500     26.1   213700     23.5       76       58   113500      3.3    210.0     12.1    230.0   132700     12.5      4.2      2.0   200400      5.5   191400      6.7     50.7    19.45     16.6     None    10.27   120000      7.0     None     None     None     None     None     None     None
467410 20110713   1003.2   1006.2   1004.9   220800   1001.9   152900     27.7     31.9   122900     25.3   233900     23.5       79       60   133500      3.5    190.0     12.9    190.0   231500     17.5      1.7      8.0   161200     14.0   160500      4.9     36.6    20.48     10.9     None    10.85   130000      7.5     None     None     None     None     None     None     None
467410 20110714   1004.1   1007.2   1007.0   213700   1002.9   162800     26.6     31.0   131900     24.0   214800     23.3       83       66   131900      5.4    160.0     17.4    150.0   094800     32.0      6.7      6.0   213300     13.0   014500      4.2     31.4    19.38     10.5     None     9.36   130000      8.0     None     None     None     None     None     None     None
467410 20110715   1005.8   1008.9   1007.1   221700   1004.5   014800     26.2     31.3   141300     24.2   003300     23.2       84       62   141800      4.3    130.0     18.5    200.0   162200     28.0     10.6      4.5   162600      9.0   161500      0.9      6.7     9.48      9.1     None     8.63   140000      9.0     None     None     None     None     None     None     None
467410 20110716   1004.0   1007.1   1006.9   000100   1002.2   162300     26.5     31.2   103800     24.5   174400     23.4       83       68   094300      3.2    130.0     12.3    190.0   104900     26.5      8.7     12.0   173500     16.0   173000      2.0     15.0    14.15     10.3     None     6.37   100000      9.4     None     None     None     None     None     None     None
467410 20110717   1000.8   1003.9   1002.7   000100    999.5   172700     25.7     27.9   080700     24.8   052300     23.6       88       77   034200      2.2    130.0      7.3    140.0   081800     78.0      8.8     12.0   093700     33.5   085300      1.1      8.2     5.64      8.4     None     2.95   120000      7.6     None     None     None     None     None     None     None
467410 20110718    998.4   1001.5   1000.1   000100    996.3   164800     26.9     30.5   125400     24.9   010500     24.9       89       74   135000      3.6    170.0     13.2    220.0   212800     40.5      9.7      6.5   213500      7.5   204600      1.4     10.5    13.29      5.0     None     7.99   130000      9.5     None     None     None     None     None     None     None
467410 20110719    999.8   1002.9   1002.7   225100    997.9   004400     28.4     30.6   144100     26.4   213900     25.5       84       75   144100      4.0    220.0     12.8    220.0   024100     13.0      3.3      2.5   162000      6.0   212400      1.8     13.5    13.90      8.1     None     6.23   120000      8.8     None     None     None     None     None     None     None
467410 20110720   1003.9   1007.0   1006.8   221100   1001.2   023900     26.7     28.0   000100     25.0   222500     24.4       87       78   201300      3.1    150.0      9.9    250.0   092300     61.5      8.8     11.0   221300     29.0   213200      0.0      0.0     5.25      6.5     None     3.94   120000      8.5     None     None     None     None     None     None     None
467410 20110721   1005.2   1008.3   1006.3   084700   1004.0   032800     28.2     31.1   114200     25.8   000100     24.9       83       67   142400      2.2    130.0      8.2    210.0   114300      2.5      2.0      1.5   083100      2.5   074100      4.0     30.1    16.07      8.6     None    10.83   120000      6.4     None     None     None     None     None     None     None
467410 20110722   1005.4   1008.4   1006.4   101600   1004.2   162400     29.4     32.6   125500     26.8   052600     24.5       76       62   140600      1.9    290.0      7.3    260.0   153200      0.0      0.0      0.0     None      0.0     None     10.7     80.5    25.58     16.3     None    10.93   120000      3.9     None     None     None     None     None     None     None
467410 20110723   1005.5   1008.6   1006.8   232000   1004.3   175100     29.7     33.0   123400     27.4   053700     24.3       73       62   131100      2.0    310.0      8.3    320.0   133000      0.0      0.0      0.0     None      0.0     None      9.9     74.6    23.67     14.3     None    10.57   130000      2.5     None     None     None     None     None     None     None
467410 20110724   1005.5   1008.5   1006.6   000100   1003.8   165700     29.9     33.1   115900     27.8   050500     24.3       72       60   110400      1.9    240.0      7.9    260.0   152100      0.0      0.0      0.0     None      0.0     None     10.6     79.9    27.46     11.4     None    11.03   130000      4.1     None     None     None     None     None     None     None
467410 20110725   1006.0   1009.0   1007.1   215900   1004.3   145300     29.7     33.8   114400     27.7   204300     23.9       72       52   114400      1.8    260.0      7.6    250.0   133800      0.0      0.0      0.0     None      0.0     None      7.5     56.6    22.70      9.1     None    10.22   130000      4.3     None     None     None     None     None     None     None
467410 20110726   1006.0   1009.0   1007.5   093500   1004.2   154000     29.6     32.8   122300     26.9   052600     24.1       73       64   095500      2.8     30.0     11.9    330.0   111200      0.0      0.0      0.0     None      0.0     None      7.8     58.9    21.67     10.9     None     8.01   120000      5.4     None     None     None     None     None     None     None
467410 20110727   1004.8   1007.8   1006.2   000100   1003.0   161600     30.5     34.4   113000     26.9   054900     23.7       68       49   113000      3.1     20.0     11.9     10.0   123400      0.0      0.0      0.0     None      0.0     None     12.1     91.5    26.98     15.8     None     9.76   120000      2.0     None     None     None     None     None     None     None
467410 20110728   1003.6   1006.7   1005.1   212600   1002.4   152200     30.2     33.9   134100     27.2   053200     24.1       70       55   133600      1.6    310.0      7.0    310.0   122100     -9.8      0.4     -9.8   035800     -9.8   035000      6.0     45.4    20.16     10.1     None     9.19   140000      5.0     None     None     None     None     None     None     None
467410 20110729   1004.1   1007.1   1005.7   212600   1002.9   141700     28.7     34.7   111300     24.3   165100     23.7       75       54   111300      2.4    320.0     11.2    120.0   155000     43.5      3.1     14.5   160400     38.0   160100      5.4     40.9    15.52     11.8     None     7.48   110000      5.6     None     None     None     None     None     None     None
467410 20110730   1003.5   1006.5   1004.7   013000   1001.6   152600     27.9     33.0   122900     24.2   164100     23.3       77       57   101700      1.7     20.0     10.1     80.0   163400     27.0      3.7     10.0   163000     21.5   160800      5.8     44.0    16.37      9.6     None     8.14   130000      5.6     None     None     None     None     None     None     None
467410 20110731   1002.9   1005.9   1004.6   215700   1000.7   161400     29.3     32.7   143100     26.3   053500     24.2       75       62   161100      1.6    310.0      7.4    300.0   132400      0.0      0.0      0.0     None      0.0     None      7.7     58.5    18.45     10.3     None     6.74   140000      3.9     None     None     None     None     None     None     None
467410 20110801   1003.3   1006.3   1005.2   220400   1002.0   160600     30.0     33.4   135600     27.9   060200     23.7       69       57   135500      2.4    350.0      8.3    320.0   122100      0.0      0.0      0.0     None      0.0     None      5.9     44.9    20.26      9.0     None     8.19   140000      6.1     None     None     None     None     None     None     None
467410 20110802   1004.2   1007.2   1005.5   223300   1002.7   162300     30.1     33.8   115600     28.0   060600     23.7       69       55   131800      2.3    300.0      7.4    260.0   142900      0.0      0.0      0.0     None      0.0     None      9.5     72.4    24.47     10.6     None     9.44   120000      4.1     None     None     None     None     None     None     None
467410 20110803   1003.0   1006.0   1005.5   000100   1000.1   160400     29.7     33.4   130200     27.2   054300     23.9       72       60   122200      2.3    300.0      8.9    310.0   154900      0.0      0.0      0.0     None      0.0     None      8.4     64.1    22.53      7.4     None     8.57   130000      4.4     None     None     None     None     None     None     None
467410 20110804   1000.2   1003.3   1002.4   000100    998.2   165900     29.8     34.7   123100     27.3   052900     23.9       71       48   123100      2.9    340.0      9.0    300.0   142900      0.0      0.0      0.0     None      0.0     None     11.2     85.6    25.20      9.5     None   -99.95   100000      2.0     None     None     None     None     None     None     None
467410 20110805    997.6   1000.6    999.7   000100    995.8   161200     29.9     33.0   104400     27.8   041300     25.0       75       63   104100      4.7    330.0     14.2    320.0   150100      1.0      0.3      0.8   040500      1.0   040500      8.5     65.0    22.27     10.5     None   -99.95   100000      3.5     None     None     None     None     None     None     None
467410 20110806    997.9   1000.9   1000.5   215900    995.9   025000     29.6     32.5   123400     28.2   050400     24.6       75       61   124200      2.8    350.0     10.3    320.0   001500      0.0      0.0      0.0     None      0.0     None      2.5     19.2    15.21      9.5     None   -99.95   100000      5.3     None     None     None     None     None     None     None
467410 20110807   1001.5   1004.5   1004.2   221300    998.9   023000     29.9     33.1   140100     27.5   060100     25.1       75       63   134800      3.5    190.0      9.4    190.0   143400      0.0      0.0      0.0     None      0.0     None      7.5     57.5    22.22     11.3     None   -99.95   100000      4.4     None     None     None     None     None     None     None
467410 20110808   1004.1   1007.2   1005.4   214700   1002.5   163200     29.6     33.0   115300     27.5   045000     24.7       75       64   115200      4.9    190.0     14.8    220.0   144600      3.5      1.5      2.0   005200      2.5   004800      9.1     69.9    24.46     12.8     None    11.17   120000      4.9     None     None     None     None     None     None     None
467410 20110809   1005.1   1008.2   1006.9   231400   1003.9   144800     29.5     33.1   104300     27.1   055300     24.0       72       57   112800      4.2    190.0     13.4    180.0   142300      0.0      0.0      0.0     None      0.0     None      8.0     61.6    24.16     14.0     None    10.33   130000      5.3     None     None     None     None     None     None     None
467410 20110810   1006.9   1009.9   1008.7   220800   1004.6   153400     29.4     33.5   113800     27.1   035100     24.0       73       59   113400      3.6    200.0     10.9    200.0   102000      0.3      0.7      0.2   193500      0.2   193500      9.5     73.2    24.87     17.8     None    10.78   130000      4.0     None     None     None     None     None     None     None
467410 20110811   1007.6   1010.6   1008.8   214800   1005.7   151500     29.5     33.2   135200     27.3   042200     23.5       70       57   111900      2.5    190.0      8.8    260.0   150900      0.5      0.3      0.5   001900      0.5   001000      8.6     66.4    23.88     16.6     None    10.34   120000      4.9     None     None     None     None     None     None     None
467410 20110812   1007.0   1010.1   1008.2   084900   1005.5   145800     29.5     32.6   141000     27.7   043500     23.8       72       61   113600      2.4    170.0      8.3    250.0   150800      0.0      0.0      0.0     None      0.0     None      5.6     43.3    18.60     14.0     None     7.75   140000      5.5     None     None     None     None     None     None     None
467410 20110813   1007.7   1010.7   1010.0   221400   1006.0   051800     29.5     32.7   120300     27.3   053900     23.3       70       57   120200      3.4    170.0     10.6    190.0   142400      0.0      0.0      0.0     None      0.0     None      4.2     32.5    19.53     17.9     None     9.33   120000      6.4     None     None     None     None     None     None     None
467410 20110814   1009.4   1012.4   1010.6   210800   1007.7   030200     30.2     34.0   122300     27.8   041600     24.0       70       56   131700      4.0    200.0     12.2    190.0   120800      0.0      0.0      0.0     None      0.0     None      9.9     76.7    24.05     16.5     None     9.91   130000      4.9     None     None     None     None     None     None     None
467410 20110815   1009.6   1012.7   1011.2   093600   1008.7   024900     30.4     34.1   124900     27.6   045400     24.0       69       53   114300      3.4    190.0     11.5    190.0   093400      0.0      0.0      0.0     None      0.0     None     11.8     91.6    25.25     20.6     None    10.00   130000      4.1     None     None     None     None     None     None     None
467410 20110816   1008.8   1011.9   1010.2   095300   1007.3   154700     30.3     33.9   120300     28.0   054100     24.2       70       55   105100      3.6    220.0     11.1    190.0   154600      0.0      0.0      0.0     None      0.0     None     11.7     91.0    26.96     17.4     None    10.08   130000      3.0     None     None     None     None     None     None     None
467410 20110817   1008.3   1011.3   1009.3   085600   1006.7   150100     30.3     34.4   112800     27.1   055800     23.4       67       49   120900      3.1    200.0      7.9    260.0   125500      0.0      0.0      0.0     None      0.0     None     11.1     86.4    26.64     13.6     None     9.55   120000      3.4     None     None     None     None     None     None     None
467410 20110818   1008.5   1011.5   1010.1   221900   1006.9   155200     30.0     33.6   132900     26.8   193000     23.0       66       50   184700      2.0     60.0     16.9     20.0   180700      0.0      0.0      0.0     None      0.0     None      8.4     65.5    21.03     18.1     None     8.15   140000      4.0     None     None     None     None     None     None     None
467410 20110819   1009.2   1012.2   1010.7   212200   1007.5   164900     29.8     32.8   161700     27.4   054100     23.0       67       58   145900      2.3     20.0      7.4    310.0   154000      0.0      0.0      0.0     None      0.0     None      3.9     30.5    13.79     12.8     None     4.80   140000      5.8     None     None     None     None     None     None     None
467410 20110820   1008.9   1011.9   1009.8   000100   1007.5   154400     30.3     34.1   104300     27.4   060400     22.9       65       52   155300      2.0    290.0      8.6    310.0   145400      0.0      0.0      0.0     None      0.0     None     10.4     81.4    24.15     16.8     None     9.27   130000      2.3     None     None     None     None     None     None     None
467410 20110821   1007.8   1010.9   1009.4   073100   1006.0   152300     30.5     33.9   130200     27.8   043300     22.8       64       53   125700      2.0    310.0      8.8    320.0   135200      0.0      0.0      0.0     None      0.0     None     10.6     83.1    24.06     10.3     None     9.67   120000      2.8     None     None     None     None     None     None     None
467410 20110822   1006.3   1009.4   1007.7   000600   1004.8   150100     30.4     34.0   132900     27.5   060200     23.2       66       54   104700      2.0    300.0      8.3    310.0   121300      0.0      0.0      0.0     None      0.0     None     11.0     86.4    24.59     10.6     None     9.57   130000      2.4     None     None     None     None     None     None     None
467410 20110823   1005.1   1008.1   1006.4   211100   1003.4   162100     30.1     33.4   111900     27.7   054400     23.7       69       58   111900      2.0    240.0      8.0    260.0   122500      0.0      0.0      0.0     None      0.0     None      7.6     59.8    21.35     11.4     None     9.02   130000      4.6     None     None     None     None     None     None     None
467410 20110824   1004.7   1007.8   1005.6   000100   1003.1   140000     29.4     33.8   115700     26.6   180800     23.3       70       57   144500      1.8     90.0      8.4    320.0   120800      0.2      0.3      0.2   171600      0.2   171600      6.4     50.4    18.80      9.6     None     7.94   120000      5.8     None     None     None     None     None     None     None
467410 20110825   1003.0   1006.0   1004.4   000100   1000.8   163400     30.0     34.1   125500     26.7   052400     23.6       69       54   134600      2.5    330.0     10.9    340.0   164300      0.0      0.0      0.0     None      0.0     None      9.0     71.0    19.86     10.1     None     7.39   130000      1.9     None     None     None     None     None     None     None
467410 20110826   1001.9   1004.9   1003.2   091300   1000.4   145900     30.3     33.9   122000     27.6   052400     24.3       71       60   105400      2.0    130.0      9.2    320.0   151600     -9.8      0.5     -9.8   163000     -9.8   161800      6.8     53.7    20.52      6.5     None     7.50   130000      3.3     None     None     None     None     None     None     None
467410 20110827   1000.0   1003.0   1001.8   000100    998.4   145700     29.6     35.4   123200     26.1   191200     23.9       72       53   120800      1.9    140.0     12.5    100.0   163500      2.5      4.7      0.5   234500      1.0   175900      7.0     55.4    19.98      9.8     None     9.06   120000      4.8     None     None     None     None     None     None     None
467410 20110828    994.6    997.6    999.4   002500    990.1   235200     28.1     31.7   134600     26.0   090400     24.0       79       66   135900      2.8     10.0     14.1     10.0   163000      4.0      3.7      1.0   082000      2.0   080600      0.2      1.6     9.10      5.8     None     5.70   140000      9.3     None     None     None     None     None     None     None
467410 20110829    990.8    993.8    995.6   232500    985.6   052500     26.6     28.6   060500     25.1   232700     24.6       89       80   023900      4.4    210.0     21.3    220.0   163300     82.3     18.4      6.5   121600     19.5   115700      0.0      0.0     1.46      2.5     None     1.53   120000     10.0     None     None     None     None     None     None     None
467410 20110830    995.9    999.0    997.7   212600    994.4   040100     25.6     26.2   151400     24.7   101600     23.7       89       85   214100      6.3    190.0     18.2    220.0   010100     52.0     19.5      3.0   101500      8.5   095500      0.0      0.0     1.60      3.6     None     1.40   120000      9.8     None     None     None     None     None     None     None
467410 20110831    997.9   1001.0   1000.1   224500    995.7   023500     27.0     29.3   140900     24.7   080000     23.5       82       68   173900      4.6    150.0     13.1    160.0   143100     26.0      8.1      4.0   021700      9.0   015200      0.0      0.0     8.25      4.6     None     3.76   120000     10.0     None     None     None     None     None     None     None
467410 20110901   1000.9   1004.0   1002.7   222900    999.2   032200     28.9     33.1   125600     26.1   042400     23.4       73       58   121900      2.7    160.0      8.8    170.0   113200      0.0      0.0      0.0     None      0.0     None      4.2     33.5    19.89     10.0     None     0.16   120000      7.5     None     None     None     None     None     None     None
467410 20110902   1003.0   1006.0   1004.7   224700   1001.1   031100     28.9     32.8   140200     25.9   064100     23.6       74       60   125400      1.2    130.0    -99.5   -999.5     None      1.5      0.9      1.0   045300      1.0   045300      4.3     34.4    19.98      6.3     None     7.64   130000      6.3     None     None     None     None     None     None     None
467410 20110903   1005.3   1008.3   1006.4   211500   1003.5   024400     29.2     33.4   130000     26.6   061600     23.2       70       59   125900    -99.5   -999.5    -99.5   -999.5     None      0.0      0.0      0.0     None      0.0     None      4.7     37.7    17.80      7.0     None     8.50   130000      4.9     None     None     None     None     None     None     None
467410 20110904   1005.5   1008.6   1006.7   090200   1004.2   151100     29.3     33.5   134900     27.2   061000     23.5       72       53   133200    -99.5   -999.5    -99.5   -999.5     None      0.0      0.0      0.0     None      0.0     None      5.6     45.0    18.94      3.3     None     5.87   120000      5.0     None     None     None     None     None     None     None
467410 20110905   1005.5   1008.5   1006.7   221300   1004.0   151200     28.7     31.9   121700     27.1   052500     23.6       74       62   140000      1.4    270.0    -99.5   -999.5     None      0.0      0.0      0.0     None      0.0     None      5.4     43.4    18.23      2.0     None     7.49   110000      6.3     None     None     None     None     None     None     None
467410 20110906   1005.7   1008.8   1006.9   082600   1004.1   153500     28.4     31.7   105300     26.5   061900     23.0       73       62   104500      1.9    180.0      8.8    230.0   120300     -9.8      0.3     -9.8   231000     -9.8   231000      8.1     65.3    21.84      6.3     None     6.79   140000      4.8     None     None     None     None     None     None     None
467410 20110907   1005.4   1008.5   1007.0   220600   1003.9   163500     28.9     32.0   123800     26.7   053700     21.8       66       52   122600      1.8    250.0      7.8    260.0   134700      0.0      0.0      0.0     None      0.0     None      5.6     45.2    19.57      7.3     None     4.29   140000      4.8     None     None     None     None     None     None     None
467410 20110908   1006.4   1009.5   1008.4   231400   1004.8   034900     28.5     31.9   142900     26.8   095300     22.5       70       58   132000      1.9    340.0      9.4     10.0   103100      0.0      0.0      0.0     None      0.0     None      3.3     26.7    14.73      5.1     None     5.53   130000      5.3     None     None     None     None     None     None     None
467410 20110909   1008.8   1011.8   1011.0   220800   1007.0   150400     29.5     32.8   130600     27.3   044200     23.2       69       60   092600      2.1     10.0      8.5    310.0   122400      0.0      0.0      0.0     None      0.0     None      6.2     50.2    18.83      5.6     None     1.26   100000      6.5     None     None     None     None     None     None     None
467410 20110910   1009.4   1012.4   1010.6   000100   1007.6   150900     29.8     33.9   132200     26.9   051700     22.9       67       44   140200      1.9     10.0      7.8    330.0   133300      0.0      0.0      0.0     None      0.0     None      7.2     58.4    21.60      4.4     None     8.94   130000      3.9     None     None     None     None     None     None     None
467410 20110911   1008.7   1011.8   1010.3   225100   1006.8   154400     29.5     32.8   104300     26.7   045500     23.0       68       58   141800      1.8    130.0      8.3    260.0   124700      0.0      0.0      0.0     None      0.0     None      8.0     65.0    20.78      5.6     None     9.28   120000      5.4     None     None     None     None     None     None     None
467410 20110912   1008.1   1011.2   1010.1   000100   1006.3   144100     28.5     32.9   130100     25.4   192300     22.3       69       57   115400      2.0    100.0      9.5    110.0   165200      0.0      0.0      0.0     None      0.0     None      6.1     49.7    18.19      9.8     None     7.65   120000      4.0     None     None     None     None     None     None     None
467410 20110913   1005.5   1008.6   1007.5   000100   1004.2   155600     28.9     32.7   121500     25.8   044700     22.2       67       58   103900      1.7    290.0      7.1    340.0   115000      0.0      0.0      0.0     None      0.0     None      7.6     62.0    20.93      8.8     None     8.88   120000      3.9     None     None     None     None     None     None     None
467410 20110914   1003.9   1006.9   1005.0   000100   1002.5   153200     29.2     32.3   141400     27.1   235700     23.2       70       58   150300      2.0    130.0      7.0    250.0   154300      0.0      0.0      0.0     None      0.0     None      4.7     38.4    18.20      8.3     None     4.02   120000      6.5     None     None     None     None     None     None     None
467410 20110915   1004.8   1007.9   1006.7   213300   1003.7   055800     29.3     32.9   143400     26.8   002100     23.3       70       61   142500      2.2    230.0      7.7    210.0   115900      0.0      0.0      0.0     None      0.0     None      6.9     56.5    19.93     10.3     None     8.17   130000      7.0     None     None     None     None     None     None     None
467410 20110916   1004.3   1007.3   1006.0   000100   1002.8   153300     29.5     33.2   114400     26.7   060100     23.4       70       59   162100      1.3    290.0      8.1    250.0   124400      0.0      0.0      0.0     None      0.0     None     10.0     82.1    22.66     10.3     None     6.41   110000      3.4     None     None     None     None     None     None     None
467410 20110917   1003.0   1006.0   1004.8   221700   1001.6   161600     29.4     33.4   112300     26.8   031700     22.5       67       52   112000      1.9     20.0      9.3    350.0   141700      0.0      0.0      0.0     None      0.0     None      7.7     63.3    20.25      7.3     None     6.46   120000      2.5     None     None     None     None     None     None     None
467410 20110918   1004.7   1007.7   1006.7   223100   1003.1   160100     29.5     33.7   140100     26.5   050500     23.2       70       53   123000      2.2     20.0      8.7    320.0   141900      0.0      0.0      0.0     None      0.0     None      8.1     66.7    20.95      3.3     None     6.51   130000      3.3     None     None     None     None     None     None     None
467410 20110919   1006.6   1009.7   1008.4   213700   1005.0   145600     28.8     32.7   101300     26.0   233100     21.9       67       52   135500      1.9    300.0      7.1    220.0   133100      0.0      0.0      0.0     None      0.0     None      6.7     55.3    19.00      7.1     None     1.11   150000      2.9     None     None     None     None     None     None     None
467410 20110920   1007.7   1010.8   1009.3   090000   1006.4   030600     28.5     32.3   122700     26.0   000700     21.5       66       57   161900      1.8     20.0      8.3    300.0   141000      0.0      0.0      0.0     None      0.0     None      5.5     45.5    19.06      6.0     None     1.77   150000      7.3     None     None     None     None     None     None     None
467410 20110921   1007.5   1010.5   1009.3   211500   1005.2   142000     27.3     32.8   133100     24.0   055700     19.4       62       53   130600      3.0     10.0      9.9    320.0   151100      0.0      0.0      0.0     None      0.0     None      5.7     47.2    17.90      5.8     None     7.36   120000      3.8     None     None     None     None     None     None     None
467410 20110922   1007.8   1010.8   1009.6   080100   1005.5   145300     26.9     31.8   134800     22.9   060900     19.4       64       52   152500      2.7     20.0     10.1     10.0   192100      0.0      0.0      0.0     None      0.0     None      9.5     78.9    21.32      5.8     None     7.13   120000      2.0     None     None     None     None     None     None     None
467410 20110923   1007.5   1010.5   1009.1   214900   1005.5   145900     26.5     31.2   130800     23.1   033900     19.0       64       54   130800      2.6     10.0      7.7    360.0   205900      0.0      0.0      0.0     None      0.0     None      1.2     10.0    13.16      4.6     None     5.05   130000      6.3     None     None     None     None     None     None     None
467410 20110924   1007.7   1010.8   1009.0   084300   1006.2   140700     26.9     32.2   122100     23.9   062800     20.3       68       52   121100      2.8     20.0      7.7    300.0   122200      0.0      0.0      0.0     None      0.0     None      2.1     17.5    14.47      7.1     None     7.91   120000      7.4     None     None     None     None     None     None     None
467410 20110925   1007.5   1010.5   1008.9   075500   1005.7   151300     28.1     32.5   111700     24.8   031900     22.1       71       55   141800      1.5     20.0      6.6    310.0   122700      0.0      0.0      0.0     None      0.0     None      5.5     45.9    17.66      6.6     None     3.42   100000      6.4     None     None     None     None     None     None     None
467410 20110926   1005.6   1008.6   1007.6   000100   1003.6   162000     29.0     32.9   115200     25.9   053800     23.3       72       59   101500      1.7    300.0      7.5    310.0   125700      0.0      0.0      0.0     None      0.0     None      9.6     80.3    20.41      8.4     None     6.13   130000      2.3     None     None     None     None     None     None     None
467410 20110927   1002.1   1005.1   1004.5   000100    999.8   144400     29.3     33.3   112400     26.1   070300     24.0       74       58   112300      2.1     10.0      8.8    350.0   084600      0.0      0.0      0.0     None      0.0     None      8.1     67.0    20.32      5.5     None     6.92   130000      1.9     None     None     None     None     None     None     None
467410 20110928   1003.3   1006.3   1006.2   220100   1000.9   041600     28.2     29.9   152100     27.1   124200     24.2       79       71   142200      1.0     10.0      5.7     10.0   200300      3.5      2.3      1.0   102900      3.0   100900      0.0      0.0     5.43      6.6     None     4.94   130000      7.0     None     None     None     None     None     None     None
467410 20110929   1007.6   1010.7   1010.2   212000   1005.4   030500     29.5     33.2   125000     26.6   051900     23.6       71       59   122700      1.4    300.0      7.5    190.0   205500      0.0      0.0      0.0     None      0.0     None      6.9     58.0    16.88      7.6     None     6.86   120000      6.1     None     None     None     None     None     None     None
467410 20110930   1008.5   1011.5   1010.0   000100   1006.5   144300     29.6     34.0   134900     27.5   222700     24.0       72       57   110900      2.8    330.0     11.6    340.0   153300      0.0      0.0      0.0     None      0.0     None      5.9     49.7    17.85      5.9     None     4.47   110000      6.6     None     None     None     None     None     None     None
467410 20111001   1006.7   1009.8   1008.3   001300   1004.9   191000     28.6     31.8   101300     26.4   235959     23.4       74       64   111600      1.9     10.0      8.1    320.0   140500      0.0      0.0      0.0     None      0.0     None      1.5     12.7    11.76      4.0     None     5.04   130000      8.0     None     None     None     None     None     None     None
467410 20111002   1005.1   1008.2   1006.5   211900   1003.1   041100     25.4     27.6   144100     23.7   214300     22.0       82       73   000400      1.8     10.0      8.3    360.0   191400      2.0      8.7      0.5   090800      1.0   090800      0.0      0.0     3.77      4.4     None     2.82   140000      9.5     None     None     None     None     None     None     None
467410 20111003   1006.2   1009.3   1008.2   215800   1004.2   145400     25.8     31.5   151000     22.9   024400     20.8       75       59   145400      3.7     10.0     10.9    360.0   072100      1.5      1.2      1.0   005300      1.5   003600      6.4     54.2    19.64     10.0     None     8.91   120000      7.1     None     None     None     None     None     None     None
467410 20111004   1008.7   1011.8   1010.8   223800   1007.1   150900     25.8     32.0   125600     21.9   052400     20.1       71       56   125500      3.8     10.0      9.7     10.0   165300      0.0      0.0      0.0     None      0.0     None      8.2     69.6    20.32     13.0     None     8.33   120000      5.3     None     None     None     None     None     None     None
467410 20111005   1010.7   1013.7   1012.7   204900   1008.8   143400     27.2     31.9   143100     23.6   043300     21.5       72       58   140700      2.3     10.0      8.1    300.0   145000      0.0      0.0      0.0     None      0.0     None     10.1     85.9    20.79      6.6     None     7.31   130000      3.5     None     None     None     None     None     None     None
467410 20111006   1011.6   1014.7   1013.1   210800   1010.0   140000     27.0     31.8   125700     23.7   060700     21.2       71       57   125700      2.7     10.0      7.9    320.0   135700      0.0      0.0      0.0     None      0.0     None     10.2     86.9    21.00      5.0     None     6.93   130000      3.5     None     None     None     None     None     None     None
467410 20111007   1011.4   1014.5   1013.2   091200   1009.5   144000     26.8     31.9   142400     23.6   045300     21.2       72       59   142400      2.1     10.0      8.3    350.0   155800     -9.8      0.4     -9.8   201000     -9.8   201000      0.7      6.0    12.93      2.9     None     4.41   120000      7.3     None     None     None     None     None     None     None
467410 20111008   1010.5   1013.6   1012.0   082300   1008.9   152000     27.8     31.5   123500     24.7   041900     21.6       69       56   150400      1.3     10.0      5.5    330.0   154400      0.0      0.0      0.0     None      0.0     None      2.2     18.8    15.82      4.8     None     7.35   130000      7.6     None     None     None     None     None     None     None
467410 20111009   1010.3   1013.4   1012.1   103300   1008.8   021800     26.9     29.7   144100     25.5   075000     22.8       78       67   130800      1.4     10.0      6.3    180.0   071900      0.2      2.1      0.2   204200      0.2   204200      0.0      0.0     7.10      2.4     None     3.94   130000      8.1     None     None     None     None     None     None     None
467410 20111010   1010.9   1014.0   1013.1   231000   1009.2   133000     27.7     32.2   131700     25.2   052000     23.5       79       56   141900      2.2     10.0      7.0     10.0   115700     -9.8      0.4     -9.8   075500     -9.8   075500      0.8      6.9    11.63      3.4     None     7.30   120000      9.0     None     None     None     None     None     None     None
467410 20111011   1011.7   1014.8   1012.9   000100   1010.2   153500     27.3     29.8   110700     26.0   052500     23.6       80       70   114800      1.3    330.0      5.7    330.0   122400      0.5      2.7      0.4   001000      0.5   001000      0.0      0.0     8.47      4.0     None     4.44   110000      9.3     None     None     None     None     None     None     None
467410 20111012   1010.8   1013.9   1012.6   000100   1009.3   152400     27.4     30.7   130700     26.0   045400     23.4       79       67   093100      1.1    290.0      6.5    320.0   152900      0.6      0.4      0.5   032000      0.5   032000      0.0      0.0     8.40      2.3     None     3.66   140000      9.9     None     None     None     None     None     None     None
467410 20111013   1009.0   1012.0   1010.7   085500   1007.0   142100     27.7     31.6   123700     25.3   061200     22.3       73       59   134300      1.5     10.0      8.7    340.0   142100      0.0      0.0      0.0     None      0.0     None      1.4     12.1    13.34      7.6     None     5.29   120000      8.4     None     None     None     None     None     None     None
467410 20111014   1008.1   1011.2   1009.3   203700   1006.5   134700     26.4     30.4   122500     23.8   210400     22.6       80       59   133900      2.3     20.0      8.1    360.0   110200     22.0      6.5      1.5   182600      7.0   182000      0.4      3.5     7.61      3.1     None     4.03   120000      9.1     None     None     None     None     None     None     None
467410 20111015   1008.4   1011.5   1010.3   212500   1006.5   041300     25.7     29.4   125800     23.9   024100     21.9       80       68   133500      3.1    360.0      9.1     20.0   163300      1.0      0.5      0.5   032500      1.0   032000      0.2      1.7     9.77      2.9     None     4.39   130000      9.1     None     None     None     None     None     None     None
467410 20111016   1009.4   1012.5   1011.0   210000   1007.8   143400     26.2     30.9   134900     23.4   032700     20.6       72       59   133200      2.5     10.0      7.7    360.0   001100      0.0      0.0      0.0     None      0.0     None      3.3     28.7    14.15      3.6     None     6.20   130000      7.8     None     None     None     None     None     None     None
467410 20111017   1011.4   1014.5   1013.1   210200   1010.0   031400     26.2     31.1   123900     22.9   235200     19.2       66       56   152700      2.7     10.0      8.9    350.0   171500      0.0      0.0      0.0     None      0.0     None      7.9     68.7    18.32      4.5     None     5.75   130000      4.9     None     None     None     None     None     None     None
467410 20111018   1012.2   1015.3   1013.6   083100   1011.2   165400     25.3     29.7   123800     21.3   054600     18.3       66       55   155900      2.5     10.0      7.3     10.0   002100      0.0      0.0      0.0     None      0.0     None      4.4     38.4    14.67      5.8     None     4.51   130000      5.6     None     None     None     None     None     None     None
467410 20111019   1011.4   1014.5   1012.9   075900   1009.5   151400     24.9     30.0   135700     21.2   060900     17.5       64       51   132500      3.0    360.0      8.2     10.0   180700      0.0      0.0      0.0     None      0.0     None      9.6     83.8    18.78      6.8     None     5.71   120000      1.5     None     None     None     None     None     None     None
467410 20111020   1010.8   1013.9   1012.3   065900   1009.0   151200     25.8     31.1   131000     21.8   032900     19.1       67       48   123600      2.7     10.0      9.4    330.0   163800      0.0      0.0      0.0     None      0.0     None      9.2     80.5    19.15      6.0     None     6.14   120000      3.5     None     None     None     None     None     None     None
467410 20111021   1009.9   1013.0   1011.6   090600   1008.1   145100     26.5     31.4   120400     23.1   055300     21.4       74       52   120800      2.2    360.0      8.6    320.0   144800      0.0      0.0      0.0     None      0.0     None      8.5     74.5    17.89      4.0     None     5.42   120000      2.1     None     None     None     None     None     None     None
467410 20111022   1010.4   1013.5   1011.7   205400   1009.0   034600     26.5     31.1   134500     23.3   054700     20.9       72       57   133500      2.2     20.0      6.9     10.0   175300      0.0      0.0      0.0     None      0.0     None      7.2     63.2    16.62      2.6     None     5.15   130000      2.1     None     None     None     None     None     None     None
467410 20111023   1011.0   1014.1   1012.4   082500   1009.3   150000     26.4     31.2   142800     22.4   060900     20.4       70       54   134800      1.8     10.0      7.0    320.0   154800      0.0      0.0      0.0     None      0.0     None      9.2     80.9    17.89      4.1     None     5.63   130000      1.9     None     None     None     None     None     None     None
467410 20111024   1010.9   1014.0   1012.3   083600   1009.0   144000     26.5     30.8   122100     23.7   055200     21.4       74       59   150600      2.1     10.0      7.4    300.0   143100      0.0      0.0      0.0     None      0.0     None      8.8     77.5    18.15      4.3     None     5.94   130000      1.8     None     None     None     None     None     None     None
467410 20111025   1011.8   1014.9   1013.5   084500   1009.8   142500     25.7     31.2   133900     21.8   235400     19.8       71       54   135200      3.3     10.0     10.5     10.0   175600      0.0      0.0      0.0     None      0.0     None      6.9     60.9    16.21      4.6     None     5.24   130000      4.5     None     None     None     None     None     None     None
467410 20111026   1012.9   1016.0   1014.6   211200   1011.0   142500     23.8     28.6   142700     20.8   031600     16.7       65       54   134500      3.6     10.0      8.6     20.0   172000      0.0      0.0      0.0     None      0.0     None      3.1     27.4    13.94      8.0     None     4.50   130000      6.9     None     None     None     None     None     None     None
467410 20111027   1013.7   1016.9   1015.3   092600   1011.7   153700     24.7     29.9   134500     20.6   054500     17.8       66       51   121000      3.0     20.0      8.4     10.0   180700      0.0      0.0      0.0     None      0.0     None      9.3     82.4    18.05      6.9     None     5.22   120000      3.5     None     None     None     None     None     None     None
467410 20111028   1013.4   1016.5   1014.8   000400   1012.0   150300     25.1     29.7   151600     21.5   043600     19.2       71       53   151300      2.3     10.0      7.6    340.0   173900      0.0      0.0      0.0     None      0.0     None      9.8     87.0    17.76      7.6     None     5.18   120000      0.1     None     None     None     None     None     None     None
467410 20111029   1011.8   1014.9   1013.5   081600   1010.1   160600     25.5     29.7   130800     22.5   061000     20.1       72       59   130800      1.7    360.0      5.8    210.0   125100      0.0      0.0      0.0     None      0.0     None      9.1     80.9    17.48      6.8     None     5.35   130000      3.4     None     None     None     None     None     None     None
467410 20111030   1011.3   1014.4   1013.3   214000   1009.7   142600     25.3     30.2   143200     22.3   033200     18.8       68       54   145400      2.0    360.0      9.0    360.0   162900      0.0      0.0      0.0     None      0.0     None      7.5     66.8    16.00      4.4     None     4.29   130000      4.5     None     None     None     None     None     None     None
467410 20111031   1012.3   1015.4   1013.7   083700   1010.5   152100     24.9     29.9   122800     21.7   060300     18.5       68       56   113500      2.5     10.0      9.4     10.0   192500      0.0      0.0      0.0     None      0.0     None      9.3     83.0    16.87      6.5     None     4.75   130000      1.6     None     None     None     None     None     None     None
467410 20111101   1011.6   1014.7   1013.2   090100   1009.5   161700     25.4     30.4   135700     21.6   034300     19.8       72       53   121500      2.7    360.0      9.8    310.0   150500      0.0      0.0      0.0     None      0.0     None      9.0     80.4    17.19      5.4     None     5.32   120000      2.6     None     None     None     None     None     None     None
467410 20111102   1010.1   1013.2   1011.4   000100   1008.6   135400     25.8     30.8   135600     22.8   065200     21.4       77       56   135500      1.8    350.0      6.6    350.0   181200      0.0      0.0      0.0     None      0.0     None      6.2     55.5    15.40      4.4     None     5.11   130000      3.5     None     None     None     None     None     None     None
467410 20111103   1010.4   1013.5   1011.9   083700   1009.3   034900     26.6     30.4   112300     24.2   052200     21.8       75       63   111900      1.5    320.0      7.6    300.0   142400      0.0      0.0      0.0     None      0.0     None      3.7     33.2    14.17      8.5     None     5.26   120000      6.3     None     None     None     None     None     None     None
467410 20111104   1011.0   1014.1   1012.8   094600   1009.3   143000     26.9     30.8   134800     24.3   041400     22.2       77       60   114000      1.5    310.0      7.0    320.0   123000      0.0      0.0      0.0     None      0.0     None      6.0     53.9    15.34      5.9     None     5.58   120000      3.5     None     None     None     None     None     None     None
467410 20111105   1010.9   1014.0   1012.8   081300   1008.9   150500     26.9     32.2   130800     24.5   054400     22.2       76       59   122100      2.2     20.0      8.4    310.0   150100      0.0      0.0      0.0     None      0.0     None      5.6     50.4    16.28      3.6     None     5.34   120000      4.8     None     None     None     None     None     None     None
467410 20111106   1010.1   1013.2   1011.3   223600   1008.7   150900     26.3     30.5   125000     23.5   043100     22.0       78       63   112800      2.1     10.0      8.4     10.0   071200      0.0      0.0      0.0     None      0.0     None      2.5     22.5    13.07      3.9     None     4.76   120000      6.0     None     None     None     None     None     None     None
467410 20111107   1009.7   1012.8   1011.2   204300   1008.2   154800     25.4     27.5   110800     22.8   222300     22.5       84       74   104600      1.7     10.0      9.6     10.0   200500      7.0     11.5      1.0   175200      2.0   172900      0.0      0.0     4.61      3.5     None     2.00   110000      9.6     None     None     None     None     None     None     None
467410 20111108   1008.7   1011.8   1010.1   003000   1006.6   152200     24.3     27.0   151300     22.7   051300     21.7       86       69   141800      1.9     20.0      7.4     10.0   225000     22.0      9.5      3.5   181700     10.0   180700      0.0      0.0     5.36      4.6     None     2.83   110000      9.4     None     None     None     None     None     None     None
467410 20111109   1005.6   1008.7   1008.8   000200   1003.6   161300     24.3     27.1   142200     22.3   234300     22.7       91       80   135000      2.0     20.0      9.0     20.0   015700     33.5     11.6      2.0   072000      4.5   070500      0.1      0.9     4.38      3.1     None     3.58   120000      9.5     None     None     None     None     None     None     None
467410 20111110   1006.0   1009.1   1009.2   210600   1003.1   033500     20.9     23.1   040800     19.7   231300     19.9       94       91   005900      3.1     10.0      9.4    350.0   182000    119.5     19.7      9.0   125400     25.0   123700      0.0      0.0     0.35      2.4     None     0.67   110000      9.9     None     None     None     None     None     None     None
467410 20111111   1009.5   1012.7   1012.0   223500   1007.5   143400     21.7     25.0   142500     19.6   041900     19.2       86       74   142500      3.1     10.0      7.9     10.0   180200      1.0      0.4      0.5   000500      0.5   000500      0.5      4.5     7.46      2.3     None     3.44   130000      9.1     None     None     None     None     None     None     None
467410 20111112   1012.6   1015.7   1014.3   204000   1008.7   014900     23.1     25.2   144300     21.5   015900     19.6       81       74   095300      3.3     10.0      8.8     20.0   162400     -9.8      0.1     -9.8   111600     -9.8   111600      0.5      4.5     6.07      3.2     None     2.09   120000      8.6     None     None     None     None     None     None     None
467410 20111113   1013.4   1016.6   1014.8   090500   1011.8   153000     23.6     28.0   143600     21.5   053800     19.8       80       67   143500      3.5     10.0      8.9     20.0   184900      0.0      0.0      0.0     None      0.0     None      6.0     52.8    14.06      3.1     None     4.74   130000      7.1     None     None     None     None     None     None     None
467410 20111114   1014.0   1017.1   1015.5   225100   1012.3   142800     23.8     29.0   133700     20.7   055600     19.3       77       63   130400      3.5     10.0      9.1     10.0   063700      0.0      0.0      0.0     None      0.0     None      7.2     65.6    15.07      2.7     None     5.54   120000      5.6     None     None     None     None     None     None     None
467410 20111115   1014.4   1017.5   1016.0   082300   1012.5   151200     23.6     28.0   135700     20.9   062700     19.1       76       66   120300      3.4     10.0      9.6     10.0   155400      0.0      0.0      0.0     None      0.0     None      3.5     31.9    12.52      2.9     None     4.56   110000      6.3     None     None     None     None     None     None     None
467410 20111116   1012.8   1015.9   1014.3   090000   1011.4   144600     23.4     25.6   142500     21.1   010800     20.4       84       76   084200      1.3     10.0      6.2    350.0   043100     -9.8      1.5     -9.8   105600     -9.8   105600      0.0      0.0     4.65      1.9     None     2.10   130000      8.1     None     None     None     None     None     None     None
467410 20111117   1011.6   1014.7   1014.0   084500   1009.7   151400     24.3     25.5   113300     23.3   034500     22.1       88       78   152200      1.2     20.0      8.3     20.0   135800      7.0      7.1      1.5   121500      3.0   113800      0.0      0.0     4.46      2.4     None     2.48   110000      9.5     None     None     None     None     None     None     None
467410 20111118   1008.9   1012.0   1010.5   000500   1007.0   151500     26.1     29.8   130500     23.1   044600     22.9       83       67   130200      2.1    180.0     11.6    180.0   131800     12.5      0.9      7.0   231900     12.5   224500      0.0      0.0     7.50      5.7     None     3.53   120000      7.9     None     None     None     None     None     None     None
467410 20111119   1010.0   1013.1   1012.8   230500   1008.3   043100     26.8     30.6   104200     23.4   234900     23.5       83       68   110300      2.5     10.0      8.0     10.0   234800      0.5      0.7      0.5   180500      0.5   180100      4.9     44.9    12.05     13.5     None     5.62   110000      7.8     None     None     None     None     None     None     None
467410 20111120   1015.5   1018.6   1018.3   215600   1012.5   011800     22.8     26.6   144300     20.6   235500     17.5       72       59   155100      4.3     10.0     11.2     20.0   005100      0.5      0.2      0.4   021000      0.5   020800      2.8     25.7    10.33      9.9     None     4.47   130000      6.9     None     None     None     None     None     None     None
467410 20111121   1017.7   1020.8   1019.7   084200   1015.4   150500     22.9     26.4   120300     20.3   010400     16.8       68       61   120200      1.1     20.0      5.1     10.0   005100      0.0      0.0      0.0     None      0.0     None      0.1      0.9     7.98      3.8     None     4.01   120000      7.9     None     None     None     None     None     None     None
467410 20111122   1017.1   1020.2   1018.6   084100   1015.4   152100     23.4     27.1   124900     21.4   015700     18.5       74       59   124900      1.8     10.0      7.4     10.0   230700      0.0      0.0      0.0     None      0.0     None      1.3     12.0     9.88      6.4     None     5.10   130000      7.4     None     None     None     None     None     None     None
467410 20111123   1016.3   1019.5   1018.0   205200   1014.4   142800     22.9     27.0   140000     19.9   235400     18.2       75       59   135200      3.7     10.0     10.6    360.0   175600      0.0      0.0      0.0     None      0.0     None      2.9     26.7    12.53      4.0     None     4.20   110000      7.6     None     None     None     None     None     None     None
467410 20111124   1016.7   1019.9   1018.4   081700   1014.9   145300     21.8     27.3   133100     18.2   063700     15.0       66       55   125200      2.8     10.0      7.5    360.0   181200      0.0      0.0      0.0     None      0.0     None      7.8     72.0    14.86      3.8     None     4.41   120000      4.3     None     None     None     None     None     None     None
467410 20111125   1016.8   1019.9   1018.8   092400   1014.8   150700     22.5     26.5   130300     19.2   063200     16.5       69       59   123600      1.2     10.0      6.0    320.0   152800      0.0      0.0      0.0     None      0.0     None      3.1     28.6    12.67      4.4     None     3.65   120000      7.0     None     None     None     None     None     None     None
467410 20111126   1015.7   1018.9   1017.0   094200   1014.3   153300     22.7     24.3   105900     21.6   054700     17.8       74       67   111200      0.5    100.0      3.6    320.0   112800     -9.8      0.2     -9.8   130200     -9.8   130200      0.0      0.0     3.93      2.6     None     1.54   110000      8.9     None     None     None     None     None     None     None
467410 20111127   1012.9   1016.0   1015.2   090800   1011.1   162300     22.5     25.0   135000     21.1   012200     17.9       76       62   122000      1.7     20.0      7.1     10.0   122100      0.0      0.0      0.0     None      0.0     None      0.0      0.0     4.86      3.0     None     2.15   130000      7.8     None     None     None     None     None     None     None
467410 20111128   1010.4   1013.5   1012.2   083400   1008.3   144800     23.4     28.0   141600     20.4   052700     19.3       79       57   123900      2.1     20.0      8.0    330.0   162300      0.0      0.0      0.0     None      0.0     None      9.1     84.3    14.79      3.1     None     4.47   120000      3.3     None     None     None     None     None     None     None
467410 20111129   1011.0   1014.1   1012.5   090700   1009.3   132900     23.5     28.1   131500     20.1   060800     20.2       82       60   124600      2.2    350.0      8.0    310.0   134600      0.0      0.0      0.0     None      0.0     None      8.2     76.0    14.47      2.4     None     3.99   120000      4.1     None     None     None     None     None     None     None
467410 20111130   1010.3   1013.4   1012.1   003100   1008.0   145000     23.9     28.6   125000     21.3   071400     20.6       82       63   124000      3.4     10.0     10.7    360.0   145000     -9.8      1.3     -9.8   202500     -9.8   202500      6.2     57.5    12.82      2.9     None     4.27   120000      6.6     None     None     None     None     None     None     None
467410 20111201   1010.6   1013.7   1012.4   084000   1008.7   145500     21.0     23.7   124500     17.9   233200     16.5       75       65   142100      4.6     10.0     13.7    360.0   181900      0.0      0.0      0.0     None      0.0     None      0.0      0.0     4.99      7.1     None     2.74   120000      9.3     None     None     None     None     None     None     None
467410 20111202   1011.3   1014.5   1013.4   091100   1009.7   145800     17.0     18.6   130900     15.1   213500     12.3       74       68   105300      5.9     10.0     16.3     10.0   100500      0.0      0.0      0.0     None      0.0     None      0.0      0.0     4.77      7.8     None     1.90   130000      9.3     None     None     None     None     None     None     None
467410 20111203   1012.3   1015.5   1015.3   235000   1010.2   142600     17.9     23.5   141900     14.8   063800     11.2       66       48   141900      4.4     10.0     13.1     20.0   014000      0.0      0.0      0.0     None      0.0     None      8.3     77.2    15.34      7.1     None     4.55   120000      2.3     None     None     None     None     None     None     None
467410 20111204   1015.1   1018.3   1017.3   092100   1013.5   143400     19.8     24.8   124300     15.2   020100     13.4       67       56   124300      2.0     10.0      5.3     20.0   003400      0.0      0.0      0.0     None      0.0     None      5.2     48.4    11.89      2.5     None     3.95   120000      5.5     None     None     None     None     None     None     None
467410 20111205   1015.4   1018.6   1017.7   102500   1014.3   035800     19.7     20.7   000900     18.9   105600     16.1       80       71   001000      3.7     10.0     11.9     10.0   175700      0.9      4.4      0.5   051100      0.8   051100      0.0      0.0     4.82      5.0     None     1.81   130000      9.0     None     None     None     None     None     None     None
467410 20111206   1014.5   1017.7   1016.1   090100   1012.5   144200     22.1     28.1   142700     18.9   001400     18.9       83       60   145000      3.2     20.0      9.5    360.0   003000      0.0      0.0      0.0     None      0.0     None      5.4     50.3    12.99      4.1     None     5.10   120000      7.0     None     None     None     None     None     None     None
467410 20111207   1013.7   1016.8   1016.1   083200   1011.5   144300     22.9     26.5   122900     21.3   043800     20.1       84       72   120700      2.0     10.0      7.8    340.0   143200      0.0      0.0      0.0     None      0.0     None      4.5     42.0    12.18      2.4     None     4.93   130000      6.8     None     None     None     None     None     None     None
467410 20111208   1012.9   1016.1   1014.6   230500   1010.6   151100     21.0     24.9   132000     17.1   234200     17.1       79       64   142200      5.5     10.0     14.3     20.0   215800      0.0      0.0      0.0     None      0.0     None      2.5     23.3    10.59      5.0     None     4.64   120000      8.9     None     None     None     None     None     None     None
467410 20111209   1016.0   1019.2   1017.7   213600   1014.1   024200     16.2     17.7   142900     14.9   070600     12.1       77       72   002300      5.8     10.0     15.0    360.0   114500      0.0      0.0      0.0     None      0.0     None      0.0      0.0     6.33      9.0     None     3.46   120000      9.5     None     None     None     None     None     None     None
467410 20111210   1016.6   1019.8   1018.2   094700   1015.0   150400     16.4     19.6   141600     14.5   063700     12.2       77       66   141600      5.4     10.0     13.0    360.0   181500      0.0      0.0      0.0     None      0.0     None      0.0      0.0     6.70      9.1     None     3.00   120000      6.9     None     None     None     None     None     None     None
467410 20111211   1016.1   1019.3   1017.9   093500   1014.7   145600     16.8     20.4   130100     13.6   053400     12.1       74       65   120800      4.2     10.0     11.3     10.0   004400      0.0      0.0      0.0     None      0.0     None      0.0      0.0     8.45      4.9     None     4.15   120000      9.4     None     None     None     None     None     None     None
467410 20111212   1014.8   1018.0   1016.8   093100   1013.1   143800     18.5     21.8   144900     16.4   015200     15.3       82       70   134300      3.2     10.0      9.0     20.0   052200      3.0      3.3      0.5   193800      2.5   193700      0.0      0.0     5.62      4.0     None     2.96   130000     10.0     None     None     None     None     None     None     None
467410 20111213   1014.4   1017.6   1016.4   091400   1013.0   154500     19.7     23.1   152300     17.5   023600     16.7       83       72   153300      2.5     10.0      7.2     20.0   193700      0.5      0.8      0.5   103300      0.5   103300      0.0      0.0     6.23      4.6     None     2.71   130000      9.4     None     None     None     None     None     None     None
467410 20111214   1014.4   1017.6   1016.1   085500   1012.6   143800     21.1     25.9   132500     18.9   031800     17.6       81       65   124200      3.2     10.0      9.1    360.0   150000      0.0      0.0      0.0     None      0.0     None      1.7     15.9     9.64      2.3     None     4.91   130000      9.3     None     None     None     None     None     None     None
467410 20111215   1014.7   1017.9   1016.3   091600   1012.4   150900     20.5     25.4   140900     17.7   235959     16.7       79       66   142600      4.0     10.0     12.0    360.0   203800      0.0      0.0      0.0     None      0.0     None      0.8      7.5     9.50      2.5     None     3.64   120000      9.0     None     None     None     None     None     None     None
467410 20111216   1017.9   1021.1   1020.2   234700   1015.8   015100     17.2     20.6   142500     15.0   231300     12.4       74       62   143900      5.3     10.0     12.1    360.0   170700      0.0      0.0      0.0     None      0.0     None      2.2     20.6     7.99      3.8     None     3.29   140000      9.1     None     None     None     None     None     None     None
467410 20111217   1019.8   1023.0   1021.8   085900   1017.4   144500     16.5     21.4   141300     13.4   045100     11.1       71       57   141300      3.9     10.0      8.7     10.0   013900      0.0      0.0      0.0     None      0.0     None      6.9     64.6    14.34      8.3     None     4.65   120000      5.0     None     None     None     None     None     None     None
467410 20111218   1019.1   1022.3   1021.7   091300   1016.8   153400     17.5     23.3   134200     14.0   034900     12.3       72       55   135200      2.8     10.0     10.9    360.0   182100      0.0      0.0      0.0     None      0.0     None      7.3     68.4    14.22      6.0     None     4.41   120000      3.1     None     None     None     None     None     None     None
467410 20111219   1016.5   1019.7   1018.5   084700   1014.2   154300     17.8     22.7   130000     14.1   043800     13.2       75       57   141200      3.8     10.0      9.6     30.0   090900      0.0      0.0      0.0     None      0.0     None      2.2     20.6    11.72      4.9     None     4.35   120000      5.0     None     None     None     None     None     None     None
467410 20111220   1015.4   1018.6   1017.8   095200   1013.6   152000     18.8     22.1   153400     17.1   015200     15.2       80       68   155500      2.7     10.0      8.3     20.0   203800      0.0      0.0      0.0     None      0.0     None      0.5      4.7     5.85      5.0     None     2.54   130000      9.3     None     None     None     None     None     None     None
467410 20111221   1014.0   1017.2   1015.9   084800   1012.2   151600     20.1     24.4   140300     17.6   005700     16.5       81       65   135300      4.2     10.0     11.9     10.0   105500      0.0      0.0      0.0     None      0.0     None      2.7     25.3    11.66      3.4     None     4.62   130000      8.1     None     None     None     None     None     None     None
467410 20111222   1014.1   1017.3   1015.4   090100   1012.2   142200     18.2     21.8   120700     15.3   232500     13.5       74       63   144600      5.0     10.0     13.2     10.0   174000      0.0      0.0      0.0     None      0.0     None      0.0      0.0     9.34      5.0     None     3.81   120000      9.3     None     None     None     None     None     None     None
467410 20111223   1015.5   1018.7   1017.2   093600   1013.7   142600     16.3     20.9   142500     14.6   054100     10.4       69       56   141800      5.4     10.0     16.1     10.0   210200      0.0      0.0      0.0     None      0.0     None      1.5     14.0     9.03      7.9     None     3.68   130000      7.6     None     None     None     None     None     None     None
467410 20111224   1017.4   1020.7   1018.9   224400   1015.9   143300     14.2     18.4   134800     11.6   231700      7.0       62       48   134700      6.3     10.0     15.7     10.0   093000      0.0      0.0      0.0     None      0.0     None      8.6     80.5    14.56      4.8     None     4.74   120000      1.5     None     None     None     None     None     None     None
467410 20111225   1019.8   1023.0   1021.4   085500   1018.0   143400     15.6     20.9   135100     11.5   010000      7.8       60       48   132800      3.2     10.0      9.2     10.0   005500      0.0      0.0      0.0     None      0.0     None      8.4     78.6    14.34      6.0     None     4.59   120000      5.6     None     None     None     None     None     None     None
467410 20111226   1020.8   1024.1   1022.5   092300   1019.2   152000     17.2     22.5   132500     13.9   032400     10.9       67       52   132500      3.1     10.0      9.9    350.0   150500      0.0      0.0      0.0     None      0.0     None      7.6     71.1    14.72      3.8     None     4.51   130000      4.9     None     None     None     None     None     None     None
467410 20111227   1020.2   1023.4   1022.5   084800   1017.7   154000     18.4     23.2   130700     15.0   030600     13.4       74       54   130400      2.6     10.0      9.1     20.0   171400      0.0      0.0      0.0     None      0.0     None      8.4     78.6    14.94      2.9     None     4.52   120000      2.9     None     None     None     None     None     None     None
467410 20111228   1018.8   1022.0   1020.8   001700   1016.3   152200     18.7     22.7   151200     16.3   235300     14.8       79       63   100900      4.2     10.0     11.5    360.0   171600      0.0      0.0      0.0     None      0.0     None      2.1     19.6     9.69      3.6     None     3.24   130000      4.8     None     None     None     None     None     None     None
467410 20111229   1016.8   1019.9   1018.8   092800   1014.6   142400     19.1     24.3   141000     15.8   041500     15.0       78       60   134300      3.5     10.0      9.8    350.0   151000      0.0      0.0      0.0     None      0.0     None      5.4     50.5    13.45      3.4     None     4.69   120000      4.9     None     None     None     None     None     None     None
467410 20111230   1018.3   1021.5   1020.5   092100   1016.4   144800     18.2     21.3   142000     16.7   235700     13.9       76       66   142000      3.8     10.0      9.7     10.0   094800      0.0      0.0      0.0     None      0.0     None      0.5      4.7     8.12      4.8     None     2.56   140000      9.1     None     None     None     None     None     None     None
467410 20111231   1018.9   1022.1   1021.3   083900   1017.3   150300     16.7     19.2   154500     15.6   052200     13.7       83       76   001500      3.4     10.0     10.3     10.0   175700     -9.8      0.5     -9.8   050200     -9.8   050200      0.0      0.0     4.21      3.0     None     1.69   120000      9.5     None     None     None     None     None     None     None
