* MD (Multifield Daily Data Format)
* 以 '*' 字元開頭的文字為格式說明
* 以 '#' 字元開頭的文字為氣象資料欄位標題列9個字元一組
********************************************************************************
* 格式說明:
* 站碼(stno) 時間(yyyymmdd) 氣象資料欄位
* 1~6        8~15           第16個字元開始每個氣象要素(欄位)9個字元
* 時間為當地時間(Local Time)
* yyyy:西元年
* mm:月
* dd:日
********************************************************************************
* 欄位標題說明:
* 極值發生時間欄位格式為 hhmmss 6位字元  其中 hh:小時(00~23時) mm:分鐘(00~59分) ss:秒(00~59秒)
*
* CD11 平均雲量(10分量)
* EP01 20cm箱外蒸發量(mm)
* EP04 20cm箱內蒸發量(mm)
* EP05 A型蒸發量(mm)
* GR01 全天空日射量(MJ/㎡)
* GR02 最大小時全天空日射量(MJ/㎡)
* GR03 最大小時全天空日射量時間
* PP01 降水量(mm)
* PP02 降水時數(hour)
* PP03 最大十分鐘降水量(mm)
* PP04 最大十分鐘降水量起始時間
* PP05 最大六十分鐘降水量(mm)
* PP06 最大六十分鐘降水量起始時間
* PS01 平均測站氣壓(hPa)                
* PS02 平均海平面氣壓(hPa)
* PS03 最高測站氣壓(hPa)                  
* PS04 最高測站氣壓時間
* PS05 最低測站氣壓(hPa)
* PS06 最低測站氣壓時間
* PS07 最高海平面氣壓(hPa)
* PS08 最高海平面氣壓時間
* PS09 最低海平面氣壓(hPa)
* PS10 最低海平面氣壓時間
* RH01 平均相對溼度(%)
* RH02 最大相對溼度(%)
* RH03 最大相對溼度時間
* RH04 最小相對溼度(%)
* RH05 最小相對溼度時間
* SD01 雪深(cm)
* SS01 日照時數(hour)
* SS02 日照率(%)
* ST01 天空狀況
* ST02 地面狀況
* ST03 雷暴
* ST04 液態降水1
* ST05 液態降水2
* ST06 固態降水1
* ST07 固態降水2
* ST08 固態降水3
* ST09 視障1
* ST10 視障2
* ST11 光象1
* ST12 光象2
* TB01 黑球溫度(℃)
* TD01 平均露點溫度(℃)
* TD02 最高露點溫度(℃)
* TD03 最高露點溫度時間
* TD04 最低露點溫度(℃)
* TD05 最低露點溫度時間
* TG01 最低草溫(℃)
* TS01 地表溫度0cm(℃)
* TS02 地中溫度5cm(℃)
* TS03 地中溫度10cm(℃)
* TS04 地中溫度20cm(℃)
* TS05 地中溫度30cm(℃)
* TS06 地中溫度50cm(℃)
* TS07 地中溫度100cm(℃)
* TS08 地中溫度200cm(℃)
* TS09 地中溫度300cm(℃)
* TS10 地中溫度500cm(℃)
* TW01 平均溼球溫度(℃)
* TX01 平均氣溫(℃)
* TX02 絕對最高氣溫(℃)
* TX03 絕對最高氣溫時間
* TX04 絕對最低氣溫(℃)
* TX05 絕對最低氣溫時間
* TX10 氣溫日較差(℃)
* VP01 平均水氣壓(hPa)
* VP02 最大水氣壓(hPa)
* VP03 最大水氣壓時間
* VP04 最小水氣壓(hPa)
* VP05 最小水氣壓時間
* VS01 平均能見度(km)
* WD01 平均風風速(m/s)
* WD02 平均風風向(360 degree)
* WD03 平均風程(m/s)
* WD04 最大平均風風速(m/s)
* WD05 最大平均風風向(360 degree)
* WD06 最大平均風時間
* WD07 最大瞬間風風速(m/s)
* WD08 最大瞬間風風向(360 degree)
* WD09 最大瞬間風時間
* UV01 紫外線指數
********************************************************************************
* 特殊值:
* -999.1:儀器故障待修
* -9.6/-999.6:資料累計於後
* -9.5/-99.5/-999.5/-999.5/-9999.5/-9995:因故障而無資料
* -9.7/-99.7/-999.7/-999.7/-9999.7/-9997:因不明原因而無資料
* -9.8:雨跡(Trace)
* None:未觀測而無資料
********************************************************************************
# stno yyyymmdd     PS01     PS02     PS03     PS04     PS05     PS06     TX01     TX02     TX03     TX04     TX05     TD01     RH01     RH04     RH05     WD01     WD02     WD07     WD08     WD09     PP01     PP02     PP03     PP04     PP05     PP06     SS01     SS02     GR01     VS01     EP05     UV01     UV03     CD11     TS01     TS02     TS03     TS04     TS05     TS06     TS07
467410 20170101   1017.6   1020.7   1019.6   083600   1015.4   151200     20.9     25.7   113900     17.8   044200     17.4       81       63   123200      1.8    320.0      6.3     30.0   204300      0.0      0.0      0.0     None      0.0     None      8.9     83.1    13.49      2.3     None     4.63   130000      1.8     None     None     None     None     None     None     None
467410 20170102   1016.6   1019.8   1018.8   092800   1014.5   153600     20.8     25.5   125800     18.4   071400     17.5       82       66   125000      2.7     30.0      7.6    320.0   132500      0.0      0.0      0.0     None      0.0     None      8.3     77.5    12.61      2.4     None     4.22   130000      2.9     None     None     None     None     None     None     None
467410 20170103   1015.9   1019.1   1017.9   093900   1014.1   142200     20.8     26.4   131500     18.1   070400     17.8       83       59   133500      1.9     20.0      5.9    330.0   143000      0.0      0.0      0.0     None      0.0     None      6.3     58.8    12.04      1.8     None     4.44   130000      3.9     None     None     None     None     None     None     None
467410 20170104   1014.8   1018.0   1016.8   085900   1012.8   143300     21.3     25.8   130800     18.9   055000     17.9       82       62   125300      2.2     20.0      7.2     30.0   173200      0.0      0.0      0.0     None      0.0     None      6.9     64.3    11.52      2.8     None     3.88   130000      3.1     None     None     None     None     None     None     None
467410 20170105   1013.7   1016.9   1015.2   094600   1011.2   151600     21.3     25.5   151700     18.7   033100     17.6       80       61   161300      2.5    360.0      8.6    360.0   175800      0.0      0.0      0.0     None      0.0     None      6.8     63.4    11.14      4.6     None     3.37   140000      2.0     None     None     None     None     None     None     None
467410 20170106   1012.6   1015.8   1014.6   085700   1010.3   150100     20.8     25.7   135300     17.8   074500     17.5       82       62   135900      2.8     30.0      8.3    350.0   164200      0.0      0.0      0.0     None      0.0     None      6.9     64.3    13.18      2.1     None     4.41   120000      2.5     None     None     None     None     None     None     None
467410 20170107   1010.7   1013.8   1012.5   001700   1008.4   150800     22.4     27.2   114600     19.4   051500     18.0       77       56   112100      2.4     30.0      7.3    330.0   122500      0.0      0.0      0.0     None      0.0     None      6.7     62.4    13.34      3.3     None     4.18   120000      4.1     None     None     None     None     None     None     None
467410 20170108   1009.8   1013.0   1011.6   214600   1007.3   143200     22.6     27.5   125800     19.7   234000     17.7       75       56   125800      3.4     30.0      9.5    360.0   092300      0.0      0.0      0.0     None      0.0     None      9.9     92.1    14.33      5.4     None     4.34   130000      0.8     None     None     None     None     None     None     None
467410 20170109   1012.3   1015.5   1014.4   221100   1010.1   141900     20.4     26.3   133600     17.6   235600     15.6       74       56   133300      3.4     10.0      9.4    360.0   162900      0.0      0.0      0.0     None      0.0     None      9.1     84.6    13.64      5.0     None     3.96   130000      0.5     None     None     None     None     None     None     None
467410 20170110   1014.9   1018.1   1017.0   090200   1013.1   142500     19.6     25.3   151400     15.7   064500     14.2       72       56   151400      3.2     20.0      8.2     30.0   204100      0.0      0.0      0.0     None      0.0     None      8.4     78.0    13.29      4.6     None     3.85   130000      2.3     None     None     None     None     None     None     None
467410 20170111   1014.7   1017.9   1017.0   083500   1011.8   145700     20.1     25.5   142800     16.6   041300     15.2       73       57   142700      3.2     30.0      8.4     20.0   195000      0.0      0.0      0.0     None      0.0     None      8.5     78.8    13.21      3.0     None     3.88   120000      3.1     None     None     None     None     None     None     None
467410 20170112   1012.2   1015.4   1015.0   000100   1009.7   143700     20.5     24.6   135200     18.4   041400     16.8       80       66   131700      3.5     20.0      9.2     20.0   183500      0.0      0.0      0.0     None      0.0     None      8.1     75.1    13.23      3.9     None     4.43   130000      6.1     None     None     None     None     None     None     None
467410 20170113   1011.0   1014.2   1012.7   224000   1009.1   134900     19.9     24.4   134900     16.8   234300     15.9       78       65   131700      4.0     20.0     10.1     30.0   191800      0.0      0.0      0.0     None      0.0     None      4.4     40.7    12.02      3.6     None     4.72   120000      6.9     None     None     None     None     None     None     None
467410 20170114   1013.7   1016.9   1016.1   235700   1011.6   044500     17.1     20.0   152900     14.7   092300     13.2       78       70   230300      4.0     20.0     10.1     20.0   025200      0.0      0.0      0.0     None      0.0     None      1.2     11.1     7.96      4.4     None     3.76   130000      8.0     None     None     None     None     None     None     None
467410 20170115   1015.9   1019.1   1017.8   090700   1013.9   140700     17.5     21.9   152300     15.2   050300     12.5       73       63   144800      3.2     20.0      9.6     20.0   201500      0.0      0.0      0.0     None      0.0     None      2.8     25.9     8.93      6.0     None     3.67   120000      8.0     None     None     None     None     None     None     None
467410 20170116   1016.4   1019.6   1018.1   223200   1013.9   152400     18.0     22.6   142700     15.0   070700     12.7       72       61   130500      3.6     20.0      9.4     20.0   055300      0.0      0.0      0.0     None      0.0     None      8.5     78.5    14.42      9.9     None     4.60   130000      3.8     None     None     None     None     None     None     None
467410 20170117   1017.9   1021.1   1019.8   231400   1015.9   144200     18.8     23.7   134300     16.0   021500     13.9       73       60   124100      3.7     20.0     10.5    320.0   135800      0.0      0.0      0.0     None      0.0     None      8.2     75.6    13.52      7.1     None     4.08   130000      4.8     None     None     None     None     None     None     None
467410 20170118   1018.2   1021.4   1020.2   083200   1016.1   142300     20.2     26.2   134600     17.3   000500     16.2       79       56   134600      3.8     20.0      8.8    360.0   104700      0.0      0.0      0.0     None      0.0     None      8.3     76.5    14.75      5.2     None     4.79   120000      3.9     None     None     None     None     None     None     None
467410 20170119   1016.6   1019.8   1018.7   083600   1013.8   151600     21.0     27.3   140400     18.2   231100     16.8       78       56   140400      3.6     20.0      8.7    300.0   153800      0.0      0.0      0.0     None      0.0     None     10.0     92.0    15.31      4.8     None     4.86   130000      2.3     None     None     None     None     None     None     None
467410 20170120   1017.7   1020.9   1019.7   232600   1015.6   144300     17.5     22.4   130600     13.1   234600     12.7       74       60   143100      5.5     20.0     13.2     10.0   172800      0.0      0.0      0.0     None      0.0     None      6.1     56.1    13.83      4.3     None     4.62   130000      6.1     None     None     None     None     None     None     None
467410 20170121   1020.4   1023.7   1022.8   094700   1018.1   151600     15.5     20.3   150100     13.1   003300      9.4       67       59   152200      4.6     20.0     11.5     10.0   021200      0.0      0.0      0.0     None      0.0     None      1.1     10.1     7.69      6.0     None     2.71   130000      7.5     None     None     None     None     None     None     None
467410 20170122   1021.1   1024.3   1023.0   090200   1018.6   151700     16.8     22.2   141600     14.1   033700      9.9       64       48   141000      3.9     20.0      9.8     20.0   060000      0.0      0.0      0.0     None      0.0     None      2.9     26.6    10.77      8.1     None     4.10   130000      7.1     None     None     None     None     None     None     None
467410 20170123   1021.1   1024.3   1022.9   094800   1019.2   145800     17.5     22.6   140200     14.0   061600     10.2       62       53   135900      2.4     10.0      6.8     20.0   183600      0.0      0.0      0.0     None      0.0     None      4.0     36.6    11.90      5.5     None     3.91   120000      7.9     None     None     None     None     None     None     None
467410 20170124   1021.7   1024.9   1023.2   093200   1019.8   151800     17.6     22.5   141500     14.8   063200     11.2       67       56   141500      3.5     10.0     10.7     30.0   225500      0.0      0.0      0.0     None      0.0     None      3.1     28.3    10.64      5.4     None     3.67   130000      7.9     None     None     None     None     None     None     None
467410 20170125   1021.0   1024.2   1022.7   000500   1018.7   160800     17.3     22.5   152700     14.7   052900     11.9       71       56   143800      4.7     20.0     13.2     20.0   175600      0.0      0.0      0.0     None      0.0     None      5.1     46.6    12.63      9.0     None     3.82   130000      4.8     None     None     None     None     None     None     None
467410 20170126   1019.5   1022.7   1021.5   085500   1016.5   143700     17.1     23.7   145900     13.3   065000     11.4       70       51   144400      4.3     20.0     12.9     10.0   011100      0.0      0.0      0.0     None      0.0     None      9.9     90.3    16.00      7.9     None     4.34   130000      0.0     None     None     None     None     None     None     None
467410 20170127   1018.5   1021.7   1021.2   082100   1016.1   150200     18.4     24.6   134900     14.5   065000     12.1       68       45   123800      4.2     20.0     10.9    350.0   133800      0.0      0.0      0.0     None      0.0     None     10.4     94.7    16.38      7.3     None     4.74   130000      0.0     None     None     None     None     None     None     None
467410 20170128   1015.4   1018.5   1017.4   000500   1013.2   152800     19.0     25.1   120900     14.6   055800     14.0       74       48   120900      2.6     30.0      7.3    310.0   151600      0.0      0.0      0.0     None      0.0     None     10.2     92.8    16.01      5.0     None     4.81   130000      1.6     None     None     None     None     None     None     None
467410 20170129   1014.5   1017.7   1016.8   092200   1012.3   144600     20.7     28.1   135700     16.6   054000     15.8       75       44   142000      2.7     30.0      7.9     30.0   072500      0.0      0.0      0.0     None      0.0     None      7.1     64.5    15.08      3.9     None     4.92   120000      3.9     None     None     None     None     None     None     None
467410 20170130   1014.6   1017.7   1016.0   085700   1012.5   150100     20.8     27.1   111800     16.4   235959     15.5       72       53   111700      3.7     20.0     11.4     20.0   163900      0.0      0.0      0.0     None      0.0     None      9.0     81.6    15.37      5.8     None     5.23   130000      4.1     None     None     None     None     None     None     None
467410 20170131   1015.7   1018.9   1017.6   095600   1013.8   151200     18.3     23.5   140700     15.0   042700     13.2       73       61   135700      3.9     10.0     10.7     20.0   075300      0.0      0.0      0.0     None      0.0     None      1.2     10.9     9.64      7.5     None     3.96   130000      7.6     None     None     None     None     None     None     None
467410 20170201   1017.0   1020.2   1018.4   091100   1015.4   144000     19.3     23.4   140600     16.9   235959     14.6       74       65   140600      3.9     20.0     10.4     20.0   190000     -9.8      0.5     -9.8   063000     -9.8   062000      0.7      6.3    10.13      6.9     None     4.05   130000      7.6     None     None     None     None     None     None     None
467410 20170202   1018.0   1021.2   1020.0   093300   1015.9   145400     18.1     23.0   134600     15.3   060100     12.6       71       60   132400      4.0     20.0      9.2     10.0   041400      0.0      0.0      0.0     None      0.0     None      6.9     62.3    14.73      7.6     None     5.66   130000      4.8     None     None     None     None     None     None     None
467410 20170203   1016.4   1019.6   1018.5   084600   1013.7   150400     18.7     23.9   125600     15.5   024100     13.5       73       58   123600      3.1     20.0      9.1    340.0   143300      0.0      0.0      0.0     None      0.0     None      8.3     74.8    15.47      4.9     None     5.21   130000      4.0     None     None     None     None     None     None     None
467410 20170204   1012.9   1016.1   1016.0   000200   1009.6   151500     19.1     23.2   141400     17.2   000100     15.5       80       61   143300      2.8     30.0      7.8     10.0   013200      0.0      0.0      0.0     None      0.0     None      0.3      2.7     6.98      3.4     None     3.58   140000      8.1     None     None     None     None     None     None     None
467410 20170205   1010.0   1013.1   1012.0   092600   1007.8   154600     19.5     23.9   131000     16.5   051100     15.7       79       60   141300      3.2     20.0      9.1     30.0   111500      0.0      0.0      0.0     None      0.0     None      0.3      2.7     7.85      2.5     None     2.69   130000      7.5     None     None     None     None     None     None     None
467410 20170206   1011.6   1014.8   1013.8   095400   1009.3   025400     19.2     25.7   141000     16.2   063500     14.5       74       57   141000      3.4     20.0     11.3     30.0   180300      0.0      0.0      0.0     None      0.0     None      8.1     72.7    15.63      4.3     None     5.04   130000      3.0     None     None     None     None     None     None     None
467410 20170207   1013.4   1016.5   1015.3   090800   1011.5   162100     19.2     24.3   142300     15.9   072500     12.9       68       56   140600      2.2     20.0      7.6    340.0   171200      0.0      0.0      0.0     None      0.0     None      6.1     54.6    13.95      4.3     None     4.54   120000      4.8     None     None     None     None     None     None     None
467410 20170208   1012.8   1015.9   1014.4   093500   1010.9   161300     19.3     23.5   120400     16.5   045200     14.0       72       56   162500      3.9     20.0     10.9     30.0   234100      0.0      0.0      0.0     None      0.0     None      9.9     88.5    16.51      6.9     None     5.43   130000      1.4     None     None     None     None     None     None     None
467410 20170209   1014.3   1017.5   1016.3   235400   1011.8   140000     15.1     18.5   134400     12.3   211800      8.5       65       47   235300      7.1     20.0     18.7     30.0   070500      0.0      0.0      0.0     None      0.0     None      5.8     51.8    14.56      9.5     None     5.16   130000      7.0     None     None     None     None     None     None     None
467410 20170210   1017.3   1020.6   1019.5   225300   1015.4   042700     13.7     17.7   144300     11.1   063000      5.0       56       46   001000      4.0     20.0     13.5     40.0   004300      0.0      0.0      0.0     None      0.0     None      0.9      8.0     7.31      5.3     None     2.47   130000      8.6     None     None     None     None     None     None     None
467410 20170211   1021.0   1024.3   1022.7   235200   1019.0   013000     12.1     14.1   195100      9.7   040200      7.7       75       58   000100      3.4     30.0      8.5     20.0   114800      0.5      2.8      0.5   052300      0.5   052300      0.0      0.0     0.65      3.9     None     0.89   130000      9.6     None     None     None     None     None     None     None
467410 20170212   1021.9   1025.1   1023.5   091500   1020.1   144400     15.4     19.5   115500     11.7   064000      9.1       66       53   133800      2.8     20.0      7.9     20.0   174500      0.5      0.5      0.5   022000      0.5   022000      3.1     27.5     9.34      6.3     None     3.78   120000      8.1     None     None     None     None     None     None     None
467410 20170213   1022.8   1026.0   1024.4   221800   1020.9   150100     17.2     23.1   142100     13.0   061000     11.0       67       52   123500      3.3     20.0      8.2    330.0   160500      0.0      0.0      0.0     None      0.0     None     10.2     90.4    16.76      8.8     None     5.12   130000      1.0     None     None     None     None     None     None     None
467410 20170214   1024.5   1027.7   1025.9   084300   1022.7   154000     17.8     23.7   115100     13.5   063800     11.7       68       51   115100      3.1     20.0      9.5    330.0   142100      0.0      0.0      0.0     None      0.0     None     10.3     91.2    17.13      6.3     None     4.73   120000      0.8     None     None     None     None     None     None     None
467410 20170215   1022.7   1025.9   1025.2   000100   1020.3   154700     18.0     22.6   112800     14.5   045500     12.0       69       50   163400      2.7     20.0      8.3    340.0   150100      0.0      0.0      0.0     None      0.0     None     10.4     91.9    17.85      5.8     None     5.43   130000      1.1     None     None     None     None     None     None     None
467410 20170216   1018.7   1021.9   1021.2   002100   1016.3   150900     19.0     25.2   135400     13.4   070800     11.7       66       43   122300      2.6     30.0      7.3    310.0   142300      0.0      0.0      0.0     None      0.0     None      8.6     75.9    17.56      4.3     None     5.47   130000      2.3     None     None     None     None     None     None     None
467410 20170217   1017.8   1021.0   1019.9   090700   1016.0   152100     21.9     27.2   130400     18.0   063000     12.8       57       42   123900      2.8     30.0      9.6    340.0   150700      0.0      0.0      0.0     None      0.0     None     10.2     89.8    17.91     11.0     None     5.81   130000      3.0     None     None     None     None     None     None     None
467410 20170218   1017.9   1021.1   1019.9   085200   1015.7   143800     19.9     25.5   123500     17.0   233600     15.1       74       57   123500      4.3     20.0     13.4     30.0   080800      0.0      0.0      0.0     None      0.0     None      8.6     75.6    17.34      4.4     None     5.53   130000      1.5     None     None     None     None     None     None     None
467410 20170219   1014.7   1017.9   1018.1   000600   1011.7   155600     20.2     25.2   133300     16.2   060200     15.4       74       60   135800      2.5     20.0      7.3     20.0   092700      0.0      0.0      0.0     None      0.0     None      9.2     80.7    17.07      3.0     None     5.30   130000      2.6     None     None     None     None     None     None     None
467410 20170220   1011.7   1014.8   1013.9   225300   1009.8   150700     24.1     29.0   130600     20.0   001500     18.7       72       58   091000      2.7    210.0     10.7    230.0   122600      0.0      0.0      0.0     None      0.0     None      6.0     52.5    14.89      6.7     None     5.75   130000      7.5     None     None     None     None     None     None     None
467410 20170221   1014.1   1017.3   1016.0   084200   1012.4   152600     22.2     26.3   134300     19.4   063300     17.3       74       62   134200      3.4     10.0      8.8     10.0   053100      0.0      0.0      0.0     None      0.0     None      6.7     58.6    14.85      5.1     None     5.15   120000      7.1     None     None     None     None     None     None     None
467410 20170222   1012.5   1015.6   1014.5   000100   1010.1   160000     23.2     27.9   114300     18.9   050700     18.8       77       63   114300      2.6     30.0      7.8     20.0   045600      0.0      0.0      0.0     None      0.0     None      2.6     22.7     9.81      3.6     None     3.96   120000      8.8     None     None     None     None     None     None     None
467410 20170223   1013.1   1016.2   1016.7   232700   1010.8   135800     22.2     28.2   131600     14.7   235959     17.6       75       65   131600      3.9     20.0     14.0     20.0   184700      0.0      0.0      0.0     None      0.0     None      8.3     72.3    17.01      5.0     None     4.99   130000      6.5     None     None     None     None     None     None     None
467410 20170224   1016.9   1020.1   1018.3   092900   1015.3   044000     16.0     19.9   124500     14.3   233000     11.1       73       65   124400      4.5     20.0     11.4     20.0   132100      0.0      0.0      0.0     None      0.0     None      1.5     13.0    10.10      6.8     None     4.78   130000      8.8     None     None     None     None     None     None     None
467410 20170225   1015.2   1018.4   1017.8   000100   1012.6   140300     17.1     22.3   141300     14.1   034700     12.3       74       62   134100      4.3     20.0     11.5     30.0   181500      0.0      0.0      0.0     None      0.0     None      4.9     42.5    14.98      6.5     None     4.91   140000      6.8     None     None     None     None     None     None     None
467410 20170226   1015.9   1019.1   1017.8   211000   1013.8   142100     16.7     21.4   143200     13.9   212900     11.3       71       56   141600      5.2     20.0     15.3     20.0   173300      0.0      0.0      0.0     None      0.0     None      8.9     77.1    18.34      7.0     None     5.95   130000      4.0     None     None     None     None     None     None     None
467410 20170227   1017.5   1020.7   1018.9   095600   1016.2   134800     17.8     23.9   142100     13.7   012400     11.4       67       54   142000      3.0     30.0      9.8     10.0   161200      0.0      0.0      0.0     None      0.0     None      7.3     63.1    15.42      4.8     None     5.18   120000      5.3     None     None     None     None     None     None     None
467410 20170228   1016.3   1019.5   1018.4   000900   1013.4   160100     18.9     23.8   141700     14.9   023800     12.7       68       54   121200      3.2     20.0     10.3    340.0   115600      0.0      0.0      0.0     None      0.0     None     10.2     88.0    17.83      4.9     None     5.52   130000      2.3     None     None     None     None     None     None     None
467410 20170301   1014.6   1017.8   1016.2   082900   1012.6   151900     19.1     23.6   112400     15.9   033100     13.2       69       55   113300      4.5     20.0     12.3    360.0   133900      0.0      0.0      0.0     None      0.0     None     10.7     92.2    19.03      8.1     None     6.07   130000      0.5     None     None     None     None     None     None     None
467410 20170302   1014.4   1017.6   1016.1   085100   1012.6   145600     18.7     24.1   131600     14.6   235000     10.8       61       44   120900      4.7     20.0     13.6     20.0   081800      0.0      0.0      0.0     None      0.0     None      9.9     85.1    18.43      5.4     None     5.48   130000      0.8     None     None     None     None     None     None     None
467410 20170303   1013.4   1016.6   1015.4   000100   1011.1   162600     18.5     23.8   142300     13.6   024000     10.4       60       42   123700      2.9     20.0      8.1     10.0   165800      0.0      0.0      0.0     None      0.0     None      5.3     45.5    13.91      5.9     None     4.86   130000      7.4     None     None     None     None     None     None     None
467410 20170304   1011.6   1014.8   1013.5   074200   1009.5   151200     21.6     26.1   132400     17.6   061200     14.2       63       50   135000      2.1     30.0      6.8     40.0   055100      0.0      0.0      0.0     None      0.0     None      9.8     83.9    17.61      5.3     None     5.71   130000      2.6     None     None     None     None     None     None     None
467410 20170305   1009.6   1012.8   1012.0   080900   1007.6   153700     23.6     27.9   125800     20.0   052200     17.0       67       51   132700      2.5    210.0      8.0    230.0   132200      0.0      0.0      0.0     None      0.0     None      9.5     81.2    17.51      9.8     None     5.54   130000      1.1     None     None     None     None     None     None     None
467410 20170306   1009.8   1013.0   1012.2   224900   1008.1   141100     21.1     25.4   113400     16.4   233000     15.6       71       60   140200      4.5     10.0     14.0     30.0   185000      0.5      0.8      0.5   070400      0.5   061400      8.7     74.2    16.75      7.9     None     5.37   130000      3.8     None     None     None     None     None     None     None
467410 20170307   1012.7   1015.9   1014.7   225500   1010.9   025400     17.1     19.6   135100     15.6   221800     11.6       70       61   145400      3.5     20.0      9.4     10.0   021600     -9.8      0.3     -9.8   222000     -9.8   222000      0.0      0.0     5.05      3.1     None     2.19   110000      9.5     None     None     None     None     None     None     None
467410 20170308   1013.8   1017.0   1015.5   101800   1012.1   161800     15.7     16.5   172400     14.9   105600     12.5       81       73   065700      3.5     20.0     10.3     10.0   134800      0.5      3.2      0.5   110900      0.5   110900      0.0      0.0     1.63      4.3     None     1.50   140000      9.3     None     None     None     None     None     None     None
467410 20170309   1012.8   1016.0   1014.7   000100   1010.6   154300     19.7     24.6   132600     15.8   001100     14.5       72       57   144400      2.0     10.0      7.2    320.0   141500      0.0      0.0      0.0     None      0.0     None      6.7     56.8    15.97      4.1     None     5.59   130000      6.9     None     None     None     None     None     None     None
467410 20170310   1009.8   1012.9   1011.6   000100   1007.1   153600     22.3     28.3   151800     18.6   054200     17.5       75       58   122600      3.1     20.0     11.7     30.0   211800     11.8      1.6      5.5   184000     11.5   181000      3.1     26.2    11.99      5.4     None     3.88   120000      6.6     None     None     None     None     None     None     None
467410 20170311   1011.5   1014.6   1013.3   221700   1009.9   010900     21.5     25.7   115900     18.4   051500     17.6       79       66   141600      3.5     10.0     10.3     10.0   201500      0.0      0.0      0.0     None      0.0     None      6.6     55.8    17.16      4.8     None     5.92   120000      4.5     None     None     None     None     None     None     None
467410 20170312   1011.1   1014.2   1012.8   085600   1009.1   151900     23.0     27.3   122500     19.8   030700     18.8       78       66   115900      2.3     30.0      9.0    260.0   123900      0.0      0.0      0.0     None      0.0     None      8.3     70.0    18.38      3.3     None     6.53   130000      4.9     None     None     None     None     None     None     None
467410 20170313   1009.1   1012.2   1011.3   003100   1006.5   145800     25.0     29.7   111500     22.0   012200     19.6       73       55   153700      2.9     30.0      9.8     30.0   234900      0.0      0.0      0.0     None      0.0     None     10.5     88.4    19.85      4.6     None     6.48   130000      3.3     None     None     None     None     None     None     None
467410 20170314   1012.5   1015.7   1015.3   221500   1009.6   030300     19.4     22.9   125300     16.1   232000     13.8       70       60   145200      4.5     20.0     12.2     20.0   183900      0.0      0.0      0.0     None      0.0     None      4.4     37.0    13.54      6.3     None     5.78   130000      7.5     None     None     None     None     None     None     None
467410 20170315   1014.4   1017.6   1016.9   084400   1012.4   165800     19.9     24.2   132300     16.0   032400     13.6       67       61   111300      2.0     30.0      5.8    200.0   133900      0.0      0.0      0.0     None      0.0     None      2.3     19.3    12.26      5.3     None     3.88   110000      7.6     None     None     None     None     None     None     None
467410 20170316   1013.5   1016.6   1015.0   230300   1011.4   144400     20.6     24.5   125600     18.3   045500     15.1       71       64   103200      3.1     20.0      9.5     20.0   064300      0.0      0.0      0.0     None      0.0     None      2.3     19.3    11.66      5.0     None     4.58   130000      7.6     None     None     None     None     None     None     None
467410 20170317   1014.5   1017.7   1016.6   220200   1012.3   145400     21.6     26.9   132200     17.6   062900     16.5       73       60   132200      3.3     20.0     11.2     20.0   192800      0.0      0.0      0.0     None      0.0     None      8.0     66.8    18.10      5.6     None     5.18   130000      6.8     None     None     None     None     None     None     None
467410 20170318   1015.1   1018.2   1017.2   082400   1013.4   171400     23.1     27.5   123200     20.2   060500     18.3       74       61   123100      2.3     30.0      6.9    310.0   144900      0.0      0.0      0.0     None      0.0     None      2.6     21.7    13.22      4.1     None     5.37   130000      8.8     None     None     None     None     None     None     None
467410 20170319   1014.8   1017.9   1016.3   073500   1012.9   143400     23.6     28.0   103500     20.7   050000     18.7       75       63   110300      3.2     30.0      8.3    310.0   113500      0.0      0.0      0.0     None      0.0     None      2.0     16.6    12.27      3.5     None     5.64   130000      8.9     None     None     None     None     None     None     None
467410 20170320   1012.0   1015.1   1014.6   000100   1010.2   144500     24.7     28.1   144700     21.7   000100     19.9       75       65   142100      2.3     20.0      7.4    300.0   161800      0.0      0.0      0.0     None      0.0     None      5.3     44.0    16.04      7.5     None     5.97   140000      5.9     None     None     None     None     None     None     None
467410 20170321   1012.0   1015.1   1013.7   075100   1009.8   143900     24.5     30.2   130000     20.8   235800     19.0       72       57   131000      3.2     20.0     10.2    310.0   145200      0.0      0.0      0.0     None      0.0     None      8.2     68.0    18.42      6.4     None     6.55   130000      5.0     None     None     None     None     None     None     None
467410 20170322   1011.2   1014.4   1013.3   214900   1008.8   152500     22.6     27.7   121300     19.3   043400     17.1       72       58   113200      3.2     20.0     10.7     20.0   200000     -9.8      0.4     -9.8   213300     -9.8   213300      8.0     66.2    19.92      5.6     None     7.72   130000      6.6     None     None     None     None     None     None     None
467410 20170323   1011.1   1014.3   1013.6   231500   1008.5   150600     23.6     30.1   150000     18.9   035400     17.3       69       48   143700      4.5     20.0     13.4     40.0   101900      0.0      0.0      0.0     None      0.0     None     10.1     83.4    20.49      8.1     None     7.45   130000      4.3     None     None     None     None     None     None     None
467410 20170324   1012.9   1016.0   1014.8   083900   1010.4   151700     23.0     28.3   114800     18.9   060900     17.5       72       56   114800      2.8     30.0      8.0    290.0   154400      0.0      0.0      0.0     None      0.0     None      7.8     64.3    19.70      6.8     None     7.28   130000      3.5     None     None     None     None     None     None     None
467410 20170325   1013.3   1016.5   1016.0   220600   1011.3   152900     22.3     27.5   140900     17.3   231900     16.8       71       59   140900      4.4     20.0     15.7     10.0   182500      0.0      0.0      0.0     None      0.0     None      8.1     66.7    19.19      9.5     None     5.44   140000      5.5     None     None     None     None     None     None     None
467410 20170326   1017.3   1020.5   1019.8   223000   1014.6   031600     16.2     17.5   001100     14.4   134700     12.2       78       65   122500      4.2     20.0     12.5     10.0   044600     -9.8      0.6     -9.8   134600     -9.8   134600      0.0      0.0     1.36      7.3     None     0.94   120000      8.4     None     None     None     None     None     None     None
467410 20170327   1019.0   1022.1   1020.8   102900   1016.9   154300     21.2     26.6   122900     16.0   010400     13.8       64       44   174200      2.1     30.0      7.2    250.0   130900      0.0      0.0      0.0     None      0.0     None      9.2     75.4    21.48      7.1     None     7.02   120000      4.8     None     None     None     None     None     None     None
467410 20170328   1017.1   1020.2   1019.3   000100   1014.7   160300     22.5     27.0   124900     19.4   062100     15.1       63       50   123200      2.0     20.0      9.1    300.0   131500      0.0      0.0      0.0     None      0.0     None      7.9     64.7    19.04      5.8     None     5.30   120000      3.6     None     None     None     None     None     None     None
467410 20170329   1016.4   1019.6   1018.6   094000   1014.3   155800     23.9     28.9   145600     20.9   061200     14.8       57       42   140500      2.5     30.0      8.4     40.0   093200      0.0      0.0      0.0     None      0.0     None      5.0     40.8    15.45      6.6     None     4.71   130000      5.1     None     None     None     None     None     None     None
467410 20170330   1014.9   1018.0   1017.1   083000   1012.5   183900     24.4     28.7   123900     20.6   054700     17.2       65       48   122500      1.8     30.0      7.8    280.0   124700      0.0      0.0      0.0     None      0.0     None      6.0     48.9    17.35      4.4     None     5.19   120000      4.5     None     None     None     None     None     None     None
467410 20170331   1011.0   1014.1   1013.9   232300   1008.5   153300     24.0     29.5   105100     17.2   231100     18.3       71       60   105100      3.7     20.0     21.6     10.0   233300      0.0      0.0      0.0     None      0.0     None      8.4     68.4    20.02      8.0     None     7.06   130000      3.9     None     None     None     None     None     None     None
467410 20170401   1015.0   1018.2   1017.0   211100   1012.3   052900     18.5     23.4   145500     14.9   031300     11.3       64       48   173200      5.7     20.0     21.7     20.0   005800      1.0      1.9      0.5   044300      1.0   041300      4.4     35.7    15.89      8.8     None     5.06   140000      7.0     None     None     None     None     None     None     None
467410 20170402   1017.7   1020.9   1019.2   091300   1016.1   155000     20.3     25.2   123600     15.8   063100      7.5       44       33   130900      3.0     30.0      8.9     40.0   035200      0.0      0.0      0.0     None      0.0     None     10.9     88.4    22.79      7.1     None     6.48   120000      0.0     None     None     None     None     None     None     None
467410 20170403   1017.9   1021.1   1019.5   092200   1016.5   142000     21.7     25.9   121200     17.7   052800     11.4       52       39   115000      2.4    140.0     10.1    270.0   151200      0.0      0.0      0.0     None      0.0     None     11.0     89.0    23.20     10.0     None     7.03   130000      1.5     None     None     None     None     None     None     None
467410 20170404   1016.1   1019.3   1018.4   000100   1013.8   155100     22.5     26.2   121600     19.0   045700     14.2       60       50   104600      2.3    330.0      8.6    270.0   145500      0.0      0.0      0.0     None      0.0     None      9.3     75.1    20.91      8.3     None     5.52   130000      3.8     None     None     None     None     None     None     None
467410 20170405   1012.9   1016.1   1015.3   000100   1010.5   161200     24.0     28.5   114400     20.5   054200     14.7       56       42   114400      2.4     30.0      8.8    310.0   135800      0.0      0.0      0.0     None      0.0     None     10.5     84.7    21.99      6.5     None     6.18   120000      1.6     None     None     None     None     None     None     None
467410 20170406   1010.9   1014.0   1012.6   080800   1009.2   152000     25.1     28.6   111100     21.3   041500     17.5       63       49   110900      2.0    220.0      8.0    220.0   140400      0.0      0.0      0.0     None      0.0     None      4.7     37.8    16.43      8.5     None     4.68   130000      5.9     None     None     None     None     None     None     None
467410 20170407   1010.4   1013.5   1013.0   103400   1008.7   061600     25.2     28.0   130800     23.4   045500     20.3       74       67   000200      2.7    180.0      9.0    170.0   062000      0.0      0.0      0.0     None      0.0     None      1.8     14.5     9.69     12.8     None     4.91   140000      6.6     None     None     None     None     None     None     None
467410 20170408   1010.1   1013.2   1012.4   093900   1007.9   163600     26.2     30.1   124600     23.4   055000     21.3       75       57   122700      2.5    100.0     10.5    220.0   152500      0.0      0.0      0.0     None      0.0     None     10.4     83.4    22.05     12.9     None     7.35   130000      2.6     None     None     None     None     None     None     None
467410 20170409   1007.7   1010.8   1010.0   000100   1005.9   152400     26.1     29.7   120900     24.2   054600     22.3       80       69   120900      2.9    230.0      9.4    260.0   114400      0.0      0.0      0.0     None      0.0     None      5.7     45.6    17.60     14.5     None     7.13   120000      5.3     None     None     None     None     None     None     None
467410 20170410   1006.3   1009.4   1008.6   084600   1004.0   161200     27.3     32.3   125200     24.7   004700     21.2       70       49   124900      2.4    200.0      9.9    210.0   143100      0.0      0.0      0.0     None      0.0     None      7.8     62.3    20.46     12.6     None     6.90   130000      3.1     None     None     None     None     None     None     None
467410 20170411   1006.7   1009.8   1008.5   233400   1005.4   034200     27.2     30.6   100000     25.8   044300     22.7       77       62   100000      2.6    200.0      7.2    220.0   193900      1.0      0.9      1.0   193600      1.0   191500      3.8     30.3     9.66     12.5     None     3.78   110000      6.4     None     None     None     None     None     None     None
467410 20170412   1009.9   1013.1   1013.9   234100   1007.1   032100     21.4     26.4   000100     17.5   235200     19.7       90       84   003900      3.4     20.0     10.2    320.0   233200     30.5      7.9      8.5   074200     13.5   070200      0.0      0.0     1.48      2.3     None     1.29   120000     10.0     None     None     None     None     None     None     None
467410 20170413   1013.4   1016.6   1014.8   083700   1011.7   035900     19.9     23.3   124200     17.3   012900     17.4       86       76   161100      2.8     40.0     10.9     30.0   001200      3.5      3.6      1.0   011100      1.5   004800      0.0      0.0     6.33      2.1     None     4.42   120000      8.4     None     None     None     None     None     None     None
467410 20170414   1011.9   1015.0   1014.0   000100   1009.8   162600     24.4     29.0   130400     20.3   000100     19.8       76       62   122300      1.7     40.0      7.5    330.0   150700      0.0      0.0      0.0     None      0.0     None      7.9     62.7    20.13      5.2     None     6.35   120000      6.0     None     None     None     None     None     None     None
467410 20170415   1011.1   1014.2   1013.0   093800   1009.6   163200     26.8     31.2   123200     23.3   043000     21.1       72       57   121900      1.4    280.0      6.6    310.0   125500      0.0      0.0      0.0     None      0.0     None     10.7     84.8    20.58      6.8     None     6.23   130000      3.9     None     None     None     None     None     None     None
467410 20170416   1010.8   1013.8   1012.6   082400   1009.1   162000     27.5     31.3   145600     24.7   042100     22.0       72       58   153700      2.0     30.0      7.3    260.0   124600      0.0      0.0      0.0     None      0.0     None      8.9     70.4    20.47      7.1     None     7.83   130000      4.1     None     None     None     None     None     None     None
467410 20170417   1007.7   1010.8   1010.4   000200   1005.0   163900     27.9     32.0   120700     24.9   055500     22.9       75       61   115900      2.2    220.0      9.6    220.0   135600      0.0      0.0      0.0     None      0.0     None      9.3     73.4    21.01     14.0     None     8.40   130000      3.5     None     None     None     None     None     None     None
467410 20170418   1006.6   1009.7   1008.1   221000   1005.3   033300     27.2     30.0   123400     25.5   054800     23.0       78       67   103100      2.6    250.0      8.2    230.0   164600      0.0      0.0      0.0     None      0.0     None      8.2     64.6    22.08     10.4     None     8.41   120000      5.6     None     None     None     None     None     None     None
467410 20170419   1007.6   1010.7   1010.1   222600   1005.3   160700     27.8     31.4   121500     25.5   235600     23.2       77       62   134800      2.9    230.0     10.1    220.0   162500      1.0      0.7      0.5   204800      1.0   204800     10.1     79.5    22.47      7.6     None     7.86   130000      3.8     None     None     None     None     None     None     None
467410 20170420   1007.9   1010.9   1009.4   094500   1005.9   155000     27.7     31.0   120600     25.0   031600     22.6       74       64   095600      2.1    320.0      8.9    330.0   134800      0.0      0.0      0.0     None      0.0     None      5.6     44.0    17.23     10.8     None     7.37   110000      7.3     None     None     None     None     None     None     None
467410 20170421   1007.0   1010.1   1009.0   084600   1004.6   160300     27.7     31.3   123700     25.7   045300     22.4       73       61   133300      2.2    250.0      9.2    220.0   150400      0.5      0.5      0.5   234700      0.5   233000      5.1     40.0    18.30     14.6     None     6.64   110000      7.6     None     None     None     None     None     None     None
467410 20170422   1008.3   1011.4   1011.0   223000   1005.6   034300     21.7     26.6   000100     18.9   210600     18.2       81       69   142100      3.5     20.0     10.8    360.0   132700     25.5      3.4     13.0   001000     18.0   000100      0.0      0.0     6.06     10.3     None     2.58   110000      9.0     None     None     None     None     None     None     None
467410 20170423   1010.9   1014.0   1012.4   210600   1008.8   041900     21.7     23.7   103400     19.1   001200     17.9       79       71   205900      1.5     30.0      6.5     20.0   031300      1.0      0.7      0.5   024200      0.5   020500      0.0      0.0     3.81      5.0     None     3.37   110000     10.0     None     None     None     None     None     None     None
467410 20170424   1011.3   1014.4   1012.9   083700   1009.8   161800     24.2     28.5   142500     21.3   023800     19.3       75       60   122000      1.8     30.0      7.6    310.0   151900      0.5      3.3      0.5   012400      0.5   011000      2.3     18.0    12.92      4.4     None     5.30   120000      7.5     None     None     None     None     None     None     None
467410 20170425   1010.1   1013.2   1012.0   091300   1008.1   163300     26.2     30.0   124700     22.9   053100     21.0       73       58   111600      2.0     30.0      7.7    320.0   151400      0.0      0.0      0.0     None      0.0     None      4.1     32.0    16.85      4.0     None     5.81   120000      6.0     None     None     None     None     None     None     None
467410 20170426   1008.0   1011.1   1010.3   000100   1005.9   162900     27.6     31.2   124700     25.0   042300     22.8       76       63   094500      2.3     20.0      8.6     10.0   223600      0.0      0.0      0.0     None      0.0     None      9.1     70.8    22.06      5.1     None     8.01   120000      6.3     None     None     None     None     None     None     None
467410 20170427   1008.4   1011.5   1011.2   221300   1006.3   031700     22.2     26.9   105700     17.2   234700     18.4       79       69   085400      4.2     20.0     13.1     10.0   195800     -9.8      1.7     -9.8   154100     -9.8   154100      0.7      5.4    11.67      7.0     None     6.14   110000      8.6     None     None     None     None     None     None     None
467410 20170428   1010.3   1013.5   1011.8   083100   1008.5   155100     21.5     27.1   131700     16.9   052500     13.6       62       47   133000      4.1     20.0     14.4     20.0   031100      0.0      0.0      0.0     None      0.0     None      9.4     72.9    23.65     11.5     None     8.11   120000      3.9     None     None     None     None     None     None     None
467410 20170429   1010.7   1013.8   1011.9   085100   1009.1   160300     24.0     28.9   150000     19.7   021100     14.7       57       37   145800      1.8     30.0      7.0    260.0   144400      0.0      0.0      0.0     None      0.0     None     11.2     86.7    23.87     18.5     None     7.50   120000      1.6     None     None     None     None     None     None     None
467410 20170430   1010.7   1013.8   1011.8   083300   1009.3   160300     25.2     29.4   114000     21.3   045000     15.5       55       42   144200      1.5     40.0      6.8    330.0   133600      0.0      0.0      0.0     None      0.0     None     11.8     91.3    23.99     13.6     None     7.44   130000      1.0     None     None     None     None     None     None     None
467410 20170501   1010.6   1013.7   1011.9   081100   1008.9   162100     26.4     30.1   125700     22.4   054000     17.0       57       49   103800      1.8     30.0      8.3    330.0   142300      0.0      0.0      0.0     None      0.0     None      9.3     71.8    21.15     14.6     None     6.76   130000      3.6     None     None     None     None     None     None     None
467410 20170502   1009.7   1012.8   1011.4   090600   1008.3   144500     27.7     32.3   104600     24.5   035100     20.1       63       51   104500      1.7     90.0      7.2    260.0   122500      0.0      0.0      0.0     None      0.0     None      9.9     76.3    22.64     12.8     None     7.43   130000      2.0     None     None     None     None     None     None     None
467410 20170503   1009.7   1012.7   1011.1   072700   1008.1   151400     28.2     32.3   111300     25.6   040100     21.9       69       57   124400      2.0     30.0      8.3    320.0   155600      0.0      0.0      0.0     None      0.0     None     10.4     80.1    22.43      7.8     None     6.68   130000      1.5     None     None     None     None     None     None     None
467410 20170504   1009.6   1012.6   1010.9   214300   1008.5   124100     28.3     32.4   124700     25.6   055100     22.7       72       57   124700      2.0    260.0      8.1    270.0   151100      0.0      0.0      0.0     None      0.0     None      9.5     73.0    21.50      6.8     None     7.27   130000      1.6     None     None     None     None     None     None     None
467410 20170505   1011.0   1014.1   1013.1   214900   1009.3   015400     28.7     32.5   110600     25.7   055400     22.7       70       58   113900      2.0     20.0      7.2    270.0   125700      0.0      0.0      0.0     None      0.0     None     10.1     77.5    21.88      6.6     None     7.28   120000      1.9     None     None     None     None     None     None     None
467410 20170506   1012.0   1015.1   1013.7   081700   1010.0   160200     28.7     32.8   135700     25.6   233600     22.8       71       58   140900      2.9     20.0      9.7     30.0   175700      0.0      0.0      0.0     None      0.0     None     10.4     79.7    22.00      6.9     None     6.72   130000      2.6     None     None     None     None     None     None     None
467410 20170507   1011.4   1014.5   1013.0   080000   1009.2   150400     27.6     31.9   104600     24.0   034800     22.0       72       60   150700      2.7     30.0      8.5     30.0   004400      0.0      0.0      0.0     None      0.0     None     10.6     81.2    22.44      7.3     None     6.77   120000      2.8     None     None     None     None     None     None     None
467410 20170508   1009.3   1012.4   1012.0   000100   1006.8   160200     28.0     31.8   123300     25.3   052400     22.9       74       62   122400      2.5    240.0      9.6    250.0   141700      0.0      0.0      0.0     None      0.0     None     11.0     84.1    23.30      9.6     None     6.88   120000      1.8     None     None     None     None     None     None     None
467410 20170509   1009.3   1012.3   1010.5   212200   1008.1   032100     28.7     32.3   115200     26.2   043500     23.0       71       58   115200      2.8    300.0      8.8    280.0   143300      0.0      0.0      0.0     None      0.0     None     12.0     91.6    25.09     16.3     None     8.38   120000      3.5     None     None     None     None     None     None     None
467410 20170510   1011.2   1014.3   1012.9   212300   1009.5   014700     28.7     32.3   114800     26.2   035200     23.0       72       60   120300      2.1    340.0      8.4    340.0   125300      0.0      0.0      0.0     None      0.0     None      6.7     51.1    19.35      8.3     None     6.45   120000      4.0     None     None     None     None     None     None     None
467410 20170511   1011.3   1014.3   1012.6   085200   1009.8   162500     29.3     32.9   121000     26.7   000700     23.1       70       58   121000      1.8    320.0      7.5    320.0   134700      0.0      0.0      0.0     None      0.0     None      4.6     35.0    18.05      7.9     None     7.12   120000      7.1     None     None     None     None     None     None     None
467410 20170512   1007.9   1010.9   1010.7   000100   1005.8   170300     29.6     33.9   103700     26.7   054300     23.1       69       53   093800      3.7    200.0     12.7    220.0   135700      0.0      0.0      0.0     None      0.0     None      8.5     64.7    22.04     16.1     None     8.03   130000      5.3     None     None     None     None     None     None     None
467410 20170513   1007.0   1010.1   1008.8   214300   1005.8   043600     29.0     32.7   123600     27.4   042500     23.5       73       59   183600      2.5    320.0      8.4    330.0   132800      0.0      0.0      0.0     None      0.0     None      5.0     38.0    18.98     11.8     None    13.19   120000      5.8     None     None     None     None     None     None     None
467410 20170514   1007.6   1010.7   1009.1   090900   1005.6   162200     29.2     33.2   124100     26.7   055800     22.6       68       51   142200      2.7    330.0      8.4    330.0   110000      0.0      0.0      0.0     None      0.0     None      9.7     73.6    24.42     17.8     None    12.26   120000      2.9     None     None     None     None     None     None     None
467410 20170515   1007.4   1010.5   1008.4   000100  -9999.5     None     28.3     32.4   132800     26.2   052700     22.4       71       55   145800      2.6     30.0      9.2     20.0   185800      0.0      0.0      0.0     None      0.0     None      4.8     36.4    18.81      6.8     None    10.34   130000      5.9     None     None     None     None     None     None     None
467410 20170516   1003.7   1006.8  -9999.5     None   1001.8   175700     24.7     27.5   110000     21.5   203800     22.6       88       77   105600      2.8     70.0     13.1    340.0   210500     46.0     12.0      9.0   150000     20.5   141400      0.0      0.0     3.28      6.6     None     3.37   100000     10.0     None     None     None     None     None     None     None
467410 20170517   1005.6   1008.7   1008.2   223100   1003.4   022000     25.8     31.2   141800     21.7   013300     20.5       73       56   140900      2.9    340.0      9.9    270.0   150400      0.0      0.0      0.0     None      0.0     None      6.1     46.1    23.88     14.4     None     9.24   140000      6.9     None     None     None     None     None     None     None
467410 20170518   1008.5   1011.6   1010.1   213900   1006.8   024700     27.3     31.8   121600     24.3   054300     21.6       72       52   141400      1.7    260.0      6.0    300.0   123100      0.5      4.0      0.5   193400      0.5   184400      3.2     24.2    19.29      7.1     None    11.15   120000      6.8     None     None     None     None     None     None     None
467410 20170519   1008.2   1011.3   1009.8   084500   1006.8   161200     26.3     30.8   125600     23.1   224900     21.6       76       61   115100      2.7    350.0     10.3    300.0   150900      3.0      3.2      0.6   222400      1.8   213000      0.7      5.3    13.07      6.0     None     8.17   110000      9.1     None     None     None     None     None     None     None
467410 20170520   1005.7   1008.8   1007.6   000100   1004.3   172500     24.6     27.7   140500     22.6   034600     21.8       85       75   003900      3.1    350.0      9.5    350.0   012700      2.0      1.7      1.0   083700      1.0   074700      0.0      0.0     8.81      7.3     None     4.89   110000      6.8     None     None     None     None     None     None     None
467410 20170521   1004.3   1007.4   1005.5   084200   1002.3   161900     27.5     31.9   135800     23.4   045700     22.2       74       57   115200      2.7    350.0     10.3    260.0   143100      0.0      0.0      0.0     None      0.0     None     11.0     82.8    28.24      7.9     None    10.98   120000      5.0     None     None     None     None     None     None     None
467410 20170522   1005.6   1008.7   1007.4   221600   1004.1   022100     28.3     31.7   115600     26.1   050700     22.4       71       59   115500      2.1    130.0      8.8    240.0   140700      0.0      0.0      0.0     None      0.0     None      9.5     71.5    27.12     13.3     None    12.22   130000      3.6     None     None     None     None     None     None     None
467410 20170523   1005.7   1008.8   1007.1   000100   1003.9   170100     28.8     32.1   142700     26.4   053500     22.9       71       57   122000      1.7    240.0      7.6    250.0   124300      0.0      0.0      0.0     None      0.0     None      9.9     74.4    27.96     13.8     None    12.84   130000      4.9     None     None     None     None     None     None     None
467410 20170524   1004.3   1007.3   1005.3   000100   1002.8   152600     28.3     30.6   150200     26.7   080700     24.3       79       62   141000      2.3    120.0      8.8    260.0   151500      2.5      0.9      2.0   075300      2.5   075500      3.2     24.0    17.69     15.1     None     7.07   100000      6.4     None     None     None     None     None     None     None
467410 20170525   1004.6   1007.7   1006.8   214800   1003.2   031600     27.6     30.8   115300     25.0   235000     23.0       76       64   220900      2.5    200.0      9.1    140.0   102300      0.0      0.0      0.0     None      0.0     None      2.3     17.2    16.69     10.6     None    11.28   120000      7.5     None     None     None     None     None     None     None
467410 20170526   1005.9   1009.0   1007.5   215600   1004.8   031600     27.2     31.7   105800     24.5   035600     19.3       62       54   105700      2.3    340.0      6.7    340.0   031800      0.0      0.0      0.0     None      0.0     None      2.8     21.0    18.74      8.5     None    11.17   120000      8.1     None     None     None     None     None     None     None
467410 20170527   1006.1   1009.2   1007.4   105700   1005.0   042600     27.7     31.5   123000     25.5   035600     21.2       68       55   123000      2.0    340.0      7.2    300.0   151000      0.0      0.0      0.0     None      0.0     None      1.9     14.2    17.29      8.8     None    11.06   130000      8.8     None     None     None     None     None     None     None
467410 20170528   1005.8   1008.9   1007.1   223000   1004.6   155500     26.9     30.5   142000     24.5   042300     21.8       74       58   160000      2.3    350.0      7.2    280.0   163100      0.0      0.0      0.0     None      0.0     None      0.2      1.5    12.94      6.1     None     6.53   140000      7.4     None     None     None     None     None     None     None
467410 20170529   1006.7   1009.7   1008.1   225700   1005.0   161500     28.4     33.0   124700     25.3   011400     22.4       71       53   144300      1.9    290.0      8.0    250.0   130500      0.0      0.0      0.0     None      0.0     None      8.0     59.8    26.03      9.9     None    11.43   130000      7.5     None     None     None     None     None     None     None
467410 20170530   1006.7   1009.8   1008.3   083400   1005.1   161100     26.1     28.2   000100     24.0   073300     24.0       89       69   000100      2.3    130.0      7.3    150.0   143600     25.5      5.3      3.5   120000      7.0   045700      0.1      0.7     6.78      7.1     None     3.82   110000      8.9     None     None     None     None     None     None     None
467410 20170531   1004.1   1007.1   1006.1   090200   1001.7   175800     28.1     30.9   135900     26.2   042400     23.5       77       63   143900      2.5    280.0      7.5    180.0   223600     -9.8      0.2     -9.8   044500     -9.8   044500      8.1     60.5    24.87     18.8     None    12.69   130000      5.9     None     None     None     None     None     None     None
467410 20170601   1002.6   1005.7   1004.0   093800   1001.1   164700     27.9     30.6   120900     26.3   083800     25.2       86       70   121700      2.8    200.0      9.5    210.0   125900     17.0      3.7      4.0   081500      6.0   074800      1.7     12.7    12.61     11.9     None     8.84   120000      7.5     None     None     None     None     None     None     None
467410 20170602   1002.2   1005.3   1003.3   101000   1001.2   144500     28.5     29.8   121000     27.6   032700     25.7       85       77   023600      4.2    210.0     10.9    220.0   143700      1.0      0.2      0.5   032400      0.5   032400      0.1      0.7     8.48      9.5     None     5.53   130000      9.4     None     None     None     None     None     None     None
467410 20170603   1002.3   1005.4   1003.8   233500   1001.1   173000     28.3     29.9   103800     26.6   235600     26.4       89       63   171200      4.3    190.0     12.6    230.0   182600     12.0      2.5      6.0   180800     11.0   180800      0.4      3.0     8.04      6.9     None     5.17   110000      9.1     None     None     None     None     None     None     None
467410 20170604   1004.2   1007.3   1006.3   230300   1002.4   020300     26.5     29.3   124600     24.7   020600     24.9       91       80   133200      2.2     80.0     10.2    320.0   015400     60.0      6.6     19.5   015600     27.5   014700      0.3      2.2     5.97     11.3     None     7.56   130000      8.8     None     None     None     None     None     None     None
467410 20170605   1006.2   1009.3   1008.1   224800   1004.9   015900     28.7     32.7   135300     26.0   023900     25.1       81       67   134200      1.9    220.0      6.6    230.0   144900      1.5      1.0      1.0   091100      1.5   084000      5.7     42.4    19.83     11.6     None    10.02   140000      6.4     None     None     None     None     None     None     None
467410 20170606   1008.0   1011.1   1009.1   085900   1006.4   162700     29.9     33.6   103700     27.1   051400     25.5       78    -9995     None      2.1    170.0      8.6    170.0   121600      0.0      0.0      0.0     None      0.0     None     11.9     88.5    28.33     14.6     None    12.75   120000      5.3     None     None     None     None     None     None     None
467410 20170607   1008.2   1011.3   1009.6   225500   1006.4   160900     30.3     33.8   105400     27.7   053100     26.8       82       73   110000      2.2    340.0      7.8    250.0   133400      0.0      0.0      0.0     None      0.0     None     10.5     78.0    26.37     10.8     None    11.15   130000      4.9     None     None     None     None     None     None     None
467410 20170608   1008.3   1011.4   1009.8   100200   1006.5   170100     30.0     34.1   131700     27.9   052600     25.4       77       58   150000      1.7    250.0      6.6    240.0   142800      5.5      0.5      4.0   190400      5.5   190100      6.9     51.2    20.80     16.6     None    12.35   130000      4.5     None     None     None     None     None     None     None
467410 20170609   1007.7   1010.8   1009.1   000100   1006.2   154400     30.2     33.3   135800     27.9   051000     24.9       73       62   111300      1.9    230.0      7.8    190.0   121400      0.0      0.0      0.0     None      0.0     None     10.9     80.9    28.54     14.0     None    11.77   120000      4.8     None     None     None     None     None     None     None
467410 20170610   1006.6   1009.7   1008.7   000100   1005.5   153500     30.7     33.9   125300     27.7   051500     26.4       79       64   130700      3.3    170.0     13.2    180.0   150300      0.0      0.0      0.0     None      0.0     None     12.6     93.5    30.35     17.5     None    12.66   130000      3.1     None     None     None     None     None     None     None
467410 20170611   1005.7   1008.7   1006.9   210200   1004.1   160000     31.0     34.3   115900     28.2   053500     25.1       72       52   120500      3.5    160.0     14.3    190.0   124300      0.0      0.0      0.0     None      0.0     None     10.7     79.4    28.24     22.5     None    13.27   120000      4.1     None     None     None     None     None     None     None
467410 20170612   1006.5   1009.6   1009.6   222900   1004.7   160300     30.9     34.5   105800     26.7   212400     25.1       72       51   104300      4.1    150.0     14.1    180.0   153700      8.5      1.3      6.0   211400      8.5   205500     11.4     84.5    27.89     13.9     None    11.77   130000      5.6     None     None     None     None     None     None     None
467410 20170613   1007.6   1010.7   1008.7   000400   1006.8   141800     29.7     34.3   104900     26.2   021700     25.3       78       52   111800      4.4    100.0     12.1    140.0   133100      2.5      0.4      1.0   020500      1.0   020500      8.2     60.8    23.87     18.1     None    13.00   120000      7.8     None     None     None     None     None     None     None
467410 20170614   1007.7   1010.8   1009.0   201700   1006.7   033900     27.9     29.8   084300     25.4   180500     25.4       86       77   235300      3.2    200.0     13.5    270.0   175300     13.5      3.1      5.0   053700      7.0   051300      0.0      0.0     6.39     15.0     None     4.57   130000      9.0     None     None     None     None     None     None     None
467410 20170615   1006.8   1009.9   1008.0   000100   1005.8   152700     26.0     27.3   011500     24.7   115400     23.8       88       73   011900      2.4    110.0      9.5    120.0   100500     52.0      8.2     12.0   100500     16.5   100000      0.0      0.0     3.66     14.6     None     2.15   150000      8.8     None     None     None     None     None     None     None
467410 20170616   1005.1   1008.2   1006.9   000100   1003.5   235959     27.6     31.5   113700     24.4   062900     25.1       87       72   095000      2.3    230.0      7.6    250.0   143100     20.0      2.5      6.5   214000      8.0   052200      3.7     27.4    16.43     12.9     None     9.88   120000      9.0     None     None     None     None     None     None     None
467410 20170617   1003.5   1006.6   1005.6   220100   1002.0   031800     26.7     28.5   034300     25.3   193600     25.5       93       88   040000      2.8    210.0     11.9    210.0   044800     51.0     12.3     13.5   191900     23.0   190500      0.0      0.0     4.78      9.8     None     3.28   130000      9.4     None     None     None     None     None     None     None
467410 20170618   1004.9   1007.9   1006.7   215400   1003.6   034500     27.6     30.6   120300     25.0   043800     25.1       87    -9995     None      3.2    100.0     12.0    140.0   124000      6.8      2.1      2.5   042700      3.5   040100      0.7      5.2    12.01     11.3     None     8.06   120000      8.4     None     None     None     None     None     None     None
467410 20170619   1005.5   1008.5   1006.5   090800   1004.5   052700     28.8     31.1   120700     26.4   032700     24.6       79       66   133000      3.0    160.0      8.6    140.0   080000     -9.8      0.2     -9.8   032700     -9.8   032700      1.0      7.4    14.86     11.1     None     7.02   120000      6.8     None     None     None     None     None     None     None
467410 20170620   1005.0   1008.0   1006.5   085700   1003.6   032000     29.2     32.7   142100     26.9   040400     24.6       77       64   144800      2.8    140.0      7.6    140.0   085400     -9.8      0.2     -9.8   085400     -9.8   085000      3.2     23.7     2.55     18.4     None     9.77   120000      6.4     None     None     None     None     None     None     None
467410 20170621   1005.6   1008.6   1007.8   222400   1004.1   162800     29.9     33.3   112800     27.4   053700     24.4       72       63   120000      3.2    160.0      9.1    170.0   115400      0.0      0.0      0.0     None      0.0     None     10.0     74.0    21.89     22.9     None    13.85   130000      6.1     None     None     None     None     None     None     None
467410 20170622   1007.2   1010.2   1008.6   215600   1005.9   034500     30.3     34.1   125100     27.6   044400     24.6       72       58   120000      2.5    220.0      7.7    200.0   141300      0.0      0.0      0.0     None      0.0     None     11.8     87.4    28.15     14.0     None    13.06   130000      3.8     None     None     None     None     None     None     None
467410 20170623   1006.3   1009.4   1008.0   000100   1004.8   165400     30.1     33.0   105900     28.1   043900     24.9       74       60   110000      2.1    230.0      9.4    230.0   144000      0.0      0.0      0.0     None      0.0     None     10.0     74.0    28.88     20.0     None    13.01   120000      3.3     None     None     None     None     None     None     None
467410 20170624   1005.1   1008.1   1006.5   213100   1003.4   160100     30.0     33.2   104800     27.6   051800     24.9       75       67   122000      2.5    130.0      9.4    230.0   110100      0.0      0.0      0.0     None      0.0     None      9.4     69.6    27.33     16.9     None    12.17   120000      4.6     None     None     None     None     None     None     None
467410 20170625   1005.8   1008.8   1007.4   222300   1004.8   040200     30.3     33.9   114900     27.7   052200     24.5       72       62   120000      2.4    150.0      8.3    230.0   144400      0.0      0.0      0.0     None      0.0     None     10.0     74.1    28.69     18.8     None    13.26   120000      5.3     None     None     None     None     None     None     None
467410 20170626   1007.1   1010.2   1008.4   221200   1005.9   151400     30.4     33.6   132900     28.2   044800     25.3       75       63   100000      2.3    230.0      8.7    230.0   162700     -9.8      0.1     -9.8   022000     -9.8   022000     12.1     89.6    29.87     23.8     None    12.97   120000      5.3     None     None     None     None     None     None     None
467410 20170627   1007.9   1011.0   1009.6   222500   1006.5   153200     30.3     33.2   150000     28.3   054500     25.5       76       65   110000      2.0    270.0      8.4    290.0   161300      0.0      0.0      0.0     None      0.0     None     10.0     74.1    25.34     12.5     None    12.17   120000      5.3     None     None     None     None     None     None     None
467410 20170628   1008.1   1011.2   1009.3   220500   1006.8   162000     30.3     33.3   141300     28.3   045400     25.2       75       61   140000      2.0    280.0      8.9    290.0   125000      0.0      0.0      0.0     None      0.0     None      9.5     70.4    27.03     18.5     None    12.66   130000      4.3     None     None     None     None     None     None     None
467410 20170629   1007.7   1010.8   1008.9   083700   1006.3   164800     29.8     34.2   121600     27.7   053100     24.3       73       60   142300      1.9     30.0     11.0     20.0   160100      0.0      0.0      0.0     None      0.0     None      9.1     67.5    26.45     13.5     None    11.82   130000      4.8     None     None     None     None     None     None     None
467410 20170630   1006.7   1009.7   1008.4   000100   1004.7   154700     29.9     33.9   134900     27.3   044000     23.6       69       57   102000      2.7    140.0     13.9    180.0   154300      0.2      0.7      0.2   223100      0.2   222000      7.4     54.9    20.93     18.1     None     9.00   130000      5.4     None     None     None     None     None     None     None
467410 20170701   1005.7   1008.7   1006.9   000100   1004.1   160700     30.5     33.8   112200     27.3   035900     24.2       70       59   110000      4.1    160.0     17.9    170.0   135000      0.0      0.0      0.0     None      0.0     None     12.5     92.7    30.07     22.9     None    13.12   130000      4.4     None     None     None     None     None     None     None
467410 20170702   1005.9   1008.9   1008.0   200600   1003.9   151000     29.6     33.1   115900     24.9   200800     24.4       74       65   120000      3.2    190.0     11.7    180.0   123700     26.0      1.9     15.0   200100     25.0   195500      8.3     61.6    23.38     15.3     None    12.59   130000      5.9     None     None     None     None     None     None     None
467410 20170703   1006.1   1009.2   1008.5   220200   1004.5   154000     30.0     33.5   115000     26.4   000100     24.2       72       60   130000      2.6    160.0      8.9    170.0   175300      2.5      0.5      2.5   233000      2.5   232600     12.5     92.8    29.77     18.5     None    13.05   120000      4.6     None     None     None     None     None     None     None
467410 20170704   1007.5   1010.6   1008.9   221200   1005.6   040700     28.3     33.0   113700     26.2   135900     24.9       82       68   095500      2.0     80.0     12.1     80.0   125900     25.0      4.1     11.0   125000     18.5   120700      4.0     29.7    11.43     15.8     None     9.33   110000      5.9     None     None     None     None     None     None     None
467410 20170705   1008.7   1011.8   1009.9   103200   1006.8   164800     30.2     33.8   135500     26.4   025900     24.4       72       57   135200      2.3    360.0      8.0    360.0   233900      0.0      0.0      0.0     None      0.0     None      8.9     66.1    22.39     17.5     None     9.33   130000      6.6     None     None     None     None     None     None     None
467410 20170706   1008.6   1011.6   1010.4   214400   1006.4   142700     29.2     34.1   133200     26.7   182900     24.8       78       58   133000      2.8     90.0     13.8    150.0   143400      1.5      3.4      0.5   182300      1.0   194100      7.4     55.0    21.18     13.6     None    11.90   130000      6.8     None     None     None     None     None     None     None
467410 20170707   1009.0   1012.0   1011.5   221300   1007.4   041800     29.4     33.3   110000     26.7   023700     24.2       74       62   143000      3.6    170.0     13.6    170.0   131400      0.0      0.0      0.0     None      0.0     None      6.8     50.6    22.59     13.4     None    11.34   120000      6.5     None     None     None     None     None     None     None
467410 20170708   1009.1   1012.1   1011.0   000100   1007.0   153200     29.5     33.7   114900     26.0   205300     24.6       75       64   111700      2.5     80.0     11.8    170.0   150200      6.5      0.8      2.5   201800      6.5   201800      7.6     56.6    25.72     15.1     None    12.88   130000      6.4     None     None     None     None     None     None     None
467410 20170709   1008.2   1011.2   1010.1   000100   1006.3   164700     30.1     33.3   102600     27.1   055800     25.2       76       62   101900      2.8    160.0     10.9    180.0   150100      0.0      0.0      0.0     None      0.0     None      9.0     67.0    25.21     18.1     None    10.74   120000      7.3     None     None     None     None     None     None     None
467410 20170710   1006.9   1010.0   1008.6   223700   1005.8   165400     30.4     33.7   120400     27.9   050200     25.7       76       63   133500      3.5    130.0     11.8    190.0   114100      0.0      0.0      0.0     None      0.0     None      9.8     73.0    27.10     19.4     None    12.21   120000      4.5     None     None     None     None     None     None     None
467410 20170711   1008.5   1011.5   1010.9   220600   1006.8   163500     30.5     34.2   125000     28.1   195200     25.3       74       62   102200      2.9    110.0     11.2    170.0   160900      0.0      0.0      0.0     None      0.0     None     11.9     88.7    29.33     17.5     None    11.83   120000      2.5     None     None     None     None     None     None     None
467410 20170712   1009.4   1012.5   1010.4   000100   1008.1   162000     30.1     34.0   104000     27.5   052400     24.5       72       53   104000      1.7     30.0      9.2     60.0   170800      0.0      0.0      0.0     None      0.0     None      9.8     73.1    26.58     15.1     None    12.21   120000      2.0     None     None     None     None     None     None     None
467410 20170713   1007.3   1010.4   1008.8   000100   1005.3   162300     30.0     33.8   120600     26.6   194100     24.7       74       61   151300      1.8    240.0      8.4    170.0   191100      0.4      0.4      0.3   192100      0.4   190800      8.1     60.5    22.81     17.9     None     9.57   130000      4.5     None     None     None     None     None     None     None
467410 20170714   1006.7   1009.7   1007.9   222100   1005.5   145100     29.5     33.4   131700     27.4   042300     25.1       77       65   122800      2.1     70.0      8.7    170.0   152800      3.0      0.4      2.0   135400      3.0   130400      4.8     35.9    16.70     13.1     None     9.28   130000      5.0     None     None     None     None     None     None     None
467410 20170715   1007.2   1010.3   1008.9   224100   1005.8   154500     29.1     34.3   110300     25.4   135000     25.3       80       61   105500      1.5     20.0      9.7    290.0   131800     39.5      2.2     11.0   133800     33.5   130800      5.5     41.1    13.15     12.4     None     9.33   110000      5.0     None     None     None     None     None     None     None
467410 20170716   1007.7   1010.8   1009.3   181700   1006.3   140800     28.2     34.4   114200     25.4   163300     24.8       82       62   120300      2.0    350.0     12.4    190.0   133500     10.5      4.8      6.5   133800      8.5   125100      5.2     38.9    15.10     11.8     None    10.10   120000      6.1     None     None     None     None     None     None     None
467410 20170717   1009.6   1012.7   1011.1   222900   1007.5   000900     29.0     32.1   123500     26.5   060000     25.3       81       62   125000      1.8    310.0      5.7    280.0   140500      0.0      0.0      0.0     None      0.0     None      0.2      1.5    10.80      9.1     None     7.89   120000      6.9     None     None     None     None     None     None     None
467410 20170718   1010.0   1013.1   1011.2   200400   1008.2   153800     29.5     34.0   121800     24.7   174800     25.5       79       60   132100      1.9    360.0     10.5    350.0   174500     20.0      0.6     11.5   173700     20.0   172400      5.3     39.7    21.68      7.6     None     8.59   130000      7.0     None     None     None     None     None     None     None
467410 20170719   1007.7   1010.7   1010.5   000100   1005.6   180000     29.9     33.3   132000     26.5   035800     24.4       73       58   131800      1.9     70.0      7.6    290.0   145600      0.0      0.0      0.0     None      0.0     None      9.2     69.0    24.79     11.0     None    10.46   130000      3.6     None     None     None     None     None     None     None
467410 20170720   1007.0   1010.0   1008.3   091700   1005.5   161900     30.4     34.5   125500     27.3   052300     24.5       71       50   122400      2.2    360.0      8.6    240.0   154100      0.0      0.0      0.0     None      0.0     None      9.6     72.1    25.80     10.0     None    10.57   130000      2.9     None     None     None     None     None     None     None
467410 20170721   1007.5   1010.5   1008.8   102500   1005.7   152100     30.7     34.0   145000     28.0   042000     25.5       74       62   113000      2.4    360.0      8.9    300.0   135700      0.0      0.0      0.0     None      0.0     None      6.8     51.1    21.69     11.4     None     7.06   140000      5.5     None     None     None     None     None     None     None
467410 20170722   1006.4   1009.4   1007.9   000100   1005.1   155900     30.2     33.4   133300     28.4   054200     25.7       77       62   132100      2.8    350.0      9.8    330.0   080200      0.0      0.0      0.0     None      0.0     None      0.5      3.8    13.21     10.0     None     6.48   120000      7.8     None     None     None     None     None     None     None
467410 20170723   1005.5   1008.6   1006.8   000100   1004.3   152900     29.9     33.1   142900     27.8   114800     25.9       79       67   142900      2.2    330.0      8.7    170.0   112300      5.0      0.3      5.0   113100      5.0   112600      4.7     35.4    16.61     16.5     None    10.22   130000      6.5     None     None     None     None     None     None     None
467410 20170724   1004.0   1007.0   1005.2   000100   1002.0   154000     29.7     33.3   135500     27.8   200000     25.6       79       67   135500      1.7    220.0      7.1    230.0   142300      0.0      0.0      0.0     None      0.0     None      4.9     36.9    16.00     11.8     None     8.82   130000      5.5     None     None     None     None     None     None     None
467410 20170725   1003.2   1006.3   1004.7   215400   1001.4   152800     29.3     33.4   131700     26.9   041300     23.4       71       57   134400      1.9     70.0      7.1    230.0   134500      0.0      0.0      0.0     None      0.0     None      8.6     64.9    23.25     14.0     None     9.96   130000      4.6     None     None     None     None     None     None     None
467410 20170726   1002.5   1005.6   1003.9   000100   1001.2   143900     29.3     33.6   133000     26.4   184300     23.5       72       54   140300      1.9     70.0      8.5     80.0   160200      0.5      1.1      0.5   163300      0.5   160100      7.7     58.2    22.23     15.3     None     9.95   130000      5.1     None     None     None     None     None     None     None
467410 20170727   1002.3   1005.3   1003.3   071300   1000.7   163900     29.9     33.6   100900     26.7   050500     24.5       73       56   100900      1.7    300.0      6.9    240.0   171900     20.0      1.2      6.0   175100     20.0   174000      7.4     56.0    21.53     12.5     None     7.66   140000      4.8     None     None     None     None     None     None     None
467410 20170728   1000.3   1003.3   1002.5   000100    998.4   163700     30.4     33.3   144700     28.4   052700     25.4       75       56   164400      1.9    290.0      7.4    300.0   143300     -9.8      0.3     -9.8   110300     -9.8   110300      5.6     42.4    16.86      9.6     None     7.75   140000      6.6     None     None     None     None     None     None     None
467410 20170729    994.2    997.2    998.7   000100    990.3   175400     29.1     31.4   105500     27.6   171800     26.0       84       74   105300      2.5    120.0      9.3    250.0   213500      4.0      1.8      2.0   185900      3.0   181200      0.0      0.0     8.38      6.0     None     5.18   120000      8.3     None     None     None     None     None     None     None
467410 20170730    991.2    994.2    994.4   020300    986.3   170000     28.6     32.7   115300     25.5   235000     25.0       82       59   094800      5.1    140.0     18.6    350.0   163600     81.0     11.4      6.5   185800     23.5   183800      1.3      9.9    13.12      9.5     None     6.55   120000      9.1     None     None     None     None     None     None     None
467410 20170731    998.7   1001.8   1002.2   222700    993.3   003400     26.8     29.1   162000     23.4   062900     25.4       92       86   194800      4.6    160.0     19.6    180.0   015100    261.5     15.5     14.5   070000     65.5   062000      0.0      0.0     1.82      4.3     None     1.26   150000      9.3     None     None     None     None     None     None     None
467410 20170801   1002.6   1005.7   1004.0   081500   1000.9   041600     26.4     28.2   000200     24.9   082200     24.8       91       86   131500      3.4    120.0     17.1    120.0   064800    118.5     12.1     12.5   042100     54.0   074400      0.0      0.0     4.28      8.1     None     4.17   130000      9.6     None     None     None     None     None     None     None
467410 20170802   1002.1   1005.1   1004.0   094700    999.3   163300     27.4     31.6   164300     25.1   064800     24.5       85       64   165000      1.8    110.0      5.6    150.0   022300     30.0     10.3      6.5   023500     14.0   020600      2.1     16.0    12.96      8.9     None     5.76   140000      8.1     None     None     None     None     None     None     None
467410 20170803   1000.7   1003.7   1002.6   223500    998.4   153400     29.5     33.5   112900     26.5   235500     25.1       78       62   122400      1.9    200.0      8.6    180.0   151500      0.5      1.5      0.5   233000      0.5   234000      9.6     73.3    26.19     10.9     None    11.97   130000      5.4     None     None     None     None     None     None     None
467410 20170804   1001.9   1004.9   1003.5   221900   1000.4   032400     29.8     33.0   144300     26.6   000100     25.0       76       63   102200      2.0    210.0      7.9    240.0   152300      0.5      0.5      0.5   001800      0.5   000100     10.2     77.9    26.76     11.8     None    11.44   120000      4.1     None     None     None     None     None     None     None
467410 20170805   1003.6   1006.6   1004.9   230700   1002.5   013700     30.1     33.5   132900     27.5   050700     25.2       75       61   101400      1.9    230.0      8.0    230.0   140800      0.0      0.0      0.0     None      0.0     None     10.2     78.0    26.22     13.5     None    12.01   120000      3.6     None     None     None     None     None     None     None
467410 20170806   1004.2   1007.2   1005.6   084300   1002.7   162400     30.4     33.6   115500     28.5   053500     25.3       75       62   115500      2.2    210.0      8.0    230.0   154300      0.0      0.0      0.0     None      0.0     None      7.8     59.8    23.09     12.9     None    11.06   130000      4.5     None     None     None     None     None     None     None
467410 20170807   1004.6   1007.6   1006.0   231300   1003.3   021700     30.4     33.4   112800     28.5   054500     25.4       75       61   110200      2.8    160.0      8.6    230.0   160600      0.0      0.0      0.0     None      0.0     None      9.4     72.1    25.83     16.5     None    12.26   130000      5.0     None     None     None     None     None     None     None
467410 20170808   1005.5   1008.5   1006.4   082800   1004.7   030300     30.3     33.2   112200     28.1   062200     25.4       75       65   112200      2.8    210.0      9.6    230.0   132400      0.0      0.0      0.0     None      0.0     None      7.3     56.1    23.22     14.5     None    11.36   130000      5.5     None     None     None     None     None     None     None
467410 20170809   1005.1   1008.1   1006.1   091400   1003.9   161300     30.1     33.6   133900     27.9   040900     24.8       73       60   125000      2.6    210.0      8.9    240.0   115700     -9.8      0.2     -9.8   063500     -9.8   063500      7.2     55.4    22.19     13.1     None    10.67   140000      5.1     None     None     None     None     None     None     None
467410 20170810   1005.3   1008.4   1006.6   093600   1004.0   155800     30.4     33.6   140900     27.9   053800     24.8       73       53   144600      2.6    160.0      8.8    250.0   105700     -9.8      0.6     -9.8   075900     -9.8   075900      7.4     57.0    21.91     12.6     None    12.86   130000      5.5     None     None     None     None     None     None     None
467410 20170811   1006.4   1009.4   1007.7   091400   1004.7   171900     30.3     33.4   131600     27.9   050900     25.2       74       61   131600      2.4    270.0      7.9    300.0   090100      3.5      0.4      2.0   044000      2.0   044000      7.8     60.2    22.63     12.3     None    10.50   140000      5.5     None     None     None     None     None     None     None
467410 20170812   1007.1   1010.1   1008.2   230200   1005.8   170800     30.5     33.3   114700     28.9   022900     24.9       72       59   141600      2.4    280.0      8.6    280.0   145600      0.0      0.0      0.0     None      0.0     None      7.0     54.1    21.88     15.8     None    11.82   120000      5.3     None     None     None     None     None     None     None
467410 20170813   1007.1   1010.2   1008.0   225100   1006.2   144100     30.4     33.5   130400     28.5   055000     24.6       72       62   112400      2.0    220.0      8.1    240.0   154300      0.0      0.0      0.0     None      0.0     None      9.4     72.7    26.09     17.5     None    12.29   120000      5.5     None     None     None     None     None     None     None
467410 20170814   1006.9   1010.0   1008.1   090700   1005.5   171200     30.4     33.4   132300     28.3   042900     24.3       70       57   110700      2.2    250.0      8.5    240.0   151500      0.0      0.0      0.0     None      0.0     None     10.3     79.8    27.68     19.4     None    11.61   120000      3.8     None     None     None     None     None     None     None
467410 20170815   1006.2   1009.2   1008.0   090900   1004.5   163500     30.3     33.3   134900     28.2   052100     24.2       70       59   151900      2.2    230.0      7.9    240.0   130900      0.0      0.0      0.0     None      0.0     None     10.0     77.6    25.79     20.6     None    11.14   120000      4.3     None     None     None     None     None     None     None
467410 20170816   1006.1   1009.2   1007.6   224000   1004.9   163300     30.4     33.4   124400     28.7   032300     23.6       68       58   105400      1.9    220.0      9.5    210.0   142200      0.0      0.0      0.0     None      0.0     None      8.9     69.2    25.45     16.8     None    11.93   130000      3.9     None     None     None     None     None     None     None
467410 20170817   1007.1   1010.1   1008.9   222400   1005.8   033900     30.6     33.9   141500     27.5   044500     22.8       63       54   160600      1.7    270.0      7.7    290.0   130200      0.0      0.0      0.0     None      0.0     None     10.8     84.1    26.14     18.8     None    11.88   130000      2.5     None     None     None     None     None     None     None
467410 20170818   1008.1   1011.1   1009.5   212800   1006.8   160000     31.1     34.2   130400     28.7   055800     23.9       66    -9995     None      2.2    350.0      7.8    240.0   141200      0.0      0.0      0.0     None      0.0     None     11.1     86.6    25.87     17.3     None    10.18   120000      3.9     None     None     None     None     None     None     None
467410 20170819   1007.2   1010.2   1008.9   000100   1005.4   163700     31.4     34.9   110300     28.7   062200     24.5       68       51   111000      2.6    290.0      9.0    280.0   120800      0.0      0.0      0.0     None      0.0     None     11.0     85.9    26.94     16.1     None    11.71   130000      1.8     None     None     None     None     None     None     None
467410 20170820   1004.3   1007.3   1006.9   002500   1001.7   171100     31.0     34.4   125500     29.1   042300     24.9       71       53   143800      2.6    330.0      9.5    310.0   144600      0.0      0.0      0.0     None      0.0     None      9.0     70.4    23.51     14.9     None    11.98   130000      5.1     None     None     None     None     None     None     None
467410 20170821    998.5   1001.5   1002.9   000300    994.7   235500     30.5     33.0   131000     28.2   054800     25.7       76       63   090500      3.0    330.0     10.5    340.0   153300      0.0      0.0      0.0     None      0.0     None      1.9     14.9    13.21     10.8     None     5.36   140000      7.1     None     None     None     None     None     None     None
467410 20170822    996.9   1000.0   1001.6   223000    991.6   024300     29.2     34.3   134600     26.1   191200     24.5       76       54   142300      2.2    140.0     12.5    140.0   150600      7.0      4.7      1.0   171200      3.0   165100      2.2     17.3    12.99     11.9     None     8.55   140000      7.4     None     None     None     None     None     None     None
467410 20170823   1004.4   1007.5   1008.2   223100   1001.1   000100     30.0     34.1   130900     26.6   050900     23.0       67       48   130800      3.7    160.0     13.7    140.0   130500      0.0      0.0      0.0     None      0.0     None      4.0     31.5    15.94     14.1     None     9.02   130000      6.4     None     None     None     None     None     None     None
467410 20170824   1007.9   1011.0   1008.9   220500   1006.5   141400     28.5     32.6   140000     26.5   075700     24.3       78       58   140000      1.9    360.0      7.7    230.0   140100      1.5      2.1      0.5   072000      1.0   070100      1.7     13.4    11.12     11.0     None     9.26   140000      7.3     None     None     None     None     None     None     None
467410 20170825   1006.0   1009.1   1008.1   000100   1003.9   165300     29.4     33.1   124600     26.6   053400     24.4       75       63   124500      2.3    360.0      9.3    290.0   153200      0.0      0.0      0.0     None      0.0     None      6.6     52.1    17.88     11.5     None     6.05   110000      4.9     None     None     None     None     None     None     None
467410 20170826   1005.4   1008.4   1007.1   214100   1004.0   133100     29.9     33.5   101300     28.2   040900     25.0       75       60   101300      1.7    360.0      6.4    220.0   110600      0.0      0.0      0.0     None      0.0     None      2.7     21.3    15.01      9.8     None     6.87   120000      6.6     None     None     None     None     None     None     None
467410 20170827   1008.7   1011.8   1011.9   221100   1006.2   013900     29.1     32.9   130000     26.3   191900     24.3       76       60   141200      2.0     10.0      9.3    130.0   071900      4.0      0.8      3.5   190800      4.0   184800      4.2     33.2    17.95     11.0     None    10.37   130000      7.1     None     None     None     None     None     None     None
467410 20170828   1008.0   1011.0   1011.0   000100   1005.9   155100     29.8     34.4   114300     26.5   032700     23.3       69       49   111800      2.9    310.0     11.2    290.0   130100      0.0      0.0      0.0     None      0.0     None      9.3     73.7    24.36     16.5     None    11.43   120000      5.4     None     None     None     None     None     None     None
467410 20170829   1005.8   1008.9   1007.7   000100   1003.8   163500     30.1     33.6   143600     27.5   055200     24.4       72       58   143600      1.8    290.0      6.8    240.0   121400      0.0      0.0      0.0     None      0.0     None      7.2     57.2    20.68     10.6     None    10.21   130000      6.5     None     None     None     None     None     None     None
467410 20170830   1003.8   1006.8   1005.9   001500   1002.1   143500     29.6     33.9   122400     26.3   163000     24.0       73       50   093200      1.6     80.0      7.8    230.0   125600     31.0      2.2      9.5   154200     27.5   151900      6.2     49.3    18.35     13.1     None    10.78   130000      5.4     None     None     None     None     None     None     None
467410 20170831   1002.4   1005.4   1003.7   085100   1000.9   153700     29.0     30.7   110900     27.8   034000     24.9       79       71   105700      1.6    140.0      5.9    190.0   143600      0.0      0.0      0.0     None      0.0     None      0.0      0.0     6.99      6.6     None     3.15   100000      8.0     None     None     None     None     None     None     None
467410 20170901   1000.4   1003.4   1001.8   000100    999.1   054800     28.0     30.3   143700     25.8   054700     24.0       79       66   144300      1.5    140.0      6.4     60.0   050500      3.5      5.3      0.5   040200      1.5   040200      0.1      0.8     8.30      6.1     None     6.24   140000      9.5     None     None     None     None     None     None     None
467410 20170902   1002.0   1005.1   1004.8   223000    999.6   023200     28.8     32.2   125400     27.3   062400     24.3       77       61   153200      2.2    140.0     10.2    150.0   133500      1.5      0.4      1.0   133200      1.0   134200      1.5     12.0    12.34      8.1     None     7.41   120000      7.3     None     None     None     None     None     None     None
467410 20170903   1005.5   1008.5   1008.4   233600   1002.9   021500     29.3     32.7   103700     25.6   235300     23.3       71       55   101900      3.6    150.0     11.1    180.0   105600      5.0      1.1      2.5   233800      5.0   230800      5.9     47.3    20.16     12.3     None     9.41   130000      6.0     None     None     None     None     None     None     None
467410 20170904   1007.2   1010.2   1009.2   223300   1005.6   153800     29.4     33.1   105500     25.7   000200     24.2       74       57   114600      1.9    210.0      8.0    250.0   154000     17.5      2.0      5.0   022700      9.5   221700      9.5     76.3    26.10     11.5     None    11.02   120000      6.3     None     None     None     None     None     None     None
467410 20170905   1006.1   1009.2   1008.2   000100   1004.1   161600     29.8     33.8   114600     27.1   002600     24.1       72       54   113100      3.1    350.0     10.4    290.0   150000      0.0      0.0      0.0     None      0.0     None     10.5     84.4    24.29     10.0     None     9.34   120000      5.3     None     None     None     None     None     None     None
467410 20170906   1004.4   1007.5   1006.3   205600   1003.2   150700     29.6     32.2   111500     27.9   052200     25.5       79       67   110200      2.9    350.0      8.6    340.0   074100      0.0      0.0      0.0     None      0.0     None      4.2     33.8    16.34     10.4     None     7.42   130000      6.9     None     None     None     None     None     None     None
467410 20170907   1006.8   1009.9   1009.1   202300   1004.8   022800     28.6     32.3   122900     25.6   203300     24.7       80       66   122800      4.0    170.0     13.1    180.0   120700     12.0      2.4      3.5   202100     10.5   194800      4.4     35.5    17.92     11.1     None    10.30   130000      7.3     None     None     None     None     None     None     None
467410 20170908   1007.9   1011.0   1009.5   091200   1006.3   171900     29.0     32.3   123600     26.8   000100     24.7       78       63   140600      2.0    220.0      6.9    250.0   120200      0.0      0.0      0.0     None      0.0     None      7.1     57.4    21.05     13.6     None    10.76   130000      5.3     None     None     None     None     None     None     None
467410 20170909   1007.6   1010.7   1008.9   225600   1006.1   162300     29.6     32.5   121300     27.6   052300     24.4       74       59   152500      1.7    230.0      7.5    240.0   124400      0.0      0.0      0.0     None      0.0     None     10.0     81.0    24.83     13.5     None    10.62   130000      4.0     None     None     None     None     None     None     None
467410 20170910   1008.3   1011.4   1009.4   213100   1007.1   145300     29.9     32.8   134100     27.9   044600     24.0       71       61   132400      1.8    280.0      8.4    290.0   123500      0.0      0.0      0.0     None      0.0     None      7.3     59.2    20.27     13.0     None    10.11   130000      4.8     None     None     None     None     None     None     None
467410 20170911   1006.9   1010.0   1008.1   000100   1005.4   155600     30.1     33.1   111600     27.5   045100     23.4       68       51   153000      2.1    300.0      8.6    310.0   122700      0.0      0.0      0.0     None      0.0     None      9.9     80.5    23.43     16.3     None    10.23   120000      1.6     None     None     None     None     None     None     None
467410 20170912   1006.1   1009.2   1007.8   072300   1004.3   174500     30.4     34.3   142000     27.7   060300     23.6       68       48   143700      2.7    350.0     10.4    320.0   124900      0.0      0.0      0.0     None      0.0     None     10.2     83.1    24.42     12.1     None    10.53   120000      1.4     None     None     None     None     None     None     None
467410 20170913   1005.6   1008.6   1007.5   094300   1003.5   152900     30.4     34.5   134000     27.5   234200     23.6       68       53   133800      2.9    130.0     11.1    350.0   173700      0.0      0.0      0.0     None      0.0     None      8.3     67.7    22.27      8.3     None     9.60   120000      4.6     None     None     None     None     None     None     None
467410 20170914   1004.6   1007.6   1006.1   214300   1002.6   161400     29.9     34.3   130100     26.5   050600     22.9       67       52   125700      2.8    360.0     10.5    290.0   134000      0.0      0.0      0.0     None      0.0     None     10.2     83.4    23.87      8.0     None     9.61   120000      3.4     None     None     None     None     None     None     None
467410 20170915   1005.9   1008.9   1007.2   083900   1003.8   150300     29.9     33.3   143300     27.7   054200     23.2       68       50   144300      3.4    300.0     12.6    340.0   144300      0.0      0.0      0.0     None      0.0     None      7.7     63.1    21.75     12.4     None     9.87   130000      3.5     None     None     None     None     None     None     None
467410 20170916   1005.6   1008.7   1007.3   074700   1003.4   151200     30.2     34.4   112500     27.8   054200     23.2       67       47   112900      2.0    260.0      7.4    240.0   130300      0.0      0.0      0.0     None      0.0     None     11.0     90.3    24.88      9.9     None     9.32   130000      1.0     None     None     None     None     None     None     None
467410 20170917   1006.0   1009.1   1007.8   211600   1004.3   145700     30.5     34.6   133400     27.8   061400     22.4       63       46   154000      2.5    330.0      8.8    260.0   143600      0.0      0.0      0.0     None      0.0     None      9.6     78.9    24.11      8.8     None     9.59   120000      2.3     None     None     None     None     None     None     None
467410 20170918   1007.0   1010.1   1008.4   232400   1005.5   145500     30.3     34.3   124100     27.7   034500     20.9       58       42   121300      2.0    280.0      7.8    300.0   133100      0.0      0.0      0.0     None      0.0     None     10.4     85.7    22.88     10.1     None     8.28   120000      0.4     None     None     None     None     None     None     None
467410 20170919   1007.8   1010.8   1008.8   101400   1006.2   143300     30.0     34.3   130200     28.0   042400     19.8       55       31   153700      1.7    330.0      6.7    300.0   111800      0.0      0.0      0.0     None      0.0     None      3.6     29.7    16.69     12.3     None     9.63   120000      5.1     None     None     None     None     None     None     None
467410 20170920   1006.6   1009.7   1008.5   084100   1004.5   135600     30.5     35.4   141500     27.4   061900     20.4       56       35   124500      2.8    320.0      9.9    300.0   143700      0.0      0.0      0.0     None      0.0     None      7.2     59.5    22.86      8.5     None    10.18   120000      5.8     None     None     None     None     None     None     None
467410 20170921   1006.2   1009.3   1007.7   233600   1004.3   154100     30.3     34.0   135300     27.6   060200     22.6       64       49   210300      2.1    250.0      8.0    290.0   140800      0.0      0.0      0.0     None      0.0     None      9.2     76.2    22.51      8.1     None    10.63   130000      3.0     None     None     None     None     None     None     None
467410 20170922   1007.9   1010.9   1009.5   234200   1006.4   143900     31.0     35.0   114300     28.1   053300     22.5       61       50   110100      2.3    360.0      8.8    300.0   135700      0.0      0.0      0.0     None      0.0     None      9.6     79.7    22.56      9.6     None     9.53   130000      3.0     None     None     None     None     None     None     None
467410 20170923   1008.9   1011.9   1010.2   090600   1007.4   143300     31.1     35.1   140200     28.4   053500     24.2       67       52   140100      1.8    290.0      6.9    280.0   130500      0.0      0.0      0.0     None      0.0     None      9.0     74.8    20.34      7.3     None     8.06   130000      1.4     None     None     None     None     None     None     None
467410 20170924   1008.8   1011.8   1009.9   213400   1007.3   143900     31.1     34.6   112000     29.0   060300     24.6       69       56   094200      1.8    250.0      8.1    240.0   125600      0.0      0.0      0.0     None      0.0     None      7.8     65.0    20.22      8.6     None     7.47   120000      4.5     None     None     None     None     None     None     None
467410 20170925   1009.0   1012.0   1010.2   213700   1007.1   151800     30.9     34.8   101700     28.5   051200     24.6       70       52   101500      1.9     10.0      8.0    230.0   111800      0.0      0.0      0.0     None      0.0     None      8.4     70.1    21.00     10.9     None     8.51   120000      6.3     None     None     None     None     None     None     None
467410 20170926   1008.3   1011.4   1009.8   091900   1006.9   152200     30.6     34.0   143600     28.5   034400     24.6       71       58   133600      1.7     20.0      7.6    300.0   152900     -9.8      0.1     -9.8   010500     -9.8   010500      8.2     68.6    20.12     12.5     None     9.20   130000      4.1     None     None     None     None     None     None     None
467410 20170927   1007.0   1010.1   1008.7   073800   1004.9   160100     30.6     34.4   122600     28.6   041300     24.6       71       57   102700      1.8    280.0      7.3    270.0   114900      0.0      0.0      0.0     None      0.0     None      8.3     69.5    19.89     12.3     None     8.99   130000      4.3     None     None     None     None     None     None     None
467410 20170928   1007.4   1010.4   1009.3   232400   1005.6   153700     30.4     33.7   132200     28.5   060900     24.2       70       53   095800      2.2    360.0      7.8    230.0   112400      0.0      0.0      0.0     None      0.0     None     10.1     84.8    22.86     15.3     None     9.22   120000      1.9     None     None     None     None     None     None     None
467410 20170929   1010.0   1013.0   1012.5   224700   1008.0   031500     29.5     35.2   113400     25.8   181500     24.0       73       42   113700      2.7    360.0     10.8    300.0   145900     -9.8      0.5     -9.8   180300     -9.8   180300      6.1     51.3    18.54     11.4     None     9.10   120000      4.3     None     None     None     None     None     None     None
467410 20170930   1010.9   1013.9   1012.2   084600   1009.5   144100     30.1     33.8   120100     26.8   032100     23.8       70       54   124500      1.5    280.0      7.6    270.0   133700      0.0      0.0      0.0     None      0.0     None      9.2     77.5    22.65      9.8     None     9.29   120000      4.4     None     None     None     None     None     None     None
467410 20171001   1009.6   1012.6   1011.6   085500   1007.2   165700     30.6     34.8   112400     28.0   045200     24.9       72       52   112300      1.8    140.0      8.0    290.0   131700      0.0      0.0      0.0     None      0.0     None      9.6     81.1    21.94      9.8     None     9.02   130000      3.5     None     None     None     None     None     None     None
467410 20171002   1008.9   1011.9   1010.2   215600   1006.8   151800     30.5     33.7   104000     28.1   062400     25.0       73       58   102700      1.9    140.0      7.6    270.0   164000      0.0      0.0      0.0     None      0.0     None      8.1     68.5    19.22      9.0     None     7.19   120000      5.6     None     None     None     None     None     None     None
467410 20171003   1009.8   1012.9   1011.6   213500   1008.2   141200     30.4     34.0   133100     28.3   033400     24.6       72       56   134500      2.2    310.0     10.7    320.0   140500      0.0      0.0      0.0     None      0.0     None      6.0     50.9    15.91      8.6     None     6.14   140000      3.9     None     None     None     None     None     None     None
467410 20171004   1010.2   1013.2   1012.1   093700   1008.2   160500     30.3     33.9   140800     28.0   041100     24.5       72       58   144400      2.3    110.0      9.3    360.0   170000      0.0      0.0      0.0     None      0.0     None      4.8     40.8    15.21      5.3     None     5.79   140000      6.3     None     None     None     None     None     None     None
467410 20171005   1009.8   1012.8   1011.3   000100   1007.9   151100     29.7     34.1   105600     26.8   042400     24.1       72       58   105600      2.4    350.0      8.0    360.0   223400      0.0      0.0      0.0     None      0.0     None      8.3     70.6    19.49      6.4     None     7.94   120000      4.0     None     None     None     None     None     None     None
467410 20171006   1009.6   1012.7   1010.9   000100   1008.0   155100     29.9     33.7   100900     27.5   045700     24.8       75       58   102000      1.9    310.0      7.8    290.0   145700      0.0      0.0      0.0     None      0.0     None      8.1     69.0    19.96      6.1     None     7.88   120000      3.0     None     None     None     None     None     None     None
467410 20171007   1008.8   1011.8   1010.2   085700   1006.8   165700     30.2     34.3   111200     27.6   061700     24.3       71       56   111200      1.8    170.0      8.1    290.0   134100      0.0      0.0      0.0     None      0.0     None      8.8     75.2    19.32      6.5     None     6.89   130000      3.1     None     None     None     None     None     None     None
467410 20171008   1007.4   1010.5   1009.2   000100   1005.2   163100     29.9     32.0   131000     28.0   051800     24.8       74       67   121500      1.6    170.0      4.9    170.0   205400      0.0      0.0      0.0     None      0.0     None      0.4      3.4     8.47      5.9     None     3.76   120000      6.6     None     None     None     None     None     None     None
467410 20171009   1007.6   1010.7   1008.7   000100   1006.2   145500     30.4     33.7   094100     28.1   043500     24.6       72       58   095900      1.8    230.0      7.0    250.0   105900      0.0      0.0      0.0     None      0.0     None      8.3     71.2    19.67      8.9     None     8.56   120000      6.1     None     None     None     None     None     None     None
467410 20171010   1007.6   1010.7   1009.2   101400   1006.2   154200     30.6     35.3   123700     28.2   060900     24.3       70       49   121600      1.9    270.0      6.4    260.0   144000      0.0      0.0      0.0     None      0.0     None     10.9     93.6    22.80     10.0     None     9.23   120000      2.4     None     None     None     None     None     None     None
467410 20171011   1006.9   1009.9   1008.8   091400   1005.0   145500     30.7     35.4   112300     28.2   060100     24.7       71       45   115000      1.8    300.0      7.3    290.0   134500      0.0      0.0      0.0     None      0.0     None     10.6     91.2    22.01     10.4     None     8.39   120000      2.1     None     None     None     None     None     None     None
467410 20171012   1004.1   1007.2   1007.0   000100   1001.6   143500     30.3     35.2   125000     27.7   233600     23.9       69       47   124900      2.2    320.0      8.3    300.0   151200      0.0      0.0      0.0     None      0.0     None      5.1     44.0    16.63      9.4     None     7.57   120000      6.3     None     None     None     None     None     None     None
467410 20171013   1000.3   1003.4   1002.7   090300    997.5   164600     26.9     28.4   112700     24.9   232700     22.4       77       66   000100      3.2    350.0     10.3    340.0   141600      9.0      4.5      1.0   192900      4.5   192500      0.0      0.0     4.78     11.1     None     3.00   110000      8.1     None     None     None     None     None     None     None
467410 20171014    999.5   1002.6   1001.4   221600    997.6   052200     25.6     26.8   150400     24.8   032200     24.4       93       86   170900      1.7    360.0      6.5     10.0   140400     19.5     13.4      1.5   101500      6.5   101500      0.0      0.0     3.57      7.9     None     2.54   150000      9.6     None     None     None     None     None     None     None
467410 20171015   1004.2   1007.3   1007.7   222100   1000.5   021600     26.3     28.1   122600     24.6   041500     24.2       88       77   163500      2.7     50.0      8.4    360.0   052000     11.0      3.6      2.5   053900      4.0   031200      0.2      1.7     9.45     13.6     None     5.79   130000      8.5     None     None     None     None     None     None     None
467410 20171016   1007.8   1010.8   1009.5   222300   1005.9   151000     28.3     33.1   131000     25.7   045200     24.5       81       62   131700      2.7    360.0      9.0    340.0   155900      0.0      0.0      0.0     None      0.0     None      7.4     64.3    18.33      8.6     None     8.73   120000      7.8     None     None     None     None     None     None     None
467410 20171017   1008.2   1011.3   1010.2   085800   1005.9   145200     28.4     32.6   121300     26.0   235959     24.1       78       61   121300      2.4    350.0      9.9    300.0   145500      0.0      0.0      0.0     None      0.0     None      5.7     49.6    16.36      6.1     None     6.36   110000      5.6     None     None     None     None     None     None     None
467410 20171018   1007.6   1010.7   1009.2   085700   1006.2   155600     27.4     31.4   133600     25.2   043500     22.6       76       61   134000      3.3    360.0      9.0    330.0   142800      0.0      0.0      0.0     None      0.0     None      7.5     65.4    17.96     10.5     None     6.43   110000      3.8     None     None     None     None     None     None     None
467410 20171019   1005.4   1008.5   1007.6   082700   1003.5   160000     26.6     31.0   140600     24.2   055600     21.6       75       57   134100      3.9    340.0     11.1    350.0   163400      0.0      0.0      0.0     None      0.0     None      9.1     79.5    20.03      8.4     None     8.00   120000      2.9     None     None     None     None     None     None     None
467410 20171020   1004.6   1007.6   1006.1   083700   1002.9   151700     25.7     30.6   131800     23.0   234500     20.5       73       60   125600      4.9    350.0     13.5    350.0   142900      0.0      0.0      0.0     None      0.0     None      6.1     53.4    17.02     10.3     None     6.33   110000      4.9     None     None     None     None     None     None     None
467410 20171021   1005.0   1008.1   1006.8   092600   1003.5   143800     23.7     27.0   134700     21.9   055800     16.8       65       55   235700      6.7    350.0     18.3    350.0   074800      0.0      0.0      0.0     None      0.0     None      7.2     63.1    18.08     10.3     None     6.24   110000      4.8     None     None     None     None     None     None     None
467410 20171022   1006.8   1009.9   1009.8   223900   1004.8   142100     23.2     28.0   140400     20.1   045400     13.4       54       44   120600      4.9    350.0     11.2    330.0   005400      0.0      0.0      0.0     None      0.0     None      8.6     75.5    19.32     10.5     None     6.81   130000      4.1     None     None     None     None     None     None     None
467410 20171023   1010.9   1014.1   1013.6   224000   1008.7   032000     23.5     29.3   134600     18.7   055800     14.9       59       45   134600      2.8    350.0      8.8     10.0   003500      0.0      0.0      0.0     None      0.0     None      9.8     86.2    19.62      8.6     None     7.26   120000      1.0     None     None     None     None     None     None     None
467410 20171024   1013.9   1017.0   1015.7   083300   1012.1   143400     24.5     30.3   123500     20.5   054500     17.0       64       44   130400      3.0    350.0      9.9    330.0   162300      0.0      0.0      0.0     None      0.0     None      9.8     86.4    19.80      6.1     None     7.05   120000      1.8     None     None     None     None     None     None     None
467410 20171025   1013.6   1016.8   1015.5   090500   1012.1   144300     24.5     29.5   121400     20.9   060400     17.1       64       50   121400      2.9    360.0      9.2    320.0   154600      0.0      0.0      0.0     None      0.0     None     10.3     90.9    19.99      6.1     None     6.58   120000      0.6     None     None     None     None     None     None     None
467410 20171026   1011.0   1014.1   1013.5   090200   1008.7   153100     24.5     29.3   123200     20.5   054700     16.9       63       49   124900      2.9    350.0      9.1    360.0   204400      0.0      0.0      0.0     None      0.0     None      9.8     86.7    18.72      7.6     None     6.07   120000      1.0     None     None     None     None     None     None     None
467410 20171027   1008.3   1011.5   1010.3   084600   1006.0   140400     23.6     28.4   122800     20.1   054400     16.1       64       45   122800      5.0    350.0     13.3    340.0   150900      0.0      0.0      0.0     None      0.0     None     10.0     88.6    19.82      8.3     None     6.92   120000      0.6     None     None     None     None     None     None     None
467410 20171028   1009.3   1012.4   1012.0   221600   1007.0   022300     23.5     27.8   122200     20.7   052000     16.6       66       52   121300      4.5    350.0     11.3     10.0   112800      0.0      0.0      0.0     None      0.0     None      9.4     83.4    19.65      8.0     None     6.47   120000      1.3     None     None     None     None     None     None     None
467410 20171029   1012.9   1016.0   1014.9   210400   1011.1   020900     23.5     30.2   133300     19.6   035700     15.0       60       45   125700      3.2    350.0     12.4    360.0   162500      0.0      0.0      0.0     None      0.0     None      9.6     85.3    19.33      6.4     None     6.45   120000      3.0     None     None     None     None     None     None     None
467410 20171030   1015.3   1018.4   1017.2   082800   1013.7   151000     22.7     28.3   130700     19.5   223800     14.1       59       44   133900      3.2    350.0     11.7    360.0   165300      0.0      0.0      0.0     None      0.0     None      9.9     88.2    19.32      8.0     None     6.45   120000      1.5     None     None     None     None     None     None     None
467410 20171031   1014.7   1017.9   1016.3   083300   1012.7   152600     23.4     28.2   124000     19.3   021900     15.1       60       41   144300      1.8    340.0      6.3    250.0   135600      0.0      0.0      0.0     None      0.0     None      9.8     87.4    19.17      9.4     None     6.16   120000      0.5     None     None     None     None     None     None     None
467410 20171101   1012.8   1015.9   1015.0   000100   1011.0   152100     24.1     28.6   112600     20.2   062800     17.4       67       45   125000      2.9    350.0     10.2    360.0   171000      0.0      0.0      0.0     None      0.0     None     10.5     93.8    19.26     11.0     None     5.84   130000      0.4     None     None     None     None     None     None     None
467410 20171102   1010.1   1013.2   1012.4   000100   1008.2   131900     25.3     31.5   130600     22.2   050900     20.1       74       46   124200      3.3    350.0     10.0    360.0   095300     -9.8      1.7     -9.8   150500     -9.8   150500      3.9     34.9    12.10      5.8     None     5.35   130000      7.1     None     None     None     None     None     None     None
467410 20171103   1011.2   1014.3   1013.2   220100   1009.4   032800     24.9     29.4   130700     22.5   223200     20.2       76       61   144300      4.3    350.0     11.2    340.0   170300      0.0      0.0      0.0     None      0.0     None      2.9     26.0    12.42      5.9     None     6.74   120000      9.0     None     None     None     None     None     None     None
467410 20171104   1013.0   1016.1   1014.7   222700   1011.4   143000     23.9     29.2   133200     20.0   235000     16.2       63       52   125900      4.2    350.0     10.2    350.0   185200      0.0      0.0      0.0     None      0.0     None      6.2     55.7    16.63     11.1     None     7.08   120000      5.4     None     None     None     None     None     None     None
467410 20171105   1013.5   1016.7   1015.3   092900   1012.0   144900     23.0     28.3   142800     19.4   033900     16.3       66       53   142700      3.1    350.0      7.9    360.0   184300      0.0      0.0      0.0     None      0.0     None      4.8     43.2    13.57     10.6     None     4.91   110000      6.5     None     None     None     None     None     None     None
467410 20171106   1012.6   1015.7   1014.5   093500   1010.3   152600     24.3     27.7   120300     21.7   033100     19.3       74       61   122400      2.1    350.0      7.3     10.0   152700      0.0      0.0      0.0     None      0.0     None      0.2      1.8     7.32      4.3     None     4.32   130000      8.0     None     None     None     None     None     None     None
467410 20171107   1012.6   1015.7   1014.1   092200   1011.2   140400     25.3     30.4   121900     22.7   045800     20.9       77       53   121900      2.9    350.0      8.9    330.0   151100      0.0      0.0      0.0     None      0.0     None      9.3     83.9    18.67      2.9     None     7.20   120000      5.3     None     None     None     None     None     None     None
467410 20171108   1011.6   1014.7   1013.2   000100   1009.8   152800     25.5     30.3   121900     22.9   235000     20.5       74       57   122400      3.6    360.0      9.2    300.0   125900      0.0      0.0      0.0     None      0.0     None      8.8     79.5    18.24      5.6     None     7.22   120000      4.3     None     None     None     None     None     None     None
467410 20171109   1011.2   1014.3   1012.4   085400   1009.9   144900     25.6     31.2   134000     22.2   061000     19.9       71       52   133800      2.0    350.0      5.8     10.0   192000      0.0      0.0      0.0     None      0.0     None      9.3     84.1    18.08      6.0     None     7.19   120000      2.1     None     None     None     None     None     None     None
467410 20171110   1011.3   1014.4   1013.1   091900   1009.7   142300     25.5     28.7   143200     23.7   053500     21.0       77       64   143200      2.9    350.0      7.9    350.0   230400      0.0      0.0      0.0     None      0.0     None      2.9     26.3    12.53      3.0     None     5.43   110000      7.0     None     None     None     None     None     None     None
467410 20171111   1010.9   1014.0   1012.2   095100   1009.8   142700     24.0     26.2   134800     22.0   234100     21.1       83       74   133900      2.7    360.0      7.2    350.0   000100      0.5      1.3      0.3   151500      0.4   151500      0.0      0.0     4.39      2.4     None     3.33   130000      9.1     None     None     None     None     None     None     None
467410 20171112   1010.2   1013.3   1011.9   090300   1008.7   133400     23.2     26.7   140500     21.0   043200     19.7       81       72   121300      3.1    350.0      8.0     10.0   105600      1.0      0.5      0.5   040800      1.0   040100      0.7      6.4     8.63      4.8     None     5.59   120000      7.6     None     None     None     None     None     None     None
467410 20171113   1009.4   1012.5   1011.0   095600   1007.5   151600     24.1     27.4   141900     21.5   042800     20.0       78       66   135900      3.2    350.0      8.6    350.0   110900     -9.8      0.3     -9.8   041300     -9.8   041300      0.6      5.5     9.05      5.4     None     4.29   110000      8.4     None     None     None     None     None     None     None
467410 20171114   1010.8   1013.9   1012.5   085500   1009.1   141600     24.9     28.9   111100     22.9   024500     20.7       78       64   142700      2.9    350.0      7.7    340.0   182000      0.0      0.0      0.0     None      0.0     None      6.6     60.1    14.40      4.6     None     5.81   130000      5.0     None     None     None     None     None     None     None
467410 20171115   1012.0   1015.1   1013.6   093100   1010.5   150500     25.0     29.8   132100     22.3   051200     20.2       75       58   144100      2.5    360.0      6.8    360.0   232100      0.0      0.0      0.0     None      0.0     None      3.0     27.4    13.14      5.0     None     5.08   120000      2.5     None     None     None     None     None     None     None
467410 20171116   1011.5   1014.6   1013.8   090100   1009.4   143700     25.1     30.8   124400     22.2   035800     20.2       75       54   123700      2.3    350.0      6.9     30.0   090300      0.0      0.0      0.0     None      0.0     None      9.5     86.8    16.88      4.8     None     6.15   120000      3.1     None     None     None     None     None     None     None
467410 20171117   1008.5   1011.6   1010.7   081400   1006.1   152200     26.5     33.4   124100     22.6   062400     20.1       69       44   124100      1.8    360.0      6.6    250.0   131000      0.0      0.0      0.0     None      0.0     None      9.4     86.0    17.34      4.1     None     6.51   120000      4.5     None     None     None     None     None     None     None
467410 20171118   1008.4   1011.5   1011.9   224000   1006.3   132800     25.7     30.5   111600     20.4   234500     18.7       66       54   102500      3.9    350.0     12.1    360.0   153700      0.0      0.0      0.0     None      0.0     None      9.6     88.0    16.45      7.3     None     5.39   130000      3.1     None     None     None     None     None     None     None
467410 20171119   1013.2   1016.4   1015.3   214700   1011.1   145600     22.1     25.7   141800     19.3   062800     15.3       65       56   115000      3.1    350.0      9.6    350.0   014000      0.0      0.0      0.0     None      0.0     None      0.8      7.3    10.26     13.4     None     4.66   120000      8.1     None     None     None     None     None     None     None
467410 20171120   1013.9   1017.0   1015.3   224200   1011.5   141900     22.4     27.7   140400     20.0   062000     16.8       71       56   140300      3.9    350.0     12.1    330.0   155100      0.0      0.0      0.0     None      0.0     None      6.7     61.5    15.36      8.3     None     5.92   130000      4.6     None     None     None     None     None     None     None
467410 20171121   1012.6   1015.8   1014.7   000100   1010.4   152500     23.1     28.1   121200     19.6   022900     17.9       73       58   113100      3.1    350.0      7.8    350.0   203200      0.0      0.0      0.0     None      0.0     None      9.1     83.7    16.55      9.0     None     5.87   120000      3.9     None     None     None     None     None     None     None
467410 20171122   1011.2   1014.3   1013.0   083200   1008.5   141100     22.5     27.4   142600     19.3   224500     17.7       75       60   140100      4.6    350.0     13.6    340.0   183100      0.0      0.0      0.0     None      0.0     None      2.7     24.9    10.05      5.5     None     5.79   130000      7.6     None     None     None     None     None     None     None
467410 20171123   1014.1   1017.3   1016.2   231800   1012.5   031200     20.1     25.0   130000     17.4   225800     13.2       65       53   141300      4.9    350.0     16.1    330.0   043000      0.0      0.0      0.0     None      0.0     None      6.9     63.6    15.04      7.5     None     5.62   120000      4.9     None     None     None     None     None     None     None
467410 20171124   1016.6   1019.8   1018.9   093600   1014.8   151200     20.0     23.7   130800     17.6   005100     12.7       63       52   134100      4.1    350.0     11.7    330.0   135400      0.0      0.0      0.0     None      0.0     None      0.7      6.5     8.73      9.6     None     3.97   120000      8.5     None     None     None     None     None     None     None
467410 20171125   1016.7   1019.9   1018.4   090100   1014.4   142400     21.4     25.6   112200     18.5   022000     15.1       68       56   133200      4.5    350.0     12.1    340.0   091400      0.0      0.0      0.0     None      0.0     None      9.0     83.1    16.96     10.1     None     6.06   120000      6.4     None     None     None     None     None     None     None
467410 20171126   1015.4   1018.6   1017.4   083100   1013.4   145000     22.9     28.2   123500     20.4   025200     16.9       70       53   123500      4.4    350.0     12.6    350.0   165400      0.0      0.0      0.0     None      0.0     None      4.8     44.4    13.99     11.0     None     5.99   130000      7.5     None     None     None     None     None     None     None
467410 20171127   1013.4   1016.6   1015.4   084000   1011.3   143100     22.9     28.5   133900     19.8   044000     17.9       74       55   133600      3.1    360.0      9.3    340.0   012200      0.0      0.0      0.0     None      0.0     None      5.8     53.7    13.31      8.0     None     6.16   120000      3.9     None     None     None     None     None     None     None
467410 20171128   1013.7   1016.8   1015.6   091900   1012.0   144300     24.1     29.0   140500     21.2   042600     19.9       78       60   120500      2.2    350.0      6.4    290.0   130200      0.0      0.0      0.0     None      0.0     None      9.6     88.9    16.00      4.4     None     5.53   120000      1.0     None     None     None     None     None     None     None
467410 20171129   1013.7   1016.8   1015.3   083200   1011.4   145300     24.1     28.5   135400     21.6   002800     20.0       79       62   135100      2.1    350.0      7.5    350.0   215100      0.0      0.0      0.0     None      0.0     None      8.0     74.2    14.95      5.3     None     5.27   130000      4.9     None     None     None     None     None     None     None
467410 20171130   1012.3   1015.4   1014.1   092000   1009.9   145700     23.1     26.8   141600     20.5   232900     19.4       80       66   141500      3.8    350.0     10.4    360.0   183100      0.0      0.0      0.0     None      0.0     None      3.0     27.8     7.80      3.1     None     3.44   130000      5.9     None     None     None     None     None     None     None
467410 20171201   1012.9   1016.1   1014.5   213000   1011.5   034200     22.0     26.2   130900     20.1   055500     16.9       74       59   122700      4.2    350.0     10.4    350.0   043200      0.0      0.0      0.0     None      0.0     None      3.7     34.4    11.71      8.6     None     4.50   110000      6.6     None     None     None     None     None     None     None
467410 20171202   1013.3   1016.4   1014.9   081200   1011.6   140900     21.7     25.8   134500     19.6   024700     17.3       76       64   140100      3.9    350.0     10.9    340.0   201800      0.0      0.0      0.0     None      0.0     None      1.0      9.3    10.71      7.8     None     4.26   130000      6.8     None     None     None     None     None     None     None
467410 20171203   1012.1   1015.3   1014.1   083500   1009.7   150200     21.9     26.5   144200     19.8   044300     17.9       78       65   144100      3.9    350.0     10.6    360.0   233100      0.0      0.0      0.0     None      0.0     None      0.4      3.7     8.80      6.4     None     3.39   120000      7.5     None     None     None     None     None     None     None
467410 20171204   1012.6   1015.8   1013.9   080600   1010.7   141700     20.8     25.6   124700     17.8   235400     15.2       71       55   143400      4.3    350.0     11.9    330.0   130200      0.0      0.0      0.0     None      0.0     None      9.7     90.3    16.39      9.8     None     5.38   120000      1.1     None     None     None     None     None     None     None
467410 20171205   1014.7   1017.9   1017.4   082100   1013.0   163000     19.2     23.8   134500     15.8   234400     12.0       64       50   134400      4.1    350.0     10.6    350.0   135600      0.0      0.0      0.0     None      0.0     None      8.3     77.3    15.37      5.8     None     4.87   120000      2.8     None     None     None     None     None     None     None
467410 20171206   1014.3   1017.5   1015.6   091000   1013.0   024800     18.3     22.5   124200     15.2   060100     12.4       69       58   113500      3.5    360.0     11.1    360.0   141500      0.0      0.0      0.0     None      0.0     None      2.5     23.3    10.42      6.0     None     3.59   120000      8.1     None     None     None     None     None     None     None
467410 20171207   1013.0   1016.2   1014.3   003400   1010.8   144700     19.8     25.3   121600     16.5   061500     14.6       73       51   121600      4.4    360.0     11.6    300.0   122200      0.0      0.0      0.0     None      0.0     None      7.5     70.0    15.22      9.8     None     5.59   120000      6.9     None     None     None     None     None     None     None
467410 20171208   1014.6   1017.8   1016.2   091300   1012.9   144600     15.6     18.6   000100     13.5   213000     11.5       77       62   153300      5.9     20.0     15.3    360.0   033500      1.0      3.9      0.5   091600      1.0   085500      0.0      0.0     3.74      6.6     None     2.23   120000      9.5     None     None     None     None     None     None     None
467410 20171209   1014.6   1017.8   1016.5   104400   1012.7   143600     15.6     19.1   143800     13.2   050300     12.0       79       68   152100      3.0     20.0      8.6     20.0   155800      0.5      0.9      0.5   113200      0.5   111500      1.8     16.8     6.45      6.4     None     2.99   140000      6.5     None     None     None     None     None     None     None
467410 20171210   1013.7   1016.9   1015.4   085000   1012.2   141500     18.0     22.8   122600     14.6   022200     14.2       79       62   121900      3.6     10.0     10.6     20.0   143500      0.0      0.0      0.0     None      0.0     None      9.6     89.7    15.75      4.6     None     5.03   120000      2.6     None     None     None     None     None     None     None
467410 20171211   1013.2   1016.4   1014.7   091300   1011.3   144000     18.9     24.7   131600     15.1   064600     13.2       71       50   133900      3.8    360.0      9.6    360.0   153900      0.0      0.0      0.0     None      0.0     None      6.6     61.7    14.05      4.9     None     5.20   120000      5.0     None     None     None     None     None     None     None
467410 20171212   1014.3   1017.5   1016.6   091400   1012.8   042900     18.8     21.5   141600     17.2   062600     13.2       70       60   144900      3.6     10.0     12.4     10.0   122800      0.0      0.0      0.0     None      0.0     None      0.0      0.0     4.09      5.1     None     1.80   130000      9.5     None     None     None     None     None     None     None
467410 20171213   1013.7   1016.9   1015.0   090400   1012.2   151600     20.2     25.7   122000     17.4   033500     15.6       76       55   125100      2.7    360.0      8.4    360.0   054700      0.0      0.0      0.0     None      0.0     None      4.7     44.0    12.50      7.3     None     5.11   120000      6.8     None     None     None     None     None     None     None
467410 20171214   1014.3   1017.5   1015.7   091200   1012.9   150600     20.6     25.1   155100     17.0   055300     15.6       74       56   154200      2.6     10.0      8.0    340.0   162000      0.0      0.0      0.0     None      0.0     None      9.6     89.8    15.68      7.6     None     5.44   130000      2.3     None     None     None     None     None     None     None
467410 20171215   1014.9   1018.1   1016.2   093600   1013.1   141200     20.4     25.3   133400     17.9   061100     16.5       79       62   120300      2.9    350.0     11.1    360.0   164600      0.0      0.0      0.0     None      0.0     None      8.6     80.5    14.71      4.9     None     4.98   120000      3.1     None     None     None     None     None     None     None
467410 20171216   1016.3   1019.5   1017.6   092500   1014.1   143900     18.5     21.2   134200     15.1   223200     14.9       80       72   233800      5.4    350.0     15.3    360.0   182000      0.0      0.0      0.0     None      0.0     None      0.0      0.0     6.58      7.1     None     3.32   130000      8.5     None     None     None     None     None     None     None
467410 20171217   1018.7   1021.9   1020.1   101100   1017.2   151400     16.1     19.4   120200     14.2   070900      9.9       67       56   123000      4.6    350.0     13.8    350.0   065900      0.0      0.0      0.0     None      0.0     None      6.0     56.2    13.43     10.3     None     5.36   120000      7.0     None     None     None     None     None     None     None
467410 20171218   1018.0   1021.2   1020.1   083200   1015.5   152900     17.1     21.0   135000     14.5   012100     11.4       69       57   132800      4.3    350.0     11.1    350.0   170700      0.0      0.0      0.0     None      0.0     None      1.2     11.2    10.62     11.3     None     4.57   120000      8.3     None     None     None     None     None     None     None
467410 20171219   1018.2   1021.4   1020.4   233200   1015.8   150500     17.0     19.8   124100     15.6   055100     11.7       71       61   152400      5.9    350.0     15.1    350.0   054400      0.0      0.0      0.0     None      0.0     None      3.7     34.7    11.39     11.6     None     4.09   120000      8.1     None     None     None     None     None     None     None
467410 20171220   1021.1   1024.3   1022.7   092800   1019.1   144700     17.0     22.7   135700     14.3   230700     11.3       70       53   143800      4.5    350.0     14.3    350.0   171700      0.5      1.6      0.5   090500      0.5   090500      4.2     39.3    12.10      7.8     None     4.78   120000      6.5     None     None     None     None     None     None     None
467410 20171221   1020.3   1023.5   1022.3   080600   1018.2   150000     17.7     22.9   140900     13.5   054100      9.9       61       49   115400      2.9    360.0      8.6    360.0   022800      0.0      0.0      0.0     None      0.0     None      9.5     89.0    15.81     10.6     None     5.02   120000      2.0     None     None     None     None     None     None     None
467410 20171222   1017.1   1020.3   1019.4   000100   1014.7   151500     18.7     23.4   133500     14.8   045700     12.2       67       50   132600      2.1    360.0      8.2    360.0   182800      0.0      0.0      0.0     None      0.0     None      9.5     89.0    15.54      5.1     None     4.71   120000      1.1     None     None     None     None     None     None     None
467410 20171223   1014.0   1017.2   1015.9   085800   1011.5   150400     19.5     23.5   114400     17.1   040900     14.8       75       58   132000      1.9    320.0      8.1    360.0   183100      0.0      0.0      0.0     None      0.0     None      9.8     91.8    15.66      5.3     None     5.55   130000      0.5     None     None     None     None     None     None     None
467410 20171224   1013.4   1016.6   1015.6   085800   1010.6   153100     19.6     25.2   143100     15.4   052400     14.7       75       54   151600      4.6    350.0     14.0    360.0   151000      0.0      0.0      0.0     None      0.0     None      6.6     61.8    13.78      3.5     None     5.39   120000      6.8     None     None     None     None     None     None     None
467410 20171225   1015.0   1018.2   1016.8   214100   1012.9   025000     19.5     22.6   121000     17.6   063500     11.2       59       50   133200      3.6    350.0      9.8    350.0   084300      0.0      0.0      0.0     None      0.0     None      1.6     15.0    10.38      4.0     None     4.12   120000      9.1     None     None     None     None     None     None     None
467410 20171226   1016.8   1020.0   1018.5   085400   1014.7   144900     19.9     25.0   134900     17.6   063200     13.1       65       53   134800      2.5    360.0      7.3    300.0   144600      0.0      0.0      0.0     None      0.0     None      6.0     56.2    13.35      4.6     None     4.74   120000      4.8     None     None     None     None     None     None     None
467410 20171227   1017.1   1020.2   1018.5   090700   1015.2   143500     19.7     24.3   120400     16.2   060300     14.4       72       54   122100      2.3    350.0      6.9    340.0   172600      0.0      0.0      0.0     None      0.0     None      8.5     79.5    14.65      6.5     None     5.45   130000      2.5     None     None     None     None     None     None     None
467410 20171228   1016.9   1020.1   1018.2   091600   1015.1   145000     20.8     24.7   123700     18.8   023300     16.0       74       61   123700      1.9    360.0      7.2    290.0   135200      0.0      0.0      0.0     None      0.0     None      0.7      6.5     7.85      5.4     None     4.21   130000      9.1     None     None     None     None     None     None     None
467410 20171229   1017.2   1020.4   1019.4   085800   1015.1   144300     20.4     25.7   132300     17.8   062100     15.8       76       54   134800      4.1    350.0     12.2    350.0   090100      0.0      0.0      0.0     None      0.0     None      8.4     78.6    15.16      4.4     None     None     None      3.9     None     None     None     None     None     None     None
467410 20171230   1017.6   1020.7   1019.2   081100   1015.3   141400     20.1     25.1   114300     18.0   234900     15.7       76       56   114100      3.5    350.0     12.1    330.0   152400      0.0      0.0      0.0     None      0.0     None      8.9     83.2    15.67      4.9     None     None     None      2.9     None     None     None     None     None     None     None
467410 20171231   1016.6   1019.8   1018.6   091000   1014.7   154100     18.1     22.8   125800     15.6   223600     13.0       73       59   125700      4.3    350.0     12.4     10.0   141200      0.0      0.0      0.0     None      0.0     None      6.2     57.9    13.47      4.6     None     None     None      4.9     None     None     None     None     None     None     None
