* MD (Multifield Daily Data Format)
* 以 '*' 字元開頭的文字為格式說明
* 以 '#' 字元開頭的文字為氣象資料欄位標題列9個字元一組
********************************************************************************
* 格式說明:
* 站碼(stno) 時間(yyyymmdd) 氣象資料欄位
* 1~6        8~15           第16個字元開始每個氣象要素(欄位)9個字元
* 時間為當地時間(Local Time)
* yyyy:西元年
* mm:月
* dd:日
********************************************************************************
* 欄位標題說明:
* 極值發生時間欄位格式為 hhmmss 6位字元  其中 hh:小時(00~23時) mm:分鐘(00~59分) ss:秒(00~59秒)
*
* CD11 平均雲量(10分量)
* EP01 20cm箱外蒸發量(mm)
* EP04 20cm箱內蒸發量(mm)
* EP05 A型蒸發量(mm)
* GR01 全天空日射量(MJ/㎡)
* GR02 最大小時全天空日射量(MJ/㎡)
* GR03 最大小時全天空日射量時間
* PP01 降水量(mm)
* PP02 降水時數(hour)
* PP03 最大十分鐘降水量(mm)
* PP04 最大十分鐘降水量起始時間
* PP05 最大六十分鐘降水量(mm)
* PP06 最大六十分鐘降水量起始時間
* PS01 平均測站氣壓(hPa)                
* PS02 平均海平面氣壓(hPa)
* PS03 最高測站氣壓(hPa)                  
* PS04 最高測站氣壓時間
* PS05 最低測站氣壓(hPa)
* PS06 最低測站氣壓時間
* PS07 最高海平面氣壓(hPa)
* PS08 最高海平面氣壓時間
* PS09 最低海平面氣壓(hPa)
* PS10 最低海平面氣壓時間
* RH01 平均相對溼度(%)
* RH02 最大相對溼度(%)
* RH03 最大相對溼度時間
* RH04 最小相對溼度(%)
* RH05 最小相對溼度時間
* SD01 雪深(cm)
* SS01 日照時數(hour)
* SS02 日照率(%)
* ST01 天空狀況
* ST02 地面狀況
* ST03 雷暴
* ST04 液態降水1
* ST05 液態降水2
* ST06 固態降水1
* ST07 固態降水2
* ST08 固態降水3
* ST09 視障1
* ST10 視障2
* ST11 光象1
* ST12 光象2
* TB01 黑球溫度(℃)
* TD01 平均露點溫度(℃)
* TD02 最高露點溫度(℃)
* TD03 最高露點溫度時間
* TD04 最低露點溫度(℃)
* TD05 最低露點溫度時間
* TG01 最低草溫(℃)
* TS01 地表溫度0cm(℃)
* TS02 地中溫度5cm(℃)
* TS03 地中溫度10cm(℃)
* TS04 地中溫度20cm(℃)
* TS05 地中溫度30cm(℃)
* TS06 地中溫度50cm(℃)
* TS07 地中溫度100cm(℃)
* TS08 地中溫度200cm(℃)
* TS09 地中溫度300cm(℃)
* TS10 地中溫度500cm(℃)
* TW01 平均溼球溫度(℃)
* TX01 平均氣溫(℃)
* TX02 絕對最高氣溫(℃)
* TX03 絕對最高氣溫時間
* TX04 絕對最低氣溫(℃)
* TX05 絕對最低氣溫時間
* TX10 氣溫日較差(℃)
* VP01 平均水氣壓(hPa)
* VP02 最大水氣壓(hPa)
* VP03 最大水氣壓時間
* VP04 最小水氣壓(hPa)
* VP05 最小水氣壓時間
* VS01 平均能見度(km)
* WD01 平均風風速(m/s)
* WD02 平均風風向(360 degree)
* WD03 平均風程(m/s)
* WD04 最大平均風風速(m/s)
* WD05 最大平均風風向(360 degree)
* WD06 最大平均風時間
* WD07 最大瞬間風風速(m/s)
* WD08 最大瞬間風風向(360 degree)
* WD09 最大瞬間風時間
* UV01 紫外線指數
********************************************************************************
* 特殊值:
* -999.1:儀器故障待修
* -9.6/-999.6:資料累計於後
* -9.5/-99.5/-999.5/-999.5/-9999.5/-9995:因故障而無資料
* -9.7/-99.7/-999.7/-999.7/-9999.7/-9997:因不明原因而無資料
* -9.8:雨跡(Trace)
* None:未觀測而無資料
********************************************************************************
# stno yyyymmdd     PS01     PS02     PS03     PS04     PS05     PS06     TX01     TX02     TX03     TX04     TX05     TD01     RH01     RH04     RH05     WD01     WD02     WD07     WD08     WD09     PP01     PP02     PP03     PP04     PP05     PP06     SS01     SS02     GR01     VS01     EP05     UV01     UV03     CD11     TS01     TS02     TS03     TS04     TS05     TS06     TS07
467410 20100101   1015.0   1018.2   1016.5   084400   1013.3   144500     17.3     22.7   145100     13.1   052000     11.3       68       55   131200      2.9     20.0      7.1     10.0   003800      0.0      0.0      0.0     None      0.0     None      5.0     46.7    11.81      3.8     None     4.40   130000      6.8     None     None     None     None     None     None     None
467410 20100102   1012.9   1016.1   1014.8   000100   1010.8   144300     18.5     24.0   134100     15.1   063600     13.7       75       56   133800      4.1     20.0     13.7     20.0   234800      6.0      2.6      1.5   192500      3.5   193000      2.2     20.5     9.20      2.3     None     3.70   120000      6.5     None     None     None     None     None     None     None
467410 20100103   1012.9   1016.1   1015.3   093700   1011.4   032200     18.2     22.1   145800     16.6   003900     13.2       73       58   141700      3.6     20.0     13.0     10.0   002500      1.5      2.5      0.5   072300      1.0   070500      4.7     43.9     9.86      4.8     None     3.90   120000      6.0     None     None     None     None     None     None     None
467410 20100104   1012.4   1015.6   1014.4   091100   1010.5   140200     18.9     23.9   132200     15.8   071900     13.2       70       55   130200      3.4     30.0      8.1     30.0   063900      0.0      0.0      0.0     None      0.0     None      7.1     66.2    11.99      2.0     None     3.70   130000      2.8     None     None     None     None     None     None     None
467410 20100105   1013.2   1016.4   1015.0   083300   1011.5   130300     17.9     23.1   114500     15.1   233500     12.4       71       55   144300      4.1     20.0     10.4    350.0   155000      0.0      0.0      0.0     None      0.0     None      4.2     39.1     9.86      3.0     None     3.40   130000      5.4     None     None     None     None     None     None     None
467410 20100106   1014.8   1018.0   1016.1   214100   1013.3   021500     16.5     19.6   143400     14.9   232800     11.6       73       64   143200      4.7     10.0     12.9     20.0   120600      0.0      0.0      0.0     None      0.0     None      0.1      0.9     5.12      4.4     None     2.30   130000      9.1     None     None     None     None     None     None     None
467410 20100107   1016.2   1019.4   1018.2   090900   1014.0   150200     17.1     21.8   135800     14.7   062300     11.7       71       58   152900      3.5     10.0      9.0     10.0   180700      0.0      0.0      0.0     None      0.0     None      3.1     28.8     9.46      5.8     None     3.70   130000      8.4     None     None     None     None     None     None     None
467410 20100108   1015.6   1018.8   1017.7   093100   1014.0   151800     15.6     19.3   122200     13.3   234600     11.4       76       66   140700      4.5     10.0     12.9     20.0   163600      4.0      3.3      1.0   083900      3.0   075800      1.7     15.8     8.71      5.3     None     4.20   130000      9.3     None     None     None     None     None     None     None
467410 20100109   1015.7   1018.9   1017.5   093600   1013.8   140300     16.2     21.8   143700     12.9   020900     11.6       75       55   135400      3.5     30.0     11.1     30.0   225500      0.0      0.0      0.0     None      0.0     None      5.2     48.3    12.49      3.0     None     4.70   130000      4.8     None     None     None     None     None     None     None
467410 20100110   1014.3   1017.4   1016.7   090200   1011.5   141700     18.4     27.4   134500     14.7   062800     11.8       67       31   131000      4.4     20.0     12.1    360.0   145300      0.0      0.0      0.0     None      0.0     None      9.3     86.3    14.52      6.4     None     4.90   130000      1.3     None     None     None     None     None     None     None
467410 20100111   1013.0   1016.2   1015.0   100800   1010.8   150800     18.1     23.8   134300     14.9   062100     12.6       71       51   134300      4.5     20.0     10.9     20.0   175000      0.0      0.0      0.0     None      0.0     None      8.3     77.0    13.95      3.8     None     4.70   130000      3.6     None     None     None     None     None     None     None
467410 20100112   1016.7   1019.9   1019.8   234200   1013.7   021400     13.6     17.2   130000      9.7   235600      8.4       71       57   125900      6.9     10.0     17.5     20.0   095400     -9.8      0.2     -9.8   021700     -9.8   021700      5.3     49.1    11.53      6.0     None     4.60   130000      5.1     None     None     None     None     None     None     None
467410 20100113   1021.7   1025.0   1024.2   215000   1019.5   002100     13.5     20.3   135500      9.1   032100      2.4       48       33   143900      4.3     20.0     10.1     60.0   165200      0.0      0.0      0.0     None      0.0     None      8.8     81.5    13.27      8.6     None     4.10   130000      0.3     None     None     None     None     None     None     None
467410 20100114   1023.0   1026.3   1025.1   091700   1020.8   142000     14.8     19.7   110800      9.5   063500      6.3       57       45   120500      2.6     80.0      7.4     40.0   034100      0.0      0.0      0.0     None      0.0     None      9.1     84.2    13.29      6.3     None     4.30   130000      0.0     None     None     None     None     None     None     None
467410 20100115   1022.1   1025.4   1024.3   085600   1020.2   145800     16.2     21.8   134400     12.3   064800     10.0       68       47   134400      2.5     60.0      8.7    350.0   164200      0.0      0.0      0.0     None      0.0     None      8.9     82.2    12.62      4.8     None     4.00   130000      0.0     None     None     None     None     None     None     None
467410 20100116   1021.4   1024.6   1023.1   095100   1019.3   150300     17.2     23.1   135000     13.5   060800     11.5       70       45   134700      3.2     90.0      9.0    330.0   151000      0.0      0.0      0.0     None      0.0     None      9.3     85.9    13.39      4.1     None     4.20   120000      0.5     None     None     None     None     None     None     None
467410 20100117   1020.9   1024.1   1022.7   083500   1018.8   141700     17.9     24.3   142000     13.6   062300     12.8       73       50   132900      2.6     60.0      7.3    330.0   151100      0.0      0.0      0.0     None      0.0     None      8.9     82.1    13.33      3.1     None     4.40   130000      0.3     None     None     None     None     None     None     None
467410 20100118   1019.9   1023.1   1022.0   092700   1017.7   153800     18.4     24.0   131600     15.3   021200     13.7       75       56   130500      3.2     70.0      9.5     40.0   192900      0.0      0.0      0.0     None      0.0     None      9.2     84.7    13.77      4.2     None     4.30   130000      1.1     None     None     None     None     None     None     None
467410 20100119   1018.0   1021.2   1020.2   085400   1015.7   145100     19.8     26.0   132500     16.3   055600     14.7       73       48   132500      2.8     60.0      9.2    350.0   134300      0.0      0.0      0.0     None      0.0     None      7.6     69.9    13.48      4.3     None     5.40   130000      4.1     None     None     None     None     None     None     None
467410 20100120   1017.5   1020.6   1019.8   093100   1015.7   150300     22.3     27.7   135000     17.7   062900     14.5       63       40   133800      1.5    340.0      6.7    310.0   164100      0.0      0.0      0.0     None      0.0     None      8.2     75.4    13.73      3.5     None     5.10   130000      1.9     None     None     None     None     None     None     None
467410 20100121   1016.3   1019.4   1018.0   221800   1014.5   125700     22.8     28.2   120400     18.6   235400     15.4       64       46   152000      2.9     30.0      9.2     20.0   190900      0.0      0.0      0.0     None      0.0     None      6.0     55.1    11.35      4.1     None     4.60   130000      4.9     None     None     None     None     None     None     None
467410 20100122   1018.3   1021.5   1019.8   090700   1016.8   151500     18.9     24.3   122400     16.2   230900     13.5       71       58   122300      4.5     40.0     11.3     60.0   143100      0.0      0.0      0.0     None      0.0     None      5.3     48.6    11.61      7.8     None     4.90   130000      6.5     None     None     None     None     None     None     None
467410 20100123   1018.6   1021.8   1020.0   092800   1017.0   142800     17.9     22.3   134300     15.3   061300     12.4       71       59   134200      4.3     40.0      9.4     30.0   183700      0.0      0.0      0.0     None      0.0     None      5.6     51.3    12.20      5.5     None     5.10   130000      5.1     None     None     None     None     None     None     None
467410 20100124   1017.2   1020.4   1019.3   091300   1014.8   143600     19.6     25.6   134600     16.1   061100     14.5       73       56   131000      3.9     50.0      9.0    330.0   141700      0.0      0.0      0.0     None      0.0     None      8.1     74.1    13.69      4.7     None     5.20   120000      3.9     None     None     None     None     None     None     None
467410 20100125   1017.4   1020.6   1019.2   093500   1015.8   020900     19.2     24.6   124900     15.2   233600     15.0       77       62   122200      4.8     40.0     14.4     50.0   133900      0.0      0.0      0.0     None      0.0     None      1.0      9.1     8.88      2.6     None     4.90   120000      9.3     None     None     None     None     None     None     None
467410 20100126   1019.1   1022.3   1022.2   094000   1017.2   034500     17.1     21.7   140500     14.5   064600     12.1       73       64   144900      3.6     50.0     11.5     30.0   055300      0.0      0.0      0.0     None      0.0     None      0.2      1.8     7.75      3.9     None     3.80   120000      7.5     None     None     None     None     None     None     None
467410 20100127   1016.6   1019.8   1019.3   000100   1013.7   150100     19.8     25.6   145100     16.1   061100     14.8       73       52   153500      2.8     60.0      8.3     50.0   100500      0.0      0.0      0.0     None      0.0     None      8.1     73.8    14.59      4.4     None     5.70   130000      1.6     None     None     None     None     None     None     None
467410 20100128   1014.3   1017.4   1015.5   083100   1012.0   142800     21.4     27.2   131700     18.1   042500     16.3       73       57   114400      3.5     60.0     11.1    360.0   173600      0.0      0.0      0.0     None      0.0     None      2.5     22.7    10.22      3.7     None     5.00   130000      4.5     None     None     None     None     None     None     None
467410 20100129   1015.4   1018.6   1018.2   093400   1013.5   142800     20.5     26.6   140800     17.9   234800     16.2       77       58   153500      3.6     60.0      9.9     80.0   023900      0.0      0.0      0.0     None      0.0     None      6.0     54.5    12.00      2.5     None     4.90   130000      4.1     None     None     None     None     None     None     None
467410 20100130   1015.2   1018.4   1017.5   085600   1012.8   155100     21.0     26.2   144500     17.5   012700     15.9       74       56   153300      2.7     60.0      7.8     40.0   131800      0.0      0.0      0.0     None      0.0     None      7.3     66.2    13.49      2.8     None     4.90   130000      3.9     None     None     None     None     None     None     None
467410 20100131   1013.7   1016.8   1015.5   085400   1012.0   234100     23.2     27.9   114500     19.2   044100     17.4       70       50   131700      1.6    240.0      7.8    240.0   121700      0.0      0.0      0.0     None      0.0     None      9.8     88.7    15.65      5.2     None     6.00   130000      2.3     None     None     None     None     None     None     None
467410 20100201   1012.0   1015.2   1013.3   093800   1010.0   135600     23.1     27.9   111500     20.4   215100     17.5       71       52   111500      3.2     60.0      9.7    350.0   140200      0.0      0.0      0.0     None      0.0     None      8.7     78.7    15.43      4.6     None     6.20   130000      5.8     None     None     None     None     None     None     None
467410 20100202   1013.1   1016.2   1014.3   090500   1011.5   135000     20.9     25.6   133900     17.7   235100     15.9       74       60   115500      3.3     60.0     11.1     40.0   160100      0.0      0.0      0.0     None      0.0     None      6.4     57.8    13.34      3.4     None     5.10   120000      2.8     None     None     None     None     None     None     None
467410 20100203   1014.2   1017.3   1016.0   214700   1012.3   134000     19.5     24.0   124500     16.8   070200     14.7       74       59   124500      5.4     60.0     12.9     80.0   072500      0.0      0.0      0.0     None      0.0     None      7.9     71.2    14.83      5.4     None     6.20   130000      4.9     None     None     None     None     None     None     None
467410 20100204   1014.7   1017.8   1016.0   081700   1012.8   143600     19.8     24.7   123100     17.2   062900     14.7       73       58   123000      4.7     50.0     13.4     70.0   061400      0.0      0.0      0.0     None      0.0     None      8.6     77.4    14.87      6.8     None     5.60   130000      3.8     None     None     None     None     None     None     None
467410 20100205   1014.8   1018.0   1016.8   094400   1013.3   143000     19.6     24.0   121900     16.8   051900     14.6       73       61   114300      4.5     50.0     11.2     40.0   145500      0.0      0.0      0.0     None      0.0     None      6.5     58.4    13.35      4.5     None     4.90   130000      4.9     None     None     None     None     None     None     None
467410 20100206   1014.7   1017.9   1016.5   210800   1013.0   045300     19.7     24.5   132900     17.4   050100     15.3       76       63   132900      4.1     60.0     12.7     30.0   150500      0.0      0.0      0.0     None      0.0     None      3.0     26.9     9.49      4.4     None     4.40   130000      6.0     None     None     None     None     None     None     None
467410 20100207   1014.5   1017.7   1016.2   055900   1012.8   153600     21.3     26.2   104500     17.8   033900     16.1       73       56   103600      4.1     30.0     11.9     80.0   060800      0.0      0.0      0.0     None      0.0     None      5.8     51.9    13.92      4.8     None     5.70   130000      7.4     None     None     None     None     None     None     None
467410 20100208   1013.8   1016.9   1016.2   101000   1012.0   150200     22.0     27.0   122800     19.4   032600     16.9       73       58   122800      1.9     50.0      7.5     60.0   051800      0.0      0.0      0.0     None      0.0     None      3.4     30.4    10.08      4.4     None     4.80   130000      5.1     None     None     None     None     None     None     None
467410 20100209   1013.5   1016.6   1016.0   095500   1011.5   154100     22.9     27.9   123200     18.9   080400     18.5       77       63   123100      2.2    230.0      7.6    220.0   142600      0.0      0.0      0.0     None      0.0     None      6.9     61.6    13.88      3.9     None     5.70   130000      5.4     None     None     None     None     None     None     None
467410 20100210   1012.4   1015.5   1014.3   092100   1010.5   142700     25.4     30.2   102900     22.1   055800     20.0       72       49   101100      3.5    230.0     10.0    230.0   155700      0.0      0.0      0.0     None      0.0     None     10.2     90.9    16.25     10.1     None     6.00   130000      1.5     None     None     None     None     None     None     None
467410 20100211   1013.3   1016.4   1014.5   083200   1012.0   043600     26.2     30.5   135800     23.2   053300     20.1       70       52   151700      2.4    210.0      7.4    210.0   132400      0.0      0.0      0.0     None      0.0     None     10.6     94.3    16.51     12.3     None     6.70   130000      1.1     None     None     None     None     None     None     None
467410 20100212   1016.1   1019.3   1018.6   215800   1013.2   033500     18.4     24.6   033800     13.2   220600     14.1       76       66   133700      4.4     50.0     11.3     40.0   171600     11.0      2.8      5.0   212900      6.0   210300      0.7      6.2     6.11      7.1     None     2.00   120000      8.9     None     None     None     None     None     None     None
467410 20100213   1016.8   1020.0   1019.3   091400   1014.8   184900     15.5     19.5   154000     12.9   054700     11.0       75       65   142600      4.0     70.0      9.3     90.0   163400      0.0      0.0      0.0     None      0.0     None      1.3     11.5     8.62      5.5     None     3.30   130000      8.8     None     None     None     None     None     None     None
467410 20100214   1012.5   1015.7   1015.0   000500   1010.0   161400     19.5     25.4   134700     15.6   005200     14.2       72       57   134700      3.6     80.0      9.3     50.0   201400      0.0      0.0      0.0     None      0.0     None      7.1     62.8    14.19      5.0     None     5.60   130000      3.6     None     None     None     None     None     None     None
467410 20100215   1013.7   1016.9   1016.2   220100   1012.0   145300     19.3     26.0   124700     15.8   235500     13.8       71       53   124700      4.7     70.0     12.8     70.0   031800      1.5      1.7      1.0   212500      1.5   211900      8.0     70.7    15.63      7.0     None     5.70   130000      5.8     None     None     None     None     None     None     None
467410 20100216   1016.4   1019.7   1018.2   092900   1015.2   141200     14.1     15.9   000100     13.1   104500     10.7       80       73   084400      4.9     70.0     12.8     80.0   045300      2.0      3.5      0.5   105000      1.0   112900      0.0      0.0     1.81      8.5     None     1.10   130000      9.3     None     None     None     None     None     None     None
467410 20100217   1016.5   1019.8   1018.3   233100   1014.2   154500     13.9     16.2   140000     12.3   235800     10.4       79       74   155700      5.4     70.0     15.2     70.0   192300      1.5      2.1      0.5   233000      1.5   233000      0.0      0.0     4.17      8.8     None     2.60   140000      8.5     None     None     None     None     None     None     None
467410 20100218   1017.8   1021.1   1019.3   094300   1016.0   151300     12.7     15.1   130200     11.0   233200      9.1       79       71   132000      5.0     70.0     12.8     90.0   002000      2.0      5.9      1.0   015800      1.5   004800      0.0      0.0     2.76      7.8     None     2.90   130000      9.8     None     None     None     None     None     None     None
467410 20100219   1017.1   1020.4   1019.0   100100   1014.9   153700     11.8     12.9   154000     10.6   044700      9.8       87       83   052200      4.0     80.0     11.6     30.0   042200     14.0     12.2      1.0   044000      3.0   100500      0.0      0.0     0.82      3.3     None     1.20   130000      9.8     None     None     None     None     None     None     None
467410 20100220   1015.6   1018.8   1017.3   092000   1014.0   140700     16.1     21.5   132400     11.8   041500     11.3       74       59   123000      3.3     90.0      9.2     50.0   054900      0.0      0.0      0.0     None      0.0     None      7.0     61.3    15.43      4.6     None     6.20   120000      6.6     None     None     None     None     None     None     None
467410 20100221   1014.5   1017.7   1016.3   082300   1012.3   154300     18.2     23.7   154300     14.8   031000     13.2       73       53   153000      2.3     50.0      6.7    330.0   155300      0.0      0.0      0.0     None      0.0     None      3.0     26.2    11.40      3.9     None     4.00   140000      4.6     None     None     None     None     None     None     None
467410 20100222   1012.7   1015.9   1014.3   000100   1011.5   135200     18.5     22.0   124900     15.4   055900     13.5       73       61   140800      3.6     40.0      9.9     90.0   165400      0.0      0.0      0.0     None      0.0     None      1.8     15.7     9.48      2.9     None     3.60   130000      4.6     None     None     None     None     None     None     None
467410 20100223   1011.3   1014.5   1013.0   081400   1009.8   144400     20.3     26.8   120600     14.8   061600     14.1       69       47   120300      2.2     60.0      8.1     70.0   085900      0.0      0.0      0.0     None      0.0     None     10.4     90.6    17.25      5.6     None     6.10   130000      0.9     None     None     None     None     None     None     None
467410 20100224   1009.7   1012.8   1011.2   082900   1007.4   154500     23.3     28.1   131900     18.2   063400     15.7       63       51   101000      3.6    210.0     13.6    240.0   144000      0.0      0.0      0.0     None      0.0     None     10.5     91.3    17.18      5.6     None     6.40   130000      1.6     None     None     None     None     None     None     None
467410 20100225   1009.2   1012.3   1010.5   100600   1008.0   152700     25.4     29.0   111300     23.1   000100     18.8       67       50   054900      4.3    210.0     14.8    210.0   110600      0.0      0.0      0.0     None      0.0     None      5.3     46.0    12.24      9.6     None     4.40   140000      6.0     None     None     None     None     None     None     None
467410 20100226   1009.3   1012.4   1010.8   091800   1007.5   145600     25.6     29.2   122200     23.2   054300     20.3       73       59   125200      2.7    240.0      9.3    230.0   161200      0.0      0.0      0.0     None      0.0     None      7.1     61.5    14.31      7.4     None     6.50   130000      5.8     None     None     None     None     None     None     None
467410 20100227   1010.3   1013.4   1012.5   225000   1008.8   145400     25.5     28.6   140000     23.2   055500     20.8       75       64   135600      1.7    310.0      7.1    280.0   145800      0.0      0.0      0.0     None      0.0     None      5.6     48.4    14.13     10.8     None     5.20   140000      4.5     None     None     None     None     None     None     None
467410 20100228   1012.6   1015.7   1014.3   094600   1010.8   151400     25.9     29.8   130100     23.5   235959     20.4       73       59   145300      1.9    330.0      7.3    330.0   140800      0.0      0.0      0.0     None      0.0     None      7.8     67.3    15.16      6.3     None     5.20   130000      3.6     None     None     None     None     None     None     None
467410 20100301   1011.6   1014.7   1014.2   090900   1009.8   144200     25.6     30.1   130100     21.9   045300     19.7       70       53   132600      2.0    260.0      7.3    260.0   142900      0.0      0.0      0.0     None      0.0     None     10.2     87.9    17.12      7.8     None     6.70   130000      1.3     None     None     None     None     None     None     None
467410 20100302   1010.6   1013.7   1012.3   082600   1008.8   145900     25.9     30.8   121400     23.1   235700     20.4       72       54   121300      2.0     10.0      7.9    330.0   123700      0.0      0.0      0.0     None      0.0     None      3.9     33.5    12.74      7.0     None     5.50   120000      5.5     None     None     None     None     None     None     None
467410 20100303   1010.9   1014.0   1012.3   082800   1009.3   144200     24.6     29.0   114000     22.0   024000     18.5       69       57   124700      2.3     60.0      8.2     50.0   010500      0.0      0.0      0.0     None      0.0     None      5.5     47.2    14.74      5.8     None     6.30   130000      7.8     None     None     None     None     None     None     None
467410 20100304   1010.2   1013.3   1011.8   100300   1008.3   152300     26.2     30.6   122500     22.5   003500     20.4       71       56   110200      2.7    220.0     11.1    220.0   140700      0.0      0.0      0.0     None      0.0     None     10.3     88.2    17.23     10.8     None     7.20   130000      3.3     None     None     None     None     None     None     None
467410 20100305   1010.5   1013.6   1011.8   092900   1009.2   151200     26.1     29.3   140300     23.1   063800     20.9       73       59   093600      2.4    250.0     10.5    250.0   145200      0.0      0.0      0.0     None      0.0     None      8.8     75.2    17.16     11.4     None     6.40   130000      3.6     None     None     None     None     None     None     None
467410 20100306   1011.6   1014.7   1013.2   100200   1010.0   160000     26.8     32.4   124500     23.5   235000     19.9       67       44   124400      1.8    270.0      6.9     90.0   234900      0.0      0.0      0.0     None      0.0     None     10.7     91.3    18.91     11.0     None     7.20   130000      2.1     None     None     None     None     None     None     None
467410 20100307   1013.3   1016.4   1014.8   224500   1011.3   142500     23.1     28.8   142100     18.0   234400     16.5       67       52   142000      4.1     40.0     10.1     70.0   023200      0.0      0.0      0.0     None      0.0     None      9.1     77.5    16.88      5.0     None     5.90   130000      3.1     None     None     None     None     None     None     None
467410 20100308   1013.8   1017.0   1015.5   083500   1011.3   153300     21.4     27.4   121300     17.0   051200     14.4       65       53   110200      4.0     70.0      9.4     10.0   173400      0.0      0.0      0.0     None      0.0     None      6.6     56.1    14.41      6.8     None     5.00   120000      4.9     None     None     None     None     None     None     None
467410 20100309   1017.2   1020.4   1021.8   234900   1012.7   034200     15.9     20.0   005900     12.9   202800      9.7       67       57   192600      7.9     50.0     20.8     30.0   185300      0.3      0.5      0.3   132000      0.3   131000      0.2      1.7     6.11      9.8     None     3.30   120000      9.8     None     None     None     None     None     None     None
467410 20100310   1021.6   1024.9   1023.2   093300   1020.0   142900     13.7     18.3   141200     11.2   072400      4.3       53       44   134700      5.9     60.0     20.4     80.0   000300      0.0      0.0      0.0     None      0.0     None      3.4     28.8    15.64      5.8     None     6.70   130000      5.6     None     None     None     None     None     None     None
467410 20100311   1020.4   1023.7   1022.3   090000   1017.8   151700     16.9     23.3   130000     10.2   035300      8.5       58       43   123600      2.8     60.0      8.1     10.0   162400      0.0      0.0      0.0     None      0.0     None      9.6     81.1    17.72      6.0     None     6.30   130000      1.1     None     None     None     None     None     None     None
467410 20100312   1017.3   1020.5   1020.2   081800   1014.5   153900     20.5     25.4   151100     15.9   062000     12.7       62       45   135300      1.9     90.0      6.6    170.0   125600      0.0      0.0      0.0     None      0.0     None      1.0      8.4     7.71      4.3     None     2.70   110000      5.4     None     None     None     None     None     None     None
467410 20100313   1013.9   1017.1   1016.0   082000   1011.5   150600     24.3     29.1   125000     19.3   050600     17.0       64       52   122800      1.6     40.0      6.9     50.0   042800      0.0      0.0      0.0     None      0.0     None      6.9     58.1    14.80      3.5     None     5.20   120000      6.4     None     None     None     None     None     None     None
467410 20100314   1012.4   1015.5   1013.8   081600   1010.0   152500     26.4     30.7   104200     22.4   060800     19.7       67       55   104200      2.5    190.0     10.6    210.0   170600      0.0      0.0      0.0     None      0.0     None      9.1     76.5    18.47      6.1     None     7.30   130000      3.8     None     None     None     None     None     None     None
467410 20100315   1012.3   1015.4   1014.0   100000   1010.5   143800     26.5     30.4   121100     24.3   053600     21.2       73       59   121100      2.6     20.0      8.5    220.0   143300      0.0      0.0      0.0     None      0.0     None      8.7     73.0    17.86     10.8     None     7.00   120000      3.0     None     None     None     None     None     None     None
467410 20100316   1016.3   1019.4   1018.8   225900   1013.5   034900     21.1     25.2   003200     18.2   225800     14.6       67       53   144700      5.1     10.0     14.4     20.0   070500      0.0      0.0      0.0     None      0.0     None      3.6     30.1    13.39      4.5     None     5.20   120000      7.8     None     None     None     None     None     None     None
467410 20100317   1018.2   1021.4   1020.4   095200   1016.3   152400     21.4     26.4   125200     18.3   000100     14.4       65       54   114900      3.8     20.0      9.9    350.0   145200      0.0      0.0      0.0     None      0.0     None      4.7     39.3    14.41      5.5     None     5.00   130000      5.3     None     None     None     None     None     None     None
467410 20100318   1016.3   1019.5   1018.5   081000   1014.1   164200     22.3     28.9   123800     18.5   042600     15.6       66       46   123800      3.5     20.0     10.4     20.0   062000      0.0      0.0      0.0     None      0.0     None      8.4     68.4    16.11      4.9     None     5.60   120000      1.5     None     None     None     None     None     None     None
467410 20100319   1013.1   1016.2   1015.5   001100   1011.4   171200     24.0     28.6   114000     19.7   053100     17.7       68       53   114000      1.6     30.0      6.9    290.0   123800      0.0      0.0      0.0     None      0.0     None      7.6     63.3    16.79      2.7     None     5.70   130000      1.1     None     None     None     None     None     None     None
467410 20100320   1010.3   1013.4   1012.0   000100   1008.8   144500     25.7     30.4   134100     22.3   043300     20.1       71       55   133800      2.8    190.0     14.5    200.0   112600      0.0      0.0      0.0     None      0.0     None      9.5     78.9    18.01      7.2     None     6.50   120000      2.9     None     None     None     None     None     None     None
467410 20100321   1010.8   1013.9   1012.3   090400   1009.3   152600     25.0     29.0   104600     22.6   225100     19.4       72       58   152300      3.1     20.0      8.9    310.0   133400      0.0      0.0      0.0     None      0.0     None      2.1     17.4    11.43      4.0     None     3.10   130000      7.6     None     None     None     None     None     None     None
467410 20100322   1010.5   1013.6   1012.0   100900   1008.8   153900     24.9     28.9   142300     21.9   060000     18.3       67       59   105800      2.9     20.0      8.1    340.0   131100      0.0      0.0      0.0     None      0.0     None      3.5     29.0    14.32      3.7     None     4.10   140000      6.1     None     None     None     None     None     None     None
467410 20100323   1008.3   1011.4   1010.7   081000   1005.5   150600     26.4     31.2   105900     22.0   051600     20.3       70       52   105800      3.3    200.0     11.2    210.0   131700      0.0      0.0      0.0     None      0.0     None     10.5     86.7    20.40      7.4     None     6.90   120000      2.0     None     None     None     None     None     None     None
467410 20100324   1008.1   1011.2   1009.8   081400   1005.8   161300     26.5     29.8   124600     24.4   052300     21.6       75       65   124600      2.1    250.0      8.3    260.0   125000      0.0      0.0      0.0     None      0.0     None      6.6     54.4    15.47     11.0     None     6.70   130000      4.0     None     None     None     None     None     None     None
467410 20100325   1011.9   1015.0   1015.5   231700   1008.5   000400     18.8     24.7   001300     14.2   205900     12.5       67       55   131200      7.4     20.0     21.1     30.0   113500      0.0      0.0      0.0     None      0.0     None      1.1      9.1     7.88      9.3     None     3.50   110000      9.4     None     None     None     None     None     None     None
467410 20100326   1015.7   1018.9   1018.0   214700   1013.5   033400     17.9     23.1   132300     14.6   000900      9.9       60       53   014400      2.8     20.0     10.4    360.0   001300      0.0      0.0      0.0     None      0.0     None      0.6      4.9     7.64      7.5     None     3.80   140000      8.3     None     None     None     None     None     None     None
467410 20100327   1016.9   1020.1   1019.3   081200   1014.8   160000     19.7     25.9   120600     14.8   052500     12.1       62       45   114600      3.3     20.0     11.5    340.0   144000      0.0      0.0      0.0     None      0.0     None      9.4     77.1    18.19      4.1     None     5.60   120000      0.1     None     None     None     None     None     None     None
467410 20100328   1015.9   1019.1   1017.7   084100   1013.8   154500     20.6     25.8   134500     16.7   062600     12.8       62       47   144200      3.8     20.0     11.3     20.0   160500      0.0      0.0      0.0     None      0.0     None      5.9     48.3    15.61      5.1     None     4.90   120000      3.6     None     None     None     None     None     None     None
467410 20100329   1016.3   1019.5   1017.8   082600   1014.5   143400     21.8     27.6   142100     16.7   054400     12.8       57       41   125200      2.5     30.0      7.9    310.0   153900      0.0      0.0      0.0     None      0.0     None      8.2     67.0    18.68      7.5     None     6.40   130000      6.0     None     None     None     None     None     None     None
467410 20100330   1015.9   1019.1   1017.8   093800   1013.8   155600     22.1     26.7   120100     19.4   062400     15.9       68       53   111900      2.7     20.0      7.5    350.0   153400      0.0      0.0      0.0     None      0.0     None      5.8     47.3    15.23      5.1     None     4.60   130000      6.8     None     None     None     None     None     None     None
467410 20100331   1013.7   1016.9   1016.5   000100   1011.7   160400     23.7     28.3   111800     19.5   052100     15.5       61       44   125600      2.2     20.0      8.8    310.0   130000      0.0      0.0      0.0     None      0.0     None      8.5     69.2    18.28      5.8     None     5.90   130000      2.8     None     None     None     None     None     None     None
467410 20100401   1011.2   1014.3   1013.0   000100   1009.3   144300     25.3     29.7   111700     21.7   042100     18.7       67       49   111300      2.2    220.0     11.6    220.0   144500      0.0      0.0      0.0     None      0.0     None      9.9     80.4    20.18      7.4     None     7.20   130000      0.6     None     None     None     None     None     None     None
467410 20100402   1011.8   1014.9   1014.7   233700   1009.3   022100     23.6     28.5   120100     18.9   235700     18.2       72       59   120100      3.9     10.0     11.2    330.0   131200      0.0      0.0      0.0     None      0.0     None      2.9     23.5    13.13      7.0     None     5.90   120000      8.1     None     None     None     None     None     None     None
467410 20100403   1014.2   1017.3   1016.0   095200   1012.2   154000     21.6     27.2   151700     17.9   035800     15.8       70       56   151700      3.6     20.0      9.9     20.0   035800      0.0      0.0      0.0     None      0.0     None      3.1     25.1    13.00      5.9     None     5.40   130000      8.1     None     None     None     None     None     None     None
467410 20100404   1011.7   1014.8   1014.3   000100   1009.0   163300     22.7     27.7   151000     19.6   051900     17.7       74       60   144900      3.5     10.0      9.6    360.0   030100      0.0      0.0      0.0     None      0.0     None      5.0     40.4    16.15      2.9     None     5.40   120000      4.8     None     None     None     None     None     None     None
467410 20100405   1009.8   1012.9   1011.7   072100   1008.2   143400     23.8     28.3   104700     20.6   000100     18.5       73       60   103000      3.0     30.0     11.1    350.0   122000      0.0      0.0      0.0     None      0.0     None      5.7     46.0    15.84      3.8     None     5.50   130000      5.1     None     None     None     None     None     None     None
467410 20100406   1010.1   1013.2   1012.2   234800   1007.7   152500     24.5     28.6   153900     21.7   033900     19.8       76       63   155400      2.5     50.0      9.5     30.0   194200     -9.8      0.1     -9.8   235500     -9.8   235500      0.4      3.2     9.09      2.4     None     3.00   130000      7.1     None     None     None     None     None     None     None
467410 20100407   1013.4   1016.5   1016.0   212200   1011.2   034600     22.4     27.9   135100     19.4   064000     16.7       70       59   135700      4.0     30.0     10.3     40.0   211800      2.0      2.1      1.0   000600      1.0   000100      3.8     30.5    15.71      5.4     None     6.80   120000      7.1     None     None     None     None     None     None     None
467410 20100408   1012.1   1015.3   1014.8   000100   1009.2   155500     19.8     23.3   102100     17.6   180800     14.4       71       62   092000      3.0     60.0     10.7     40.0   194100      0.1      0.3      0.1   175000      0.1   175000      0.0      0.0     4.26      6.0     None     2.20   120000      9.3     None     None     None     None     None     None     None
467410 20100409   1009.9   1013.1   1011.8   003700   1007.2   145800     21.9     28.0   120800     17.3   054300     16.2       71       54   115000      4.2     40.0     11.9     40.0   011800      0.0      0.0      0.0     None      0.0     None     11.1     88.9    22.47      6.6     None     8.20   130000      2.5     None     None     None     None     None     None     None
467410 20100410   1009.6   1012.7   1011.5   071800   1006.8   163000     24.0     31.3   115300     19.3   010100     17.2       67       44   112000      2.8     60.0      9.3    260.0   161700      0.0      0.0      0.0     None      0.0     None     10.3     82.3    21.53      4.6     None     7.20   120000      0.8     None     None     None     None     None     None     None
467410 20100411   1007.6   1010.7   1009.5   000100   1005.2   154400     26.8     31.6   121700     23.1   052100     19.7       66       50   152500      3.8    190.0     15.8    200.0   140700      0.0      0.0      0.0     None      0.0     None      9.0     71.8    17.45      8.3     None     5.40   130000      1.8     None     None     None     None     None     None     None
467410 20100412   1008.6   1011.6   1010.0   075500   1007.0   170600     27.8     33.0   123500     23.6   045300     20.7       66       47   104100      2.2    170.0      9.2    330.0   164100      0.0      0.0      0.0     None      0.0     None     10.8     86.0    20.99     13.4     None     7.80   130000      1.4     None     None     None     None     None     None     None
467410 20100413   1011.9   1015.0   1015.0   224300   1009.5   000100     26.5     33.9   130400     21.0   235900     19.7       67       46   130400      4.3     50.0     11.4    320.0   135900      0.0      0.0      0.0     None      0.0     None      9.8     77.9    20.68      7.1     None     7.80   130000      2.8     None     None     None     None     None     None     None
467410 20100414   1013.5   1016.7   1015.7   084100   1010.5   151700     23.0     28.4   133300     19.4   052400     16.3       67       53   120600      4.9     20.0     12.9     20.0   020400      0.0      0.0      0.0     None      0.0     None     10.1     80.2    20.31      6.3     None     8.10   120000      5.3     None     None     None     None     None     None     None
467410 20100415   1013.5   1016.7   1017.0   221500   1011.5   161900     20.3     24.5   122200     15.9   230600     15.0       72       58   122200      5.4     20.0     14.7     60.0   145400      1.0      1.8      0.5   211300      1.0   210300      2.4     19.0    13.97      4.8     None     7.40   130000      9.1     None     None     None     None     None     None     None
467410 20100416   1015.7   1018.9   1017.0   092500   1013.8   015400     19.2     23.6   140400     15.5   051200     13.1       68       57   133200      3.8     20.0     10.1     30.0   153500     -9.8      1.0     -9.8   024000     -9.8   015000      0.6      4.7    11.58      4.6     None     5.80   120000      8.9     None     None     None     None     None     None     None
467410 20100417   1016.1   1019.3   1017.8   081300   1014.8   161200     21.6     25.3   133500     18.1   025800     15.1       67       56   115800      3.1     50.0      9.1     50.0   174100      0.0      0.0      0.0     None      0.0     None      0.7      5.5     9.62      5.1     None     4.40   120000      8.1     None     None     None     None     None     None     None
467410 20100418   1013.6   1016.7   1016.0   000400   1010.7   174100     23.1     27.0   145300     19.7   025600     17.4       71       56   152100      3.1     30.0      8.0     30.0   002300      0.4      0.6      0.3   210300      0.4   210300      0.3      2.4     9.32      2.8     None     6.20   110000      9.0     None     None     None     None     None     None     None
467410 20100419   1009.6   1012.7   1011.6   000200   1007.3   153100     26.3     31.0   115700     21.6   030000     20.2       70       55   095200      3.3    210.0     12.3    210.0   152900      0.0      0.0      0.0     None      0.0     None     10.6     83.4    20.74      7.5     None     8.80   120000      3.9     None     None     None     None     None     None     None
467410 20100420   1008.8   1011.9   1010.3   091900   1007.0   155400     27.0     30.9   124200     24.7   054100     21.1       70       61   120100      2.7    220.0      9.8    210.0   120800      0.0      0.0      0.0     None      0.0     None      9.7     76.2    20.56     12.6     None     9.60   130000      4.3     None     None     None     None     None     None     None
467410 20100421   1008.6   1011.6   1010.3   085000   1006.3   155900     28.1     31.9   122300     24.5   053100     20.9       65       55   121000      4.0    200.0     14.4    190.0   145000      0.0      0.0      0.0     None      0.0     None     10.0     78.4    21.59      8.9     None     9.30   120000      2.6     None     None     None     None     None     None     None
467410 20100422   1009.2   1012.3   1012.0   210200   1007.3   034300     28.2     31.7   105700     25.5   054200     20.7       64       49   120800      2.5    170.0      8.1    240.0   104200      0.0      0.0      0.0     None      0.0     None     11.4     89.3    22.38     11.8     None     9.00   130000      2.8     None     None     None     None     None     None     None
467410 20100423   1011.7   1014.9   1014.0   212900   1008.8   025500     20.6     27.3   000100     17.4   203100     15.8       75       62   000100      4.0     20.0     12.0     10.0   174400     20.5      7.3      3.0   124600      8.5   124100      0.0      0.0     1.24      6.1     None     1.10   110000      9.0     None     None     None     None     None     None     None
467410 20100424   1013.7   1016.9   1015.3   220600   1011.8   021100     20.4     22.8   171600     17.7   003700     15.1       72       63   090700      1.2     20.0      5.1    360.0   204500     -9.8      0.4     -9.8   100200     -9.8   100200      0.0      0.0     3.10      4.9     None     2.00   130000      8.9     None     None     None     None     None     None     None
467410 20100425   1014.3   1017.4   1016.0   214800   1012.5   154000     23.3     28.0   121400     19.6   015700     16.6       67       48   153300      2.4     10.0      7.9    330.0   150900      0.0      0.0      0.0     None      0.0     None      7.6     59.2    20.19      3.9     None     7.40   130000      6.6     None     None     None     None     None     None     None
467410 20100426   1013.2   1016.3   1015.3   000400   1011.7   152700     24.7     30.6   125000     20.7   060300     18.3       69       46   135700      3.2     20.0      9.4     10.0   193400      0.0      0.0      0.0     None      0.0     None      7.7     59.9    20.00      3.5     None     7.60   130000      5.9     None     None     None     None     None     None     None
467410 20100427   1011.9   1015.0   1013.5   094400   1010.3   163300     24.3     27.4   145500     22.1   052500     18.3       69       59   145500      3.2     10.0      8.9     10.0   123800      0.0      0.0      0.0     None      0.0     None      0.2      1.6     9.13      7.1     None     3.90   150000      9.3     None     None     None     None     None     None     None
467410 20100428   1011.3   1014.4   1012.8   090200   1010.0   170400     24.2     25.3   094100     23.0   144200     20.5       80       71   000300      1.6     20.0      6.6     10.0   124500      0.6      3.0      0.3   115000      0.4   110100      0.0      0.0     5.48      3.3     None     2.20   110000      9.9     None     None     None     None     None     None     None
467410 20100429   1012.2   1015.3   1015.2   222000   1010.2   150600     24.6     28.3   130100     22.4   051100     20.3       78       60   125900      2.6     10.0      8.0     20.0   081400      0.5      1.3      0.5   214000      0.5   214000      0.2      1.5     9.45      3.8     None     5.00   110000      9.1     None     None     None     None     None     None     None
467410 20100430   1013.8   1016.9   1015.5   064800   1011.5   154600     22.5     26.2   153600     18.3   050900     17.6       74       61   150600      2.9     20.0     13.8     20.0   005600      3.0      4.1      1.0   050500      2.5   042000      0.9      7.0     9.59      9.9     None     4.60   110000      7.5     None     None     None     None     None     None     None
467410 20100501   1012.4   1015.5   1014.3   093500   1010.2   163800     24.7     29.5   133200     20.7   051900     17.3       65       44   132900      2.4     10.0      9.6    270.0   132900      0.0      0.0      0.0     None      0.0     None      8.3     64.1    19.91      7.5     None     8.50   120000      4.9     None     None     None     None     None     None     None
467410 20100502   1009.8   1012.9   1011.8   085600   1007.7   163200     25.6     30.4   142500     22.1   045700     18.3       66       38   114000      2.6    330.0      8.5    360.0   112500      0.0      0.0      0.0     None      0.0     None      7.0     54.0    17.95      5.8     None     7.30   120000      4.4     None     None     None     None     None     None     None
467410 20100503   1009.3   1012.4   1010.8   075800   1007.5   155500     26.3     30.2   121300     23.3   051300     19.9       69       49   130600      2.2    350.0     10.1     40.0   150400      0.0      0.0      0.0     None      0.0     None      8.8     67.8    21.18      6.0     None     7.80   130000      2.9     None     None     None     None     None     None     None
467410 20100504   1007.5   1010.6   1009.0   000100   1005.5   155200     26.7     30.7   120600     23.9   042000     20.1       68       54   135000      2.5    310.0      8.3    310.0   140700      0.0      0.0      0.0     None      0.0     None     10.0     76.9    21.33     10.5     None     8.10   130000      5.5     None     None     None     None     None     None     None
467410 20100505   1006.2   1009.2   1007.9   221700   1004.7   152500     27.9     32.3   110300     24.5   031300     21.7       70       53   093900      3.3    200.0     12.1    210.0   121100      0.0      0.0      0.0     None      0.0     None      9.3     71.4    20.26     13.9     None     8.40   120000      4.3     None     None     None     None     None     None     None
467410 20100506   1006.4   1009.5   1008.0   092800   1004.5   161400     27.8     30.5   121000     26.0   044200     23.0       76       59   115400      2.4    190.0      9.2    270.0   135200      0.0      0.0      0.0     None      0.0     None      4.3     33.0    16.80     15.3     None     8.20   130000      6.4     None     None     None     None     None     None     None
467410 20100507   1005.6   1008.7   1007.0   090300   1003.8   023800     28.2     31.3   085800     26.2   234400     22.9       73       58   091700      2.3    310.0      7.6    330.0   142200      0.0      0.0      0.0     None      0.0     None      1.1      8.4    12.25     13.8     None     5.20   120000      8.1     None     None     None     None     None     None     None
467410 20100508   1004.6   1007.7   1006.5   085800   1002.7   153900     28.2     32.5   133100     25.6   021700     23.5       76       57   132500      2.2    230.0      8.0    230.0   161500      0.0      0.0      0.0     None      0.0     None      4.2     32.1    16.12      8.6     None     7.60   130000      7.4     None     None     None     None     None     None     None
467410 20100509   1004.0   1007.1   1005.5   215900   1001.8   160400     29.3     34.2   151800     26.7   061600     22.6       68       45   130700      2.2    310.0      8.1    290.0   160400      0.0      0.0      0.0     None      0.0     None      9.1     69.5    21.60     14.4     None     9.20   130000      5.9     None     None     None     None     None     None     None
467410 20100510   1005.0   1008.0   1007.8   203500   1002.3   031700     29.1     34.8   110500     25.7   232900     21.6       65       42   111500      3.0    340.0     11.1    300.0   125900      0.0      0.0      0.0     None      0.0     None      9.8     74.7    22.26     12.6     None     8.90   130000      4.6     None     None     None     None     None     None     None
467410 20100511   1008.5   1011.6   1010.3   223600   1006.5   010500     27.4     31.9   130900     24.0   043300     20.5       67       54   115800      2.9     10.0      9.4    360.0   184000      0.0      0.0      0.0     None      0.0     None      7.9     60.2    20.87      6.9     None     9.20   130000      5.1     None     None     None     None     None     None     None
467410 20100512   1009.3   1012.4   1010.5   083100   1007.5   151900     27.6     32.1   150200     23.7   051500     20.4       66       51   150100      3.0    320.0      8.7    320.0   131100      0.0      0.0      0.0     None      0.0     None      9.7     73.8    22.18      7.6     None     8.10   130000      2.3     None     None     None     None     None     None     None
467410 20100513   1008.1   1011.2   1009.7   000100   1006.5   151700     28.1     32.7   120400     25.0   020200     20.9       66       51   110400      2.3     10.0      8.6    320.0   123800      0.0      0.0      0.0     None      0.0     None      8.8     66.9    19.94      8.5     None     7.00   130000      4.3     None     None     None     None     None     None     None
467410 20100514   1006.9   1010.0   1008.5   083900   1004.8   160200     27.3     33.4   115800     24.0   233100     21.1       70       50   115700      3.6     10.0     10.3    320.0   130900      0.0      0.0      0.0     None      0.0     None     10.3     78.2    22.09      5.1     None     8.40   130000      3.0     None     None     None     None     None     None     None
467410 20100515   1007.0   1010.1   1008.3   104200   1005.3   162300     26.3     30.7   131400     23.3   042900     20.6       72       57   134100      3.8     10.0      8.5    320.0   100600      0.0      0.0      0.0     None      0.0     None      2.9     22.0    15.39      3.1     None     7.90   130000      5.6     None     None     None     None     None     None     None
467410 20100516   1007.9   1011.0   1009.3   080600   1006.0   152000     25.9     32.0   152800     22.8   045800     20.7       74       51   152800      4.6     10.0     11.6    330.0   162500      0.0      0.0      0.0     None      0.0     None      7.7     58.3    20.04      5.4     None     8.30   130000      2.9     None     None     None     None     None     None     None
467410 20100517   1008.5   1011.5   1009.5   081900   1007.3   155000     27.6     31.9   120700     24.5   000100     21.8       71       54   130000      1.9     30.0      7.4    310.0   162100      0.0      0.0      0.0     None      0.0     None      9.4     71.1    21.69      6.2     None     8.30   130000      2.9     None     None     None     None     None     None     None
467410 20100518   1007.9   1011.0   1009.0   064500   1006.0   172300     28.1     32.1   115600     26.2   051000     22.3       71       56   115600      1.9    250.0      8.5    270.0   140300      0.0      0.0      0.0     None      0.0     None     11.7     88.4    22.73     11.8     None     8.70   120000      1.9     None     None     None     None     None     None     None
467410 20100519   1007.8   1010.9   1009.3   085100   1006.0   143600     28.1     31.6   122700     25.6   044800     22.4       71       56   103500      2.2    200.0     10.2    270.0   140500      0.0      0.0      0.0     None      0.0     None     11.6     87.5    23.64     13.6     None     9.10   120000      2.9     None     None     None     None     None     None     None
467410 20100520   1008.6   1011.7   1009.5   215800   1007.2   064400     28.6     31.6   130200     25.5   055600     22.0       68       56   081300      2.3    240.0      9.4    240.0   093100      0.0      0.0      0.0     None      0.0     None      7.0     52.8    18.59     12.8     None     7.90   110000      5.1     None     None     None     None     None     None     None
467410 20100521   1007.5   1010.6   1009.3   071200   1005.3   234500     29.3     32.8   100200     27.2   040400     22.6       68       52   093400      2.0    280.0      8.4    260.0   115600      0.0      0.0      0.0     None      0.0     None     11.1     83.6    22.61     19.6     None     8.70   130000      3.5     None     None     None     None     None     None     None
467410 20100522   1004.5   1007.5   1006.7   080100   1002.3   191200     29.6     32.7   112200     26.7   050800     23.1       69       53   120600      3.4    190.0     10.6    210.0   140100      0.0      0.0      0.0     None      0.0     None     10.0     75.2    21.97     11.3     None     9.40   120000      5.1     None     None     None     None     None     None     None
467410 20100523   1001.4   1004.4   1003.2   000100   1000.3   154300     27.3     29.1   092300     24.6   124700     24.1       83       73   031300      4.5    190.0     16.2    310.0   122600     72.0     11.8     13.5   123600     28.0   121500      0.0      0.0     1.00      7.9     None     0.70   100000      8.9     None     None     None     None     None     None     None
467410 20100524   1003.4   1006.5   1005.5   212300   1000.8   030000     27.2     31.1   122300     25.1   063300     22.0       74       60   124200      2.1    220.0      7.6    200.0   161700     -9.8      0.1     -9.8   162500     -9.8   162500      1.3      9.8    13.09      7.9     None     5.60   130000      9.3     None     None     None     None     None     None     None
467410 20100525   1005.3   1008.3   1007.2   214200   1003.5   034800     28.9     32.4   110300     25.5   054200     21.4       65       50   100500      2.0    320.0      8.6    320.0   141900      0.0      0.0      0.0     None      0.0     None      8.2     61.5    20.99      6.8     None     7.10   130000      4.0     None     None     None     None     None     None     None
467410 20100526   1006.1   1009.2   1007.8   221600   1004.7   155300     28.9     33.2   131800     25.7   050500     22.4       69       56   131200      2.3     30.0      8.3    310.0   145100      0.0      0.0      0.0     None      0.0     None      2.3     17.2    12.78      6.8     None     4.90   100000      7.9     None     None     None     None     None     None     None
467410 20100527   1007.0   1010.0   1008.3   222200   1005.7   160000     29.9     33.6   121000     27.2   052900     22.3       65       46   123900      3.3    180.0     11.3    180.0   121900      0.0      0.0      0.0     None      0.0     None      7.2     53.9    20.38     16.0     None     9.40   120000      7.5     None     None     None     None     None     None     None
467410 20100528   1006.0   1009.1   1007.7   000100   1004.2   164100     27.3     29.8   112400     25.6   235900     24.1       83       73   042700      5.3    180.0     15.5    210.0   205300      5.5      7.5      0.5   054700      2.0   195100      0.0      0.0     9.27      8.0     None     6.30   120000      9.1     None     None     None     None     None     None     None
467410 20100529   1004.9   1008.0   1006.3   095100   1003.5   145600     27.2     30.8   141200     24.8   010200     23.5       81       67   123700      1.9    270.0     10.8    260.0   001600     20.0      4.5      4.5   003600     17.0   001000      1.1      8.2    12.83      8.4     None     7.70   130000      8.9     None     None     None     None     None     None     None
467410 20100530   1003.5   1006.6   1005.2   222500   1002.3   160200     26.0     28.3   122100     23.5   221600     23.7       87       80   123200      2.2    150.0      7.3    230.0   093500     16.5     11.0      2.0   035800      7.0   031400      0.0      0.0     5.26      6.4     None     3.90   130000     10.0     None     None     None     None     None     None     None
467410 20100531   1004.2   1007.3   1005.8   211800   1002.6   153600     26.2     30.4   144800     23.2   035500     20.4       71       54   161600      3.1     10.0      9.1    340.0   154200     -9.8      0.8     -9.8   004400     -9.8   004400      3.8     28.4    16.93      6.4     None     6.30   140000      6.6     None     None     None     None     None     None     None
467410 20100601   1005.7   1008.8   1007.3   214800   1004.3   032700     27.3     31.2   134100     24.7   000200     20.7       68       52   134100      2.2    320.0      7.8    310.0   144700      0.0      0.0      0.0     None      0.0     None      7.1     52.9    18.43      7.4     None     8.30   130000      5.6     None     None     None     None     None     None     None
467410 20100602   1006.1   1009.2   1007.7   210300   1004.8   142200     25.7     30.3   110200     22.5   202900     19.7       70       56   105500      3.5     10.0     10.3     10.0   170100      0.5      1.9      0.5   190500      0.5   190500      0.9      6.7    12.20      5.8     None     6.40   110000      9.6     None     None     None     None     None     None     None
467410 20100603   1006.0   1009.1   1007.2   000500   1004.8   163900     23.6     25.0   125600     22.3   011700     21.2       87       78   003100      3.2     10.0      7.9     20.0   193200      8.5     14.0      0.5   075000      2.0   154800      0.0      0.0     5.25      4.6     None     3.70   130000      9.9     None     None     None     None     None     None     None
467410 20100604   1004.8   1007.9   1006.0   101400   1003.8   164200     25.1     28.1   130500     23.4   044000     21.2       80       71   130500      4.8     10.0     12.9    350.0   183900      0.0      0.0      0.0     None      0.0     None      2.1     15.6    11.25      6.8     None     6.00   130000      7.6     None     None     None     None     None     None     None
467410 20100605   1004.4   1007.5   1005.5   071300   1003.3   144600     25.4     29.6   124300     22.5   024900     20.3       73       62   112600      4.2     10.0      9.9     20.0   160400      0.0      0.0      0.0     None      0.0     None      1.9     14.1    14.81      9.6     None     7.70   110000      6.6     None     None     None     None     None     None     None
467410 20100606   1005.2   1008.2   1007.0   222500   1003.8   014200     26.3     31.6   125400     22.7   040900     20.5       71       56   121400      3.7     10.0     10.4    320.0   132800      0.0      0.0      0.0     None      0.0     None     10.1     75.1    22.73      7.3     None     8.90   120000      3.8     None     None     None     None     None     None     None
467410 20100607   1007.3   1010.4   1008.8   210900   1006.0   035600     27.1     31.0   113000     23.7   060900     21.0       70       55   113000      1.8    250.0      7.8    260.0   134300      0.0      0.0      0.0     None      0.0     None     11.0     81.7    22.15      5.4     None     8.30   120000      2.3     None     None     None     None     None     None     None
467410 20100608   1007.5   1010.6   1009.2   073900   1006.2   160900     28.0     32.5   134400     25.8   043300     21.2       67       52   134400      1.7     10.0      7.8    300.0   142700      0.0      0.0      0.0     None      0.0     None      5.4     40.1    16.73      7.1     None     7.00   140000      5.8     None     None     None     None     None     None     None
467410 20100609   1006.8   1009.8   1008.5   221500   1005.0   161600     29.0     32.6   130100     26.2   054500     21.6       65       46   110700      2.6    200.0     10.3    220.0   133800      0.0      0.0      0.0     None      0.0     None      8.8     65.3    20.95      7.9     None     9.00   120000      6.4     None     None     None     None     None     None     None
467410 20100610   1006.4   1009.5   1007.5   082400   1004.8   155600     28.3     31.5   110200     26.4   231100     23.7       76       61   104300      3.1    210.0     10.5    240.0   143600      2.5      0.6      2.0   170600      2.0   170500      1.0      7.4    13.48     11.3     None     6.90   120000      9.1     None     None     None     None     None     None     None
467410 20100611   1006.6   1009.7   1007.7   215100   1005.5   031200     26.9     28.5   142800     25.5   040800     23.8       83       76   144000      2.1    250.0      9.0    240.0   040600      8.0      6.6      1.5   032200      3.5   031000      0.1      0.7     7.38      9.5     None     3.60   150000      9.0     None     None     None     None     None     None     None
467410 20100612   1006.2   1009.3   1007.2   094900   1005.5   130100     27.8     31.9   113900     26.5   022700     23.8       80       62   113700      2.1    170.0      7.8    240.0   141000      1.0      0.8      1.0   145800      1.0   145800      2.1     15.6    12.46      9.4     None     7.80   120000      8.0     None     None     None     None     None     None     None
467410 20100613   1006.6   1009.7   1008.0   104800   1005.0   034700     25.8     27.4   003200     24.5   132500     23.9       90       82   003200      2.4    140.0      9.9    130.0   134800     97.5     12.7      9.5   175200     31.0   103400      0.0      0.0     1.51      4.9     None     1.70   100000      8.6     None     None     None     None     None     None     None
467410 20100614   1006.8   1009.9   1007.8   103200   1005.8   152100     27.1     31.8   130900     24.8   054600     24.0       83       66   130900      3.0    140.0      7.5    220.0   125800     32.5      9.3      7.0   051300     10.0   142100      1.9     14.1    11.94      9.4     None     7.30   130000      7.6     None     None     None     None     None     None     None
467410 20100615   1006.7   1009.8   1007.8   222900   1005.3   042100     27.6     32.3   121900     25.4   155700     23.7       80       60   121900      2.8    140.0      9.8    320.0   145700     12.5      2.4      7.5   145300     10.5   144400      0.4      3.0     9.81     12.6     None     6.40   120000      8.1     None     None     None     None     None     None     None
467410 20100616   1006.9   1010.0   1007.8   212200   1005.5   031000     29.2     32.7   114400     26.1   045500     24.4       75       62   115200      3.2    200.0      9.4    200.0   125900      0.0      0.0      0.0     None      0.0     None      8.6     63.7    20.22     12.6     None     9.30   120000      5.1     None     None     None     None     None     None     None
467410 20100617   1007.3   1010.4   1008.5   102100   1006.3   041500     30.1     33.5   163700     27.1   050800     24.3       72       58   125500      3.2    190.0      9.8    200.0   112200      0.0      0.0      0.0     None      0.0     None     10.2     75.5    22.30     16.9     None    10.10   130000      4.1     None     None     None     None     None     None     None
467410 20100618   1007.4   1010.4   1008.8   085600   1006.3   015200     30.3     33.5   134700     28.0   051000     24.0       70       55   145100      2.5    200.0      6.8    190.0   090400      0.0      0.0      0.0     None      0.0     None      8.6     63.7    20.73     15.9     None     9.10   120000      5.9     None     None     None     None     None     None     None
467410 20100619   1007.3   1010.3   1008.8   090900   1006.3   235600     30.2     33.6   144800     27.6   045400     24.0       70       52   142700      2.2    250.0      6.8    270.0   113700      0.0      0.0      0.0     None      0.0     None     10.4     77.0    22.82     15.6     None    10.10   130000      4.6     None     None     None     None     None     None     None
467410 20100620   1006.3   1009.3   1007.8   081600   1005.0   020800     30.1     33.2   112200     27.3   051300     24.6       73       59   104600      2.5    200.0      7.8    240.0   115100      0.0      0.0      0.0     None      0.0     None      8.0     59.2    19.34     14.6     None     8.00   120000      5.5     None     None     None     None     None     None     None
467410 20100621   1006.4   1009.5   1008.3   210500   1005.2   150400     30.1     33.2   105000     28.0   035600     24.8       74       56   105500      2.9    190.0     10.3    210.0   125000      0.0      0.0      0.0     None      0.0     None      9.9     73.3    20.63     15.0     None     8.80   130000      4.8     None     None     None     None     None     None     None
467410 20100622   1007.4   1010.5   1009.0   215800   1005.8   151000     30.4     34.7   113800     27.8   052400     24.4       71       55   105300      3.5    190.0     11.9    230.0   135900      0.0      0.0      0.0     None      0.0     None     11.1     82.2    23.20     12.6     None     9.60   120000      3.9     None     None     None     None     None     None     None
467410 20100623   1006.4   1009.5   1008.8   000100   1004.8   153500     29.3     33.2   115800     27.3   130300     24.0       73       60   115800      2.2    150.0      8.8    280.0   124600      7.9      1.1      6.0   124700      7.5   124500      4.4     32.6    15.54     17.6     None     9.40   120000      6.3     None     None     None     None     None     None     None
467410 20100624   1003.5   1006.5   1005.7   000100   1001.8   183900     27.4     31.6   092300     25.4   153000     23.5       80       64   092300      3.0    130.0     10.0    260.0   095000     37.5      5.0      9.5   142500     23.5   142400      2.0     14.8     8.36     14.8     None     4.50   130000      7.5     None     None     None     None     None     None     None
467410 20100625   1002.5   1005.6   1004.5   221200   1000.8   040300     26.5     27.7   141100     25.5   125400     23.5       84       76   035900      3.7    130.0     10.5    180.0   093700     63.0      8.7     10.0   142900     14.0   134400      0.0      0.0     3.60     12.8     None     3.20   140000      8.0     None     None     None     None     None     None     None
467410 20100626   1005.3   1008.4   1007.5   221500   1002.8   015600     28.6     31.4   091500     26.4   093600     24.5       79       71   153800      3.4    180.0     12.2    220.0   092700     12.0      0.8      8.0   092600      8.5   092000      1.3      9.6    10.37     11.5     None     3.70   120000      7.5     None     None     None     None     None     None     None
467410 20100627   1006.3   1009.4   1007.5   000100   1004.5   155700     29.6     32.4   112300     26.7   023900     24.8       76       65   122300      3.7    220.0     12.3    220.0   154500     -9.8      0.7     -9.8   023600     -9.8   023600     10.2     75.6    23.18     20.6     None    10.00   130000      5.6     None     None     None     None     None     None     None
467410 20100628   1006.2   1009.3   1007.8   214000   1004.8   162200     30.1     33.3   104300     28.0   053600     24.7       73       58   104000      3.6    210.0     14.0    200.0   142200      0.0      0.0      0.0     None      0.0     None      8.3     61.5    19.10     16.5     None    10.20   120000      4.1     None     None     None     None     None     None     None
467410 20100629   1007.1   1010.1   1008.5   214800   1005.8   042300     30.1     33.0   120400     27.5   045300     24.4       72       58   150300      2.6    260.0      7.9    270.0   152700     -9.8      0.5     -9.8   220000     -9.8   220000     10.4     77.1    22.47     21.9     None    10.10   130000      4.4     None     None     None     None     None     None     None
467410 20100630   1006.5   1009.5   1007.8   000100   1004.8   180800     30.7     34.2   115300     28.3   043900     24.7       71       54   115200      1.9    270.0      8.1    260.0   124300      0.0      0.0      0.0     None      0.0     None      9.2     68.2    20.59     16.9     None    10.10   130000      4.4     None     None     None     None     None     None     None
467410 20100701   1005.6   1008.7   1007.0   073700   1004.5   155300     30.9     34.6   103900     28.9   033700     25.2       72       55   110700      2.1    260.0      8.7    270.0   134400      0.0      0.0      0.0     None      0.0     None      8.3     61.6    20.84     18.1     None     9.60   120000      5.6     None     None     None     None     None     None     None
467410 20100702   1005.2   1008.2   1006.3   090600   1004.0   155800     30.6     34.3   130600     29.0   031600     24.5       71       53   124000      2.3    270.0      7.9    280.0   155200      0.0      0.0      0.0     None      0.0     None      7.8     57.9    20.12     17.5     None    10.20   130000      4.3     None     None     None     None     None     None     None
467410 20100703   1006.3   1009.3   1007.8   101100   1005.2   162800     30.6     34.1   103700     28.4   030000     24.4       70       55   103200      2.5    250.0      7.9    260.0   164500      0.0      0.0      0.0     None      0.0     None     11.6     86.1    22.90     23.8     None     9.60   130000      3.1     None     None     None     None     None     None     None
467410 20100704   1006.5   1009.5   1008.0   093900   1005.5   154000     30.8     33.9   130300     29.0   022500     24.8       71       58   122000      2.6    260.0      8.8    220.0   172300     -9.8      0.5     -9.8   074200     -9.8   074200      9.6     71.3    21.73     20.0     None     9.70   130000      3.4     None     None     None     None     None     None     None
467410 20100705   1004.7   1007.7   1005.5   000100   1003.3   164400     30.3     32.8   134500     28.6   114600     25.3       75       68   134400      2.9    190.0      9.3    270.0   122700      6.4      0.8      5.5   113800      6.0   112000      4.9     36.4    15.56     15.3     None     7.60   130000      7.1     None     None     None     None     None     None     None
467410 20100706   1005.7   1008.7   1006.8   113700   1004.7   154800     30.9     34.4   143600     29.2   064900     24.3       68       50   143100      3.1    220.0      9.2    230.0   011200      0.0      0.0      0.0     None      0.0     None      8.7     64.7    20.46     14.9     None     9.60   130000      4.5     None     None     None     None     None     None     None
467410 20100707   1007.0   1010.0   1008.2   110200   1005.3   020400     30.5     33.9   133500     28.1   045300     24.4       70       57   132100      3.0    200.0      7.2    180.0   012800      0.0      0.0      0.0     None      0.0     None      9.2     68.4    20.49     17.8     None     9.70   130000      5.8     None     None     None     None     None     None     None
467410 20100708   1006.9   1009.9   1008.0   090300   1005.5   155100     30.4     33.7   125200     28.2   035600     24.4       70       59   125000      3.0    250.0      9.7    260.0   140500      0.0      0.0      0.0     None      0.0     None      8.6     64.0    20.96     16.5     None    10.00   130000      4.9     None     None     None     None     None     None     None
467410 20100709   1007.0   1010.0   1007.9   215800   1005.8   155800     30.2     32.8   121300     28.0   041100     24.2       70       60   112500      2.6    240.0      8.5    270.0   122000      0.0      0.0      0.0     None      0.0     None      5.7     42.4    18.30     23.1     None     8.50   120000      6.3     None     None     None     None     None     None     None
467410 20100710   1007.8   1010.8   1008.8   215600   1006.8   050200     30.6     34.0   102900     28.6   035000     24.2       69       52   104100      2.1    250.0      8.2    250.0   130600      0.0      0.0      0.0     None      0.0     None      9.9     73.8    23.17     20.0     None     9.30   130000      4.4     None     None     None     None     None     None     None
467410 20100711   1007.6   1010.7   1009.0   083900   1006.0   162500     30.8     33.7   134800     27.7   045400     23.6       66       55   104500      2.6    130.0      9.0    250.0   123900      0.0      0.0      0.0     None      0.0     None     11.2     83.5    22.24     15.9     None     9.50   120000      3.5     None     None     None     None     None     None     None
467410 20100712   1007.1   1010.1   1008.3   222800   1005.3   144000     30.7     33.7   125000     29.0   043300     24.4       69       60   105900      3.5    190.0     10.8    230.0   124300      0.0      0.0      0.0     None      0.0     None      7.1     53.0    18.42     18.3     None     9.60   120000      3.9     None     None     None     None     None     None     None
467410 20100713   1007.0   1010.0   1008.7   214600   1005.0   154500     30.1     34.1   113900     26.7   195500     23.7       69       56   120400      2.8    220.0     10.8    210.0   162200     -9.8      1.1     -9.8   200700     -9.8   192500      7.4     55.2    17.23     15.3     None     7.80   120000      5.8     None     None     None     None     None     None     None
467410 20100714   1006.9   1010.0   1008.3   181800   1005.6   150700     29.7     36.3   131500     25.3   182800     22.8       67       47   131500      2.5    100.0     11.2    310.0   133500     46.0      1.4     19.5   173000     45.0   170200      8.2     61.3    19.27     14.9     None     8.50   120000      6.0     None     None     None     None     None     None     None
467410 20100715   1007.0   1010.1   1009.0   224800   1005.1   164300     29.0     35.0   124400     24.0   183700     22.5       69       51   124200      2.3    100.0     18.8    110.0   180800     29.0      3.3     12.5   182500     27.0   180200    -99.5   -999.5    19.18     16.8     None     8.00   130000      6.6     None     None     None     None     None     None     None
467410 20100716   1007.4   1010.5   1009.5   213000   1005.4   160200     29.3     35.3   130300     25.7   031100     23.1       70       47   130500      2.0    310.0     10.0    330.0   153400      8.0      3.3      2.0   173600      7.0   170200    -99.5   -999.5    19.54     13.9     None     8.50   120000      4.9     None     None     None     None     None     None     None
467410 20100717   1008.8   1011.9   1010.7   220000   1007.2   141500     28.6     34.3   135600     25.1   174400     23.2       73       60   102300      2.0     50.0     11.1    170.0   155100     29.0      2.6      8.5   154700     23.0   154400    -99.5   -999.5    15.55      9.6     None     7.40   120000      6.9     None     None     None     None     None     None     None
467410 20100718   1008.2   1011.3   1009.8   000100   1006.2   165300     30.1     34.5   145100     26.3   032600     23.1       67       50   114600      3.1     30.0     10.1     20.0   085600      0.0      0.0      0.0     None      0.0     None    -99.5   -999.5    23.08     12.6     None     8.80   120000      3.8     None     None     None     None     None     None     None
467410 20100719   1006.9   1010.0   1008.0   000100   1005.8   153200     30.0     34.3   120400     27.1   050500     23.3       68       50   120400      2.2    140.0      9.2    270.0   152800      0.0      0.0      0.0     None      0.0     None      4.3   -999.5    18.92     13.4     None     9.10   120000      3.0     None     None     None     None     None     None     None
467410 20100720   1007.1   1010.1   1008.3   230000   1005.8   161100     30.4     33.8   112300     27.2   041500     23.4       67       54   101500      2.4    200.0     10.2    200.0   155400      0.0      0.0      0.0     None      0.0     None      9.5     71.3    19.62     16.8     None     7.70   110000      4.8     None     None     None     None     None     None     None
467410 20100721   1007.5   1010.5   1008.8   145200   1005.8   135800     28.2     34.2   104100     24.3   154200     22.9       74       54   103500      2.2     20.0     13.0    190.0   141500     82.5      6.6     22.5   143000     66.0   141100      3.4     25.6    10.02     12.3     None     5.70   100000      7.0     None     None     None     None     None     None     None
467410 20100722   1007.3   1010.3   1008.8   214900   1005.3   160000     28.8     32.9   121900     25.8   023200     22.9       71       58   121500      2.1    320.0      8.6    300.0   151000     -9.8      1.4     -9.8   184400     -9.8   184400      4.7     35.4    17.28     13.8     None     7.20   120000      7.3     None     None     None     None     None     None     None
467410 20100723   1006.3   1009.3   1008.0   000100   1004.8   151300     29.2     33.2   113800     26.7   030000     23.3       71       61   113600      1.9    320.0      8.4    330.0   120900      0.0      0.0      0.0     None      0.0     None      4.2     31.6    15.32      9.8     None     7.10   120000      7.8     None     None     None     None     None     None     None
467410 20100724   1005.5   1008.6   1007.0   213500   1003.8   151300     28.6     32.7   120600     25.2   175800     23.5       75       60   114800      1.9    120.0     12.4    160.0   173600     14.5      2.3      4.5   174000     10.5   172000      1.6     12.1    12.99     11.9     None     5.40   110000      7.4     None     None     None     None     None     None     None
467410 20100725   1005.2   1008.3   1006.8   214400   1003.8   151300     29.6     34.0   113100     26.5   035500     23.0       68       52   112500      1.9     20.0      7.0    330.0   145000      0.0      0.0      0.0     None      0.0     None      4.9     37.0    18.52     15.0     None     7.70   130000      7.3     None     None     None     None     None     None     None
467410 20100726   1005.8   1008.8   1008.2   212100   1004.0   042800     27.4     32.2   093100     24.8   193800     23.1       78       58   092200      4.1     20.0     11.9    220.0   135300     86.5     12.0     11.5   211300     29.0   205900      0.8      6.0     5.37     10.8     None     4.10   100000      8.1     None     None     None     None     None     None     None
467410 20100727   1007.7   1010.8   1009.2   215900   1006.0   014100     25.4     27.0   114000     24.2   071300     23.2       88       76   114800      4.2    150.0     15.5    200.0   020600    121.0     16.0     16.5   065400     36.0   064800      0.0      0.0     2.81      7.6     None     4.20   110000      9.4     None     None     None     None     None     None     None
467410 20100728   1007.5   1010.6   1009.3   084300   1006.3   174000     25.6     27.4   152300     24.5   071600     23.1       86       78   162400      2.7    140.0      9.6    120.0   023600     31.0     12.2     11.0   070200     17.5   065900      0.1      0.8     4.75      6.6     None     3.30   120000      8.8     None     None     None     None     None     None     None
467410 20100729   1005.7   1008.8   1007.0   102900   1004.0   160700     26.5     30.1   084800     24.9   121200     23.1       82       69   084800      2.5    140.0      8.4    220.0   104500     26.5      3.8      9.0   200900     11.5   095700      1.2      9.1     7.70     13.5     None     4.00   140000      8.4     None     None     None     None     None     None     None
467410 20100730   1006.0   1009.1   1007.5   132900   1003.7   035600     26.5     31.2   095800     25.3   160400     23.2       82       70   104700      2.7    130.0      8.3    290.0   105500     21.0      5.3      4.5   131700     12.5   123800      1.0      7.6     4.91     13.0     None     5.10   100000      7.0     None     None     None     None     None     None     None
467410 20100731   1007.3   1010.4   1009.3   222300   1006.2   160100     29.2     33.0   132100     25.7   013700     23.9       74       62   132100      2.4    200.0      8.4    230.0   135600      0.0      0.0      0.0     None      0.0     None      7.9     60.1    18.32     18.4     None     8.90   130000      5.4     None     None     None     None     None     None     None
467410 20100801   1008.8   1011.9   1010.3   211600   1007.3   155600     29.7     33.6   100800     27.1   052000     23.9       71       55   094900      2.1    100.0      9.9    260.0   141300      0.5      2.1      0.5   191600      0.5   182600      9.9     75.4    21.58     19.5     None     9.20   120000      3.1     None     None     None     None     None     None     None
467410 20100802   1008.0   1011.0   1009.8   000100   1005.7   161400     29.8     33.5   113100     27.1   051000     23.6       70       57   105600      2.0    270.0      8.4    270.0   131300      0.5      2.0      0.5   192700      0.5   184000      9.2     70.1    20.08     21.9     None     9.40   130000      3.4     None     None     None     None     None     None     None
467410 20100803   1004.2   1007.3   1006.8   000100   1002.7   151900     29.6     33.7   103900     27.1   045600     23.5       70       56   105200      1.9     30.0     10.4    290.0   152700      0.0      0.0      0.0     None      0.0     None      9.4     71.7    20.55     19.4     None     9.50   130000      2.4     None     None     None     None     None     None     None
467410 20100804   1001.7   1004.7   1003.2   000100    999.5   165200     30.3     33.9   134900     26.7   034000     23.6       68       59   131400      1.6    230.0      6.6    270.0   105400      0.0      0.0      0.0     None      0.0     None     11.2     85.6    20.96     13.3     None     8.30   130000      3.6     None     None     None     None     None     None     None
467410 20100805   1002.4   1005.4   1004.3   215800   1000.7   014200     29.6     34.6   114200     24.9   171000     23.2       69       52   114100      2.0    110.0     13.7     70.0   163900      7.5      2.3      2.0   163900      5.5   163800      8.2     62.7    18.41     12.4     None     8.10   130000      3.9     None     None     None     None     None     None     None
467410 20100806   1002.7   1005.7   1004.3   084100   1001.5   143400     30.1     35.4   115300     26.8   003700     23.3       67       53   114500      1.7    310.0      7.8    280.0   144500      0.0      0.0      0.0     None      0.0     None      7.7     59.0    18.32     11.1     None     8.70   120000      4.9     None     None     None     None     None     None     None
467410 20100807   1000.7   1003.7   1002.8   001000    998.2   160700     30.7     34.2   145700     27.9   035300     24.2       69       54   150900      1.7    240.0      7.0    280.0   184900      0.0      0.0      0.0     None      0.0     None      5.4     41.4    16.65     10.1     None     8.30   140000      3.6     None     None     None     None     None     None     None
467410 20100808    999.2   1002.2   1000.5   000100    997.3   162000     29.9     33.6   103900     27.5   205600     24.9       75       63   095000      2.6    160.0      7.6    200.0   125100      4.5      2.8      3.5   172900      4.0   165000      4.5     34.6    13.40     10.8     None     6.50   130000      6.3     None     None     None     None     None     None     None
467410 20100809   1000.3   1003.3   1004.3   221900    998.0   040100     29.8     34.3   110400     27.1   045100     24.6       74       59   110100      2.9    320.0      9.5    320.0   151600      0.0      0.0      0.0     None      0.0     None      6.5     50.0    17.22     12.1     None     7.60   130000      6.4     None     None     None     None     None     None     None
467410 20100810   1005.1   1008.2   1007.8   221600   1003.0   023200     30.0     33.6   120000     27.6   234200     24.5       73       58   121300      3.8    190.0     11.0    210.0   094300      3.5      0.5      3.5   193100      3.5   192500     10.6     81.7    21.47     12.6     None     9.60   130000      5.1     None     None     None     None     None     None     None
467410 20100811   1007.7   1010.7   1009.5   223700   1005.5   025800     29.4     32.6   144800     27.4   083300     24.8       76       65   154000      2.5    170.0      9.6    200.0   082500      7.5      1.5      5.0   082600      7.0   080900      1.3     10.0    11.00     16.1     None     6.10   150000      6.3     None     None     None     None     None     None     None
467410 20100812   1007.9   1011.0   1009.3   000100   1006.3   144400     29.6     33.6   120600     27.4   185700     24.1       73       57   120500      2.4    110.0      9.5    230.0   151400      0.5      1.0      0.5   003300      0.5   002000      5.5     42.5    16.51     19.0     None    10.10   130000      6.3     None     None     None     None     None     None     None
467410 20100813   1007.0   1010.1   1008.2   090400   1005.5   163000     30.2     34.0   134200     27.1   053200     24.0       70       58   133300      2.9    270.0      8.6    200.0   104500      0.0      0.0      0.0     None      0.0     None      9.4     72.7    19.75     18.1     None     9.20   130000      4.5     None     None     None     None     None     None     None
467410 20100814   1007.6   1010.7   1009.5   234100   1006.3   030700     30.5     34.3   112400     27.6   185500     23.9       68       54   103300      3.0    210.0     10.1    210.0   130800      0.0      0.0      0.0     None      0.0     None      8.9     69.0    18.72     20.6     None     9.10   130000      4.0     None     None     None     None     None     None     None
467410 20100815   1009.0   1012.0   1010.0   220100   1007.3   151400     29.2     33.8   120400     25.3   182800     23.3       71       56   105400      3.2    130.0     11.8    320.0   163200     63.0      1.9     27.0   163100     61.5   162200      7.8     60.6    17.67     20.1     None     9.10   130000      5.1     None     None     None     None     None     None     None
467410 20100816   1008.8   1011.8   1010.0   214300   1007.2   145200     29.3     33.4   102600     26.8   023100     23.0       69       57   102600      3.2    130.0      8.9    260.0   132000      0.0      0.0      0.0     None      0.0     None    -99.5   -999.5    16.88     15.8     None     9.50   130000      4.6     None     None     None     None     None     None     None
467410 20100817   1008.3   1011.4   1010.3   224900   1006.5   164200     29.4     34.1   135400     25.5   183600     23.2       70       52   101200      2.2    100.0     13.6     80.0   180900     15.0      3.0      6.0   181000     12.5   180500      5.9   -999.5    21.10     19.8     None     9.70   120000      5.5     None     None     None     None     None     None     None
467410 20100818   1009.5   1012.6   1011.3   221300   1008.2   171900     30.1     35.1   111900     26.7   024500     22.7       65       53   134800      1.9     90.0      8.6    340.0   131200      0.0      0.0      0.0     None      0.0     None      5.9     46.0    16.19     14.4     None     7.60   120000      6.5     None     None     None     None     None     None     None
467410 20100819   1010.4   1013.5   1011.8   084200   1008.5   155700     30.3     33.8   115200     27.3   051000     23.3       67       51   115200      1.7     30.0      7.9    290.0   143900      1.0      1.0      1.0   150700      1.0   150700      4.6     35.9    16.26     13.0     None     6.40   110000      5.6     None     None     None     None     None     None     None
467410 20100820   1008.8   1011.9   1011.0   000100   1006.5   153400     30.0     33.7   142600     27.7   041200     24.1       71       59   142500      1.5    320.0      6.2    350.0   165700      5.5      1.6      2.0   183800      5.5   183000      6.2     48.5    16.06      9.9     None     6.80   120000      5.4     None     None     None     None     None     None     None
467410 20100821   1006.2   1009.2   1007.8   000100   1004.3   162000     30.2     33.8   143200     27.7   051000     23.9       69       55   103500      2.0    140.0      8.1    230.0   132800      0.0      0.0      0.0     None      0.0     None      9.4     73.7    20.74     13.6     None     8.20   120000      2.5     None     None     None     None     None     None     None
467410 20100822   1005.8   1008.9   1007.3   225000   1004.0   131900     30.0     32.7   103600     27.9   055900     24.3       72       61   105200      1.9    190.0      8.0    190.0   142100      0.0      0.0      0.0     None      0.0     None      3.3     25.9     9.95      9.8     None     3.90   110000      6.1     None     None     None     None     None     None     None
467410 20100823   1006.9   1010.0   1009.0   233000   1005.3   153700     28.7     32.2   141100     25.5   055700     24.0       76       65   141800      2.3    250.0      9.9    220.0   054900      7.0      3.8      1.0   054000      3.0   065300      3.9     30.7    10.46     11.0     None     5.20   140000      6.5     None     None     None     None     None     None     None
467410 20100824   1007.9   1010.9   1009.8   224200   1005.8   154100     28.8     33.2   114300     25.3   034100     23.8       75       56   114100      2.6    300.0     10.2    310.0   145300     30.5      5.0     11.5   030500     23.0   024300      4.5     35.4    16.17     11.1     None     7.10   130000      8.1     None     None     None     None     None     None     None
467410 20100825   1007.6   1010.7   1009.3   000100   1006.0   140600     28.6     33.3   111700     25.1   181800     22.6       70       55   111300      2.4     70.0      8.5    280.0   151500      2.0      1.5      1.0   164600      2.0   161700      8.0     63.1    18.51     16.6     None     8.90   130000      5.9     None     None     None     None     None     None     None
467410 20100826   1006.4   1009.4   1008.0   001200   1004.2   154400     29.6     33.6   111300     25.8   004500     22.0       64       55   124600      2.5    100.0      9.0    300.0   135900      0.0      0.0      0.0     None      0.0     None      9.4     74.3    20.04     14.0     None     8.30   130000      5.3     None     None     None     None     None     None     None
467410 20100827   1004.5   1007.5   1006.7   000100   1002.0   165300     30.0     33.2   115900     27.6   205100     23.0       67       57   094800      2.5     30.0      8.5    300.0   153100      0.0      0.0      0.0     None      0.0     None     10.0     79.2    20.38     12.6     None     7.60   130000      4.0     None     None     None     None     None     None     None
467410 20100828   1004.8   1007.8   1006.6   214400   1003.5   075400     28.9     33.2   103200     26.7   115200     23.4       73       58   103100      1.6    140.0      7.7     70.0   162800     38.5      1.1     16.5   113800     38.5   111700      2.7     21.4    12.50      8.9     None     5.60   110000      7.4     None     None     None     None     None     None     None
467410 20100829   1005.0   1008.1   1006.0   002100   1003.5   154900     27.9     32.7   101600     26.0   142700     23.6       78       60   101500      2.1    130.0      9.3    230.0   113700     17.5      3.9      5.0   114400      8.5   114400      2.3     18.3     9.35     10.6     None     6.10   110000      7.4     None     None     None     None     None     None     None
467410 20100830   1002.0   1005.0   1004.3   000800   1000.5   151500     29.1     33.4   115500     25.9   022900     22.8       70       54   154600      1.9     50.0      8.3    240.0   130000      0.0      0.0      0.0     None      0.0     None      7.5     59.7    19.84     13.1     None     8.70   130000      5.6     None     None     None     None     None     None     None
467410 20100831    999.1   1002.1   1000.5   000100    997.8   143500     28.6     31.7   150700     26.7   040700     23.0       73       57   145800      2.5    170.0     10.2    190.0   100500      5.5      1.2      3.5   111800      4.5   102800      3.5     27.9    11.92     10.5     None     5.70   140000      6.3     None     None     None     None     None     None     None
467410 20100901    998.6   1001.7   1001.8   232300    996.7   035300     26.5     28.3   024600     25.4   081500     23.2       83       68   024600      5.0    150.0     16.9    170.0   115900     86.5     13.2     12.0   125100     30.5   124400      0.0      0.0     0.00      7.1     None     0.20   120000      8.5     None     None     None     None     None     None     None
467410 20100902   1003.8   1006.8   1005.7   215300   1001.3   015000     27.4     30.4   105400     25.3   032300     23.1       78       68   110500      5.5    170.0     17.9    180.0   110000      4.0      5.8      1.5   030100      2.0   030100      1.0      8.0    12.16      7.8     None     7.60   130000      8.6     None     None     None     None     None     None     None
467410 20100903   1004.6   1007.7   1006.0   084500   1003.0   145600     29.5     33.7   125500     26.3   033100     23.1       69       52   113200      3.3     20.0      9.2    320.0   155900      0.0      0.0      0.0     None      0.0     None      8.9     71.3    19.36     12.4     None     8.50   130000      4.9     None     None     None     None     None     None     None
467410 20100904   1005.1   1008.2   1007.2   202700   1003.0   145000     28.2     31.7   114100     25.1   202900     23.1       74       62   105700      2.1    100.0      8.9    140.0   191300      9.5      4.0      2.0   175300      4.0   190500      3.6     28.9    12.82     10.1     None     5.90   120000      7.3     None     None     None     None     None     None     None
467410 20100905   1005.1   1008.2   1007.0   214300   1003.5   135900     27.6     32.7   111500     25.4   004200     22.9       76       56   111400      2.1    260.0      7.3    130.0   052500      2.5      0.6      2.5   174600      2.5   174600      4.0     32.2    11.73     13.9     None     7.50   110000      6.8     None     None     None     None     None     None     None
467410 20100906   1005.5   1008.6   1006.8   084400   1004.2   142000     28.4     34.0   133700     26.0   021200     23.7       76       53   135300      2.2    160.0      7.6    210.0   152300      2.0      1.0      1.5   155600      2.0   152000      4.2     33.8    15.26     10.1     None     6.80   140000      6.9     None     None     None     None     None     None     None
467410 20100907   1003.3   1006.3   1005.7   000100   1001.3   155600     28.9     31.8   101400     26.5   021500     24.0       76       63   094100      2.7    330.0      8.8    330.0   161400      1.5      1.2      0.5   171200      1.5   170100      2.2     17.8    10.31      6.3     None     4.30   140000      7.5     None     None     None     None     None     None     None
467410 20100908   1002.0   1005.0   1005.2   225200   1000.0   031200     29.0     32.5   105900     26.0   235600     23.7       73       62   175800      3.0    140.0     12.0    200.0   130400      0.0      0.0      0.0     None      0.0     None      3.9     31.5    13.02     13.5     None     5.50   130000      6.6     None     None     None     None     None     None     None
467410 20100909   1003.0   1006.1   1005.0   000100   1000.2   174300     25.7     27.4   090300     24.4   161100     22.7       84       72   085900      4.9    150.0     22.1    180.0   202300     89.5     13.4      8.0   162500     31.5   153500      0.0      0.0     1.51     10.1     None     1.30   100000      9.3     None     None     None     None     None     None     None
467410 20100910   1005.7   1008.8   1008.3   221900   1003.5   011300     27.9     31.9   121500     25.4   042600     23.8       79       62   122800      6.2    170.0     17.0    210.0   014900     12.5      6.6      3.0   040000      6.0   033800      4.5     36.5    16.16     10.1     None     8.90   130000      7.6     None     None     None     None     None     None     None
467410 20100911   1008.4   1011.5   1011.3   212800   1006.8   021500     29.2     33.1   123500     26.8   001300     23.6       72       56   104100      5.1    190.0     14.5    180.0   122800      0.0      0.0      0.0     None      0.0     None     10.8     87.8    21.21     17.8     None     9.30   120000      3.1     None     None     None     None     None     None     None
467410 20100912   1009.5   1012.5   1010.5   000100   1007.8   154900     28.5     32.6   123200     26.2   183600     23.5       75       62   122800      2.4    260.0     10.3    270.0   180000      4.0      0.9      2.5   181500      4.0   174200      6.3     51.3    15.89     19.0     None     7.70   120000      4.8     None     None     None     None     None     None     None
467410 20100913   1008.8   1011.9   1010.0   081700   1007.0   175200     29.3     33.8   115900     25.6   052600     22.4       67       51   112400      2.6     10.0     10.3    290.0   144500      0.0      0.0      0.0     None      0.0     None     10.5     85.7    19.67     17.1     None     8.90   120000      1.8     None     None     None     None     None     None     None
467410 20100914   1009.4   1012.5   1010.3   090800   1008.3   150600     28.6     30.7   164200     26.6   052800     23.4       74       65   154100      1.5    330.0      6.9    160.0   051600      0.0      0.0      0.0     None      0.0     None      0.7      5.7     8.03      6.7     None     4.00   130000      5.4     None     None     None     None     None     None     None
467410 20100915   1008.5   1011.6   1010.2   075000   1006.5   152200     29.6     34.0   113800     26.3   055100     22.8       68       48   134800      2.8     10.0      9.9    330.0   124000      0.0      0.0      0.0     None      0.0     None     10.2     83.6    20.42      9.7     None     8.20   130000      0.6     None     None     None     None     None     None     None
467410 20100916   1006.9   1010.0   1008.5   000100   1004.5   161000     29.6     33.1   112800     27.1   053700     23.5       71       57   104700      2.8    350.0      9.8    330.0   133700      0.0      0.0      0.0     None      0.0     None      8.4     68.9    16.98      8.5     None     6.40   110000      2.3     None     None     None     None     None     None     None
467410 20100917   1005.3   1008.4   1007.3   085300   1002.5   152300     28.8     33.1   135600     25.4   065400     23.6       74       62   135600      2.1    170.0     10.0    350.0   145300     15.0      2.3      7.5   063700     11.5   055200      4.6     37.8    13.38      7.9     None     6.50   120000      6.9     None     None     None     None     None     None     None
467410 20100918   1002.7   1005.8   1005.5   000100   1000.0   235700     28.8     32.5   132500     26.0   061000     22.5       69       54   103500      5.2    360.0     17.5    350.0   171200      0.0      0.0      0.0     None      0.0     None      5.9     48.6    15.53      8.1     None     6.50   130000      3.9     None     None     None     None     None     None     None
467410 20100919    990.7    993.7   1000.0   000100    982.5   183900     26.5     28.5   001300     23.3   233800     23.9       86       71   000100      9.8    310.0     32.8    190.0   215800    160.0     17.0      9.5   122900     27.0   115200      0.0      0.0     0.61      4.5     None     1.10   150000      9.1     None     None     None     None     None     None     None
467410 20100920   1003.8   1006.9   1009.8   215700    994.1   000600     25.1     27.5   170100     23.5   001400     21.9       83       73   162100      7.0    160.0     26.2    160.0   001500     72.0     14.7      5.5   031300     14.5   001400      0.0      0.0     3.19      7.4     None     1.80   150000      8.4     None     None     None     None     None     None     None
467410 20100921   1009.3   1012.4   1011.8   210500   1007.3   031200     28.5     33.5   143600     24.6   060800     21.7       67       51   105500      3.0     30.0     11.1    170.0   154700      0.0      0.0      0.0     None      0.0     None     10.6     87.8    20.44     12.6     None     7.40   120000      4.0     None     None     None     None     None     None     None
467410 20100922   1009.5   1012.5   1011.0   081700   1007.3   145500     29.2     34.2   135800     25.0   051600     22.1       66       49   143900      2.1     20.0      7.9     10.0   143200      0.0      0.0      0.0     None      0.0     None      9.5     78.9    19.17     11.0     None     7.10   120000      3.6     None     None     None     None     None     None     None
467410 20100923   1008.7   1011.8   1009.8   000100   1007.0   150700     28.7     31.9   130300     26.6   052800     23.0       72       64   130200      1.6     30.0      7.1    290.0   132200      0.0      0.0      0.0     None      0.0     None      5.4     44.9    12.14      9.4     None     5.10   130000      4.1     None     None     None     None     None     None     None
467410 20100924   1008.3   1011.4   1009.5   082400   1006.5   141700     28.5     31.7   125900     26.0   054700     22.6       71       56   113800      2.4    130.0      8.0    200.0   113500      0.0      0.0      0.0     None      0.0     None      7.4     61.7    16.47      8.0     None     7.90   120000      4.5     None     None     None     None     None     None     None
467410 20100925   1009.5   1012.6   1011.0   215400   1008.3   023300     28.1     31.3   145900     25.0   051500     22.4       72       60   100100      2.0     30.0      7.6    320.0   150800      0.0      0.0      0.0     None      0.0     None      3.5     29.2    12.37      5.6     None     3.40   100000      7.6     None     None     None     None     None     None     None
467410 20100926   1010.6   1013.7   1012.0   084700   1009.5   143300     29.0     32.7   120400     27.0   004900     22.8       70       55   131200      1.9    300.0      8.3    280.0   143700      0.0      0.0      0.0     None      0.0     None      6.0     50.2    16.12      6.6     None     6.10   130000      4.3     None     None     None     None     None     None     None
467410 20100927   1010.3   1013.3   1011.7   091000   1007.0   154500     29.2     32.9   123500     26.7   034000     22.8       69       55   123300      1.8    310.0      8.1    300.0   134200      0.0      0.0      0.0     None      0.0     None      8.2     68.7    16.68      8.8     None     6.90   130000      3.8     None     None     None     None     None     None     None
467410 20100928   1010.0   1013.1   1011.7   085200   1008.2   151700     29.2     32.3   101400     27.0   054900     23.1       70       58   102000      1.5    310.0      7.9    320.0   132600      0.0      0.0      0.0     None      0.0     None      6.7     56.2    15.07      7.3     None     4.90   130000      4.3     None     None     None     None     None     None     None
467410 20100929   1010.0   1013.1   1011.0   000100   1008.2   144500     29.2     32.5   123600     27.3   043600     23.2       71       57   121600      1.7    130.0      8.2    240.0   132800      2.0      0.8      1.0   191300      2.0   191000      7.7     64.8    17.04      8.1     None     6.90   120000      5.3     None     None     None     None     None     None     None
467410 20100930   1009.4   1012.5   1011.0   081900   1007.0   151200     29.2     33.0   133000     26.6   051300     23.6       72       60   110000      1.6    330.0      8.0    330.0   171700      0.0      0.0      0.0     None      0.0     None      5.7     48.0    14.62      7.1     None     4.50   110000      3.3     None     None     None     None     None     None     None
467410 20101001   1008.6   1011.6   1010.1   082000   1006.3   152000     28.9     33.2   133700     26.2   051200     24.1       76       60   120800      2.1    340.0      9.4    300.0   145100      0.0      0.0      0.0     None      0.0     None      5.6     47.3    18.10      5.1     None     5.20   120000      4.1     None     None     None     None     None     None     None
467410 20101002   1008.8   1011.9   1010.0   211200   1007.6   144600     29.1     32.9   111400     26.5   042200     23.4       72       55   111300      1.7    310.0      7.8    320.0   160700      0.0      0.0      0.0     None      0.0     None      8.4     71.1    19.51      8.9     None     6.90   130000      3.9     None     None     None     None     None     None     None
467410 20101003   1009.3   1012.4   1010.7   085900   1007.5   151400     29.1     32.5   102800     26.2   053600     23.0       70       58   112200      1.9    100.0      7.6    330.0   170000      0.0      0.0      0.0     None      0.0     None      8.5     72.0    20.94      9.4     None     7.20   130000      2.4     None     None     None     None     None     None     None
467410 20101004   1009.6   1012.7   1011.1   221400   1007.7   142100     27.3     32.3   125300     24.2   061100     20.6       67       54   141400      2.9     10.0      8.2     20.0   172900      0.0      0.0      0.0     None      0.0     None      6.8     57.7    18.68      5.0     None     5.80   130000      4.6     None     None     None     None     None     None     None
467410 20101005   1009.9   1013.0   1011.1   093500   1008.3   144000     26.3     30.5   123200     22.8   043400     19.5       67       57   144500      2.6     10.0      6.4    350.0   130600      0.0      0.0      0.0     None      0.0     None      1.6     13.6    14.34      4.3     None     4.60   110000      8.0     None     None     None     None     None     None     None
467410 20101006   1010.2   1013.3   1011.5   203100   1008.8   140600     26.7     31.4   114000     24.3   041700     21.3       73       55   115400      1.4    310.0      7.2    200.0   165800      2.5      2.1      1.0   192100      2.5   182500      1.0      8.5    12.99      5.3     None     4.60   120000      7.1     None     None     None     None     None     None     None
467410 20101007   1009.5   1012.6   1010.8   000100   1007.6   144000     27.3     32.1   113600     24.3   034400     22.0       73       50   113400      2.4     20.0      8.9    360.0   164300      0.0      0.0      0.0     None      0.0     None      6.3     53.8    17.77      4.8     None     5.70   110000      7.9     None     None     None     None     None     None     None
467410 20101008   1007.3   1010.4   1009.3   000100   1005.5   143800     27.2     30.1   123200     25.2   042100     22.6       76       63   131300      2.1    360.0      9.2     20.0   144200      0.0      0.0      0.0     None      0.0     None      0.5      4.3     9.34      3.5     None     3.40   110000      8.6     None     None     None     None     None     None     None
467410 20101009   1005.9   1009.0   1007.5   085400   1003.9   152100     27.2     31.4   113900     24.2   070400     22.0       74       60   113800      2.0     20.0      8.3    320.0   133000      0.0      0.0      0.0     None      0.0     None      5.7     48.9    17.14      4.3     None     5.50   120000      7.5     None     None     None     None     None     None     None
467410 20101010   1007.2   1010.3   1009.1   231300   1005.7   034600     28.4     32.5   103600     24.7   060000     22.1       69       56   103300      1.6     20.0      7.4    320.0   133200      0.0      0.0      0.0     None      0.0     None      8.7     74.7    20.74      8.4     None     7.20   130000      3.4     None     None     None     None     None     None     None
467410 20101011   1009.5   1012.6   1011.2   232100   1007.3   031000     28.6     32.1   115700     25.8   054000     23.1       73       58   141600      2.2     10.0      8.7    340.0   125400      0.0      0.0      0.0     None      0.0     None      9.9     85.2    20.25      7.6     None     7.20   120000      3.0     None     None     None     None     None     None     None
467410 20101012   1010.0   1013.1   1011.5   093000   1008.3   151000     28.9     33.1   113900     26.0   061100     23.7       74       55   111700      2.2    350.0      9.4    300.0   140300      0.0      0.0      0.0     None      0.0     None      8.2     70.7    18.08      9.4     None     5.10   120000      3.0     None     None     None     None     None     None     None
467410 20101013   1008.8   1011.9   1010.5   075200   1006.6   152500     28.9     32.9   113300     26.3   040300     23.9       75       59   110100      1.8    340.0      8.4    290.0   131400      0.0      0.0      0.0     None      0.0     None      8.4     72.6    18.21      4.1     None     5.70   130000      2.6     None     None     None     None     None     None     None
467410 20101014   1008.0   1011.1   1009.5   083900   1006.3   141200     29.2     33.7   113900     26.3   235500     23.2       71       52   115100      2.8     20.0      9.6    360.0   150500      0.0      0.0      0.0     None      0.0     None      9.0     77.9    20.03      5.1     None     6.70   130000      3.3     None     None     None     None     None     None     None
467410 20101015   1009.2   1012.3   1011.0   215300   1007.6   143600     27.5     32.6   121800     23.7   235600     22.0       72       60   121400      3.4     10.0     11.0     10.0   151100      0.0      0.0      0.0     None      0.0     None      6.4     55.5    17.39      5.4     None     5.30   130000      6.0     None     None     None     None     None     None     None
467410 20101016   1009.5   1012.6   1011.2   085900   1007.0   141800     27.1     32.7   130100     22.9   040500     21.2       71       55   125000      2.1     20.0      7.6    330.0   122400      0.0      0.0      0.0     None      0.0     None      7.9     68.6    18.73      6.9     None     5.80   130000      4.3     None     None     None     None     None     None     None
467410 20101017   1008.5   1011.6   1010.7   082300   1006.0   151900     28.7     33.0   151900     25.9   053300     22.2       69       52   112000      2.1    360.0      8.9    320.0   153700      0.0      0.0      0.0     None      0.0     None      7.0     60.9    16.82      5.1     None     5.30   110000      6.1     None     None     None     None     None     None     None
467410 20101018   1005.7   1008.8   1007.8   000100   1003.7   153400     27.7     32.3   131100     24.0   053500     21.1       68       53   150400      2.3    360.0      9.1     10.0   231100      0.0      0.0      0.0     None      0.0     None      6.1     53.2    18.23      8.5     None     5.80   120000      7.4     None     None     None     None     None     None     None
467410 20101019   1003.9   1007.0   1006.2   083200   1001.6   150700     27.7     32.8   125500     24.5   051300     22.2       72       54   125600      2.3     10.0      9.2    310.0   160800      0.0      0.0      0.0     None      0.0     None      2.1     18.3    13.63      6.1     None     4.70   120000      7.5     None     None     None     None     None     None     None
467410 20101020   1001.8   1004.9   1004.2   081300    999.3   151300     27.3     31.8   135500     25.5   225100     22.6       76       63   134000      3.0     10.0      9.7    340.0   105000      0.0      0.0      0.0     None      0.0     None      0.5      4.4     8.99      7.8     None     4.10   130000      9.3     None     None     None     None     None     None     None
467410 20101021    999.5   1002.6   1002.0   080800    997.6   154000     25.3     28.5   115100     22.9   235100     21.9       82       71   124200      3.5     10.0     12.0     10.0   154000     13.5      9.4      3.0   190600      3.5   181600      0.8      7.0     8.59      7.1     None     4.20   110000      8.4     None     None     None     None     None     None     None
467410 20101022    998.1   1001.2   1000.3   010200    996.3   144800     25.1     27.6   184500     22.6   020100     22.0       83       69   184500      3.8     20.0     19.6    160.0   233700     15.0      6.9      2.0   121500      6.0   113000      0.0      0.0     4.64      6.6     None     2.50   110000      8.9     None     None     None     None     None     None     None
467410 20101023   1001.3   1004.4   1004.0   235400    998.3   024300     26.0     27.7   113000     24.2   122800     22.4       81       71   085200      7.3    160.0     19.5    160.0   014100     38.0      4.7      9.0   130100     23.5   121200      0.2      1.8     7.24      7.0     None     3.90   110000      7.6     None     None     None     None     None     None     None
467410 20101024   1005.3   1008.4   1007.2   225900   1003.7   014000     27.2     31.0   125300     25.1   234800     21.4       71       54   123700      3.0    180.0     11.7    160.0   003000      0.0      0.0      0.0     None      0.0     None      7.6     67.0    18.00      7.5     None     6.10   120000      5.9     None     None     None     None     None     None     None
467410 20101025   1007.1   1010.2   1008.6   231800   1005.7   143000     26.6     30.6   112300     24.0   044500     21.0       72       52   112300      2.8     10.0      9.8    330.0   135800      0.0      0.0      0.0     None      0.0     None      9.0     79.5    17.95      5.9     None     5.00   120000      1.6     None     None     None     None     None     None     None
467410 20101026   1009.3   1012.4   1011.0   212000   1007.6   140000     23.4     28.2   133000     20.3   224100     16.5       66       50   133000      5.5     10.0     14.5    340.0   153200      0.0      0.0      0.0     None      0.0     None      8.3     73.4    19.31      8.5     None     5.70   120000      3.8     None     None     None     None     None     None     None
467410 20101027   1010.8   1014.0   1012.7   082400   1009.1   142900     20.4     24.6   135600     18.3   215200     13.3       64       51   142600      5.9     10.0     16.6    360.0   163500      0.0      0.0      0.0     None      0.0     None      0.1      0.9     7.46     12.5     None     2.50   120000      9.5     None     None     None     None     None     None     None
467410 20101028   1011.8   1015.0   1013.9   211300   1009.8   135200     20.2     25.1   132900     18.0   231600     13.7       67       52   135000      5.5     10.0     13.4     10.0   184600      0.0      0.0      0.0     None      0.0     None      8.3     73.7    18.60     11.1     None     5.90   120000      4.9     None     None     None     None     None     None     None
467410 20101029   1014.2   1017.4   1015.8   212900   1012.7   145200     20.2     24.5   145000     17.1   050500     13.1       64       55   131600      4.1     10.0     12.3    360.0   012100      0.0      0.0      0.0     None      0.0     None      4.5     40.0    13.43      6.1     None     4.20   110000      7.1     None     None     None     None     None     None     None
467410 20101030   1015.5   1018.7   1016.8   214400   1013.8   141700     21.0     27.1   131100     17.4   041700     14.3       66       49   130300      4.4     10.0     12.3     10.0   180800      0.0      0.0      0.0     None      0.0     None      9.5     84.6    18.29      7.1     None     5.10   120000      2.3     None     None     None     None     None     None     None
467410 20101031   1014.8   1018.0   1017.0   084200   1012.6   150700     21.2     27.2   133200     17.3   060300     14.4       66       49   125400      4.3     10.0     11.6    360.0   130700      0.0      0.0      0.0     None      0.0     None     10.0     89.2    19.55      9.5     None     5.60   120000      0.0     None     None     None     None     None     None     None
467410 20101101   1013.6   1016.8   1015.8   083800   1011.7   161500     21.9     27.5   132400     17.4   061200     14.5       64       49   142200      2.5     10.0      8.8    360.0   151900      0.0      0.0      0.0     None      0.0     None     10.0     89.3    18.86      7.3     None     5.30   120000      0.4     None     None     None     None     None     None     None
467410 20101102   1014.2   1017.4   1015.8   211200   1012.5   144800     22.8     27.9   113100     18.9   041100     14.9       62       44   104300      1.8    360.0      7.8    310.0   153600      0.0      0.0      0.0     None      0.0     None      9.6     85.9    18.58      6.9     None     4.80   120000      0.0     None     None     None     None     None     None     None
467410 20101103   1014.9   1018.0   1016.3   085900   1013.5   135800     22.5     27.0   141000     18.8   051700     16.4       69       53   124900      3.0     10.0      8.7     10.0   215400      0.0      0.0      0.0     None      0.0     None      0.8      7.2    11.55      5.0     None     3.80   110000      6.6     None     None     None     None     None     None     None
467410 20101104   1015.0   1018.2   1016.5   081700   1013.8   132500     21.0     22.8   124000     19.8   185700     17.8       82       73   001800      2.4     10.0      7.1    360.0   010400     13.5     11.0      2.5   192400      7.0   183700      0.0      0.0     4.59      3.5     None     3.00   120000      9.9     None     None     None     None     None     None     None
467410 20101105   1012.9   1016.0   1014.8   000100   1010.7   141800     22.2     25.5   132000     20.0   021300     19.2       84       69   133900      3.5     10.0      9.3     10.0   093200      8.0      6.9      2.0   052700      3.5   051500      0.6      5.4     9.78      3.8     None     3.90   130000      9.5     None     None     None     None     None     None     None
467410 20101106   1011.2   1014.3   1013.3   085300   1009.3   140600     23.3     26.6   125600     21.3   061500     19.4       79       66   120000      4.5     10.0     12.2    340.0   114200      0.0      0.0      0.0     None      0.0     None      2.9     26.1    14.22      5.3     None     6.50   120000      8.4     None     None     None     None     None     None     None
467410 20101107   1009.7   1012.8   1011.3   220900   1007.8   152000     24.2     27.4   130500     22.0   023400     20.1       78       68   125000      3.4     10.0     10.7     10.0   075400      0.0      0.0      0.0     None      0.0     None      1.9     17.1    12.14      3.8     None     4.50   120000      7.5     None     None     None     None     None     None     None
467410 20101108   1011.9   1015.0   1014.5   221700   1010.0   031500     23.8     27.6   115400     20.8   235700     18.3       72       59   145000      3.6     10.0      9.5    360.0   225900      0.0      0.0      0.0     None      0.0     None      2.1     19.0    11.87      3.9     None     5.00   120000      7.8     None     None     None     None     None     None     None
467410 20101109   1015.1   1018.3   1016.8   215100   1013.3   143300     21.7     26.5   145100     19.2   034700     13.5       60       48   130600      3.5    360.0      8.3     30.0   200500      0.0      0.0      0.0     None      0.0     None      2.0     18.1    10.22      5.1     None     2.80   140000      5.3     None     None     None     None     None     None     None
467410 20101110   1015.2   1018.4   1017.3   090500   1013.6   141500     21.3     25.4   114100     17.5   061700     13.5       62       51   105200      2.4     10.0      6.8     20.0   002200      0.0      0.0      0.0     None      0.0     None      2.6     23.6    11.32      5.4     None     3.40   110000      7.6     None     None     None     None     None     None     None
467410 20101111   1013.1   1016.2   1014.8   085300   1011.8   141100     22.1     27.1   125400     18.8   063100     15.8       68       53   120800      1.9     10.0      7.4    360.0   204900      0.0      0.0      0.0     None      0.0     None      7.1     64.4    14.90      6.3     None     4.00   120000      4.0     None     None     None     None     None     None     None
467410 20101112   1010.8   1013.9   1012.1   224300   1009.1   131900     22.4     25.4   114100     19.4   062600     16.3       69       51   125000      0.4     20.0      5.0     20.0   034400     -9.8      1.2     -9.8   201700     -9.8   201700      1.6     14.5     6.77      2.9     None     2.90   120000      7.3     None     None     None     None     None     None     None
467410 20101113   1013.8   1017.0   1016.0   222900   1011.8   000100     20.5     22.3   011500     19.6   064700     18.1       87       73   011600      2.3     20.0      8.3     10.0   153100     32.5     17.0      2.0   111200      7.0   105300      0.0      0.0     2.49      3.3     None     1.90   130000      9.5     None     None     None     None     None     None     None
467410 20101114   1015.6   1018.8   1016.8   093700   1014.5   141200     22.9     26.2   143700     20.2   001100     19.4       81       67   142100      2.2    360.0      6.6     20.0   080800      0.0      0.0      0.0     None      0.0     None      1.9     17.3    11.27      5.5     None     3.50   110000      8.4     None     None     None     None     None     None     None
467410 20101115   1014.5   1017.6   1016.3   091900   1012.3   135800     22.9     26.3   140600     20.2   233900     19.1       79       68   135500      2.9     10.0      9.6     10.0   181800      0.0      0.0      0.0     None      0.0     None      0.0      0.0     6.54      2.9     None     3.20   120000      9.1     None     None     None     None     None     None     None
467410 20101116   1013.7   1016.9   1015.5   075400   1011.6   153100     22.2     27.3   134200     19.8   042800     17.3       74       61   132200      3.5    360.0     10.0    350.0   145700      0.0      0.0      0.0     None      0.0     None      6.1     55.7    15.25      5.9     None     4.80   120000      6.3     None     None     None     None     None     None     None
467410 20101117   1013.2   1016.3   1015.1   083900   1011.0   143800     22.1     27.1   142000     19.0   044000     17.5       76       61   142000      3.3     10.0     10.4     20.0   183400      0.0      0.0      0.0     None      0.0     None      6.3     57.6    14.59      4.4     None     4.60   120000      4.6     None     None     None     None     None     None     None
467410 20101118   1012.5   1015.7   1014.2   085400   1010.7   144500     22.6     27.5   132300     19.7   025200     18.0       76       61   124200      3.2    360.0     10.4     20.0   184900      0.0      0.0      0.0     None      0.0     None      7.7     70.5    16.17      7.5     None     4.60   120000      3.1     None     None     None     None     None     None     None
467410 20101119   1010.4   1013.6   1012.6   000100   1008.1   144600     21.9     26.4   131100     19.6   235100     18.1       80       68   122700      4.2     10.0     13.6    340.0   172200      0.0      0.0      0.0     None      0.0     None      1.1     10.1    10.22      4.5     None     3.60   130000      7.0     None     None     None     None     None     None     None
467410 20101120   1009.3   1012.5   1010.8   084800   1007.3   140800     22.0     27.1   134200     18.3   060600     17.7       77       60   125200      2.3     10.0      8.2    310.0   152100      0.0      0.0      0.0     None      0.0     None      8.0     73.5    15.61      5.0     None     4.60   120000      3.9     None     None     None     None     None     None     None
467410 20101121   1008.2   1011.3   1009.7   000800   1006.3   144900     23.9     28.0   123800     21.3   054800     18.4       72       57   130800      2.5     20.0      7.3    320.0   160100      0.0      0.0      0.0     None      0.0     None      9.1     83.7    16.25      6.5     None     4.40   130000      3.3     None     None     None     None     None     None     None
467410 20101122   1007.3   1010.4   1009.0   222200   1005.3   133800     23.0     28.3   124100     19.8   231100     17.4       71       53   125100      4.3     10.0     11.0     10.0   193000      0.0      0.0      0.0     None      0.0     None      8.0     73.6    15.60      5.1     None     5.00   120000      3.3     None     None     None     None     None     None     None
467410 20101123   1009.8   1013.0   1011.7   220000   1008.3   151400     21.2     26.0   131700     18.0   235200     15.8       72       58   131700      4.1     10.0     10.2    350.0   163400      0.0      0.0      0.0     None      0.0     None      7.2     66.4    14.50      6.5     None     4.50   120000      2.5     None     None     None     None     None     None     None
467410 20101124   1012.1   1015.2   1014.1   231100   1009.5   141900     21.4     26.1   141400     17.5   062700     15.5       69       55   152200      3.1     10.0      8.7    340.0   224900      0.0      0.0      0.0     None      0.0     None      8.5     78.4    15.44     11.3     None     4.40   120000      2.8     None     None     None     None     None     None     None
467410 20101125   1012.5   1015.6   1014.2   003200   1010.2   143300     20.9     25.0   121800     18.4   233700     15.1       70       58   121700      4.6     10.0     14.6     10.0   125400      0.0      0.0      0.0     None      0.0     None      9.3     85.9    15.80      8.3     None     4.80   120000      1.3     None     None     None     None     None     None     None
467410 20101126   1012.8   1016.0   1014.8   203700   1010.8   142400     20.9     25.6   124800     17.0   050400     14.1       66       51   123400      1.6     20.0      7.1    310.0   150400      0.0      0.0      0.0     None      0.0     None      9.0     83.2    15.77      7.6     None     4.60   120000      1.3     None     None     None     None     None     None     None
467410 20101127   1014.3   1017.5   1015.8   202400   1012.2   141800     21.6     25.4   121200     18.5   050100     15.2       68       54   122400      0.8    270.0      6.4    280.0   131600      0.0      0.0      0.0     None      0.0     None      9.5     87.9    15.98      5.6     None     4.40   130000      0.0     None     None     None     None     None     None     None
467410 20101128   1015.0   1018.2   1016.8   094700   1013.3   141300     22.3     26.7   133500     19.5   064100     15.9       68       45   104000      1.6     20.0      8.9    320.0   111900      0.0      0.0      0.0     None      0.0     None      9.6     88.9    15.86      6.5     None     4.40   120000      0.4     None     None     None     None     None     None     None
467410 20101129   1013.5   1016.7   1015.5   084200   1011.2   144500     21.2     26.2   130500     18.5   054200     16.9       77       59   130400      3.4     10.0     10.1     30.0   092900      0.0      0.0      0.0     None      0.0     None      6.5     60.3    14.06      3.4     None     4.30   120000      3.0     None     None     None     None     None     None     None
467410 20101130   1011.4   1014.6   1013.0   000100   1008.9   145900     21.5     26.4   125100     18.7   050400     16.9       76       61   150000      3.6     10.0     10.3    360.0   155000      0.0      0.0      0.0     None      0.0     None      8.2     76.1    15.45      7.3     None     5.10   120000      2.3     None     None     None     None     None     None     None
467410 20101201   1011.3   1014.4   1012.7   083800   1009.1   142600     21.9     27.3   123400     18.0   044700     17.0       74       55   121700      2.5     10.0      7.0     30.0   044700      0.0      0.0      0.0     None      0.0     None      4.6     42.7    13.73      7.3     None     4.70   120000      4.8     None     None     None     None     None     None     None
467410 20101202   1012.7   1015.9   1014.6   224000   1011.3   034200     22.0     24.9   113500     19.9   233200     18.4       80       69   152900      2.5     10.0      8.8    360.0   212400      0.0      0.0      0.0     None      0.0     None      0.3      2.8     6.53      3.8     None     2.30   130000      6.0     None     None     None     None     None     None     None
467410 20101203   1014.2   1017.3   1015.3   210000   1012.4   135800     22.2     27.9   131700     19.5   014100     14.7       63       49   134500      2.7     10.0      8.2     10.0   041500      0.0      0.0      0.0     None      0.0     None      4.1     38.1    12.18      4.9     None     3.90   130000      6.3     None     None     None     None     None     None     None
467410 20101204   1013.8   1017.0   1015.9   084300   1012.1   152200     21.9     26.1   120100     18.9   061300     15.2       66       55   120100      2.1     20.0      6.9    340.0   190600      0.0      0.0      0.0     None      0.0     None      6.3     58.7    13.20      5.9     None     3.90   120000      4.6     None     None     None     None     None     None     None
467410 20101205   1011.5   1014.6   1014.0   084900   1009.0   150700     22.9     28.4   132100     19.4   051800     17.8       74       54   132000      2.5     20.0      7.1    350.0   154800      0.0      0.0      0.0     None      0.0     None      5.9     55.0    13.19      4.1     None     4.50   120000      4.6     None     None     None     None     None     None     None
467410 20101206   1011.1   1014.2   1013.2   091700   1008.9   145300     23.1     28.2   141300     19.4   235500     16.2       66       44   152500      3.5    360.0     13.7    360.0   181600      0.0      0.0      0.0     None      0.0     None      8.3     77.4    15.16      5.1     None     4.80   120000      4.4     None     None     None     None     None     None     None
467410 20101207   1013.3   1016.5   1015.4   090600   1011.6   010100     18.3     21.9   131100     15.2   225600     10.9       63       47   143800      5.9     10.0     16.8     10.0   120800      0.0      0.0      0.0     None      0.0     None      6.6     61.6    13.91      5.3     None     3.90   120000      2.5     None     None     None     None     None     None     None
467410 20101208   1013.0   1016.2   1014.5   083300   1010.6   144900     16.3     21.2   140200     13.1   060600      7.2       55       41   125900      4.6     10.0     12.7    360.0   023400      0.0      0.0      0.0     None      0.0     None      8.0     74.7    14.89      8.4     None     4.00   120000      1.1     None     None     None     None     None     None     None
467410 20101209   1012.9   1016.0   1014.5   085500   1011.1   144800     17.7     22.9   131400     12.6   051900      9.3       59       43   131400      1.4     20.0      6.3     10.0   060600      0.0      0.0      0.0     None      0.0     None      9.2     85.9    15.61      6.6     None     3.80   120000      0.0     None     None     None     None     None     None     None
467410 20101210   1011.6   1014.8   1014.3   085400   1009.0   144800     19.4     24.6   125400     15.2   064300     10.0       56       37   125400      2.1     20.0      8.4     20.0   090400      0.0      0.0      0.0     None      0.0     None      5.4     50.5    12.45      7.3     None     4.10   130000      4.5     None     None     None     None     None     None     None
467410 20101211   1010.5   1013.7   1012.7   083300   1008.6   150500     20.4     25.4   145000     18.0   235900     13.1       64       43   133100      3.3     20.0      8.7     30.0   163200      0.0      0.0      0.0     None      0.0     None      3.6     33.6     9.90      4.6     None     3.20   130000      4.9     None     None     None     None     None     None     None
467410 20101212   1008.9   1012.1   1010.8   094900   1007.5   144800     21.2     26.3   140200     16.8   034700     15.5       71       50   111100      2.1     20.0      7.1    350.0   120300      0.0      0.0      0.0     None      0.0     None      8.7     81.4    14.60      5.4     None     3.90   120000      1.1     None     None     None     None     None     None     None
467410 20101213   1008.8   1011.9   1010.0   090800   1007.2   144800     23.9     29.5   132100     19.0   015900     18.0       70       51   131700      1.4     10.0      5.8    200.0   130100      0.0      0.0      0.0     None      0.0     None      5.7     53.3    13.01      4.0     None     4.30   130000      3.8     None     None     None     None     None     None     None
467410 20101214   1010.4   1013.5   1012.5   212900   1008.1   015600     23.2     26.8   131900     20.1   231200     18.0       73       60   144300      3.3    360.0      9.9    330.0   153100      0.0      0.0      0.0     None      0.0     None      5.7     53.3    13.81      5.3     None     4.20   130000      4.3     None     None     None     None     None     None     None
467410 20101215   1009.9   1013.1   1012.7   085000   1007.5   151400     21.0     25.3   141300     18.9   061100     16.3       75       61   141300      3.0     10.0      8.4     20.0   234300      0.0      0.0      0.0     None      0.0     None      0.4      3.7     8.03      6.3     None     3.50   130000      9.3     None     None     None     None     None     None     None
467410 20101216   1012.7   1016.0   1016.0   232300   1008.9   035200     12.0     19.1   000100     10.7   212100      9.6       86       74   201300      7.0     10.0     19.6    360.0   061700     14.5      8.9      1.5   101000      4.5   111400      0.0      0.0     2.29      7.6     None     1.10   130000      9.6     None     None     None     None     None     None     None
467410 20101217   1015.3   1018.5   1017.2   090200   1013.1   144100     13.0     16.9   145600     10.7   002800      6.5       65       54   145600      5.8     10.0     15.7    360.0   091100      0.0      0.0      0.0     None      0.0     None      9.2     86.1    15.92      8.5     None     4.50   120000      1.3     None     None     None     None     None     None     None
467410 20101218   1015.5   1018.7   1017.6   090800   1013.2   152600     15.6     21.7   133300      9.1   045900      8.3       63       44   115600      2.8     20.0      7.7    350.0   152800      0.0      0.0      0.0     None      0.0     None      9.7     90.8    16.07      7.4     None     4.10   120000      1.1     None     None     None     None     None     None     None
467410 20101219   1015.4   1018.6   1017.6   082800   1013.1   145300     19.8     25.3   134500     16.0   042600     10.9       57       40   134400      3.5     20.0      9.2    360.0   132700      0.0      0.0      0.0     None      0.0     None      8.4     78.7    14.89      7.8     None     4.10   130000      4.3     None     None     None     None     None     None     None
467410 20101220   1012.6   1015.8   1014.7   000100   1010.4   151000     19.9     25.6   131000     16.2   063800     13.2       66       47   124600      2.9     20.0      8.3     10.0   044900      0.0      0.0      0.0     None      0.0     None      9.8     91.8    15.93      5.6     None     4.10   130000      0.8     None     None     None     None     None     None     None
467410 20101221   1010.5   1013.7   1012.5   092000   1008.2   152300     19.5     24.2   123700     16.2   071800     14.1       72       46   123600      3.7     10.0     10.8    340.0   130900      0.0      0.0      0.0     None      0.0     None      6.1     57.1    12.82      3.3     None     4.00   120000      3.9     None     None     None     None     None     None     None
467410 20101222   1010.5   1013.7   1012.0   213800   1008.9   142100     19.7     24.5   143500     17.2   233800     12.3       63       48   132100      4.1     10.0     10.6    360.0   060400      0.0      0.0      0.0     None      0.0     None      5.4     50.6    11.88      4.8     None     3.70   120000      4.6     None     None     None     None     None     None     None
467410 20101223   1012.2   1015.3   1014.2   090100   1010.8   030200     20.4     25.1   143200     16.6   023300     14.0       67       52   143200      1.9     20.0      7.3     30.0   235200      0.0      0.0      0.0     None      0.0     None      4.9     45.9    11.66      3.5     None     2.70   130000      4.3     None     None     None     None     None     None     None
467410 20101224   1011.8   1015.0   1013.3   084400   1009.8   152800     20.1     24.9   114000     17.0   060100     15.0       74       51   141200      3.0     20.0      8.4    340.0   171300      0.0      0.0      0.0     None      0.0     None      8.6     80.5    14.75      4.3     None     3.80   120000      1.3     None     None     None     None     None     None     None
467410 20101225   1012.1   1015.3   1013.8   094000   1010.4   143200     18.1     22.7   124700     15.6   232700     12.9       72       56   122800      4.0     10.0     13.2     10.0   200100      0.0      0.0      0.0     None      0.0     None      7.9     74.0    14.09      7.6     None     4.40   130000      1.4     None     None     None     None     None     None     None
467410 20101226   1015.2   1018.4   1017.0   085300   1013.4   030400     14.5     17.5   125200     10.4   232600      7.0       61       50   140900      6.5     10.0     19.7    360.0   101700      0.0      0.0      0.0     None      0.0     None      7.7     72.1    14.48     11.3     None     4.30   130000      5.1     None     None     None     None     None     None     None
467410 20101227   1015.5   1018.7   1017.2   091400   1013.4   141600     15.1     21.2   133900      9.0   054300      7.0       59       47   121800      2.6     10.0      9.6    360.0   020100      0.0      0.0      0.0     None      0.0     None      9.5     88.9    15.17     12.5     None     4.00   120000      0.0     None     None     None     None     None     None     None
467410 20101228   1015.1   1018.3   1016.9   085900   1012.8   135900     17.7     23.1   133200     13.7   065400     10.4       64       38   132500      1.9     20.0      7.1     10.0   175900      0.0      0.0      0.0     None      0.0     None      9.3     87.0    14.91      8.9     None     3.90   120000      0.4     None     None     None     None     None     None     None
467410 20101229   1014.5   1017.7   1016.0   084600   1012.0   140300     19.2     23.7   104500     14.1   062600     11.6       63       42   141300      1.9     10.0      7.0     30.0   211000      0.0      0.0      0.0     None      0.0     None      9.3     87.0    15.07      6.1     None     4.00   130000      1.0     None     None     None     None     None     None     None
467410 20101230   1014.0   1017.2   1016.1   083800   1011.2   151000     18.7     23.6   120700     15.6   064200     10.6       60       43   235000      5.0     10.0     14.1     20.0   152200      0.0      0.0      0.0     None      0.0     None      8.1     75.7    14.63      5.6     None     4.30   120000      4.3     None     None     None     None     None     None     None
467410 20101231   1014.7   1017.9   1016.5   075800   1012.4   150700     16.1     20.1   124000     12.8   224500      3.1       42       35   235700      5.6     10.0     14.2    360.0   032400      0.0      0.0      0.0     None      0.0     None      8.8     82.2    14.40     10.1     None     3.60   120000      0.6     None     None     None     None     None     None     None
