* MD (Multifield Daily Data Format)
* 以 '*' 字元開頭的文字為格式說明
* 以 '#' 字元開頭的文字為氣象資料欄位標題列9個字元一組
********************************************************************************
* 格式說明:
* 站碼(stno) 時間(yyyymmdd) 氣象資料欄位
* 1~6        8~15           第16個字元開始每個氣象要素(欄位)9個字元
* 時間為當地時間(Local Time)
* yyyy:西元年
* mm:月
* dd:日
********************************************************************************
* 欄位標題說明:
* 極值發生時間欄位格式為 hhmmss 6位字元  其中 hh:小時(00~23時) mm:分鐘(00~59分) ss:秒(00~59秒)
*
* CD11 平均雲量(10分量)
* EP01 20cm箱外蒸發量(mm)
* EP04 20cm箱內蒸發量(mm)
* EP05 A型蒸發量(mm)
* GR01 全天空日射量(MJ/㎡)
* GR02 最大小時全天空日射量(MJ/㎡)
* GR03 最大小時全天空日射量時間
* PP01 降水量(mm)
* PP02 降水時數(hour)
* PP03 最大十分鐘降水量(mm)
* PP04 最大十分鐘降水量起始時間
* PP05 最大六十分鐘降水量(mm)
* PP06 最大六十分鐘降水量起始時間
* PS01 平均測站氣壓(hPa)                
* PS02 平均海平面氣壓(hPa)
* PS03 最高測站氣壓(hPa)                  
* PS04 最高測站氣壓時間
* PS05 最低測站氣壓(hPa)
* PS06 最低測站氣壓時間
* PS07 最高海平面氣壓(hPa)
* PS08 最高海平面氣壓時間
* PS09 最低海平面氣壓(hPa)
* PS10 最低海平面氣壓時間
* RH01 平均相對溼度(%)
* RH02 最大相對溼度(%)
* RH03 最大相對溼度時間
* RH04 最小相對溼度(%)
* RH05 最小相對溼度時間
* SD01 雪深(cm)
* SS01 日照時數(hour)
* SS02 日照率(%)
* ST01 天空狀況
* ST02 地面狀況
* ST03 雷暴
* ST04 液態降水1
* ST05 液態降水2
* ST06 固態降水1
* ST07 固態降水2
* ST08 固態降水3
* ST09 視障1
* ST10 視障2
* ST11 光象1
* ST12 光象2
* TB01 黑球溫度(℃)
* TD01 平均露點溫度(℃)
* TD02 最高露點溫度(℃)
* TD03 最高露點溫度時間
* TD04 最低露點溫度(℃)
* TD05 最低露點溫度時間
* TG01 最低草溫(℃)
* TS01 地表溫度0cm(℃)
* TS02 地中溫度5cm(℃)
* TS03 地中溫度10cm(℃)
* TS04 地中溫度20cm(℃)
* TS05 地中溫度30cm(℃)
* TS06 地中溫度50cm(℃)
* TS07 地中溫度100cm(℃)
* TS08 地中溫度200cm(℃)
* TS09 地中溫度300cm(℃)
* TS10 地中溫度500cm(℃)
* TW01 平均溼球溫度(℃)
* TX01 平均氣溫(℃)
* TX02 絕對最高氣溫(℃)
* TX03 絕對最高氣溫時間
* TX04 絕對最低氣溫(℃)
* TX05 絕對最低氣溫時間
* TX10 氣溫日較差(℃)
* VP01 平均水氣壓(hPa)
* VP02 最大水氣壓(hPa)
* VP03 最大水氣壓時間
* VP04 最小水氣壓(hPa)
* VP05 最小水氣壓時間
* VS01 平均能見度(km)
* WD01 平均風風速(m/s)
* WD02 平均風風向(360 degree)
* WD03 平均風程(m/s)
* WD04 最大平均風風速(m/s)
* WD05 最大平均風風向(360 degree)
* WD06 最大平均風時間
* WD07 最大瞬間風風速(m/s)
* WD08 最大瞬間風風向(360 degree)
* WD09 最大瞬間風時間
* UV01 紫外線指數
********************************************************************************
* 特殊值:
* -999.1:儀器故障待修
* -9.6/-999.6:資料累計於後
* -9.5/-99.5/-999.5/-999.5/-9999.5/-9995:因故障而無資料
* -9.7/-99.7/-999.7/-999.7/-9999.7/-9997:因不明原因而無資料
* -9.8:雨跡(Trace)
* None:未觀測而無資料
********************************************************************************
# stno yyyymmdd     PS01     PS02     PS03     PS04     PS05     PS06     TX01     TX02     TX03     TX04     TX05     TD01     RH01     RH04     RH05     WD01     WD02     WD07     WD08     WD09     PP01     PP02     PP03     PP04     PP05     PP06     SS01     SS02     GR01     VS01     EP05     UV01     UV03     CD11     TS01     TS02     TS03     TS04     TS05     TS06     TS07
467410 20160101   1021.0   1024.2   1023.0   090700   1018.9   142700     18.7     24.4   144600     14.8   062500     13.8       73       59   122600      3.4     40.0      9.9     60.0   191700      0.0      0.0      0.0     None      0.0     None      9.4     87.8    13.31      3.2     None     3.94   130000      3.4     None     None     None     None     None     None     None
467410 20160102   1018.9   1022.1   1021.1   000100   1016.4   154300     19.3     21.9   110800     17.6   033400     16.9       87       73   110800      3.2     50.0      8.7     50.0   051400      3.0      6.8      0.5   160400      1.5   160200      1.3     12.1     5.49      1.4     None     2.83   110000      9.8     None     None     None     None     None     None     None
467410 20160103   1016.6   1019.8   1018.7   091100   1014.7   142100     19.2     20.2   153300     18.4   020200     18.6       96       93   001400      3.0     40.0      9.8     40.0   095200    102.0     18.7      8.5   105200     19.5   104900      0.0      0.0     1.94      1.9     None     1.08   130000      9.5     None     None     None     None     None     None     None
467410 20160104   1015.6   1018.7   1017.8   084300   1013.9   153600     21.4     25.6   141000     19.2   042300     20.2       93       79   162500      2.3     50.0      6.1     50.0   050200      0.0      0.0      0.0     None      0.0     None      1.4     13.1     8.08      1.6     None     3.67   120000      6.9     None     None     None     None     None     None     None
467410 20160105   1013.9   1017.0   1015.2   000100   1012.0   153400     23.0     26.8   115600     20.6   052700     20.4       85       71   144800      2.1     50.0      6.9    350.0   142100      0.0      0.0      0.0     None      0.0     None      7.4     69.0    13.03      3.5     None     4.82   130000      7.4     None     None     None     None     None     None     None
467410 20160106   1014.3   1017.5   1017.2   094400   1012.2   032200     21.2     26.1   142900     18.1   230300     18.4       85       66   140700      4.1     40.0     13.8     70.0   202300      0.5      0.8      0.5   074400      0.5   071000      5.4     50.3    10.04      6.8     None     4.93   130000      5.9     None     None     None     None     None     None     None
467410 20160107   1016.9   1020.1   1018.8   092200   1015.5   134200     19.2     23.7   132100     17.5   065500     15.3       78       67   132100      4.1     50.0     12.7     80.0   173200      0.0      0.0      0.0     None      0.0     None      4.3     40.0    11.62      4.3     None     4.68   120000      7.9     None     None     None     None     None     None     None
467410 20160108   1016.0   1019.2   1017.6   010500   1013.1   145300     18.4     22.7   151400     16.1   233600     14.6       79       63   144300      4.9     40.0     14.2     50.0   181600      2.5      2.3      0.5   011300      1.5   011000      5.9     54.9    12.52      5.0     None     4.05   140000      6.9     None     None     None     None     None     None     None
467410 20160109   1017.1   1020.3   1018.8   094400   1015.2   135600     17.9     23.4   140100     14.6   060800     13.9       77       63   140100      3.9     70.0     13.4     20.0   000200      0.0      0.0      0.0     None      0.0     None      9.4     87.3    14.48      5.0     None     4.88   130000      1.8     None     None     None     None     None     None     None
467410 20160110   1014.9   1018.1   1017.5   084200   1012.9   142700     18.6     23.4   131700     15.6   042900     15.5       82       64   123800      3.5     60.0      9.3     70.0   193400      0.0      0.0      0.0     None      0.0     None      5.7     52.9    10.89      2.6     None     4.15   120000      5.8     None     None     None     None     None     None     None
467410 20160111   1012.8   1016.0   1015.0   221100   1010.7   152400     18.3     22.0   131600     16.1   190800     16.8       91       85   164200      4.1     60.0     16.0     70.0   180900      2.9      2.7      0.8   173000      1.8   173000      0.0      0.0     3.00      4.7     None     2.26   130000      8.3     None     None     None     None     None     None     None
467410 20160112   1014.9   1018.1   1017.3   222700   1013.2   143800     18.3     22.3   115200     16.3   070800     14.9       81       71   125300      4.4     50.0     12.1     40.0   041800      0.0      0.0      0.0     None      0.0     None      4.7     43.6    10.30      9.3     None     4.92   120000      8.3     None     None     None     None     None     None     None
467410 20160113   1016.3   1019.5   1018.3   101500   1014.5   140500     16.0     19.0   141400     13.8   230800     13.3       84       70   143900      4.9     40.0     11.3     70.0   134600      1.5      4.8      0.5   064100      0.5   061800      1.0      9.3     6.31      6.1     None     4.19   130000      8.3     None     None     None     None     None     None     None
467410 20160114   1015.8   1019.0   1018.5   083200   1013.3   151000     15.9     20.7   134000     13.0   054500     12.3       80       68   133900      4.0     40.0     12.5     50.0   094300      0.0      0.0      0.0     None      0.0     None      5.2     48.1    10.69      5.3     None     3.68   110000      5.0     None     None     None     None     None     None     None
467410 20160115   1013.0   1016.2   1014.6   094200   1011.5   144900     15.8     16.9   122500     14.7   014900     14.1       90       83   000500      3.4     50.0      8.6     50.0   185600      3.5      8.4      0.5   080500      1.5   084600      0.0      0.0     2.38      2.1     None     1.33   120000      9.5     None     None     None     None     None     None     None
467410 20160116   1011.4   1014.5   1013.8   085400   1008.8   234900     18.9     24.7   141000     15.0   062900     15.8       83       63   140900      2.4     50.0      8.4     40.0   051900      0.5      0.5      0.5   010500      0.5   010500      7.1     65.5    13.63      4.0     None     5.32   130000      5.9     None     None     None     None     None     None     None
467410 20160117   1007.5   1010.7   1010.8   230700   1005.3   134500     19.1     20.3   160700     17.5   234400     17.9       93       86   000100      2.8     50.0     12.2     30.0   234400      4.0      6.7      1.0   054500      1.5   045500      0.1      0.9     4.32      4.2     None     2.32   130000      8.8     None     None     None     None     None     None     None
467410 20160118   1012.9   1016.1   1015.7   211700   1009.8   020200     16.6     20.7   132300     13.7   053500     12.1       76       60   123300      4.6     30.0     14.4     60.0   031400     -9.8      0.3     -9.8   182000     -9.8   182000      7.9     72.8    14.90      7.9     None     5.14   130000      4.0     None     None     None     None     None     None     None
467410 20160119   1016.9   1020.1   1019.5   214300   1014.9   020600     16.8     21.5   134900     14.4   031800     12.4       76       64   150500      3.7     20.0      9.9     10.0   145600      0.0      0.0      0.0     None      0.0     None      3.9     35.9    11.26      3.6     None     3.88   130000      5.6     None     None     None     None     None     None     None
467410 20160120   1017.4   1020.6   1020.2   091200   1014.5   152200     17.0     21.7   140900     13.7   061000     13.0       78       64   145500      3.8     30.0      8.5    360.0   050600      0.0      0.0      0.0     None      0.0     None      3.5     32.2    11.18      4.5     None     4.81   130000      7.0     None     None     None     None     None     None     None
467410 20160121   1013.9   1017.1   1016.3   091300   1010.8   153000     18.6     23.6   151800     16.2   235800     15.4       82       71   150800      4.3     40.0     12.2     40.0   214200      0.0      0.0      0.0     None      0.0     None      4.3     39.5    12.57      4.6     None     4.81   130000      5.6     None     None     None     None     None     None     None
467410 20160122   1014.2   1017.4   1016.5   090400   1011.5   144600     18.0     23.6   131500     15.5   022700     15.1       83       70   124600      3.6     40.0     11.1     30.0   003100      3.0      1.6      1.5   200600      3.0   193700      4.3     39.4    11.06      5.5     None     5.21   120000      7.9     None     None     None     None     None     None     None
467410 20160123   1018.9   1022.1   1023.9   225900   1014.9   034900     12.3     16.5   000500      9.5   205400      9.5       83       72   235100      7.8     30.0     19.5     20.0   091300      1.0      0.7      0.5   085000      1.0   085000      0.0      0.0     2.88      7.9     None     1.59   130000      9.5     None     None     None     None     None     None     None
467410 20160124   1027.0   1030.4   1029.7   215100   1022.7   024700      6.6     10.0   000100      5.7   064100      2.4       75       53   231000      8.6     30.0     26.6     50.0   041700      2.0      3.2      0.5   042400      1.0   054800      0.0      0.0     2.44      7.1     None     1.43   120000      9.4     None     None     None     None     None     None     None
467410 20160125   1026.5   1029.8   1029.3   093600   1024.0   151200      9.1     13.4   143200      5.8   075400      2.0       62       53   134200      5.3     30.0     17.4     30.0   003200      0.0      0.0      0.0     None      0.0     None      1.5     13.7     9.64     11.1     None     3.91   110000      8.8     None     None     None     None     None     None     None
467410 20160126   1022.9   1026.2   1025.7   094300   1019.9   150700     14.0     20.3   142700      8.2   031900      8.2       69       44   135700      3.3     30.0      8.0     30.0   034500      0.0      0.0      0.0     None      0.0     None      9.3     84.8    18.84      8.3     None     5.49   130000      3.5     None     None     None     None     None     None     None
467410 20160127   1020.0   1023.3   1022.6   000100   1017.9   143500     17.5     22.6   122100     14.5   043100     14.0       81       57   124300      2.7     80.0      7.4    360.0   172800      1.0      3.4      0.5   213900      0.5   204900      2.9     26.4    11.02      3.3     None     4.47   120000      8.5     None     None     None     None     None     None     None
467410 20160128   1016.3   1019.4   1019.9   000900   1012.6   142100     18.3     23.8   133500     16.1   003200     16.3       88       72   132300      3.1     60.0     14.3     70.0   163000      3.5      6.5      1.0   075100      2.0   072000      2.2     20.0     9.71      4.0     None     5.97   120000      8.9     None     None     None     None     None     None     None
467410 20160129   1014.3   1017.5   1017.3   092600   1012.8   140200     17.9     20.6   190700     16.1   094200     16.7       93       86   001000      3.5     50.0     16.3     30.0   093500     39.0      9.7      8.5   092700     18.5   091200      0.0      0.0     2.12      6.1     None     1.51   130000      9.1     None     None     None     None     None     None     None
467410 20160130   1016.2   1019.4   1017.9   102700   1014.2   042500     17.9     20.8   123700     15.5   232300     16.3       91       84   153700      3.8     30.0     10.3     40.0   211100      1.0      0.8      0.5   080100      0.5   080100      0.1      0.9     6.42      4.8     None     4.18   130000      9.9     None     None     None     None     None     None     None
467410 20160131   1016.8   1020.0   1019.6   091500   1014.3   155000     17.5     23.2   135100     14.6   031600     14.7       84       67   132200      4.2     40.0     11.5    340.0   142000      0.0      0.0      0.0     None      0.0     None      5.6     50.7    14.61      3.5     None     6.41   130000      7.1     None     None     None     None     None     None     None
467410 20160201   1016.3   1019.5   1018.2   223200   1014.1   140100     16.6     20.6   125300     13.0   225800     13.3       81       68   143000      6.1     30.0     16.4     40.0   181300      0.0      0.0      0.0     None      0.0     None      5.2     47.0    14.39      6.1     None     6.70   130000      8.0     None     None     None     None     None     None     None
467410 20160202   1018.1   1021.3   1019.8   091900   1016.6   150200     14.1     16.3   131700     12.7   070800     10.9       82       75   163200      4.7     40.0     12.6     20.0   064700      0.0      0.0      0.0     None      0.0     None      0.0      0.0     5.82      5.9     None     3.68   130000      9.5     None     None     None     None     None     None     None
467410 20160203   1018.5   1021.7   1019.7   093800   1016.6   150000     15.6     19.6   120100     12.8   061500     12.2       81       70   130700      4.2     40.0     10.8     50.0   142500      0.0      0.0      0.0     None      0.0     None      5.4     48.7    13.80      5.1     None     5.59   120000      4.9     None     None     None     None     None     None     None
467410 20160204   1016.6   1019.8   1019.2   083500   1014.1   153900     16.8     20.8   141900     14.5   000800     14.1       85       73   141400      5.1     40.0     12.6     50.0   032800     -9.8      0.1     -9.8   071800     -9.8   071800      6.6     59.4    15.88      3.3     None     6.30   130000      7.6     None     None     None     None     None     None     None
467410 20160205   1014.8   1018.0   1016.5   092100   1011.0   154800     15.7     20.3   144300     13.7   200300     13.0       85       68   143800      6.0     30.0     20.2     60.0   175100      5.5      4.3      1.0   012600      3.0   012600      4.9     44.0    11.76      3.3     None     6.09   130000      8.3     None     None     None     None     None     None     None
467410 20160206   1018.0   1021.3   1021.4   210500   1015.2   001400     12.8     15.6   132000     10.0   232300      5.7       62       49   234900      8.0     40.0     20.0     20.0   160700      0.0      0.0      0.0     None      0.0     None      4.7     42.2    10.24      3.8     None     4.37   140000      4.6     None     None     None     None     None     None     None
467410 20160207   1020.7   1024.0   1022.6   213700   1018.0   141200     12.6     18.7   135600      9.0   062800      4.1       57       45   123700      5.0     40.0     13.3     40.0   011700      0.0      0.0      0.0     None      0.0     None     10.2     91.4    16.84      5.9     None     5.71   130000      0.0     None     None     None     None     None     None     None
467410 20160208   1020.2   1023.4   1022.4   093100   1017.9   144800     14.4     20.6   135800      9.2   033600      3.6       51       26   103700      3.6     60.0     12.3     90.0   093200      0.0      0.0      0.0     None      0.0     None     10.5     93.9    18.45     10.0     None     6.33   130000      0.0     None     None     None     None     None     None     None
467410 20160209   1018.5   1021.8   1021.0   095700   1017.2   233100     16.4     22.5   125600     12.0   044000      8.8       62       39   140800      1.9     80.0      7.7     50.0   144500      0.0      0.0      0.0     None      0.0     None     10.4     92.8    17.43      9.9     None     6.03   130000      1.6     None     None     None     None     None     None     None
467410 20160210   1015.4   1018.6   1017.6   085400   1013.2   235500     17.8     22.2   152400     13.0   030000     11.1       66       38   160400      1.7     80.0      5.8    120.0   070700      0.0      0.0      0.0     None      0.0     None      0.0      0.0     7.16      7.6     None     3.24   120000      7.8     None     None     None     None     None     None     None
467410 20160211   1012.9   1016.1   1014.5   085200   1010.7   144100     20.7     27.6   145600     17.1   065200     16.1       76       53   105100      2.8     80.0     11.5    170.0   150600     10.5      1.4      4.5   174900     10.0   170500      5.2     46.3    13.11      4.1     None     5.74   120000      7.6     None     None     None     None     None     None     None
467410 20160212   1012.1   1015.2   1014.4   094600   1010.5   151300     23.0     26.6   151800     19.6   001500     21.1       89       84   184000      2.9    170.0      9.2    200.0   143500     22.0      2.9      8.0   100000     20.0   091000      1.3     11.5     7.08      8.4     None     4.58   130000      5.5     None     None     None     None     None     None     None
467410 20160213   1011.4   1014.5   1013.6   092500   1009.7   141400     25.1     30.7   123000     21.2   063500     20.3       76       50   125500      2.4    170.0      6.7    180.0   121200      0.0      0.0      0.0     None      0.0     None     10.5     93.1    18.75     18.0     None     7.32   130000      2.5     None     None     None     None     None     None     None
467410 20160214   1012.4   1015.5   1016.5   233800   1010.4   143200     22.5     28.5   124300     14.6   235300     17.2       72       57   123400      3.1     70.0     12.9     90.0   220200      0.0      0.0      0.0     None      0.0     None      7.8     69.0    14.89     15.6     None     5.56   130000      3.5     None     None     None     None     None     None     None
467410 20160215   1018.9   1022.2   1021.2   212300   1016.3   004500     13.3     16.1   135900     10.9   085400      8.7       74       64   141900      5.4     80.0     16.3    110.0   044600      0.0      0.0      0.0     None      0.0     None      0.1      0.9     5.63      6.4     None     3.46   120000      7.8     None     None     None     None     None     None     None
467410 20160216   1020.3   1023.6   1021.7   090400   1018.3   150800     13.6     14.9   201000     12.2   053800      8.9       73       68   111600      2.9     90.0      8.1    120.0   012900      0.0      0.0      0.0     None      0.0     None      0.0      0.0     2.60      6.4     None     1.48   130000      9.8     None     None     None     None     None     None     None
467410 20160217   1019.2   1022.4   1021.1   092400   1017.1   151400     16.4     20.6   143200     13.6   025600     11.1       71       59   110900      2.8     80.0      7.8     60.0   162700      0.0      0.0      0.0     None      0.0     None      1.7     15.0     9.67      6.0     None     4.86   140000      7.6     None     None     None     None     None     None     None
467410 20160218   1017.5   1020.7   1019.6   093400   1015.4   150700     17.8     22.4   121400     15.1   031100     14.5       81       66   123400      3.7     70.0      9.6     90.0   174500      0.0      0.0      0.0     None      0.0     None      3.0     26.4    12.72      3.7     None     6.08   120000      8.1     None     None     None     None     None     None     None
467410 20160219   1016.0   1019.2   1017.9   000500   1013.2   154800     19.2     24.5   122400     16.5   235200     15.6       81       66   121600      3.8     80.0     12.5     50.0   210500      0.0      0.0      0.0     None      0.0     None      8.1     71.1    16.59      3.3     None     5.60   130000      5.5     None     None     None     None     None     None     None
467410 20160220   1017.6   1020.8   1019.9   220600   1015.2   154600     16.6     20.2   135800     14.8   222500     11.1       70       59   144900      5.3     70.0     13.1    110.0   060700      0.0      0.0      0.0     None      0.0     None      1.9     16.6    10.43      5.4     None     5.50   120000      8.8     None     None     None     None     None     None     None
467410 20160221   1018.8   1022.0   1020.4   101400   1017.1   151200     17.8     22.1   145000     14.3   043600     11.8       68       60   131100      2.0     70.0      7.0     60.0   004800      0.0      0.0      0.0     None      0.0     None      1.8     15.7    10.12      5.0     None     4.54   130000      8.5     None     None     None     None     None     None     None
467410 20160222   1017.7   1020.9   1019.5   000100   1015.2   152500     20.0     25.4   120400     16.3   062900     15.3       75       60   120400      2.5     80.0      8.4    100.0   195100      0.0      0.0      0.0     None      0.0     None      8.5     74.2    15.85      4.2     None     6.30   130000      3.5     None     None     None     None     None     None     None
467410 20160223   1017.6   1020.7   1019.8   225800   1015.5   144900     18.4     23.6   132600     14.6   232000     14.2       77       64   134800      4.9     60.0     12.3     90.0   195100      0.0      0.0      0.0     None      0.0     None      6.6     57.5    15.33      5.1     None     5.88   120000      5.5     None     None     None     None     None     None     None
467410 20160224   1021.3   1024.5   1023.7   221900   1018.8   024100     16.2     19.3   132200     14.5   042000     12.0       77       69   124300      4.5     70.0     12.7     90.0   083900     -9.8      0.1     -9.8   000500     -9.8   000500      0.7      6.1    10.40      6.3     None     5.51   130000      9.4     None     None     None     None     None     None     None
467410 20160225   1023.4   1026.6   1025.4   100800   1021.8   154300     17.1     21.2   152300     14.7   031800     12.5       74       64   155800      2.6     60.0      8.5     50.0   223800      0.0      0.0      0.0     None      0.0     None      1.0      8.7     8.66      5.5     None     3.45   140000      8.8     None     None     None     None     None     None     None
467410 20160226   1022.2   1025.4   1024.3   000500   1019.3   151700     17.6     22.0   131500     15.9   061700     13.4       76       65   131300      4.1     70.0      9.9     50.0   072900      0.0      0.0      0.0     None      0.0     None      4.0     34.6    12.00      5.9     None     5.18   140000      7.8     None     None     None     None     None     None     None
467410 20160227   1019.7   1022.9   1021.8   101700   1017.5   144800     17.1     21.8   140500     15.0   235700     14.0       82       67   135100      4.3     60.0     11.0     50.0   180200      0.0      0.0      0.0     None      0.0     None      5.1     44.1    13.65      4.4     None     6.61   130000      5.0     None     None     None     None     None     None     None
467410 20160228   1018.5   1021.7   1019.9   221300   1016.4   155100     18.9     24.8   132100     14.4   061900     15.0       79       61   122600      3.1     70.0      8.7     80.0   050700      0.0      0.0      0.0     None      0.0     None      9.6     82.8    19.11      5.3     None     7.11   130000      5.1     None     None     None     None     None     None     None
467410 20160229   1019.7   1022.9   1021.8   215800   1017.9   143000     19.2     24.5   132600     14.8   235959     13.0       69       45   165600      4.8     60.0     13.9     50.0   153700      0.0      0.0      0.0     None      0.0     None     10.5     90.5    19.79      5.0     None     6.61   120000      2.8     None     None     None     None     None     None     None
467410 20160301   1020.5   1023.7   1021.9   085600   1018.2   155100     17.5     23.2   152300     12.7   061600     10.0       62       46   152200      2.4     70.0      9.4     60.0   010500      0.0      0.0      0.0     None      0.0     None     10.3     88.7    20.22      7.1     None     6.56   130000      0.6     None     None     None     None     None     None     None
467410 20160302   1020.3   1023.5   1022.0   092700   1018.6   145200     18.3     22.7   125800     15.3   032700     12.7       70       54   121700      2.0     20.0      8.4    330.0   133000      0.0      0.0      0.0     None      0.0     None      9.5     81.7    18.53      6.4     None     6.04   130000      2.9     None     None     None     None     None     None     None
467410 20160303   1018.0   1021.2   1020.6   090900   1015.9   151700     19.4     23.9   130200     15.0   060900     13.3       69       48   120400      2.6     60.0      7.9    360.0   142700      0.0      0.0      0.0     None      0.0     None      2.2     18.9    11.89      4.6     None     4.82   120000      6.1     None     None     None     None     None     None     None
467410 20160304   1015.2   1018.4   1017.2   000100   1013.2   152200     21.8     25.4   123100     18.5   055100     14.6       64       52   125200      2.5     80.0      7.2    100.0   090700      0.0      0.0      0.0     None      0.0     None      2.2     18.8    11.83      6.3     None     4.85   120000      7.4     None     None     None     None     None     None     None
467410 20160305   1013.0   1016.1   1014.9   072100   1010.0   154200     23.1     28.4   133000     18.7   055400     16.7       68       54   134000      2.5     80.0      9.2     60.0   130700      0.0      0.0      0.0     None      0.0     None      7.5     64.1    15.92      7.9     None     6.31   130000      6.1     None     None     None     None     None     None     None
467410 20160306   1012.3   1015.4   1013.9   084500   1010.4   153200     23.7     28.7   124000     20.5   064100     17.7       70       49   130200      2.7     70.0      8.4    340.0   144800      0.0      0.0      0.0     None      0.0     None      9.3     79.4    17.50      6.0     None     6.35   130000      5.5     None     None     None     None     None     None     None
467410 20160307   1012.2   1015.4   1014.1   083900   1010.4   155100     22.8     27.5   123600     18.7   051900     18.6       78       60   131700      1.7     60.0      5.8    190.0   130500      0.0      0.0      0.0     None      0.0     None      5.7     48.5    14.33      4.0     None     5.03   120000      6.9     None     None     None     None     None     None     None
467410 20160308   1010.1   1013.2   1012.6   091300   1007.3   162000     24.5     27.3   140700     21.8   051700     20.0       76       66   145300      2.5    220.0     10.8    230.0   162800      0.0      0.0      0.0     None      0.0     None      8.1     68.8    15.67      6.4     None     4.60   130000      5.0     None     None     None     None     None     None     None
467410 20160309   1010.3   1013.5   1013.5   235900   1008.4   143300     22.4     26.3   112100     17.8   233800     18.7       80       72   080800      2.7     20.0      9.4    340.0   135400     -9.8      0.5     -9.8   102000     -9.8   102000      1.5     12.7     7.91      9.3     None     2.88   140000      7.5     None     None     None     None     None     None     None
467410 20160310   1014.4   1017.7   1017.9   235959   1012.2   031000     14.7     18.0   001500     11.7   231000     13.3       91       82   012300      4.6     70.0     16.2     60.0   180000     16.5      7.9      2.5   202200      5.5   193200      0.0      0.0     1.41      4.7     None     2.09   130000      9.8     None     None     None     None     None     None     None
467410 20160311   1017.3   1020.6   1018.8   100900   1015.7   012500     12.8     14.3   151400     11.2   040600     11.8       94       88   165100      3.9     90.0     11.7    100.0   010100     13.0      5.8      1.0   000100      4.5   024300      0.0      0.0     3.01      3.4     None     1.55   130000      9.9     None     None     None     None     None     None     None
467410 20160312   1014.9   1018.1   1017.5   000100   1012.6   145700     17.6     22.3   125200     13.4   000100     14.3       82       68   140800      2.5     90.0      6.5     90.0   001100      0.0      0.0      0.0     None      0.0     None      1.2     10.1    10.21      3.8     None     4.77   130000      8.9     None     None     None     None     None     None     None
467410 20160313   1011.4   1014.6   1014.4   000100   1008.1   163000     20.6     24.5   145300     17.3   044100     17.9       85       74   144900      3.0     80.0     12.4     80.0   224100      2.5      0.2      2.5   223900      2.5   223900      0.5      4.2     5.67      3.8     None     2.84   150000      8.6     None     None     None     None     None     None     None
467410 20160314   1012.8   1016.0   1014.4   103400   1010.5   042700     16.1     18.6   003100     14.7   223800     13.7       86       76   142700      4.2     70.0     13.5     60.0   031100      1.5      1.3      1.0   052700      1.5   045000      0.0      0.0     3.69      6.6     None     2.78   130000      9.6     None     None     None     None     None     None     None
467410 20160315   1013.5   1016.7   1015.5   083600   1012.1   152100     15.6     16.9   145600     14.3   020700     14.0       90       86   073400      2.6     80.0      7.7     60.0   181100     -9.8      0.4     -9.8   054200     -9.8   054200      0.0      0.0     1.73      2.5     None     1.77   130000      9.9     None     None     None     None     None     None     None
467410 20160316   1012.4   1015.5   1014.5   083700   1010.1   135400     19.9     26.1   141200     16.0   000100     16.4       81       64   140100      3.2     80.0      8.2     70.0   184900      0.0      0.0      0.0     None      0.0     None      5.3     44.4    14.84      3.7     None     5.12   140000      5.1     None     None     None     None     None     None     None
467410 20160317   1012.0   1015.2   1013.9   084100   1010.0   165400     21.7     26.8   120100     17.6   013000     18.3       82       68   112500      1.7     80.0      6.2    120.0   011600      0.0      0.0      0.0     None      0.0     None      5.3     44.3    14.89      2.3     None     5.11   120000      4.5     None     None     None     None     None     None     None
467410 20160318   1009.7   1012.8   1011.2   090800   1007.6   150600     24.9     29.8   114400     20.4   011300     21.7       83       66   124900      3.1    230.0     12.4    240.0   133500      0.0      0.0      0.0     None      0.0     None      8.5     70.9    17.62      5.1     None     6.34   130000      2.8     None     None     None     None     None     None     None
467410 20160319   1010.9   1014.0   1014.1   224600   1009.0   034100     24.4     27.9   124900     22.0   235400     21.6       85       73   124900      2.5     60.0      9.4     60.0   151200      0.0      0.0      0.0     None      0.0     None      3.8     31.6    11.87      5.4     None     5.33   130000      6.1     None     None     None     None     None     None     None
467410 20160320   1012.4   1015.5   1014.0   093600   1010.4   003500     22.2     26.5   135200     19.8   184000     19.4       84       73   141900      3.1     50.0     11.4     90.0   172600      0.0      0.0      0.0     None      0.0     None      1.9     15.8    11.80      4.0     None     5.62   130000      9.4     None     None     None     None     None     None     None
467410 20160321   1012.7   1015.9   1014.3   232500   1011.4   152800     19.5     24.1   104400     18.3   170200     17.0       86       69   112700      3.9     80.0     12.9     50.0   134600      8.5      3.8      2.0   172700      5.0   170500      0.3      2.5     5.39      2.3     None     3.40   110000      8.4     None     None     None     None     None     None     None
467410 20160322   1011.2   1014.4   1013.6   000100   1009.2   154000     20.7     24.1   144400     17.9   031700     18.6       88       77   145700      2.9     40.0      8.1     40.0   073800      2.5      2.1      1.0   031700      2.5   024200      2.3     19.0    10.78      2.0     None     4.19   140000      9.0     None     None     None     None     None     None     None
467410 20160323   1010.2   1013.4   1013.9   230700   1008.1   150100     20.9     26.5   122800     17.6   235500     19.5       92       75   122600      2.4     40.0     10.4     40.0   224500     39.0      5.4      7.5   164300     18.5   162600      0.4      3.3     4.42      2.0     None     4.06   120000      9.1     None     None     None     None     None     None     None
467410 20160324   1015.3   1018.5   1018.4   225100   1012.0   033900     14.4     17.7   000500     12.5   235800     12.9       91       82   074800      4.7     20.0     13.4     30.0   023100      2.5      4.0      0.5   093400      1.0   093200      0.0      0.0     1.24      4.9     None     2.03   130000      9.5     None     None     None     None     None     None     None
467410 20160325   1018.2   1021.5   1020.2   213300   1016.3   135100     12.6     14.7   152000     11.6   052500     11.7       94       83   155300      4.5     30.0     11.5     20.0   023200     10.5     10.8      1.0   183900      2.5   174900      0.0      0.0     2.32      4.5     None     1.73   140000      9.6     None     None     None     None     None     None     None
467410 20160326   1018.3   1021.6   1019.9   083200   1015.9   170200     16.1     22.5   135200     11.4   061200      9.1       64       48   125600      4.2     30.0     11.7     30.0   013800      0.0      0.0      0.0     None      0.0     None     11.2     92.0    22.87     11.4     None     8.09   120000      1.8     None     None     None     None     None     None     None
467410 20160327   1019.7   1022.9   1021.6   092200   1017.8   021000     16.3     21.4   132700     13.4   032700      9.3       64       47   121300      5.0     20.0     13.5     20.0   095400      0.0      0.0      0.0     None      0.0     None      7.8     64.0    20.79      5.3     None     7.08   130000      3.0     None     None     None     None     None     None     None
467410 20160328   1020.2   1023.4   1021.7   080200   1018.4   151000     17.5     23.6   124000     11.5   060200      8.3       57       35   140300      3.3     40.0      8.8    350.0   154400      0.0      0.0      0.0     None      0.0     None     11.2     91.7    23.17      7.3     None     7.70   120000      0.0     None     None     None     None     None     None     None
467410 20160329   1018.6   1021.8   1021.1   081400   1015.9   161100     20.3     26.4   133600     15.7   051300     11.8       59       41   123800      2.3     40.0      7.7    350.0   144600      0.0      0.0      0.0     None      0.0     None      4.2     34.3    16.39      5.3     None     5.59   130000      4.4     None     None     None     None     None     None     None
467410 20160330   1015.7   1018.8   1017.9   000700   1013.6   151000     22.9     29.0   132300     17.8   050300     16.0       66       49   121200      1.6     40.0      6.1    220.0   142500      0.0      0.0      0.0     None      0.0     None      9.4     76.6    18.49      4.9     None     6.42   130000      3.0     None     None     None     None     None     None     None
467410 20160331   1012.0   1015.1   1014.4   000600   1010.3   155300     24.3     29.1   114800     22.3   001600     19.8       76       68   114700      1.6    360.0      7.8    230.0   120900      0.0      0.0      0.0     None      0.0     None      4.5     36.6    13.75      3.3     None     7.00   130000      5.6     None     None     None     None     None     None     None
467410 20160401   1012.1   1015.2   1013.8   095000   1010.3   023800     23.7     27.1   152100     21.1   061600     19.9       79       66   155500      1.8     40.0      6.8    330.0   125400      0.0      0.0      0.0     None      0.0     None      1.7     13.8    12.17      2.4     None     4.69   140000      3.6     None     None     None     None     None     None     None
467410 20160402   1012.8   1015.9   1014.6   084200   1010.8   153200     24.8     29.3   144700     21.7   053900     20.5       78       60   144700      1.8     40.0      5.9    250.0   150500      0.0      0.0      0.0     None      0.0     None      8.1     65.7    17.18      3.1     None     5.13   130000      5.4     None     None     None     None     None     None     None
467410 20160403   1011.8   1014.9   1013.7   000200   1010.1   165300     25.8     29.8   133000     23.0   060600     21.7       78       64   154900      1.9    340.0      8.0    250.0   112700      0.0      0.0      0.0     None      0.0     None      6.6     53.4    16.44      5.6     None     5.68   130000      2.8     None     None     None     None     None     None     None
467410 20160404   1010.5   1013.6   1012.1   223800   1008.9   162400     26.0     29.5   143600     23.0   061900     21.5       77       64   130300      1.6    320.0      6.0    330.0   180800      0.0      0.0      0.0     None      0.0     None      6.9     55.7    16.87      8.6     None     5.84   120000      4.9     None     None     None     None     None     None     None
467410 20160405   1011.7   1014.8   1013.6   084600   1009.9   162000     25.8     30.3   124600     22.6   052400     21.2       76       56   124600      2.0     50.0      5.6     50.0   040300      0.0      0.0      0.0     None      0.0     None      7.5     60.5    19.05      5.4     None     8.48   130000      3.5     None     None     None     None     None     None     None
467410 20160406   1010.9   1014.0   1013.2   082800   1008.7   151200     27.3     31.0   155500     23.6   052100     21.8       73       59   162100      2.9    200.0     14.2    230.0   160600      0.0      0.0      0.0     None      0.0     None     10.8     86.9    21.73      6.4     None     7.32   130000      0.5     None     None     None     None     None     None     None
467410 20160407   1011.1   1014.2   1012.7   214300   1009.4   162400     27.9     31.4   125700     25.6   060000     23.6       78       66   104600      4.3    230.0     12.5    230.0   123100      0.0      0.0      0.0     None      0.0     None     10.8     86.8    22.06     10.8     None     8.18   130000      3.1     None     None     None     None     None     None     None
467410 20160408   1011.0   1014.1   1012.4   000100   1009.3   151700     27.2     31.5   140300     24.9   225500     22.6       77       49   140300      1.9     40.0      7.7    360.0   170000      0.0      0.0      0.0     None      0.0     None     11.0     88.2    23.26      9.5     None     8.94   120000      3.1     None     None     None     None     None     None     None
467410 20160409   1009.9   1013.0   1011.6   000100   1007.0   155100     26.2     30.9   112800     22.5   060400     21.4       75       55   125900      2.3     60.0      6.7    350.0   114000      0.0      0.0      0.0     None      0.0     None      8.1     64.9    20.49      8.7     None     7.38   120000      2.9     None     None     None     None     None     None     None
467410 20160410   1008.0   1011.1   1010.0   211900   1006.2   154000     25.9     31.2   105000     22.2   185500     21.5       77       56   104000      2.4    140.0     13.9    360.0   172400     16.5      4.9      4.0   173400     10.0   173100      2.0     16.0    10.91      9.8     None     4.61   110000      7.1     None     None     None     None     None     None     None
467410 20160411   1008.2   1011.3   1009.8   212200   1006.5   142600     23.8     27.9   101800     21.2   194100     21.4       87       75   103800      2.4    110.0      9.6    350.0   165900     16.0      6.8      3.0   050000      5.5   180100      1.8     14.4    10.21     10.0     None     4.45   110000      8.8     None     None     None     None     None     None     None
467410 20160412   1007.2   1010.3   1009.5   072200   1004.3   165900     25.0     29.8   141200     21.3   052600     21.4       81       67   123800      2.0     20.0      6.8     50.0   065400      2.5      1.7      1.5   222000      2.0   222000      5.2     41.4    18.16      3.3     None     7.16   130000      6.3     None     None     None     None     None     None     None
467410 20160413   1005.3   1008.4   1007.8   222800   1002.8   133100     25.1     29.3   100900     23.2   235959     22.5       86       68   091900      3.3    170.0     13.6    220.0   135100     10.0      6.2      5.5   134300      8.0   134300      2.5     19.9     6.39      8.8     None     2.45   100000      8.5     None     None     None     None     None     None     None
467410 20160414   1008.4   1011.5   1010.8   220900   1006.2   042000     25.1     29.1   110800     22.3   041500     22.8       87       73   110600      2.4    140.0      8.5    170.0   111500     35.0      8.9      7.5   035300     13.0   030500      0.8      6.3     7.29      6.3     None     2.72   110000      9.0     None     None     None     None     None     None     None
467410 20160415   1010.2   1013.3   1011.9   210300   1008.2   021600     24.8     28.3   110700     22.6   043900     23.1       90       83   102300      2.8    130.0     10.1    180.0   112200     47.5      5.0     12.5   005800     23.5   002600      1.2      9.5     8.45      6.6     None     3.53   110000      7.1     None     None     None     None     None     None     None
467410 20160416   1009.4   1012.5   1011.4   212400   1007.8   162800     27.4     31.1   144700     22.6   060000     22.3       75       59   170200      2.8    220.0     12.7    180.0   113300      0.0      0.0      0.0     None      0.0     None     11.1     87.8    22.89     12.1     None     9.97   130000      2.4     None     None     None     None     None     None     None
467410 20160417   1009.6   1012.7   1011.2   091300   1007.6   170700     28.0     31.0   115100     25.2   054600     22.7       73       65   135600      1.3    270.0      6.2    280.0   125300      0.0      0.0      0.0     None      0.0     None     10.5     82.9    21.51     16.3     None     8.69   120000      1.4     None     None     None     None     None     None     None
467410 20160418   1011.7   1014.8   1014.3   223300   1009.2   030200     25.3     32.1   134600     20.0   233100     20.6       76       54   134500      3.9     20.0     12.0    360.0   171700     14.0      1.1      9.0   073400     14.0   070500      5.1     40.2    17.30     14.4     None    10.32   120000      6.4     None     None     None     None     None     None     None
467410 20160419   1014.5   1017.7   1016.6   084800   1012.9   033800     23.9     29.1   121500     19.3   014500     19.4       77       63   121500      3.0     70.0      8.8     90.0   005500      0.0      0.0      0.0     None      0.0     None      7.4     58.2    20.36      5.8     None     8.81   120000      4.6     None     None     None     None     None     None     None
467410 20160420   1012.0   1015.1   1015.2   000100   1009.6   171100     26.1     30.3   124100     22.5   035200     22.3       80       66   125700      1.8     80.0      8.0     90.0   002000      0.0      0.0      0.0     None      0.0     None      8.1     63.6    19.78      3.8     None     7.24   120000      2.5     None     None     None     None     None     None     None
467410 20160421   1009.8   1012.9   1011.4   104300   1008.4   154700     28.2     32.0   124800     25.1   021600     24.4       80       67   133000      3.3    220.0     11.4    230.0   102800      0.0      0.0      0.0     None      0.0     None     10.6     83.1    22.31     10.4     None    10.72   120000      4.6     None     None     None     None     None     None     None
467410 20160422   1008.4   1011.5   1009.6   081900   1007.2   152300     28.0     32.5   112800     25.7   045700     23.0       75       52   110800      1.5    300.0      7.4    300.0   141900      0.0      0.0      0.0     None      0.0     None     10.5     82.2    23.42     10.0     None    11.02   120000      2.9     None     None     None     None     None     None     None
467410 20160423   1007.6   1010.7   1009.0   071800   1005.9   154800     28.0     31.3   110400     25.2   043400     23.6       77       64   152700      2.6    240.0      8.6    250.0   123500      0.0      0.0      0.0     None      0.0     None      7.9     61.8    19.36      8.6     None     8.21   140000      4.5     None     None     None     None     None     None     None
467410 20160424   1007.7   1010.8   1009.5   214400   1005.8   155600     26.7     30.8   114300     24.4   064400     23.1       81       58   115500      2.1    200.0      9.8    210.0   182100      4.5      4.0      0.5   052100      2.0   062300      0.7      5.5     9.52     12.9     None     7.47   120000      7.3     None     None     None     None     None     None     None
467410 20160425   1009.0   1012.1   1010.3   220600   1007.3   040000     27.9     31.8   120000     25.1   000100     23.0       75       62   090000      1.8    250.0      6.3    240.0   114000      0.0      0.0      0.0     None      0.0     None      3.4     26.5    15.39     12.0     None     9.31   120000      7.5     None     None     None     None     None     None     None
467410 20160426   1008.2   1011.2   1009.9   000500   1005.5   164700     28.2     31.3   110000     25.2   023700     23.8       77       64   141700      2.7    240.0      9.0    230.0   135600      0.0      0.0      0.0     None      0.0     None     10.2     79.4    22.46     11.3     None     9.54   120000      2.0     None     None     None     None     None     None     None
467410 20160427   1006.2   1009.3   1007.6   081900   1004.5   163000     27.9     31.9   103900     26.1   050300     23.1       76       59   103800      1.9    280.0      7.2    280.0   124300      0.0      0.0      0.0     None      0.0     None      4.8     37.3    15.97     10.4     None     9.34   120000      5.9     None     None     None     None     None     None     None
467410 20160428   1007.2   1010.3   1009.3   214700   1005.9   025200     28.2     32.1   135400     25.7   235400     22.8       73       64   135000      2.3    340.0      9.9    330.0   144600      0.0      0.0      0.0     None      0.0     None      7.4     57.4    20.29      9.4     None     9.26   120000      5.5     None     None     None     None     None     None     None
467410 20160429   1010.1   1013.2   1011.7   201000   1008.1   031800     25.9     30.6   131800     22.2   042600     17.8       61       47   161000      3.1     50.0      8.6     10.0   142500      0.0      0.0      0.0     None      0.0     None      8.7     67.4    21.03      5.1     None     7.97   120000      2.8     None     None     None     None     None     None     None
467410 20160430   1010.0   1013.1   1011.3   221200   1008.5   155300     26.0     29.7   125900     22.9   234900     19.1       66       55   132100      2.2     50.0      9.2     90.0   234100      0.0      0.0      0.0     None      0.0     None      4.7     36.3    17.37      3.9     None     7.30   130000      5.3     None     None     None     None     None     None     None
467410 20160501   1009.7   1012.8   1011.6   083800   1007.6   165100     26.0     29.4   151600     22.9   000600     20.5       72       63   121300      2.0     70.0      8.3    100.0   081600      0.0      0.0      0.0     None      0.0     None      2.1     16.2    11.82      4.9     None     5.45   150000      6.9     None     None     None     None     None     None     None
467410 20160502   1008.9   1012.0   1010.5   084400   1007.5   164200     27.9     31.7   131800     25.7   020000     23.6       77       67   080100      2.5    220.0     11.7    220.0   123700      0.0      0.0      0.0     None      0.0     None      4.4     33.9    13.95      7.8     None     6.04   130000      4.1     None     None     None     None     None     None     None
467410 20160503   1009.0   1012.1   1010.6   215000   1007.5   155400     28.4     31.7   134600     26.0   054400     23.8       77       61   132500      1.8    300.0      8.2    260.0   115700      0.0      0.0      0.0     None      0.0     None     10.2     78.5    22.12     13.6     None    10.13   130000      2.3     None     None     None     None     None     None     None
467410 20160504   1009.7   1012.8   1010.8   080300   1008.1   162600     28.7     32.3   104900     26.1   052600     23.2       73       58   110000      1.9    180.0      8.2    270.0   114100      0.0      0.0      0.0     None      0.0     None      9.8     75.3    21.77     13.9     None     9.93   120000      4.3     None     None     None     None     None     None     None
467410 20160505   1009.2   1012.3   1010.8   080000   1007.4   162500     29.2     32.7   110100     26.5   041600     24.0       74       55   113700      3.4    220.0     12.1    230.0   140200      0.0      0.0      0.0     None      0.0     None      8.2     63.0    21.43     12.1     None    10.61   120000      3.4     None     None     None     None     None     None     None
467410 20160506   1008.3   1011.3   1009.9   084700   1006.3   165500     29.3     32.4   105900     26.6   050900     24.9       77       68   095300      3.1    190.0      8.0    280.0   125800      0.0      0.0      0.0     None      0.0     None     11.7     89.7    24.99     18.5     None    10.99   120000      2.6     None     None     None     None     None     None     None
467410 20160507   1009.2   1012.2   1010.8   221000   1007.9   050500     29.5     32.5   142200     26.8   060100     24.9       77       62   143900      1.7    220.0      7.2    290.0   135900      0.0      0.0      0.0     None      0.0     None     11.7     89.6    24.33     11.3     None    10.10   120000      4.9     None     None     None     None     None     None     None
467410 20160508   1009.8   1012.8   1011.2   090700   1008.0   160100     29.8     33.0   121500     27.4   054100     25.0       76       64   111700      2.3    240.0     11.2    240.0   124500      0.0      0.0      0.0     None      0.0     None     10.3     78.8    22.30     15.1     None     9.83   120000      4.3     None     None     None     None     None     None     None
467410 20160509   1008.4   1011.4   1010.6   000100   1006.2   162300     29.9     33.8   113700     26.9   060000     24.6       74       57   112600      3.8    220.0     13.4    230.0   131700      0.0      0.0      0.0     None      0.0     None     10.8     82.5    24.98     19.8     None    11.59   120000      3.5     None     None     None     None     None     None     None
467410 20160510   1006.7   1009.7   1008.0   091700   1005.2   181400     28.6     32.8   121300     24.4   234200     24.2       78       62   113800      3.0    240.0     10.3    230.0   091900     17.0      1.9      4.0   233200     14.0   230000      4.3     32.8    16.38     12.9     None    10.61   130000      7.5     None     None     None     None     None     None     None
467410 20160511   1005.6   1008.7   1007.1   000100   1004.4   035600     26.1     28.4   113200     24.1   001600     23.1       84       72   082600      1.7    110.0      6.5     50.0   202900      7.0      3.0      2.5   000100      3.5   000100      0.2      1.5     5.13      9.5     None     3.63   120000      8.5     None     None     None     None     None     None     None
467410 20160512   1007.0   1010.0   1008.4   230600   1005.5   030200     27.9     32.5   123600     24.5   052500     23.3       77       59   134700      1.8     70.0      7.4    260.0   143800      0.0      0.0      0.0     None      0.0     None      8.8     66.9    21.55      5.3     None    10.03   130000      5.1     None     None     None     None     None     None     None
467410 20160513   1009.6   1012.7   1012.2   221700   1007.6   025200     28.9     33.2   115200     26.4   040700     23.3       72       57   115200      2.4     70.0      9.5    340.0   144400      0.0      0.0      0.0     None      0.0     None      7.7     58.5    21.75      8.0     None     8.93   120000      4.6     None     None     None     None     None     None     None
467410 20160514   1011.2   1014.3   1012.7   091900   1009.9   032100     28.7     32.6   113900     26.0   040100     23.7       75       63   113900      2.4    340.0      9.6    330.0   140300      0.0      0.0      0.0     None      0.0     None      7.7     58.4    20.75      9.5     None     9.29   130000      4.6     None     None     None     None     None     None     None
467410 20160515   1008.9   1011.9   1011.1   000100   1006.5   154100     29.1     33.6   124800     26.1   054900     23.3       71       58   154600      2.0    320.0      7.7    290.0   130400      0.0      0.0      0.0     None      0.0     None     11.2     84.9    24.04      9.3     None    10.37   130000      5.4     None     None     None     None     None     None     None
467410 20160516   1006.8   1009.9   1008.4   000100   1005.0   162000     27.1     31.9   130900     22.6   235900     21.9       73       65   162900      2.9     50.0     12.5     50.0   173800      0.0      0.0      0.0     None      0.0     None      4.2     31.8    14.68     14.0     None     7.07   130000      7.3     None     None     None     None     None     None     None
467410 20160517   1008.6   1011.7   1010.4   091000   1007.2   023300     25.0     30.7   124200     21.3   052900     19.4       72       59   124200      3.2     60.0      9.3    340.0   161300      0.0      0.0      0.0     None      0.0     None      6.1     46.1    20.37      8.5     None     9.45   130000      5.6     None     None     None     None     None     None     None
467410 20160518   1008.6   1011.7   1010.0   082800   1006.9   163500     26.3     32.1   115300     21.6   054800     20.9       73       57   115300      3.6     60.0     10.9    360.0   151100      0.0      0.0      0.0     None      0.0     None     11.1     83.8    22.64      7.1     None     9.21   120000      4.4     None     None     None     None     None     None     None
467410 20160519   1006.8   1009.9   1008.6   000100   1004.6   154200     27.8     32.3   122000     24.0   051800     22.0       72       51   133000      2.4     50.0      9.8    360.0   150600      0.0      0.0      0.0     None      0.0     None     10.0     75.4    22.77      5.1     None     9.26   120000      4.0     None     None     None     None     None     None     None
467410 20160520   1005.9   1009.0   1007.5   222300   1004.6   145000     28.0     32.0   125100     25.9   021700     23.1       75       65   125100      1.5    340.0      7.0    330.0   165900      0.0      0.0      0.0     None      0.0     None      1.2      9.0    13.04      5.5     None     7.49   130000      6.6     None     None     None     None     None     None     None
467410 20160521   1006.7   1009.8   1008.4   105000   1005.1   022600     26.4     27.8   000300     25.3   194800     24.0       87       75   000100      1.8    170.0      8.8    150.0   203400      6.6      9.2      0.5   100900      2.5   101400      0.0      0.0     2.52      4.8     None     1.67   130000      9.3     None     None     None     None     None     None     None
467410 20160522   1006.3   1009.4   1007.7   214500   1004.6   163300     27.0     30.8   140800     24.6   173500     23.9       84       71   144400      3.1    150.0     13.7    230.0   121900     23.5      3.8      6.0   171800     18.5   170900      1.4     10.5    10.06     13.8     None     6.17   140000      9.1     None     None     None     None     None     None     None
467410 20160523   1005.8   1008.9   1007.3   000100   1003.9   160200     27.4     31.0   093800     25.1   000100     25.0       87       72   100900      3.5    220.0     12.8    230.0   105600     29.5      2.9      6.0   201800     14.5   214400      5.3     39.8    16.49     13.5     None     7.27   150000      7.8     None     None     None     None     None     None     None
467410 20160524   1004.8   1007.9   1006.5   224700   1003.0   154400     27.4     30.9   143200     25.4   020700     25.1       88       75   145900      2.1    350.0      7.8    350.0   152700      3.0      2.1      1.0   020800      1.5   013600      3.0     22.5    12.74     10.0     None     6.18   130000      7.6     None     None     None     None     None     None     None
467410 20160525   1006.3   1009.3   1008.1   213700   1004.8   024300     28.5     32.1   144800     26.0   060500     24.0       77       63   140500      1.5    280.0      6.3    290.0   145100      0.0      0.0      0.0     None      0.0     None      8.4     63.0    21.94      9.8     None    10.74   130000      4.6     None     None     None     None     None     None     None
467410 20160526   1007.1   1010.2   1008.7   222300   1005.6   154000     29.6     33.5   113700     26.5   041700     24.2       73       60   113700      2.7    220.0      9.7    250.0   123000      0.0      0.0      0.0     None      0.0     None     11.1     83.2    23.62     16.6     None    11.51   120000      6.3     None     None     None     None     None     None     None
467410 20160527   1008.1   1011.1   1010.0   220000   1006.9   030100     31.0     34.7   122000     27.6   050000     24.4       69       54   132800      3.5    210.0     12.9    220.0   134400      0.0      0.0      0.0     None      0.0     None     12.6     94.3    26.88     20.0     None    12.05   120000      3.1     None     None     None     None     None     None     None
467410 20160528   1007.8   1010.9   1009.4   081800   1005.9   153600     30.3     33.8   120400     27.9   051700     24.8       73       61   133200      3.9    220.0     10.4    220.0   123900      0.0      0.0      0.0     None      0.0     None     11.9     89.0    25.62     21.9     None    12.15   130000      3.6     None     None     None     None     None     None     None
467410 20160529   1006.9   1010.0   1008.1   000100   1005.2   154100     29.8     33.0   115200     28.0   052100     25.6       79       67   112900      2.6    270.0      9.0    270.0   144300      0.2      0.1      0.2   145300      0.2   145300      9.9     74.0    25.13     17.1     None    11.79   130000      4.3     None     None     None     None     None     None     None
467410 20160530   1007.2   1010.2   1008.9   221000   1005.6   154300     30.0     32.8   105200     27.8   061600     26.0       79       69   141400      2.0    290.0      9.3    280.0   130900      0.5      0.2      0.5   060900      0.5   060900      7.2     53.8    21.28     15.4     None    12.15   120000      5.8     None     None     None     None     None     None     None
467410 20160531   1007.5   1010.6   1008.9   085100   1006.0   164100     30.4     33.4   130200     27.9   052100     25.7       76       65   130200      2.2    320.0      8.9    340.0   101900      0.0      0.0      0.0     None      0.0     None     12.1     90.3    25.71     19.4     None    11.86   130000      2.4     None     None     None     None     None     None     None
467410 20160601   1005.9   1008.9   1007.7   084100   1004.0   163400     30.3     33.7   135200     28.3   050500     25.5       76       62   124800      2.4    200.0      8.5    280.0   113600      0.0      0.0      0.0     None      0.0     None     10.9     81.3    24.35     17.5     None    10.68   130000      4.0     None     None     None     None     None     None     None
467410 20160602   1004.6   1007.6   1006.7   230200   1003.0   160100     29.9     32.8   121200     28.1   044500     25.8       79       70   121000      2.3    260.0      9.0    280.0   131000      0.5      0.3      0.3   040100      0.3   040100      4.7     35.0    17.99     14.0     None     8.39   120000      6.8     None     None     None     None     None     None     None
467410 20160603   1005.3   1008.3   1007.0   091500   1003.8   163600     30.1     33.5   124100     27.3   013700     26.1       80       64   132600      2.5    280.0      8.4    270.0   171600      4.5      2.0      3.5   012200      4.0   010000     10.0     74.5    27.16     17.4     None    10.79   120000      3.8     None     None     None     None     None     None     None
467410 20160604   1006.4   1009.5   1008.2   221300   1005.0   155000     30.3     33.1   135600     28.4   052400     26.0       78       68   122100      2.4    290.0      8.8    280.0   125100      1.5      0.1      1.5   101200      1.5   101200     10.9     81.1    23.13     14.3     None    10.40   130000      3.1     None     None     None     None     None     None     None
467410 20160605   1006.7   1009.8   1008.1   221500   1005.2   161600     29.4     33.4   144900     25.4   190200     25.4       79       64   135500      2.2    160.0      7.9    170.0   185200     14.5      2.1      9.0   183800     14.0   180600      6.6     49.1    19.20     15.1     None     9.62   120000      6.9     None     None     None     None     None     None     None
467410 20160606   1006.9   1010.0   1007.9   000100   1005.6   173300     28.7     32.1   111300     26.4   023200     24.6       79       70   111100      2.1    160.0      8.8    280.0   114900      0.5      0.4      0.5   124000      0.5   124000      4.5     33.5    15.38     16.3     None     8.62   110000      5.5     None     None     None     None     None     None     None
467410 20160607   1006.2   1009.2   1007.4   074100   1004.4   154500     29.1     32.6   121000     26.3   214900     24.7       78       63   133300      2.0    290.0      7.8    300.0   131800      7.5      0.5      6.0   213700      7.5   213600      9.7     72.1    20.75     17.3     None     9.57   130000      6.3     None     None     None     None     None     None     None
467410 20160608   1004.6   1007.7   1006.1   000100   1002.5   155500     28.9     32.8   122300     26.6   000400     24.6       78       65   114800      2.9    190.0      8.0    270.0   165600      0.0      0.0      0.0     None      0.0     None      7.3     54.2    21.92     13.8     None     7.93   130000      6.1     None     None     None     None     None     None     None
467410 20160609   1004.8   1007.9   1006.3   214400   1003.6   121800     28.2     31.1   115700     25.5   074700     24.6       81       70   124500      2.8    180.0      8.9    250.0   160000     13.0      1.1      8.5   052600     13.0   051500      2.1     15.6    13.56     13.3     None     5.94   120000      7.0     None     None     None     None     None     None     None
467410 20160610   1005.6   1008.7   1006.9   110800   1004.4   162100     25.8     27.1   000200     24.8   211800     24.3       92       83   000200      3.4    190.0     13.0    190.0   222900     44.0     15.4      4.5   120700      9.0   115100      0.0      0.0     4.10     12.6     None     1.67   150000      8.9     None     None     None     None     None     None     None
467410 20160611   1006.6   1009.7   1008.2   101300   1004.7   025400     25.2     26.3   190000     24.0   042800     24.2       94       82   234200      3.7    160.0     11.3    230.0   042300    137.0     16.8     19.0   101400     48.0   100100      0.0      0.0     2.29      7.0     None     1.58   150000      9.6     None     None     None     None     None     None     None
467410 20160612   1005.7   1008.8   1006.8   000100   1004.7   123800     26.3     29.8   083700     24.7   020800     24.6       90       81   003300      3.4    160.0     16.6    210.0   124300     46.0      7.3     10.0   093400     15.5   090100      1.1      8.2     5.92     10.5     None     3.21   120000      7.6     None     None     None     None     None     None     None
467410 20160613   1004.8   1007.9   1007.2   095400   1003.0   184900     25.6     28.4   070000     24.0   133000     24.2       92       83   005200      2.6    110.0     13.4    280.0   080200     89.5     10.7     17.5   134400     40.0   125400      0.0      0.0     1.23     10.5     None     2.26   120000      8.3     None     None     None     None     None     None     None
467410 20160614   1004.4   1007.5   1005.3   084800   1003.2   022100     28.3     31.8   160200     24.8   012700     25.5       85       76   154200      3.1    130.0     10.1    230.0   114100      6.0      1.8      4.0   075900      4.0   070900      6.1     45.2    16.64     11.5     None     8.81   120000      7.6     None     None     None     None     None     None     None
467410 20160615   1005.4   1008.5   1006.7   111700   1004.2   015200     29.1     32.4   145200     26.1   021900     26.2       85       70   144900      3.2    180.0      8.7    210.0   125100      4.5      1.1      2.5   020400      3.5   020400      7.8     57.8    19.61     11.6     None     9.51   130000      5.4     None     None     None     None     None     None     None
467410 20160616   1006.2   1009.3   1007.6   221000   1004.5   020000     29.4     32.9   144000     26.8   061400     26.3       84       70   144000      2.7    220.0      8.0    220.0   142700      6.0      3.3      2.0   055800      3.0   080500      8.5     63.0    22.11     10.9     None    10.57   120000      5.0     None     None     None     None     None     None     None
467410 20160617   1007.6   1010.6   1009.7   220900   1005.4   033700     29.7     33.2   125500     27.2   053400     25.8       80       67   125400      2.9    230.0     10.1    220.0   133900      0.0      0.0      0.0     None      0.0     None     11.7     86.7    24.96     15.9     None    10.60   130000      3.9     None     None     None     None     None     None     None
467410 20160618   1009.5   1012.5   1010.9   210100   1007.9   033000     30.2     33.4   115400     27.4   050400     25.7       77       66   104600      2.7    240.0      9.0    250.0   131800      0.0      0.0      0.0     None      0.0     None     11.9     88.1    26.60     20.6     None    10.63   120000      2.8     None     None     None     None     None     None     None
467410 20160619   1008.4   1011.5   1009.7   212800   1006.7   154000     29.9     34.6   121700     27.4   175600     25.1       76       59   114300      2.1     10.0      9.2     30.0   170800      1.5      0.9      1.0   150600      1.5   141600      6.5     48.1    15.37     17.5     None     8.61   120000      3.5     None     None     None     None     None     None     None
467410 20160620   1007.3   1010.4   1008.5   000100   1005.7   163000     29.6     33.4   125100     26.6   051300     24.0       72       64   142000      2.0    110.0     10.1    260.0   160300      0.0      0.0      0.0     None      0.0     None      8.9     65.9    20.19     17.1     None     7.37   140000      4.1     None     None     None     None     None     None     None
467410 20160621   1007.6   1010.6   1008.7   102400   1006.4   011500     30.0     33.7   102000     27.0   044700     24.7       73       59   102000      2.2    110.0      7.9    250.0   134800      0.0      0.0      0.0     None      0.0     None     10.1     74.8    22.29     16.9     None     8.91   140000      4.5     None     None     None     None     None     None     None
467410 20160622   1007.3   1010.4   1008.6   074200   1005.8   162900     30.7     33.9   122600     28.3   054600     25.5       74       58   115900      2.6    200.0      9.1    220.0   121600      0.0      0.0      0.0     None      0.0     None     12.3     91.1    25.69     18.8     None     9.40   120000      2.5     None     None     None     None     None     None     None
467410 20160623   1006.5   1009.6   1007.6   072500   1005.2   144900     30.3     33.9   115800     28.2   034500     25.6       76       60   123000      2.7    240.0      9.7    290.0   135800      0.0      0.0      0.0     None      0.0     None      8.7     64.4    24.13     20.4     None    10.20   130000      4.0     None     None     None     None     None     None     None
467410 20160624   1006.2   1009.2   1007.6   213400   1004.7   154000     30.7     33.7   102800     27.8   054400     25.3       73       64   121700      3.2    150.0     11.3    220.0   122400      0.0      0.0      0.0     None      0.0     None     10.9     80.7    25.56     21.9     None    10.93   130000      2.5     None     None     None     None     None     None     None
467410 20160625   1007.1   1010.1   1009.0   221900   1005.8   152100     30.9     33.8   101300     28.3   051200     25.9       75       66   155900      3.2    240.0     10.7    220.0   084000      0.0      0.0      0.0     None      0.0     None     12.4     91.8    26.28     20.6     None    10.92   130000      5.0     None     None     None     None     None     None     None
467410 20160626   1007.5   1010.6   1009.1   213500   1005.9   145500     30.8     34.1   133000     28.7   042300     25.6       74       59   130600      2.2    220.0      8.9    220.0   120700      0.0      0.0      0.0     None      0.0     None      7.0     51.9    20.15     15.6     None     9.39   130000      4.6     None     None     None     None     None     None     None
467410 20160627   1006.4   1009.4   1008.8   224500   1004.5   154200     31.2     34.7   105300     28.3   050700     25.4       72       62   105200      2.2    320.0      8.7    300.0   121300      0.0      0.0      0.0     None      0.0     None      9.9     73.3    23.52     18.1     None     9.70   130000      4.9     None     None     None     None     None     None     None
467410 20160628   1007.7   1010.7   1010.2   222800   1006.1   033500     31.6     35.1   134100     28.9   032700     25.0       69       56   110300      4.6    210.0     17.2    200.0   114400      0.0      0.0      0.0     None      0.0     None      9.3     68.9    23.21     22.9     None    10.30   130000      3.8     None     None     None     None     None     None     None
467410 20160629   1009.6   1012.7   1012.2   221500   1008.0   160100     31.1     34.5   091700     28.7   041800     25.1       71       59   091700      4.3    200.0     14.3    210.0   111400      0.0      0.0      0.0     None      0.0     None     11.5     85.2    23.10     21.9     None     9.12   130000      5.8     None     None     None     None     None     None     None
467410 20160630   1009.5   1012.5   1011.4   000100   1006.9   165100     30.4     33.8   124600     27.3   213000     25.0       73       61   104700      3.0    250.0     10.6    250.0   152000      0.0      0.0      0.0     None      0.0     None     10.3     76.4    25.20     21.8     None     9.94   120000      5.6     None     None     None     None     None     None     None
467410 20160701   1007.5   1010.6   1009.0   000100   1005.9   162300     30.7     34.7   115900     28.3   060500     24.9       71       63   094000      2.4     90.0      9.9    230.0   171500      0.0      0.0      0.0     None      0.0     None      8.7     64.5    22.03     15.1     None     8.58   130000      4.1     None     None     None     None     None     None     None
467410 20160702   1007.7   1010.7   1009.2   222200   1005.7   155700     31.1     34.4   114900     28.3   045400     25.2       71       59   105700      3.6    200.0     13.1    220.0   143600      0.0      0.0      0.0     None      0.0     None     10.4     77.2    23.98     17.4     None     9.29   120000      5.6     None     None     None     None     None     None     None
467410 20160703   1007.8   1010.8   1009.1   083300   1006.2   160900     30.5     33.8   100500     27.9   214000     25.7       76       65   105100      3.8    230.0     11.2    230.0   112100      1.0      0.3      1.0   213600      1.0   213600      8.2     60.9    19.82     19.3     None     8.03   120000      5.3     None     None     None     None     None     None     None
467410 20160704   1006.0   1009.1   1007.7   000100   1003.6   165400     30.6     34.7   141500     27.8   233500     24.7       71       61   132100      3.5    220.0     12.1    240.0   164300      0.0      0.0      0.0     None      0.0     None     10.7     79.5    24.18     20.3     None     8.86   130000      2.6     None     None     None     None     None     None     None
467410 20160705   1006.1   1009.2   1007.7   095300   1004.6   174700     30.9     34.2   113100     27.0   043600     24.2       68       57   134500      3.5     50.0     11.6     80.0   084000      0.0      0.0      0.0     None      0.0     None      6.7     49.8    16.16     20.4     None     6.86   120000      4.4     None     None     None     None     None     None     None
467410 20160706   1005.2   1008.2   1006.4   000100   1003.8   155000     30.8     34.1   123700     28.7   042800     25.0       71       60   122600      1.9    270.0      8.4    330.0   151600      0.0      0.0      0.0     None      0.0     None      8.9     66.2    22.22     13.3     None     9.67   130000      3.4     None     None     None     None     None     None     None
467410 20160707    999.2   1002.2   1004.3   000100    993.3   234900     30.7     34.2   123200     28.2   063600     24.9       71       62   104100      2.9     30.0      9.8     40.0   163300      0.0      0.0      0.0     None      0.0     None      4.3     32.0    17.12     12.5     None     7.73   130000      6.4     None     None     None     None     None     None     None
467410 20160708    986.8    989.8    993.5   000300    980.0   094400     27.1     29.6   001500     24.7   131000     25.3       90       74   005000      7.6     10.0     27.0     40.0   065800    155.0     13.6     14.0   123900     61.0   115400      0.0      0.0     1.46      6.8     None     1.12   150000      9.8     None     None     None     None     None     None     None
467410 20160709    995.7    998.7    999.1   222200    990.5   000100     27.9     30.1   124300     25.6   170900     26.2       91       82   161400      5.6    190.0     18.0    210.0   170100     22.5      9.1     14.5   165700     15.0   165700      0.0      0.0     5.83     12.0     None     4.96   120000      9.3     None     None     None     None     None     None     None
467410 20160710   1000.1   1003.2   1002.2   204300    998.3   014900     27.0     28.8   000100     24.9   213800     25.2       90       82   093700      4.0    180.0     13.5    170.0   201900     27.0      6.0     10.0   154800     17.5   154900      0.1      0.7     4.65      9.5     None     3.17   150000      8.9     None     None     None     None     None     None     None
467410 20160711   1002.7   1005.8   1004.3   214400   1001.2   035400     26.2     27.9   193400     24.7   105400     24.9       93       89   060000      3.7    140.0     12.6    180.0   214300    117.5      9.2     14.0   153400     34.0   152100      0.8      6.0     2.47     10.1     None     1.11   130000      8.1     None     None     None     None     None     None     None
467410 20160712   1004.4   1007.4   1006.5   232100   1002.9   023900     26.9     30.8   140400     25.0   103100     25.4       92       80   143900      4.0    150.0     14.9    240.0   100200     31.5      4.6      9.0   095700     22.0   094600      1.8     13.4    10.95     11.6     None     6.41   130000      8.5     None     None     None     None     None     None     None
467410 20160713   1005.4   1008.5   1007.4   233200   1003.8   155900     29.3     33.2   120600     25.4   000900     24.8       78       60   125200      3.5    200.0     10.1    220.0   144400      0.0      0.0      0.0     None      0.0     None     10.2     76.2    22.74     19.5     None    10.18   130000      4.6     None     None     None     None     None     None     None
467410 20160714   1006.4   1009.4   1008.0   214100   1005.1   153600     30.1     33.2   112400     27.5   040400     25.6       77       66   123200      3.2    210.0      9.7    210.0   153100      0.0      0.0      0.0     None      0.0     None     11.4     85.2    27.27     14.5     None    10.60   130000      2.4     None     None     None     None     None     None     None
467410 20160715   1005.8   1008.9   1007.3   225100   1004.2   163900     30.1     33.5   105300     27.7   053500     25.7       78       65   105300      2.2    270.0      8.7    270.0   150000      0.0      0.0      0.0     None      0.0     None      8.4     62.8    21.39     12.3     None    10.44   130000      4.1     None     None     None     None     None     None     None
467410 20160716   1006.6   1009.6   1008.0   103800   1004.7   030500     30.5     33.8   124700     27.8   053300     25.9       77       63   124700      2.2    290.0      8.0    320.0   153000      0.0      0.0      0.0     None      0.0     None     10.5     78.6    22.93     16.5     None    10.51   130000      3.4     None     None     None     None     None     None     None
467410 20160717   1006.9   1010.0   1008.3   083800   1005.8   145900     30.4     33.5   101600     28.6   235800     25.8       77       68   124300      2.3    230.0      9.2    330.0   135000      0.0      0.0      0.0     None      0.0     None      6.1     45.7    19.43     12.6     None     9.63   120000      5.5     None     None     None     None     None     None     None
467410 20160718   1006.6   1009.6   1007.4   083900   1005.4   032200     29.5     33.5   113200     26.2   192400     24.1       73       59   110800      2.6    150.0      8.7    130.0   174500      0.0      0.0      0.0     None      0.0     None      8.7     65.2    22.27     17.9     None    10.24   120000      6.0     None     None     None     None     None     None     None
467410 20160719   1007.4   1010.5   1009.4   222600   1006.0   032600     29.8     33.5   123800     27.2   001600     23.9       71       62   112500      2.6    150.0      9.4    220.0   125700      0.0      0.0      0.0     None      0.0     None      6.6     49.5    19.59     12.6     None    10.91   130000      6.9     None     None     None     None     None     None     None
467410 20160720   1008.5   1011.6   1009.7   214800   1007.3   042600     30.1     33.5   112000     27.1   054400     24.4       72       62   111900      2.5    160.0      8.2    270.0   112500      0.0      0.0      0.0     None      0.0     None     11.2     84.1    23.89     14.9     None     9.19   140000      3.3     None     None     None     None     None     None     None
467410 20160721   1008.8   1011.8   1010.3   083200   1007.4   170800     30.7     34.6   130700     27.6   045700     24.7       71       59   115400      2.1    330.0      8.8    320.0   151800      0.0      0.0      0.0     None      0.0     None     12.1     91.0    24.36     15.6     None     9.62   130000      2.1     None     None     None     None     None     None     None
467410 20160722   1007.6   1010.6   1009.0   074500   1006.0   153500     30.9     33.8   134500     28.6   045200     24.6       70       53   170000      2.3    330.0      9.3    330.0   125100      0.0      0.0      0.0     None      0.0     None     10.0     75.2    23.09     14.6     None     8.91   130000      2.8     None     None     None     None     None     None     None
467410 20160723   1006.6   1009.6   1008.1   075500   1005.0   162000     30.5     33.9   112300     27.7   042900     23.8       68       56   151600      2.2    320.0      7.9    320.0   125000      0.0      0.0      0.0     None      0.0     None     11.7     88.1    25.22     18.5     None     9.86   120000      1.6     None     None     None     None     None     None     None
467410 20160724   1006.3   1009.4   1007.7   071500   1004.6   164200     30.8     34.1   114700     28.4   061900     24.8       70       59   123300      2.1    320.0      8.2    320.0   135700      0.5      0.5      0.5   234900      0.5   233000     10.3     77.7    23.19     13.4     None     9.58   130000      3.4     None     None     None     None     None     None     None
467410 20160725   1006.4   1009.4   1007.7   083800   1004.7   160500     31.3     34.5   134400     28.7   000300     24.2       67       53   151000      3.3    350.0     11.7    350.0   124300     -9.8      0.3     -9.8   001000     -9.8   000100      7.7     58.1    21.65     13.6     None     9.13   130000      6.0     None     None     None     None     None     None     None
467410 20160726   1006.4   1009.4   1007.8   214900   1004.9   152400     31.2     35.0   130500     29.0   050200     24.0       66       50   121800      2.3    320.0      8.6    340.0   140500      0.0      0.0      0.0     None      0.0     None     12.0     90.7    24.71     11.4     None     9.60   130000      2.3     None     None     None     None     None     None     None
467410 20160727   1006.9   1009.9   1008.0   220800   1005.5   154600     31.0     34.4   130200     28.2   045300     24.7       70       58   104400      2.1    340.0      8.2    330.0   154500      0.0      0.0      0.0     None      0.0     None     12.3     93.1    25.72     14.6     None    10.10   130000      2.6     None     None     None     None     None     None     None
467410 20160728   1006.4   1009.5   1008.0   212500   1004.8   163200     30.6     33.7   125700     27.6   051500     24.9       72       64   115400      2.4    280.0     11.5    270.0   153000      0.0      0.0      0.0     None      0.0     None     11.0     83.3    24.67     19.9     None     9.82   130000      3.0     None     None     None     None     None     None     None
467410 20160729   1005.2   1008.3   1006.6   000100   1003.6   153100     30.3     34.2   110400     27.9   055400     24.4       71       61   110100      2.5    160.0      9.9    230.0   150000      0.0      0.0      0.0     None      0.0     None      9.4     71.3    21.84     14.8     None     9.21   130000      2.4     None     None     None     None     None     None     None
467410 20160730   1004.1   1007.1   1005.7   081300   1002.1   163200     30.0     34.4   141800     27.1   191900     24.5       73       59   141700      2.7    340.0     10.2    290.0   131200      5.0      1.9      3.5   175900      4.0   175000      7.4     56.2    20.26     10.9     None     8.68   130000      4.8     None     None     None     None     None     None     None
467410 20160731   1001.0   1004.0   1004.1   000100    998.2   184600     29.8     34.0   155500     26.0   174200     25.4       78       64   101100      2.1    330.0     10.2    190.0   172900     14.0      2.3      8.5   173400     12.0   170500      8.5     64.6    20.82      8.6     None     8.23   130000      5.0     None     None     None     None     None     None     None
467410 20160801    999.2   1002.2   1002.3   221700    996.5   052400     28.6     30.1   174900     27.1   101000     24.9       80       68   235100      3.2    190.0     15.6    190.0   223900      2.5      4.5      0.5   081100      1.5   093400      1.2      9.1     8.60     10.1     None     4.73   130000      7.9     None     None     None     None     None     None     None
467410 20160802   1003.6   1006.6   1006.5   223800   1001.7   021100     30.4     34.5   111900     26.7   051300     24.2       70       51   111400      4.1    210.0     13.0    220.0   103100      0.0      0.0      0.0     None      0.0     None     10.2     77.7    24.20     21.0     None    10.16   130000      6.3     None     None     None     None     None     None     None
467410 20160803   1006.3   1009.3   1008.2   213600   1004.7   023100     30.0     33.6   114600     27.9   041500     24.8       74       63   103800      2.4    270.0      7.1    270.0   134100      4.5      1.5      2.5   231700      3.0   230700      8.7     66.4    20.52     15.4     None     8.90   120000      5.4     None     None     None     None     None     None     None
467410 20160804   1006.7   1009.7   1008.1   214500   1005.4   152300     30.6     34.4   121900     28.1   052700     25.2       74       59   105200      2.5    330.0      8.9    330.0   114800      0.5      0.3      0.5   000800      0.5   000100     10.4     79.5    24.15     13.1     None     9.52   130000      5.3     None     None     None     None     None     None     None
467410 20160805   1005.1   1008.2   1007.3   000100   1003.0   164800     30.4     33.6   135500     28.4   051900     24.8       72       62   093200      2.7    320.0      9.5    320.0   154900      0.0      0.0      0.0     None      0.0     None     11.9     91.0    24.75     15.0     None    10.65   130000      3.6     None     None     None     None     None     None     None
467410 20160806   1001.0   1004.0   1003.8   000100    998.3   153700     30.3     33.9   132000     28.5   213000     25.6       77       66   131900      2.6     30.0      9.5    350.0   153100      0.0      0.0      0.0     None      0.0     None      5.7     43.7    18.71      9.1     None     8.52   130000      5.4     None     None     None     None     None     None     None
467410 20160807    999.5   1002.6   1001.7   221400    997.2   151500     30.0     33.5   134800     27.3   075800     25.6       77       68   141900      2.7    200.0     10.8    320.0   130300      5.5      0.7      3.5   065400      5.5   063500      8.2     62.9    21.03     10.0     None     7.91   130000      4.9     None     None     None     None     None     None     None
467410 20160808    999.7   1002.7   1001.5   092600    997.4   165800     30.2     34.0   123100     27.1   093700     25.7       77       63   122200      3.4    350.0      9.8    350.0   163600      0.5      0.1      0.5   091200      0.5   091200      7.1     54.5    17.55     14.4     None     7.69   120000      4.5     None     None     None     None     None     None     None
467410 20160809    999.1   1002.1   1000.3   214600    996.8   155600     29.6     32.9   130800     27.5   185700     25.0       77       70   154900      2.2    330.0      8.8     70.0   182100      0.0      0.0      0.0     None      0.0     None      3.5     26.9    13.64     11.9     None     5.43   130000      6.6     None     None     None     None     None     None     None
467410 20160810   1000.1   1003.1   1001.4   212100    998.3   145200     29.3     34.1   132300     26.8   170400     24.3       75       63   135800      2.1    120.0      8.9    320.0   135100      0.5      0.7      0.5   164300      0.5   164300      5.1     39.3    13.97     15.5     None     6.89   140000      6.3     None     None     None     None     None     None     None
467410 20160811    999.9   1002.9   1001.2   214400    998.4   152100     28.5     32.8   130500     25.6   051400     24.9       81       70   130400      3.3    230.0     11.2    240.0   135400      5.0      2.2      1.5   044900      4.0   044800      1.1      8.5    12.63     11.4     None     7.19   130000      8.5     None     None     None     None     None     None     None
467410 20160812   1000.9   1004.0   1002.6   083900    999.7   161300     27.0     29.1   134600     25.3   063000     25.0       89       80   150000      2.1    190.0      6.8    190.0   131900     22.5     12.0      3.5   020900      9.5   031800      0.0      0.0     7.16      9.8     None     3.86   140000      9.3     None     None     None     None     None     None     None
467410 20160813    999.8   1002.9   1000.7   210400    998.9   143300     26.5     27.3   204200     25.8   030100     24.6       89       85   075600      2.7    160.0      9.9    200.0   110900      4.0      5.6      0.5   095500      1.0   100400      0.0      0.0     5.02     10.8     None     2.32   140000      8.4     None     None     None     None     None     None     None
467410 20160814    999.1   1002.2   1000.2   075300    997.8   153100     28.5     32.6   131600     26.1   053400     24.8       81       65   131500      2.0    160.0     11.7    220.0   163300     -9.8      0.2     -9.8   090500     -9.8   090500      3.5     27.1    16.26      9.9     None     8.85   130000      7.1     None     None     None     None     None     None     None
467410 20160815    998.8   1001.8    999.7   212600    996.8   161900     29.1     32.7   115100     26.8   055900     24.2       75       61   122400      3.3    190.0     14.5    220.0   124100      0.0      0.0      0.0     None      0.0     None      3.7     28.7    15.51     17.3     None     6.67   120000      7.1     None     None     None     None     None     None     None
467410 20160816    999.4   1002.5   1001.0   211200    997.8   031500     27.2     31.9   140000     25.1   174000     24.3       84       68   140800      4.3    180.0     15.4    240.0   142000     12.5      4.0      3.5   173200      8.0   165800      1.8     14.0    12.31     13.6     None     8.41   130000      8.3     None     None     None     None     None     None     None
467410 20160817    999.6   1002.7   1000.9   215700    997.9   153400     27.7     31.4   110400     25.5   180200     24.9       85       71   110300      3.8    170.0     12.8    230.0   160100      6.0      2.5      3.5   160700      5.0   160500      2.1     16.4    13.07     14.8     None     5.69   140000      7.4     None     None     None     None     None     None     None
467410 20160818   1000.7   1003.7   1002.8   222100    998.9   042700     28.8     32.6   115100     26.1   051900     25.4       82       71   122900      3.0    180.0      8.6    200.0   133200      4.0      1.5      3.0   230100      3.5   223500      2.9     22.6    11.58     11.0     None     5.67   120000      7.8     None     None     None     None     None     None     None
467410 20160819   1002.7   1005.8   1004.3   205400   1001.3   035400     28.0     32.8   110300     24.3   172700     24.9       83       70   105400      2.7    150.0     12.6    140.0   170000      5.5      3.0      1.5   002200      3.5   001000      7.9     61.7    20.74     13.8     None     8.85   130000      6.0     None     None     None     None     None     None     None
467410 20160820   1002.1   1005.1   1003.9   000100    999.7   163200     29.4     33.2   124000     25.8   031100     24.3       75       62   100500      1.7    310.0      7.4    330.0   135100      0.0      0.0      0.0     None      0.0     None     11.8     92.3    24.06     18.9     None     9.73   130000      2.5     None     None     None     None     None     None     None
467410 20160821   1000.8   1003.9   1002.4   222400    999.4   152300     29.9     33.5   132500     27.4   030400     24.5       73       60   124200      1.9    190.0      7.6    310.0   143000      0.0      0.0      0.0     None      0.0     None      9.8     76.8    21.67     12.8     None     8.86   130000      4.1     None     None     None     None     None     None     None
467410 20160822   1001.9   1004.9   1002.8   073400   1000.7   160100     30.4     34.0   134800     28.1   023800     25.2       74       61   104500      2.6    340.0      9.5    350.0   125100      0.0      0.0      0.0     None      0.0     None      9.0     70.7    20.53     10.8     None     7.38   140000      4.3     None     None     None     None     None     None     None
467410 20160823   1001.5   1004.5   1002.9   083800    999.6   161300     30.3     33.7   120700     28.5   003700     25.5       76       59   123900      1.9    300.0      6.3    290.0   112600      0.0      0.0      0.0     None      0.0     None      9.5     74.7    20.68      8.4     None     8.92   120000      4.1     None     None     None     None     None     None     None
467410 20160824   1000.8   1003.8   1002.4   214300    999.7   143500     30.2     33.6   135100     28.4   220700     25.8       78       60   121000      2.5    280.0      7.4    270.0   154500     -9.8      0.1     -9.8   220700     -9.8   220700      8.0     63.0    20.21      6.5     None     8.77   120000      6.0     None     None     None     None     None     None     None
467410 20160825   1001.2   1004.2   1002.9   093100    999.5   171500     30.1     33.0   121400     28.2   055700     25.7       77       68   105600      2.2    180.0      7.3    290.0   135700      0.0      0.0      0.0     None      0.0     None      7.3     57.6    17.76      6.0     None     7.85   130000      5.3     None     None     None     None     None     None     None
467410 20160826   1002.1   1005.1   1004.8   220600   1000.5   160300     30.3     33.2   144700     28.6   052800     25.7       77       64   143500      2.5    340.0      9.4    340.0   170600      0.0      0.0      0.0     None      0.0     None      6.9     54.5    18.60      6.5     None     7.38   120000      4.4     None     None     None     None     None     None     None
467410 20160827   1003.2   1006.2   1004.4   090500   1001.3   162400     30.5     34.5   123100     27.9   041600     25.3       74       61   124400      2.4    330.0      9.4    330.0   153600      0.0      0.0      0.0     None      0.0     None      9.1     72.0    20.00      8.2     None     7.38   130000      3.9     None     None     None     None     None     None     None
467410 20160828   1002.5   1005.5   1003.8   081300   1000.4   155800     30.3     34.3   123000     27.8   064400     25.4       75       62   112100      2.6     10.0     10.3    360.0   145900      0.0      0.0      0.0     None      0.0     None      6.6     52.3    18.68      9.4     None     6.96   130000      6.3     None     None     None     None     None     None     None
467410 20160829   1003.2   1006.2   1005.3   222400   1001.5   034700     28.9     32.2   140100     25.0   042900     25.0       80       65   145800      2.0    180.0     13.8    250.0   040800     18.0      1.5      7.0   040700     17.5   035700      4.0     31.8    14.70      6.5     None     4.52   110000      8.1     None     None     None     None     None     None     None
467410 20160830   1004.2   1007.3   1005.6   074800   1002.4   162100     28.3     32.9   122100     26.2   034900     22.4       71       54   122100      2.5     40.0      8.1    240.0   013500      0.0      0.0      0.0     None      0.0     None      0.7      5.6    11.10      6.9     None     5.98   130000      8.6     None     None     None     None     None     None     None
467410 20160831   1003.4   1006.4   1004.7   102400   1001.9   150300     28.9     32.7   142900     25.3   005700     22.1       67       51   160200      2.2    320.0      8.3    340.0   115000      0.0      0.0      0.0     None      0.0     None      9.8     78.1    21.30      8.8     None     7.72   120000      3.8     None     None     None     None     None     None     None
467410 20160901   1002.5   1005.6   1004.1   000100   1000.4   164000     29.2     33.6   141900     26.7   052100     23.0       70       50   145500      2.5    160.0     10.4    240.0   222800      0.0      0.0      0.0     None      0.0     None      7.9     63.1    18.03      9.6     None     7.48   130000      3.9     None     None     None     None     None     None     None
467410 20160902   1001.7   1004.8   1003.5   100000   1000.3   150300     26.2     28.5   000100     24.9   201900     24.5       90       79   000100      2.8    160.0     11.3    170.0   091200    124.0      9.8     14.0   201300     31.5   193200      0.0      0.0     1.59      9.4     None     1.51   120000      8.8     None     None     None     None     None     None     None
467410 20160903   1001.8   1004.8   1003.3   233700   1000.3   050500     27.6     31.3   115700     25.1   012500     25.4       88       77   144400      2.3    160.0      7.0    120.0   045900      5.5      1.8      3.5   082400      5.0   082000      1.1      8.8    10.67     10.8     None     6.42   110000      7.4     None     None     None     None     None     None     None
467410 20160904   1002.9   1006.0   1004.4   100400   1001.4   141500     28.1     31.5   130300     25.8   050000     25.5       86       72   144300      2.0    340.0      8.0     80.0   191800      7.5      5.3      3.0   044600      5.5   041000      1.8     14.5    12.79      9.1     None     6.88   130000      9.3     None     None     None     None     None     None     None
467410 20160905   1003.7   1006.8   1005.9   214000   1002.3   144500     28.4     32.2   124900     26.3   045200     25.4       84       72   124900      2.5    160.0      9.6    240.0   144000      6.0      2.4      3.5   185800      5.5   181300      4.4     35.4    16.58      9.4     None     6.70   130000      7.3     None     None     None     None     None     None     None
467410 20160906   1005.9   1009.0   1007.9   210900   1004.5   024300     25.7     27.9   084600     24.2   190600     24.4       92       83   072000      3.1    180.0     12.6    180.0   190200    250.0     15.3     16.0   125700     67.5   123100      0.2      1.6     2.44      5.8     None     1.47   100000      9.3     None     None     None     None     None     None     None
467410 20160907   1007.0   1010.1   1008.6   202500   1005.4   151500     25.0     29.7   122000     23.9   194500     24.0       94       85   123400      3.2    140.0     13.1    260.0   160900    130.5     17.7      9.5   090300     29.0   083700      0.5      4.0     6.09      7.4     None     5.93   120000      9.4     None     None     None     None     None     None     None
467410 20160908   1007.0   1010.1   1007.9   211700   1005.9   031800     26.4     30.5   110200     24.4   023200     23.6       85       70   091100      2.4    140.0      8.6    190.0   152700     12.0      4.5      4.0   151600      9.0   150200      2.0     16.2     6.60     14.4     None     4.29   110000      7.8     None     None     None     None     None     None     None
467410 20160909   1006.7   1009.8   1007.6   080100   1005.4   143100     28.5     32.8   125700     25.5   025800     24.3       78       67   115900      2.3    270.0      8.3    250.0   160800      0.0      0.0      0.0     None      0.0     None      5.7     46.2    20.07     14.5     None     9.27   120000      7.5     None     None     None     None     None     None     None
467410 20160910   1006.1   1009.1   1007.4   210900   1004.4   144600     28.9     32.4   120400     26.3   050500     24.6       78       68   120300      2.2    150.0      8.3    280.0   150800      0.0      0.0      0.0     None      0.0     None      9.7     78.7    20.35     15.9     None     8.77   130000      5.6     None     None     None     None     None     None     None
467410 20160911   1006.3   1009.3   1008.6   215900   1004.2   143500     30.0     33.9   134300     27.0   052500     24.5       73       61   120600      1.6    310.0      6.4    270.0   105000      0.0      0.0      0.0     None      0.0     None     10.1     82.1    22.14     16.6     None     9.74   120000      4.0     None     None     None     None     None     None     None
467410 20160912   1007.4   1010.4   1009.4   215000   1005.4   141000     29.9     33.8   134900     27.3   235959     24.7       74       59   113100      3.3     40.0     10.5     40.0   171300      0.0      0.0      0.0     None      0.0     None      9.9     80.6    20.59     11.6     None     8.84   120000      2.4     None     None     None     None     None     None     None
467410 20160913   1004.5   1007.6   1008.4   001500    999.2   234800     28.8     32.0   115700     26.5   061800     24.5       78       65   115600      3.5     20.0     11.4     20.0   131200      0.0      0.0      0.0     None      0.0     None      4.8     39.2    15.76      8.8     None     6.93   120000      7.1     None     None     None     None     None     None     None
467410 20160914    992.1    995.1   1000.2   235500    983.0   113300     26.2     28.8   113400     23.6   212400     24.5       91       72   132300      8.3     40.0     37.1    140.0   150300     80.0     16.2      8.5   211400     28.5   202900      0.0      0.0     2.29      6.1     None     2.90   110000      9.3     None     None     None     None     None     None     None
467410 20160915   1002.5   1005.5   1004.2   095800   1000.3   000100     26.9     31.1   121400     22.8   064500     24.6       88       74   164700      5.3    180.0     17.9    160.0   061900     59.5     10.8      6.0   040200     18.5   054100      2.7     22.1     9.97     11.0     None     7.71   130000      7.5     None     None     None     None     None     None     None
467410 20160916   1002.2   1005.2   1003.5   074300   1000.6   175600     29.3     32.7   141400     26.1   041500     23.8       73       59   163100      3.6    350.0     11.9     30.0   094900      0.0      0.0      0.0     None      0.0     None     10.1     82.9    21.25     18.8     None     8.67   130000      4.8     None     None     None     None     None     None     None
467410 20160917   1001.9   1004.9   1003.8   221600   1000.5   150800     28.7     31.6   134100     27.3   053300     25.1       81       71   132500      3.3    310.0      9.5    330.0   141000     -9.8      0.1     -9.8   114800     -9.8   114800      5.0     41.1    14.71      9.9     None     7.34   140000      6.8     None     None     None     None     None     None     None
467410 20160918   1003.4   1006.4   1005.0   212800   1001.8   152400     29.0     33.1   125100     25.2   045200     23.5       73       59   131100      3.4     10.0     11.4     40.0   040800      0.0      0.0      0.0     None      0.0     None      9.5     78.3    21.18     15.4     None     8.15   130000      6.3     None     None     None     None     None     None     None
467410 20160919   1004.8   1007.9   1007.1   210700   1003.1   134000     28.4     32.7   132900     26.1   234500     22.6       71       58   132200      2.3     20.0      9.0    140.0   153200      0.0      0.0      0.0     None      0.0     None      6.5     53.6    18.33      7.3     None     7.29   130000      5.0     None     None     None     None     None     None     None
467410 20160920   1008.0   1011.1   1010.5   213000   1006.2   012300     28.4     33.0   125800     25.5   041400     22.5       71       58   124000      2.0     30.0      8.5    330.0   130800      0.0      0.0      0.0     None      0.0     None      7.2     59.5    17.92      6.8     None     5.93   130000      3.5     None     None     None     None     None     None     None
467410 20160921   1010.6   1013.7   1012.1   213500   1009.1   153000     28.4     32.9   124100     25.8   014900     22.6       71       56   124900      2.1    360.0      8.0    350.0   165300      0.0      0.0      0.0     None      0.0     None     10.6     87.8    20.32      6.8     None     7.35   130000      3.5     None     None     None     None     None     None     None
467410 20160922   1009.9   1013.0   1011.3   000100   1008.5   143400     28.7     33.1   141900     26.1   060300     22.8       71       49   150500      1.6     20.0      6.1    230.0   133100      0.0      0.0      0.0     None      0.0     None      7.3     60.6    18.18      7.4     None     6.95   120000      3.1     None     None     None     None     None     None     None
467410 20160923   1008.3   1011.4   1010.1   000100   1005.8   152100     28.8     32.0   144800     26.4   033600     23.7       74       64   134900      1.9    320.0      6.7    310.0   134200      0.3      0.4      0.2   210900      0.3   210100      4.2     34.9    15.29      6.5     None     5.48   120000      6.8     None     None     None     None     None     None     None
467410 20160924   1006.7   1009.8   1008.5   000100   1004.5   152000     28.5     31.6   130400     26.0   045500     23.8       76       66   152900      2.3     20.0      7.8    320.0   145600      0.0      0.0      0.0     None      0.0     None      5.6     46.7    15.20      5.8     None     4.15   130000      4.1     None     None     None     None     None     None     None
467410 20160925   1005.4   1008.5   1007.1   000100   1003.5   152200     28.7     33.3   122300     25.6   062700     23.7       75       60   111400      2.6     10.0      9.5    310.0   141300      0.0      0.0      0.0     None      0.0     None      9.3     77.6    19.21      6.1     None     6.09   120000      1.5     None     None     None     None     None     None     None
467410 20160926   1000.8   1003.8   1004.4   000100    996.8   234200     29.0     33.5   131600     26.6   044900     24.3       76       59   131600      3.2     10.0     10.4    360.0   203100      0.0      0.0      0.0     None      0.0     None      5.2     43.5    15.60      7.5     None     7.14   130000      4.8     None     None     None     None     None     None     None
467410 20160927    985.7    988.7    996.8   000100    975.7   174200     26.4     28.2   015600     24.4   215000     24.7       91       78   000100     11.1     10.0     36.6    270.0   185000    266.5     15.2     19.5   190700     80.0   183900      0.0      0.0     0.06      4.0     None     0.70   120000      9.8     None     None     None     None     None     None     None
467410 20160928    997.0   1000.1   1002.7   234200    988.9   000100     25.4     29.1   134400     24.1   112900     24.9       97       90   135000      6.8    160.0     24.0    220.0   001200    104.0     20.5     13.0   103900     38.0   103800      0.0      0.0     1.49      4.0     None     1.67   140000      9.8     None     None     None     None     None     None     None
467410 20160929   1003.9   1007.0   1006.3   220700   1000.4   034900     27.9     32.3   130900     24.3   000400     24.9       84       65   153300      4.2    180.0     14.4    200.0   141800    135.0      8.1     10.5   033800     37.5   054900      6.2     52.2    16.81      6.3     None     6.77   130000      7.5     None     None     None     None     None     None     None
467410 20160930   1006.3   1009.4   1008.6   221200   1004.9   023700     27.3     33.3   112900     24.3   140600     24.2       84       62   112900      2.0     40.0      9.3    180.0   134600     39.5      5.5      8.5   132800     31.0   131200      5.3     44.7    11.06      7.4     None     6.16   110000      5.4     None     None     None     None     None     None     None
467410 20161001   1007.7   1010.8   1009.2   224500   1006.4   033700     27.0     31.5   122500     25.5   153600     24.7       87       69   122400      1.6     30.0      6.8    210.0   145900     11.5      3.2     10.5   145600     11.5   142000      0.8      6.8     9.59      5.0     None     4.88   120000      7.4     None     None     None     None     None     None     None
467410 20161002   1006.6   1009.7   1008.8   000100   1004.5   164200     28.5     32.7   124900     25.8   000100     24.0       77       58   141500      3.1     10.0     11.0     10.0   131100      0.0      0.0      0.0     None      0.0     None      9.1     77.0    18.88      8.4     None     6.74   120000      4.4     None     None     None     None     None     None     None
467410 20161003   1004.4   1007.4   1006.0   000100   1002.5   150600     28.3     32.0   121500     26.6   063800     24.5       80       66   140300      2.4    350.0      9.1     20.0   163500      0.0      0.0      0.0     None      0.0     None      6.4     54.2    16.53      7.0     None     6.96   130000      6.1     None     None     None     None     None     None     None
467410 20161004   1004.8   1007.9   1006.4   225000   1003.1   145700     28.6     31.5   111500     26.3   052500     23.8       76       65   144600      1.7    250.0      6.8    210.0   110500      0.0      0.0      0.0     None      0.0     None      8.4     71.3    18.60      7.3     None     7.47   120000      5.3     None     None     None     None     None     None     None
467410 20161005   1005.3   1008.3   1007.2   090900   1003.5   155900     29.2     32.0   143900     26.9   054800     24.1       75       59   162200      1.7    320.0      6.8    300.0   134900      0.0      0.0      0.0     None      0.0     None      8.1     68.9    18.96      6.6     None     7.79   120000      5.3     None     None     None     None     None     None     None
467410 20161006   1004.8   1007.9   1006.1   081000   1003.2   013100     28.0     31.0   115400     25.3   063100     24.4       81       66   120600      1.9    330.0      7.2    130.0   035000      1.5      2.0      0.5   043000      1.0   071800      1.5     12.8     9.59      5.1     None     5.34   120000      8.3     None     None     None     None     None     None     None
467410 20161007   1004.8   1007.8   1006.5   210500   1003.0   140400     27.9     32.2   124700     25.7   231800     23.7       78       60   124700      2.2    140.0      7.2    170.0   170900     -9.8      1.2     -9.8   022800     -9.8   022800      4.5     38.4    12.83      6.6     None     5.78   120000      6.6     None     None     None     None     None     None     None
467410 20161008   1005.5   1008.6   1006.9   083100   1004.2   141800     25.7     26.6   162100     24.5   051300     24.3       92       85   000300      3.3    150.0     12.3    130.0   131400     25.0     14.4      2.5   044500      8.5   044600      0.0      0.0     4.49     10.4     None     2.78   120000      8.5     None     None     None     None     None     None     None
467410 20161009   1005.2   1008.3   1006.8   095800   1003.8   031500     24.8     26.4   002800     22.8   234200     23.5       93       86   233400      3.1     30.0      9.5    140.0   024800     19.0      8.8      2.0   012800      6.0   012400      0.3      2.6     3.18      6.0     None     1.95   140000      9.0     None     None     None     None     None     None     None
467410 20161010   1006.4   1009.5   1008.2   084700   1004.3   033100     24.8     29.5   142100     22.1   071900     22.3       87       73   160800      3.3     30.0      9.3     20.0   004600     11.5      4.7      1.5   065000      6.5   063700      2.0     17.2     9.64      6.9     None     5.64   130000      7.0     None     None     None     None     None     None     None
467410 20161011   1007.7   1010.7   1009.2   221700   1005.8   150800     26.6     32.2   130700     23.2   051000     23.4       83       63   130500      3.2     30.0      8.5    360.0   143200     -9.8      0.2     -9.8   151600     -9.8   151500      5.5     47.3    14.43      7.5     None     7.30   120000      6.3     None     None     None     None     None     None     None
467410 20161012   1009.2   1012.3   1010.8   213000   1007.6   150300     27.3     31.3   135900     24.5   235800     23.5       80       63   135600      2.3     20.0      7.6    350.0   165500      0.0      0.0      0.0     None      0.0     None      6.7     57.8    17.21      4.6     None     7.00   120000      5.0     None     None     None     None     None     None     None
467410 20161013   1009.4   1012.5   1011.1   080600   1007.7   154200     26.8     31.5   132800     23.7   055500     22.5       78       65   132800      2.7     20.0      8.0     10.0   165700      0.0      0.0      0.0     None      0.0     None      5.5     47.5    15.48      6.3     None     6.68   130000      4.6     None     None     None     None     None     None     None
467410 20161014   1008.4   1011.5   1010.2   092300   1006.5   153000     27.0     31.2   140900     23.8   061300     22.7       78       64   145400      2.3     30.0      8.9    360.0   160600      0.0      0.0      0.0     None      0.0     None      5.6     48.5    14.62      4.9     None     5.59   130000      2.9     None     None     None     None     None     None     None
467410 20161015   1007.4   1010.5   1008.9   085800   1005.7   144900     27.8     32.3   124300     24.9   055800     23.4       78       58   144300      1.5     40.0      6.8    260.0   132100      0.0      0.0      0.0     None      0.0     None      8.0     69.4    15.14      4.2     None     5.24   130000      0.8     None     None     None     None     None     None     None
467410 20161016   1007.1   1010.2   1008.3   080300   1005.5   153000     28.2     32.1   134800     25.8   061700     24.2       79       64   134800      1.6    250.0      6.4    240.0   135200      0.0      0.0      0.0     None      0.0     None      9.7     84.2    17.76      5.1     None     6.39   120000      1.8     None     None     None     None     None     None     None
467410 20161017   1006.9   1010.0   1009.3   230500   1004.9   153400     28.3     32.0   115100     26.1   070800     24.6       80       67   105300      1.6    240.0      6.0    270.0   133700      0.0      0.0      0.0     None      0.0     None      4.6     40.0    14.86      4.9     None     6.50   130000      5.1     None     None     None     None     None     None     None
467410 20161018   1007.9   1011.0   1009.5   093000   1006.5   151400     28.6     31.7   110300     27.2   231700     24.6       79       66   104700      1.5    320.0      6.7    320.0   143200      0.0      0.0      0.0     None      0.0     None      4.9     42.7    12.80      7.1     None     5.89   110000      6.5     None     None     None     None     None     None     None
467410 20161019   1005.5   1008.5   1008.0   000100   1003.1   235900     28.4     31.6   124100     26.1   060900     24.6       80       69   124100      1.7     20.0      7.8    250.0   102700      0.0      0.0      0.0     None      0.0     None      6.7     58.5    16.29      5.6     None     6.51   120000      5.0     None     None     None     None     None     None     None
467410 20161020   1000.5   1003.5   1003.0   000100    998.3   154700     29.1     31.2   154200     27.0   053400     24.4       76       69   205000      1.3     40.0      4.6    290.0   104700      0.0      0.0      0.0     None      0.0     None      1.0      8.7     7.04      4.0     None     3.60   120000      6.9     None     None     None     None     None     None     None
467410 20161021   1004.4   1007.4   1007.3   215900   1000.6   005500     29.1     33.3   131700     27.0   054500     24.1       75       59   130400      4.7    180.0     17.0    170.0   115400      0.5      2.3      0.5   173000      0.5   164000      3.5     30.7    11.07     10.3     None     5.93   130000      7.4     None     None     None     None     None     None     None
467410 20161022   1007.3   1010.3   1008.9   084500   1005.8   145700     29.1     31.8   112100     27.6   234400     25.4       80       69   140800      4.2    200.0     12.1    220.0   110300      0.0      0.0      0.0     None      0.0     None      6.7     58.8    14.04     12.3     None     6.87   120000      5.0     None     None     None     None     None     None     None
467410 20161023   1007.7   1010.7   1009.4   092400   1005.9   150100     28.8     32.1   111700     27.2   023200     24.9       80       63   135400      2.1    340.0      7.4    340.0   162000      0.0      0.0      0.0     None      0.0     None      8.6     75.7    17.29      9.6     None     7.15   120000      4.9     None     None     None     None     None     None     None
467410 20161024   1008.8   1011.9   1010.5   223200   1007.0   141700     28.6     32.7   111500     26.3   042300     23.6       75       56   113300      2.9     20.0      8.8    320.0   120600      0.0      0.0      0.0     None      0.0     None     10.3     90.8    17.60      8.1     None     6.30   130000      1.9     None     None     None     None     None     None     None
467410 20161025   1010.5   1013.6   1012.2   235600   1009.2   152400     28.4     31.6   120600     26.2   053300     23.9       77       66   131600      1.8     20.0      7.3    320.0   140300      0.0      0.0      0.0     None      0.0     None      9.3     82.1    15.86      7.4     None     5.23   120000      2.0     None     None     None     None     None     None     None
467410 20161026   1012.8   1015.9   1014.6   085300   1011.3   143800     28.9     32.4   115500     26.7   052800     23.7       74       64   105500      2.7     30.0      8.3    320.0   124000      0.0      0.0      0.0     None      0.0     None      9.8     86.7    16.71     10.5     None     5.67   130000      1.8     None     None     None     None     None     None     None
467410 20161027   1013.0   1016.1   1015.5   085900   1011.3   152500     28.5     31.8   121900     26.7   045300     23.6       75       64   152900      2.0     30.0      6.6    340.0   151000      0.0      0.0      0.0     None      0.0     None      7.6     67.3    14.62      6.6     None     4.70   120000      2.9     None     None     None     None     None     None     None
467410 20161028   1012.0   1015.1   1013.8   092300   1010.0   150300     28.0     31.4   115200     25.9   054900     23.7       78       66   142300      2.1     30.0      8.7    340.0   150700      0.0      0.0      0.0     None      0.0     None      2.5     22.2    11.69      2.8     None     3.72   120000      3.5     None     None     None     None     None     None     None
467410 20161029   1013.1   1016.2   1015.4   223400   1011.6   141500     27.6     31.3   123900     24.1   230800     22.9       76       65   143500      3.0     20.0     10.6     20.0   162900      0.0      0.0      0.0     None      0.0     None      3.7     32.9    11.49      4.9     None     3.69   130000      4.9     None     None     None     None     None     None     None
467410 20161030   1014.8   1017.9   1016.6   090900   1013.2   151800     26.4     31.4   130900     23.1   055100     20.4       70       60   130000      3.0     20.0      8.9     40.0   075000      0.0      0.0      0.0     None      0.0     None      7.3     65.0    15.17      9.4     None     5.48   120000      5.9     None     None     None     None     None     None     None
467410 20161031   1014.7   1017.8   1016.6   074200   1012.2   152900     26.4     31.3   132000     23.6   052100     20.6       71       58   124800      3.0     20.0      9.9    350.0   144400      0.0      0.0      0.0     None      0.0     None      9.4     83.8    15.76      7.9     None     4.98   120000      0.6     None     None     None     None     None     None     None
467410 20161101   1013.9   1017.0   1015.5   090200   1012.1   151900     25.1     30.0   134700     22.5   033300     18.7       68       59   134600      3.4     10.0      8.7     40.0   074800      0.0      0.0      0.0     None      0.0     None      5.4     48.2    12.47      8.8     None     4.73   130000      3.3     None     None     None     None     None     None     None
467410 20161102   1014.2   1017.3   1015.7   093700   1012.6   145900     23.6     28.5   124000     20.7   054600     16.7       66       55   130900      4.3     20.0     11.6     30.0   185700      0.0      0.0      0.0     None      0.0     None     10.0     89.5    16.35     10.3     None     5.24   120000      1.9     None     None     None     None     None     None     None
467410 20161103   1012.9   1016.1   1015.2   084500   1011.0   161500     24.2     29.2   135400     20.1   035400     16.9       64       53   130100      3.0     30.0      8.0     30.0   030400      0.0      0.0      0.0     None      0.0     None      8.9     79.8    16.19     10.9     None     5.09   120000      4.3     None     None     None     None     None     None     None
467410 20161104   1010.5   1013.6   1012.4   085700   1008.4   145500     24.8     29.6   131200     21.5   051500     18.5       68       52   130900      2.4     30.0      8.1    310.0   134400      0.0      0.0      0.0     None      0.0     None     10.2     91.6    16.02      7.3     None     4.96   130000      2.6     None     None     None     None     None     None     None
467410 20161105   1009.6   1012.7   1011.0   081700   1008.2   142300     24.9     29.2   120700     22.3   052900     19.6       73       56   120700      2.7     40.0      8.1    340.0   153300      0.0      0.0      0.0     None      0.0     None     10.2     91.7    16.39      8.3     None     5.26   120000      0.5     None     None     None     None     None     None     None
467410 20161106   1012.2   1015.3   1013.8   094800   1010.2   012200     25.8     29.9   114500     22.9   060200     20.1       71       56   121500      2.1     70.0      7.8    290.0   134800      0.0      0.0      0.0     None      0.0     None     10.2     91.9    15.94      5.0     None     5.23   120000      1.3     None     None     None     None     None     None     None
467410 20161107   1013.9   1017.0   1015.6   084000   1012.2   142600     26.4     30.3   121400     23.8   040800     20.5       71       54   105800      2.3     30.0      9.1    310.0   135700      0.0      0.0      0.0     None      0.0     None      9.5     85.7    15.78      8.5     None     4.89   130000      0.9     None     None     None     None     None     None     None
467410 20161108   1013.8   1016.9   1015.4   220600   1011.7   144500     25.6     30.1   124700     21.8   234400     19.5       70       54   110300      3.7     20.0     11.7     30.0   185300      0.0      0.0      0.0     None      0.0     None      8.6     77.7    14.05      8.0     None     4.57   110000      2.0     None     None     None     None     None     None     None
467410 20161109   1014.1   1017.2   1016.0   085000   1011.8   143300     23.6     28.7   143400     20.4   055000     16.9       66       55   141100      3.4     20.0      9.8     30.0   013900      0.0      0.0      0.0     None      0.0     None      9.7     87.8    15.39      9.0     None     4.97   120000      0.6     None     None     None     None     None     None     None
467410 20161110   1014.7   1017.8   1017.1   092000   1013.0   153000     22.8     26.6   125900     20.5   231500     16.9       69       64   125800      3.9     20.0     13.3     20.0   172000      0.0      0.0      0.0     None      0.0     None      2.2     19.9     9.85     10.0     None     4.36   130000      7.1     None     None     None     None     None     None     None
467410 20161111   1014.5   1017.6   1016.2   091500   1013.1   144100     23.5     27.8   115400     19.8   035300     18.3       73       63   115300      2.0     30.0      6.1     30.0   013600      0.0      0.0      0.0     None      0.0     None      1.8     16.3    10.89      4.6     None     4.03   120000      7.1     None     None     None     None     None     None     None
467410 20161112   1014.9   1018.0   1016.5   084700   1013.3   150900     25.9     30.3   114300     23.7   033400     19.8       70       56   114300      2.8     30.0      9.1    330.0   135400      0.0      0.0      0.0     None      0.0     None      8.9     80.9    15.71      6.3     None     4.64   120000      2.6     None     None     None     None     None     None     None
467410 20161113   1014.1   1017.2   1016.1   085100   1012.4   145500     25.4     29.4   133300     22.3   053400     20.8       76       62   141400      2.2     40.0      6.6    320.0   123000      0.0      0.0      0.0     None      0.0     None      9.3     84.6    14.26      4.2     None     4.13   130000      0.5     None     None     None     None     None     None     None
467410 20161114   1012.2   1015.3   1013.9   090500   1010.1   141800     26.1     30.4   130000     23.3   021500     21.4       76       61   123900      1.8     40.0      6.3    330.0   140000      0.0      0.0      0.0     None      0.0     None      8.2     74.7    13.46      3.8     None     3.71   120000      0.5     None     None     None     None     None     None     None
467410 20161115   1012.7   1015.8   1013.8   082600   1011.1   145900     25.7     30.6   120500     23.4   044200     21.4       77       64   120400      2.2     30.0      6.5     20.0   085400      0.0      0.0      0.0     None      0.0     None      3.7     33.8    11.06      3.5     None     3.51   120000      6.1     None     None     None     None     None     None     None
467410 20161116   1013.5   1016.6   1015.2   085900   1012.1   142400     25.5     30.1   140700     23.0   061200     20.7       75       59   115300      2.3     30.0      7.7    350.0   151000      0.0      0.0      0.0     None      0.0     None      8.8     80.4    14.31      3.7     None     4.37   120000      2.5     None     None     None     None     None     None     None
467410 20161117   1013.4   1016.5   1014.7   075000   1011.7   151000     25.3     29.8   132400     22.7   063500     21.0       78       64   121200      2.5     40.0      7.1    330.0   155900      0.0      0.0      0.0     None      0.0     None      6.5     59.5    11.84      3.8     None     2.98   120000      4.1     None     None     None     None     None     None     None
467410 20161118   1011.5   1014.6   1013.0   000100   1010.1   161400     25.7     30.1   130200     23.4   025000     21.7       79       65   122600      2.4     30.0      7.5    320.0   142500      0.0      0.0      0.0     None      0.0     None      4.7     43.1    11.71      4.1     None     4.08   130000      6.3     None     None     None     None     None     None     None
467410 20161119   1010.9   1014.0   1012.9   084100   1009.1   152500     26.8     32.4   123900     22.9   053700     21.1       72       49   123900      2.3     20.0      6.8     20.0   121800      0.0      0.0      0.0     None      0.0     None      6.3     57.8    13.07      2.8     None     4.79   120000      3.6     None     None     None     None     None     None     None
467410 20161120   1010.5   1013.6   1012.7   083700   1008.7   154000     26.6     29.9   125300     23.9   060400     21.4       73       60   123200      1.9     30.0      8.9     40.0   072900      0.0      0.0      0.0     None      0.0     None      1.2     11.0     7.86      3.3     None     2.37   130000      6.4     None     None     None     None     None     None     None
467410 20161121   1010.1   1013.2   1012.3   091400   1008.4   150200     25.8     29.1   133100     23.7   070600     20.3       72       58   115600      3.5     30.0      9.4     30.0   105200      0.0      0.0      0.0     None      0.0     None      1.7     15.6     9.07      9.3     None     4.51   120000      6.5     None     None     None     None     None     None     None
467410 20161122   1010.5   1013.6   1011.6   084600   1008.6   020600     24.6     26.5   141000     23.3   070200     21.5       83       72   142100      3.1     30.0      9.3     20.0   133300      2.0      3.3      0.5   041000      1.0   034300      0.0      0.0     4.98      5.3     None     2.93   130000      8.6     None     None     None     None     None     None     None
467410 20161123   1012.3   1015.4   1014.6   220400   1010.3   042800     22.4     24.8   155400     20.0   233300     19.7       85       71   153600      4.0     40.0     10.7     50.0   113300     -9.8      1.3     -9.8   071500     -9.8   071500      0.1      0.9     4.63      8.3     None     2.84   130000      8.1     None     None     None     None     None     None     None
467410 20161124   1013.2   1016.3   1014.8   084800   1011.2   150100     21.9     26.5   142300     18.7   071600     17.3       75       64   144600      3.6     20.0      9.6     20.0   021000      0.0      0.0      0.0     None      0.0     None      8.9     82.1    14.63      8.9     None     5.02   120000      5.8     None     None     None     None     None     None     None
467410 20161125   1012.5   1015.6   1014.4   090100   1010.2   144400     23.3     27.9   132900     19.6   031600     18.3       74       61   131000      2.3     20.0      7.1     20.0   014200      0.0      0.0      0.0     None      0.0     None      8.6     79.4    13.72      9.4     None     4.51   120000      3.1     None     None     None     None     None     None     None
467410 20161126   1011.3   1014.4   1012.7   084400   1009.7   161100     23.8     26.7   114700     21.8   235000     19.8       78       71   120600      3.0     20.0     12.4     30.0   215300      0.0      0.0      0.0     None      0.0     None      0.9      8.3     6.41      7.0     None     2.50   120000      8.0     None     None     None     None     None     None     None
467410 20161127   1011.4   1014.5   1013.3   215100   1009.5   031100     19.5     21.9   000100     18.4   211200     17.2       87       76   040300      5.6     30.0     17.3     30.0   075900     43.4     12.5      2.5   162100      9.5   154700      0.0      0.0     0.56      6.3     None     0.92   130000      9.1     None     None     None     None     None     None     None
467410 20161128   1014.9   1018.1   1017.2   215000   1012.3   021400     20.8     24.3   134100     18.0   063400     16.8       78       68   144900      2.3     30.0      6.8     10.0   064700      0.0      0.0      0.0     None      0.0     None      1.2     11.1     9.07      5.6     None     3.20   120000      7.5     None     None     None     None     None     None     None
467410 20161129   1017.5   1020.7   1018.9   092200   1016.0   015900     22.1     25.6   115900     18.7   045100     17.1       74       63   145200      2.4     30.0      6.7     40.0   190100      0.0      0.0      0.0     None      0.0     None      1.8     16.7     8.95      4.8     None     5.04   120000      7.6     None     None     None     None     None     None     None
467410 20161130   1017.4   1020.6   1018.6   001400   1015.5   160200     22.4     24.5   141400     20.8   064800     18.6       79       70   110200      3.1     30.0      8.5    350.0   161600      3.5      0.8      1.5   221000      3.5   214000      0.0      0.0     5.47      7.3     None     2.69   110000      8.6     None     None     None     None     None     None     None
467410 20161201   1016.8   1020.0   1018.3   094200   1014.5   150700     21.7     26.0   135000     18.7   233200     18.2       81       69   134700      4.5     30.0     11.7     30.0   190600      0.0      0.0      0.0     None      0.0     None      7.2     66.9    12.82      4.3     None     4.48   130000      5.3     None     None     None     None     None     None     None
467410 20161202   1017.3   1020.5   1019.1   090700   1015.4   151400     21.1     25.5   141100     18.3   014900     16.9       77       67   141000      3.8     20.0     10.9     20.0   183800      0.0      0.0      0.0     None      0.0     None      2.1     19.5     9.36      5.8     None     3.52   120000      6.4     None     None     None     None     None     None     None
467410 20161203   1016.0   1019.2   1018.4   085400   1014.1   152000     22.0     27.4   142700     18.4   045300     18.1       79       62   142500      3.5     30.0      8.1     10.0   153100      0.0      0.0      0.0     None      0.0     None      9.1     84.7    14.06      6.1     None     4.50   120000      3.0     None     None     None     None     None     None     None
467410 20161204   1013.8   1016.9   1015.5   000100   1011.3   142100     23.0     28.2   142600     19.9   071700     20.0       83       68   142300      2.8     20.0      8.8    320.0   152600      0.0      0.0      0.0     None      0.0     None      7.7     71.7    12.98      2.7     None     4.24   120000      4.4     None     None     None     None     None     None     None
467410 20161205   1013.6   1016.8   1016.2   223800   1011.5   135100     23.5     28.3   130900     21.1   052100     20.1       82       70   130800      3.0     30.0      9.4    350.0   152800      0.0      0.0      0.0     None      0.0     None      5.7     53.1    12.29      2.9     None     4.14   120000      6.0     None     None     None     None     None     None     None
467410 20161206   1015.1   1018.3   1016.7   082500   1013.2   150200     21.5     24.1   134700     19.7   232500     14.8       66       59   125100      4.5     30.0     13.2     20.0   031500      0.0      0.0      0.0     None      0.0     None      0.1      0.9     7.70      4.0     None     2.89   130000      8.4     None     None     None     None     None     None     None
467410 20161207   1014.0   1017.1   1015.8   084400   1011.5   145800     21.8     25.3   143100     19.1   063600     16.3       71       64   150100      2.8     40.0      8.0     10.0   202500      0.0      0.0      0.0     None      0.0     None      4.4     41.0    10.68      4.0     None     3.68   120000      7.3     None     None     None     None     None     None     None
467410 20161208   1011.4   1014.6   1013.4   090900   1008.6   142800     21.5     26.3   140900     19.2   065600     16.5       74       59   130400      3.8     30.0      9.6    360.0   153000      0.0      0.0      0.0     None      0.0     None      7.2     67.2    11.79      6.5     None     4.19   120000      3.9     None     None     None     None     None     None     None
467410 20161209   1010.5   1013.6   1011.9   080600   1008.3   142100     21.7     26.7   140200     18.3   053900     17.3       77       61   140200      3.4     30.0      8.1     30.0   085000      0.0      0.0      0.0     None      0.0     None      9.4     87.8    13.53      5.5     None     4.21   120000      2.5     None     None     None     None     None     None     None
467410 20161210   1011.9   1015.0   1013.8   085800   1010.5   150300     22.6     27.3   115300     19.6   055900     17.6       74       59   113800      1.7     30.0      7.5    320.0   131800      0.0      0.0      0.0     None      0.0     None      9.8     91.6    13.12      5.6     None     3.59   120000      0.8     None     None     None     None     None     None     None
467410 20161211   1012.4   1015.6   1014.3   083100   1010.9   144800     22.1     26.9   131700     18.8   061500     17.9       77       63   125200      2.2     40.0      6.2    320.0   134000      0.0      0.0      0.0     None      0.0     None      8.7     81.3    13.13      3.6     None     3.92   120000      1.9     None     None     None     None     None     None     None
467410 20161212   1012.3   1015.4   1014.5   084500   1010.4   142700     22.7     26.5   131300     19.7   064200     17.2       72       55   161100      3.2     20.0      9.5     20.0   091500      0.0      0.0      0.0     None      0.0     None      7.9     73.9    13.25      5.4     None     3.77   120000      4.4     None     None     None     None     None     None     None
467410 20161213   1011.0   1014.2   1012.6   000100   1008.6   141000     23.2     29.4   140500     19.1   072000     16.7       68       45   135000      3.3     30.0      9.9     10.0   155200      0.0      0.0      0.0     None      0.0     None      9.0     84.2    14.24      6.1     None     4.25   120000      3.1     None     None     None     None     None     None     None
467410 20161214   1013.7   1016.8   1016.3   233400   1011.5   152500     20.9     26.4   131900     17.9   235400     15.1       70       54   122000      4.7     20.0     11.7     20.0   181600      0.0      0.0      0.0     None      0.0     None      9.2     86.1    13.62      6.6     None     4.25   120000      3.4     None     None     None     None     None     None     None
467410 20161215   1017.5   1020.7   1020.2   204500   1015.4   021400     17.7     22.3   140200     14.9   232800     11.2       66       56   134800      5.1     20.0     13.6     20.0   180600      0.0      0.0      0.0     None      0.0     None      5.8     54.3    11.75      6.0     None     3.56   130000      6.5     None     None     None     None     None     None     None
467410 20161216   1019.6   1022.9   1021.5   094600   1017.9   150300     16.3     18.9   154300     14.3   033000      9.0       62       56   142500      3.8     20.0     12.3     30.0   012200      0.0      0.0      0.0     None      0.0     None      0.0      0.0     6.01      5.9     None     2.32   130000      8.1     None     None     None     None     None     None     None
467410 20161217   1019.2   1022.5   1021.0   090900   1017.2   152800     18.8     23.6   121200     14.4   050800     11.9       65       54   114600      2.1     30.0      7.1    320.0   153300      0.0      0.0      0.0     None      0.0     None      9.7     90.8    13.26      5.6     None     3.79   120000      2.4     None     None     None     None     None     None     None
467410 20161218   1018.3   1021.4   1020.8   090500   1016.0   161000     20.4     25.5   122600     18.2   010200     14.7       70       52   121200      2.3     30.0      8.3    360.0   141700      0.0      0.0      0.0     None      0.0     None      6.6     61.8    11.28      3.8     None     3.84   120000      3.0     None     None     None     None     None     None     None
467410 20161219   1015.2   1018.4   1017.5   082000   1012.6   144400     21.0     27.1   135300     16.9   043200     16.8       78       55   135200      2.9     30.0      9.1     20.0   200300      0.0      0.0      0.0     None      0.0     None      9.4     88.0    13.51      3.1     None     4.13   120000      3.1     None     None     None     None     None     None     None
467410 20161220   1013.6   1016.8   1016.0   085200   1011.6   143600     22.1     28.2   124800     18.7   062800     18.4       81       56   131300      2.4     20.0      7.6     30.0   050300      0.0      0.0      0.0     None      0.0     None      8.1     75.9    12.70      3.3     None     4.17   120000      4.0     None     None     None     None     None     None     None
467410 20161221   1013.5   1016.6   1015.3   084900   1011.5   150100     23.4     28.0   123500     20.5   002200     19.8       81       64   123500      2.0     20.0      9.2    360.0   191200      0.0      0.0      0.0     None      0.0     None      7.0     65.6    12.58      3.0     None     4.56   130000      4.5     None     None     None     None     None     None     None
467410 20161222   1012.8   1015.9   1014.7   090100   1010.6   153800     23.0     29.0   135300     19.6   234400     18.7       78       53   141400      4.0     10.0     14.3     30.0   120300      0.0      0.0      0.0     None      0.0     None      6.5     60.9    12.97      5.4     None     4.36   120000      6.2     None     None     None     None     None     None     None
467410 20161223   1014.2   1017.3   1016.2   084500   1012.5   150100     21.6     26.2   132100     18.3   062500     15.5       69       57   142900      2.8     20.0     10.3     20.0   020400      0.0      0.0      0.0     None      0.0     None      6.6     61.8    12.11      4.5     None     4.01   120000      3.1     None     None     None     None     None     None     None
467410 20161224   1015.2   1018.4   1016.7   091500   1013.3   145600     21.8     25.5   151600     18.6   053800     15.7       69       60   151600      2.1     30.0      7.5    360.0   163700      0.0      0.0      0.0     None      0.0     None      6.8     63.7    11.21      3.0     None     3.71   120000      2.5     None     None     None     None     None     None     None
467410 20161225   1015.0   1018.2   1017.2   090000   1012.9   144400     21.8     26.5   113700     19.4   035600     16.5       73       55   115800      3.0     30.0      8.7     50.0   190000      0.0      0.0      0.0     None      0.0     None      6.8     63.7    11.96      5.1     None     4.15   120000      3.4     None     None     None     None     None     None     None
467410 20161226   1013.1   1016.3   1015.1   084800   1010.6   153900     21.7     25.2   121600     19.2   234900     17.3       77       65   121600      3.1     20.0      8.7    350.0   130600      0.0      0.0      0.0     None      0.0     None      7.4     69.3    12.49      2.5     None     3.79   120000      3.3     None     None     None     None     None     None     None
467410 20161227   1013.5   1016.7   1015.7   230500   1012.0   033400     18.5     21.2   110400     14.5   231800     13.8       74       64   152200      6.4     20.0     17.3     10.0   160900      0.0      0.0      0.0     None      0.0     None      0.2      1.9     6.63      3.6     None     2.89   130000      9.0     None     None     None     None     None     None     None
467410 20161228   1017.1   1020.3   1019.2   222000   1014.7   033100     14.9     15.9   113400     13.9   083200     11.5       81       66   000500      4.1     20.0     11.5     20.0   001600      2.0      5.0      0.5   152200      1.0   150200      0.0      0.0     3.35      5.5     None     1.90   120000      9.3     None     None     None     None     None     None     None
467410 20161229   1018.5   1021.7   1020.2   095900   1016.8   160800     16.6     20.0   134500     14.7   233800     12.1       75       64   153400      4.4     20.0     11.2     10.0   100400      0.0      0.0      0.0     None      0.0     None      0.4      3.7     7.33      6.4     None     2.99   120000      6.8     None     None     None     None     None     None     None
467410 20161230   1019.1   1022.3   1020.5   090300   1017.7   034900     18.0     21.6   145700     14.4   012300     13.2       74       66   143700      2.2     30.0      6.1     20.0   192000      0.0      0.0      0.0     None      0.0     None      0.1      0.9     6.79      4.5     None     2.97   120000      7.5     None     None     None     None     None     None     None
467410 20161231   1018.4   1021.6   1020.2   092500   1016.1   150600     19.8     24.9   143600     16.0   061700     15.8       78       61   143400      2.5     20.0      6.9    360.0   173200      0.0      0.0      0.0     None      0.0     None      5.6     52.3    11.84      3.9     None     3.85   130000      2.8     None     None     None     None     None     None     None
