* MD (Multifield Daily Data Format)
* 以 '*' 字元開頭的文字為格式說明
* 以 '#' 字元開頭的文字為氣象資料欄位標題列9個字元一組
********************************************************************************
* 格式說明:
* 站碼(stno) 時間(yyyymmdd) 氣象資料欄位
* 1~6        8~15           第16個字元開始每個氣象要素(欄位)9個字元
* 時間為當地時間(Local Time)
* yyyy:西元年
* mm:月
* dd:日
********************************************************************************
* 欄位標題說明:
* 極值發生時間欄位格式為 hhmmss 6位字元  其中 hh:小時(00~23時) mm:分鐘(00~59分) ss:秒(00~59秒)
*
* CD11 平均雲量(10分量)
* EP01 20cm箱外蒸發量(mm)
* EP04 20cm箱內蒸發量(mm)
* EP05 A型蒸發量(mm)
* GR01 全天空日射量(MJ/㎡)
* GR02 最大小時全天空日射量(MJ/㎡)
* GR03 最大小時全天空日射量時間
* PP01 降水量(mm)
* PP02 降水時數(hour)
* PP03 最大十分鐘降水量(mm)
* PP04 最大十分鐘降水量起始時間
* PP05 最大六十分鐘降水量(mm)
* PP06 最大六十分鐘降水量起始時間
* PS01 平均測站氣壓(hPa)                
* PS02 平均海平面氣壓(hPa)
* PS03 最高測站氣壓(hPa)                  
* PS04 最高測站氣壓時間
* PS05 最低測站氣壓(hPa)
* PS06 最低測站氣壓時間
* PS07 最高海平面氣壓(hPa)
* PS08 最高海平面氣壓時間
* PS09 最低海平面氣壓(hPa)
* PS10 最低海平面氣壓時間
* RH01 平均相對溼度(%)
* RH02 最大相對溼度(%)
* RH03 最大相對溼度時間
* RH04 最小相對溼度(%)
* RH05 最小相對溼度時間
* SD01 雪深(cm)
* SS01 日照時數(hour)
* SS02 日照率(%)
* ST01 天空狀況
* ST02 地面狀況
* ST03 雷暴
* ST04 液態降水1
* ST05 液態降水2
* ST06 固態降水1
* ST07 固態降水2
* ST08 固態降水3
* ST09 視障1
* ST10 視障2
* ST11 光象1
* ST12 光象2
* TB01 黑球溫度(℃)
* TD01 平均露點溫度(℃)
* TD02 最高露點溫度(℃)
* TD03 最高露點溫度時間
* TD04 最低露點溫度(℃)
* TD05 最低露點溫度時間
* TG01 最低草溫(℃)
* TS01 地表溫度0cm(℃)
* TS02 地中溫度5cm(℃)
* TS03 地中溫度10cm(℃)
* TS04 地中溫度20cm(℃)
* TS05 地中溫度30cm(℃)
* TS06 地中溫度50cm(℃)
* TS07 地中溫度100cm(℃)
* TS08 地中溫度200cm(℃)
* TS09 地中溫度300cm(℃)
* TS10 地中溫度500cm(℃)
* TW01 平均溼球溫度(℃)
* TX01 平均氣溫(℃)
* TX02 絕對最高氣溫(℃)
* TX03 絕對最高氣溫時間
* TX04 絕對最低氣溫(℃)
* TX05 絕對最低氣溫時間
* TX10 氣溫日較差(℃)
* VP01 平均水氣壓(hPa)
* VP02 最大水氣壓(hPa)
* VP03 最大水氣壓時間
* VP04 最小水氣壓(hPa)
* VP05 最小水氣壓時間
* VS01 平均能見度(km)
* WD01 平均風風速(m/s)
* WD02 平均風風向(360 degree)
* WD03 平均風程(m/s)
* WD04 最大平均風風速(m/s)
* WD05 最大平均風風向(360 degree)
* WD06 最大平均風時間
* WD07 最大瞬間風風速(m/s)
* WD08 最大瞬間風風向(360 degree)
* WD09 最大瞬間風時間
* UV01 紫外線指數
********************************************************************************
* 特殊值:
* -999.1:儀器故障待修
* -9.6/-999.6:資料累計於後
* -9.5/-99.5/-999.5/-999.5/-9999.5/-9995:因故障而無資料
* -9.7/-99.7/-999.7/-999.7/-9999.7/-9997:因不明原因而無資料
* -9.8:雨跡(Trace)
* None:未觀測而無資料
********************************************************************************
# stno yyyymmdd     PS01     PS02     PS03     PS04     PS05     PS06     TX01     TX02     TX03     TX04     TX05     TD01     RH01     RH04     RH05     WD01     WD02     WD07     WD08     WD09     PP01     PP02     PP03     PP04     PP05     PP06     SS01     SS02     GR01     VS01     EP05     UV01     UV03     CD11     TS01     TS02     TS03     TS04     TS05     TS06     TS07
467410 20220101   1020.1   1023.3   1022.2   004100   1017.8   151500     18.7     24.7   144900     14.6   041500     11.9       68       33   141700      4.8     10.0     13.8     10.0   120900      0.0      0.0      0.0     None      0.0     None      8.7     81.2    15.38     20.0     None     6.57   130000      1.8     None     None     None     None     None     None     None
467410 20220102   1018.5   1021.7   1020.4   085600   1016.3   144700     18.5     25.2   131500     14.6   061400     13.9       77       43   125100      3.7    360.0      9.5     10.0   184800      0.0      0.0      0.0     None      0.0     None     10.1     94.2    16.51     12.8     None     6.52   130000      0.0     None     None     None     None     None     None     None
467410 20220103   1017.2   1020.4   1019.1   092700   1014.9   151100     19.0     25.3   132400     14.6   054600     13.4       72       42   150700      3.7    360.0      9.4    320.0   131100      0.0      0.0      0.0     None      0.0     None     10.2     95.1    16.28     14.8     None     6.19   130000      0.3     None     None     None     None     None     None     None
467410 20220104   1016.3   1019.5   1018.4   083000   1014.0   150300     19.5     25.1   130400     15.6   061800     15.5       79       52   125300      2.9     10.0      7.5    350.0   163900      0.0      0.0      0.0     None      0.0     None      7.6     70.8    13.99      7.5     None     5.55   120000      5.0     None     None     None     None     None     None     None
467410 20220105   1014.1   1017.3   1015.9   000100   1011.8   142500     20.3     24.4   133100     17.9   003500     16.7       81       61   125800      3.4    360.0     11.5     10.0   232300     -9.8      0.1     -9.8   202300     -9.8   202300      0.8      7.5     8.90      4.5     None     5.10   130000      8.5     None     None     None     None     None     None     None
467410 20220106   1015.0   1018.2   1017.9   213300   1013.1   045100     19.3     22.2   113100     16.4   235959     14.9       76       62   120500      4.8     10.0     12.2     10.0   144600     -9.8      0.1     -9.8   120900     -9.8   120900      2.1     19.5    10.61     10.3     None     4.55   130000      9.0     None     None     None     None     None     None     None
467410 20220107   1017.0   1020.2   1019.2   085900   1014.8   154400     17.8     21.5   144600     15.5   064900     13.9       79       62   144800      4.3    360.0     11.2     20.0   164700     -9.8      0.5     -9.8   112000     -9.8   112000      4.1     38.1    12.59     11.0     None     5.86   120000      8.8     None     None     None     None     None     None     None
467410 20220108   1015.5   1018.7   1017.5   000100   1013.2   152200     18.5     23.9   133000     15.0   061000     13.4       73       52   133100      3.7    360.0      9.8     20.0   015300      0.0      0.0      0.0     None      0.0     None      9.0     83.6    15.90     13.8     None     6.31   130000      1.5     None     None     None     None     None     None     None
467410 20220109   1013.7   1016.9   1015.3   003500   1011.3   145000     18.6     23.9   132000     15.4   062800     14.0       75       57   125700      3.8     10.0     11.7     20.0   183000      0.0      0.0      0.0     None      0.0     None     10.0     92.8    16.19     10.0     None     6.29   130000      0.5     None     None     None     None     None     None     None
467410 20220110   1013.1   1016.3   1014.9   090600   1010.6   145800     18.4     24.0   131000     15.1   061300     14.7       80       57   130000      3.8    360.0     10.4     20.0   193000      0.0      0.0      0.0     None      0.0     None      9.3     86.3    16.11      9.8     None     6.32   130000      1.8     None     None     None     None     None     None     None
467410 20220111   1014.8   1018.0   1017.6   212900   1012.4   031100     16.9     20.1   130300     14.0   214000     11.4       71       53   145700      5.6    360.0     16.0    350.0   094200      0.0      0.0      0.0     None      0.0     None      5.3     49.1    13.57     16.3     None     6.51   130000      6.8     None     None     None     None     None     None     None
467410 20220112   1017.2   1020.4   1018.9   084000   1015.4   152700     15.5     19.0   153200     13.8   004200      9.3       67       53   151200      3.9     10.0      9.6     10.0   082300      0.0      0.0      0.0     None      0.0     None      1.2     11.1     7.59      7.0     None     3.52   140000      8.5     None     None     None     None     None     None     None
467410 20220113   1017.2   1020.4   1019.4   092000   1014.6   134700     16.2     22.5   134700     12.6   231700      9.7       66       44   134900      5.2     10.0     16.4    350.0   145500      0.0      0.0      0.0     None      0.0     None      9.0     83.3    15.93     14.3     None     6.39   130000      1.5     None     None     None     None     None     None     None
467410 20220114   1017.5   1020.7   1019.6   092200   1015.0   153300     15.8     21.4   133400     11.1   055300      9.2       66       45   133400      3.4     10.0      9.9    350.0   020900      0.0      0.0      0.0     None      0.0     None      9.7     89.6    16.00      7.3     None     6.20   130000      0.0     None     None     None     None     None     None     None
467410 20220115   1017.3   1020.5   1019.6   195400   1014.8   145500     18.4     23.9   132100     14.6   064200     12.8       71       51   131800      3.4    360.0     11.7    350.0   141600      0.0      0.0      0.0     None      0.0     None      9.8     90.5    16.13     10.3     None     6.38   130000      1.5     None     None     None     None     None     None     None
467410 20220116   1017.0   1020.2   1018.9   084500   1014.3   144000     19.5     25.4   132100     15.5   053600     15.3       78       51   122800      3.4    360.0      9.6    360.0   225800      0.0      0.0      0.0     None      0.0     None      9.4     86.7    16.26      8.0     None     6.14   120000      2.8     None     None     None     None     None     None     None
467410 20220117   1016.1   1019.3   1017.9   081100   1014.1   142400     19.4     23.9   125500     16.9   233300     15.7       80       59   125900      4.3    360.0     10.7    350.0   120700      2.5      1.8      1.5   230500      2.5   230500      5.7     52.5    13.46      8.8     None     6.39   120000      6.5     None     None     None     None     None     None     None
467410 20220118   1015.4   1018.6   1017.1   000100   1013.5   154300     17.7     20.1   130000     15.9   054500     16.0       90       77   130100      3.7    360.0     10.0    360.0   101400      4.5      2.7      0.5   000600      1.5   000600      0.2      1.8     7.28      6.0     None     3.75   130000     10.0     None     None     None     None     None     None     None
467410 20220119   1013.9   1017.0   1015.7   003100   1011.9   151300     18.2     22.2   143700     16.3   064600     15.2       83       66   142600      4.4     10.0     10.7     20.0   091500     -9.8      0.3     -9.8   001600     -9.8   001600      6.1     56.1    13.85      8.0     None     6.73   130000      5.3     None     None     None     None     None     None     None
467410 20220120   1013.5   1016.6   1015.3   092000   1011.8   151400     19.0     24.3   132800     15.1   054100     15.2       79       61   125200      2.9    360.0      8.4     20.0   190700      0.0      0.0      0.0     None      0.0     None      4.7     43.1    13.95      7.8     None     6.41   130000      7.3     None     None     None     None     None     None     None
467410 20220121   1013.9   1017.1   1015.9   085400   1012.5   164300     19.6     24.4   123600     16.8   055000     16.0       80       56   123700      4.0     10.0     10.3     30.0   091500      0.0      0.0      0.0     None      0.0     None      3.4     31.2    11.99     12.3     None     5.47   120000      8.8     None     None     None     None     None     None     None
467410 20220122   1011.2   1014.4   1014.2   075800   1008.2   143200     18.5     21.5   142200     17.3   233400     17.2       92       78   150300      3.7    360.0     13.0    340.0   163200     11.5      9.8      1.0   075900      2.5   071300      0.1      0.9     5.18      4.8     None     3.29   140000      9.8     None     None     None     None     None     None     None
467410 20220123   1009.4   1012.6   1010.8   095200   1007.8   142400     20.2     25.0   132600     17.2   002700     18.7       92       73   132700      2.3    360.0      8.9    330.0   155300      0.0      0.0      0.0     None      0.0     None      3.2     29.3    11.88      6.0     None     5.50   130000      8.8     None     None     None     None     None     None     None
467410 20220124   1010.6   1013.8   1012.4   234400   1009.4   043800     19.7     22.7   130000     17.5   235600     17.8       89       72   124800      3.6    360.0      9.5     20.0   051700      0.0      0.0      0.0     None      0.0     None      1.1     10.0     9.28      7.1     None     4.90   130000      8.8     None     None     None     None     None     None     None
467410 20220125   1012.8   1015.9   1014.8   092400   1010.6   143200     19.7     26.1   135100     17.1   051100     16.5       83       54   133700      3.7     10.0      9.9     10.0   175000     -9.8      0.2     -9.8   045300     -9.8   045300      6.6     60.2    15.79      8.3     None     7.20   130000      5.0     None     None     None     None     None     None     None
467410 20220126   1013.7   1016.9   1015.5   090500   1011.7   150800     20.6     26.6   133300     18.0   000100     17.9       86       59   132400      3.1    360.0      9.5    300.0   140600      0.0      0.0      0.0     None      0.0     None      9.3     84.7    17.18      8.0     None     6.91   130000      1.3     None     None     None     None     None     None     None
467410 20220127   1013.5   1016.6   1015.2   091200   1011.3   151500     20.9     26.7   131400     18.5   042200     18.2       85       53   131000      3.2    360.0      8.3    260.0   174900      0.0      0.0      0.0     None      0.0     None      7.0     63.7    15.79      5.8     None     7.16   130000      3.3     None     None     None     None     None     None     None
467410 20220128   1012.6   1015.7   1014.1   091900   1010.5   153600     19.5     22.0   124300     17.8   235700     17.8       90       74   124600      3.3     10.0     10.1     20.0   033100      9.0      7.7      1.0   174600      2.5   165100      0.0      0.0     6.04      6.5     None     4.30   130000     10.0     None     None     None     None     None     None     None
467410 20220129   1009.4   1012.6   1012.4   003000   1006.8   154800     17.7     18.3   021800     16.6   235200     16.8       95       87   181600      3.9    360.0      9.9     10.0   065400     13.0      9.6      1.5   084900      5.5   081800      0.1      0.9     4.28      6.3     None     3.02   130000     10.0     None     None     None     None     None     None     None
467410 20220130   1012.6   1015.8   1016.2   223000   1008.9   023200     15.5     18.1   120300     11.9   231100     12.5       82       69   164500      5.7    360.0     18.2     10.0   143200      0.0      0.0      0.0     None      0.0     None      2.5     22.6     8.68     18.8     None     3.90   120000      7.8     None     None     None     None     None     None     None
467410 20220131   1015.7   1018.9   1017.1   083100   1014.0   173800     16.0     20.7   154600     11.4   031400     11.1       74       53   155900      3.2    360.0      9.8    350.0   131100      0.0      0.0      0.0     None      0.0     None      6.8     61.5    16.14     16.3     None     7.72   130000      5.8     None     None     None     None     None     None     None
467410 20220201   1015.3   1018.5   1016.8   001400   1013.4   153700     18.2     21.9   150900     16.1   063100     13.7       75       61   143800      3.6    360.0     10.4     10.0   182600      0.0      0.0      0.0     None      0.0     None      3.3     29.8    12.37     15.5     None     5.22   130000      7.8     None     None     None     None     None     None     None
467410 20220202   1015.1   1018.3   1016.6   095100   1013.7   150200     18.6     23.5   134900     16.1   044700     15.9       85       65   131800      4.1     10.0     10.9     20.0   145400      0.0      0.0      0.0     None      0.0     None      7.0     63.1    17.13     11.0     None     7.92   130000      3.8     None     None     None     None     None     None     None
467410 20220203   1013.8   1017.0   1014.8   085300   1011.9   145000     18.0     22.0   115200     15.8   235500     15.8       87       67   115300      4.1    360.0     10.4    350.0   171200     -9.8      0.3     -9.8   154600     -9.8   154400      2.4     21.6    11.30     10.5     None     7.52   120000      8.3     None     None     None     None     None     None     None
467410 20220204   1015.5   1018.7   1018.0   222800   1013.9   143900     17.6     22.4   122600     14.3   235600     13.8       79       62   141300      5.0    360.0     12.9    350.0   213400      0.0      0.0      0.0     None      0.0     None      8.8     79.1    18.38     13.8     None     8.10   130000      3.5     None     None     None     None     None     None     None
467410 20220205   1018.8   1022.0   1020.5   210700   1017.1   033800     16.3     20.7   132900     13.5   040800     11.7       75       57   133000      4.9    360.0     11.7    340.0   152000      0.0      0.0      0.0     None      0.0     None      5.8     52.0    17.01     13.8     None     7.97   130000      5.8     None     None     None     None     None     None     None
467410 20220206   1018.3   1021.6   1020.6   095800   1015.7   160100     16.8     22.5   135600     13.1   062900     12.0       75       52   131800      4.4    360.0     10.5     30.0   105400      0.0      0.0      0.0     None      0.0     None      9.7     86.9    19.21     17.5     None     8.36   130000      2.3     None     None     None     None     None     None     None
467410 20220207   1014.2   1017.3   1017.2   000100   1010.7   143800     17.5     22.8   161200     14.5   022500     14.1       81       63   113500      3.6     10.0     15.1     20.0   214600      3.0      4.8      0.5   193600      1.0   193600      2.0     17.9    11.45     11.3     None     7.51   130000      8.0     None     None     None     None     None     None     None
467410 20220208   1014.4   1017.6   1016.0   095300   1012.4   040400     18.2     22.2   143400     16.1   071300     14.2       78       62   154000      4.5    360.0     14.5    360.0   072700      0.5      0.9      0.5   014500      0.5   014500      5.1     45.5    15.30     13.0     None     7.31   130000      6.8     None     None     None     None     None     None     None
467410 20220209   1015.3   1018.5   1018.2   090400   1012.4   144500     19.0     25.8   142700     16.1   015800     14.9       78       54   142700      3.2    360.0     10.3    330.0   164200      0.0      0.0      0.0     None      0.0     None      8.3     74.0    18.12     10.5     None     8.37   130000      2.8     None     None     None     None     None     None     None
467410 20220210   1014.3   1017.4   1016.8   083800   1011.2   153300     18.9     25.3   154900     16.2   012800     16.0       85       58   130100      3.9    360.0     10.5     20.0   031300      0.0      0.0      0.0     None      0.0     None      7.4     65.8    17.52      7.8     None     8.70   130000      2.5     None     None     None     None     None     None     None
467410 20220211   1013.9   1017.1   1016.5   093900   1012.0   151900     18.3     22.7   143800     16.0   034300     16.3       89       69   141600      3.7    360.0     10.0    350.0   165800      0.0      0.0      0.0     None      0.0     None      4.1     36.4    14.10      5.6     None     7.07   140000      7.5     None     None     None     None     None     None     None
467410 20220212   1012.0   1015.1   1014.4   085500   1009.9   144600     18.6     23.4   135500     16.0   025300     16.2       87       65   125800      4.4    360.0     12.8    320.0   141200      0.0      0.0      0.0     None      0.0     None      7.4     65.6    18.96      6.0     None     9.35   130000      5.0     None     None     None     None     None     None     None
467410 20220213   1010.3   1013.5   1011.7   000100   1007.7   162100     19.3     24.5   141300     16.7   010300     16.7       85       64   141400      3.6    360.0     12.5     20.0   235800      0.0      0.0      0.0     None      0.0     None      3.5     31.0    14.86      5.8     None     8.47   130000      8.8     None     None     None     None     None     None     None
467410 20220214   1012.1   1015.3   1014.4   234100   1010.4   040000     16.8     18.8   165900     14.6   235500     13.9       83       71   150400      5.1    360.0     17.9     10.0   092800     -9.8      0.2     -9.8   024200     -9.8   024200      0.2      1.8     8.86     12.0     None     4.47   110000      8.8     None     None     None     None     None     None     None
467410 20220215   1013.8   1017.0   1016.4   092500   1012.2   152300     16.6     20.6   131100     14.5   001100     12.9       79       66   115700      3.4     10.0      8.8     10.0   173500      0.0      0.0      0.0     None      0.0     None      0.2      1.8     9.52      6.8     None     4.98   130000      9.3     None     None     None     None     None     None     None
467410 20220216   1012.4   1015.6   1015.0   094800   1009.7   153800     18.0     24.4   135200     14.6   043400     14.5       81       53   135200      3.9     10.0     10.2    340.0   111300      0.0      0.0      0.0     None      0.0     None      9.4     82.8    19.94      9.0     None     8.07   130000      2.8     None     None     None     None     None     None     None
467410 20220217   1011.5   1014.7   1013.0   102900   1009.7   052000     17.3     20.2   105500     15.1   064100     15.2       88       72   105300      3.7    360.0     10.7    360.0   203000     -9.8      0.3     -9.8   165400     -9.8   165400      0.4      3.5     8.37      7.3     None     4.77   110000      9.5     None     None     None     None     None     None     None
467410 20220218   1011.7   1014.9   1014.0   083800   1009.9   162800     18.2     22.8   152200     15.5   062400     16.1       89       68   152100      4.3    360.0     10.4     10.0   211900      1.5      5.0      0.5   052000      1.0   052000      4.2     36.8    14.37      9.8     None     9.16   120000      6.8     None     None     None     None     None     None     None
467410 20220219   1011.9   1015.1   1014.0   095300   1009.9   145600     16.8     22.4   132600     13.5   233900     15.4       92       67   132600      4.9     10.0     13.9    360.0   175200     12.5      7.2      1.5   233700      4.5   225300      1.5     13.1    11.61      6.3     None     8.42   130000      9.3     None     None     None     None     None     None     None
467410 20220220   1015.6   1018.9   1018.4   211000   1012.9   040600     11.1     13.5   000100     10.2   212700     10.8       98       95   131500      6.2     10.0     17.4    350.0   004600     16.0     24.0      1.5   052900      3.0   000300      0.0      0.0     1.91      6.8     None     1.72   130000     10.0     None     None     None     None     None     None     None
467410 20220221   1017.5   1020.8   1019.1   092800   1015.9   154900     12.2     14.3   231700     10.2   003300     11.9       98       94   171800      3.4    360.0      8.5    350.0   012900      7.0     14.2      0.5   012000      1.0   012000      0.0      0.0     2.60      5.0     None     1.74   120000     10.0     None     None     None     None     None     None     None
467410 20220222   1016.5   1019.7   1018.3   000100   1014.7   142200     15.8     17.9   131400     14.2   000100     15.2       96       87   131700      3.3    360.0      8.1    360.0   004800     -9.8      1.2     -9.8   042200     -9.8   042200      0.0      0.0     5.90      4.5     None     4.86   130000      9.0     None     None     None     None     None     None     None
467410 20220223   1017.4   1020.7   1020.0   225400   1015.5   044600     14.0     15.8   000100     13.0   202700     13.5       97       91   233600      5.0    360.0     15.5     10.0   085000     10.5     13.2      1.5   133300      3.5   130900      0.0      0.0     3.09      5.8     None     2.13   110000     10.0     None     None     None     None     None     None     None
467410 20220224   1019.8   1023.0   1021.3   085900   1018.3   144300     15.6     19.1   135900     12.7   053400     12.1       80       68   131700      3.8     10.0     13.1     10.0   032500      0.0      0.0      0.0     None      0.0     None      1.1      9.5    12.89     13.3     None     9.10   130000      9.8     None     None     None     None     None     None     None
467410 20220225   1019.5   1022.8   1022.1   092700   1017.2   144800     17.1     22.5   131900     13.0   061800     13.9       82       61   122300      3.3    360.0     10.0    340.0   153500      0.0      0.0      0.0     None      0.0     None     10.5     90.9    21.10     10.3     None     9.56   130000      0.8     None     None     None     None     None     None     None
467410 20220226   1017.5   1020.7   1020.1   084400   1015.1   152100     18.9     24.2   134700     15.2   025000     16.2       85       58   113800      3.3     20.0      9.3     20.0   084300      0.0      0.0      0.0     None      0.0     None      9.6     83.0    21.87      7.8     None    10.28   130000      2.8     None     None     None     None     None     None     None
467410 20220227   1016.1   1019.2   1018.7   083300   1013.6   152800     20.3     26.8   131500     14.8   064100     15.5       76       39   124000      2.3     10.0      7.3     10.0   072200      0.0      0.0      0.0     None      0.0     None      8.9     76.8    21.24      9.7     None    10.07   130000      0.3     None     None     None     None     None     None     None
467410 20220228   1015.3   1018.5   1018.2   085900   1013.0   154200     22.1     28.3   141100     16.2   062000     15.1       67       42   132600      2.2     20.0      7.2    300.0   151000      0.0      0.0      0.0     None      0.0     None     11.0     94.7    22.06      8.3     None    10.10   130000      1.0     None     None     None     None     None     None     None
467410 20220301   1013.9   1017.1   1016.4   091700   1011.5   154100     23.8     29.7   134600     19.9   061900     17.3       68       44   132300      1.9    310.0      8.3    300.0   155100      0.0      0.0      0.0     None      0.0     None     10.2     87.7    21.46     17.5     None    10.02   130000      1.3     None     None     None     None     None     None     None
467410 20220302   1013.8   1016.9   1015.7   082000   1011.8   144500     23.0     27.6   120500     19.3   231400     18.6       77       56   114800      3.3    360.0     10.2    320.0   123500      0.0      0.0      0.0     None      0.0     None     10.2     87.5    21.71     10.0     None    10.06   120000      1.0     None     None     None     None     None     None     None
467410 20220303   1013.4   1016.5   1016.1   092500   1010.7   155400     22.2     28.6   134700     18.5   063500     17.8       78       43   144300      2.8    360.0      8.8    290.0   145500      0.0      0.0      0.0     None      0.0     None      9.3     79.7    20.80      6.0     None     8.80   130000      4.8     None     None     None     None     None     None     None
467410 20220304   1011.3   1014.4   1013.8   080600   1008.9   162700     23.6     28.7   142400     19.3   052500     17.7       71       46   125400      2.1     10.0      7.7    290.0   154200      0.0      0.0      0.0     None      0.0     None     10.6     90.6    21.11     14.5     None     8.83   130000      1.0     None     None     None     None     None     None     None
467410 20220305   1010.4   1013.5   1012.2   091800   1008.7   151600     23.5     28.0   124800     20.6   060800     18.4       74       55   111400      3.1     10.0      9.9    300.0   125400      0.0      0.0      0.0     None      0.0     None      9.4     80.2    20.29      6.3     None     8.14   120000      1.3     None     None     None     None     None     None     None
467410 20220306   1011.9   1015.1   1014.0   084600   1009.7   152100     22.4     27.0   113500     19.3   235700     18.4       79       61   113300      2.9    360.0      8.7     10.0   232600      0.0      0.0      0.0     None      0.0     None      9.0     76.6    19.67      8.3     None     8.23   130000      2.8     None     None     None     None     None     None     None
467410 20220307   1012.4   1015.6   1014.2   090400   1010.0   040200     17.1     20.4   013000     13.2   235500     14.7       86       65   231600      5.5    360.0     18.6    360.0   154300      1.5      3.7      0.5   090500      1.5   090500      0.2      1.7     4.71     18.8     None     2.56   110000      9.8     None     None     None     None     None     None     None
467410 20220308   1013.3   1016.5   1015.0   092700   1011.3   150200     17.1     22.3   131800     11.5   050300     10.1       65       39   124400      3.2     10.0     14.8     10.0   020300      0.0      0.0      0.0     None      0.0     None     11.0     93.3    24.30     23.3     None    10.09   130000      0.8     None     None     None     None     None     None     None
467410 20220309   1014.0   1017.2   1015.8   084000   1011.7   152800     20.0     24.8   133200     15.7   060700     11.5       59       37   163300      3.0    360.0     11.0    360.0   131400      0.0      0.0      0.0     None      0.0     None     11.1     94.0    24.01     13.5     None     9.80   130000      0.3     None     None     None     None     None     None     None
467410 20220310   1013.1   1016.3   1015.6   082300   1010.9   144300     21.1     25.5   141200     17.3   044200     13.1       62       42   142200      3.3     20.0     10.8    350.0   140600      0.0      0.0      0.0     None      0.0     None      9.5     80.3    23.18     14.3     None     9.94   130000      2.8     None     None     None     None     None     None     None
467410 20220311   1010.9   1014.0   1012.9   080300   1008.7   145200     22.7     27.5   144400     18.7   043900     13.3       57       38   122000      3.0     20.0     12.1    340.0   135000      0.0      0.0      0.0     None      0.0     None     11.0     92.8    23.66     28.0     None    10.38   130000      0.0     None     None     None     None     None     None     None
467410 20220312   1010.6   1013.8   1012.0   090100   1009.1   162500     22.9     26.8   115200     19.2   061700     15.9       65       49   105800      2.0    310.0      8.0    320.0   150800      0.0      0.0      0.0     None      0.0     None     11.0     92.6    23.03      9.8     None     9.34   130000      0.3     None     None     None     None     None     None     None
467410 20220313   1010.2   1013.3   1012.3   080300   1007.1   145300     24.8     30.7   143600     20.6   042800     16.2       61       36   150100      2.2     20.0      7.4    330.0   182600      0.0      0.0      0.0     None      0.0     None      9.6     80.7    22.91     15.3     None    10.65   130000      2.5     None     None     None     None     None     None     None
467410 20220314   1009.1   1012.2   1011.6   100300   1007.0   160300     25.6     30.4   152800     21.9   065400     17.1       61       41   143800      2.4     10.0      8.4    310.0   170000     -9.8      0.9     -9.8   054400     -9.8   054400      7.5     62.9    19.89     25.0     None     9.58   130000      4.8     None     None     None     None     None     None     None
467410 20220315   1007.8   1010.9   1009.3   102000   1005.9   151600     25.2     30.0   130300     21.9   235200     18.5       68       47   110900      2.7     10.0      9.7    330.0   145700      0.0      0.0      0.0     None      0.0     None     10.2     85.4    22.09     16.3     None     9.18   130000      2.5     None     None     None     None     None     None     None
467410 20220316   1009.0   1012.1   1010.4   205200   1007.1   150700     23.5     27.4   125600     20.7   042600     20.3       83       62   132500      1.8     20.0      7.3    310.0   144500      0.0      0.0      0.0     None      0.0     None      7.3     61.0    19.72      5.2     None     8.98   120000      7.3     None     None     None     None     None     None     None
467410 20220317   1006.5   1009.6   1009.1   000100   1004.3   142100     24.9     29.4   133500     22.6   052300     20.3       76       55   133500      2.1     10.0      7.7     10.0   094000     -9.8      0.2     -9.8   203300     -9.8   203300      1.8     15.0    11.94      5.8     None     7.16   130000      9.5     None     None     None     None     None     None     None
467410 20220318   1005.2   1008.3   1006.7   100000   1003.8   151500     25.4     28.7   152000     23.6   001800     20.5       75       58   162900      3.0    360.0     10.9    330.0   132400      0.0      0.0      0.0     None      0.0     None      8.2     68.3    20.44     10.0     None     8.44   120000      6.0     None     None     None     None     None     None     None
467410 20220319   1007.6   1010.7   1010.3   233900   1005.8   154900     24.3     27.6   111600     21.2   062100     19.0       72       59   144900      2.2    320.0      7.9    300.0   133100      0.0      0.0      0.0     None      0.0     None      4.4     36.6    17.05     10.8     None     6.99   120000      9.3     None     None     None     None     None     None     None
467410 20220320   1010.5   1013.6   1012.3   090900   1008.9   150800     24.5     28.8   133900     21.5   053700     20.2       78       57   133500      2.9     20.0      8.8     30.0   075200      0.0      0.0      0.0     None      0.0     None      5.6     46.4    18.32      8.5     None     8.41   130000      5.8     None     None     None     None     None     None     None
467410 20220321   1011.0   1014.1   1013.2   100500   1008.9   163300     24.3     28.3   131500     21.8   083700     22.1       88       66   130800      1.9     20.0      7.1    360.0   081500      9.5      6.3      2.0   080200      4.0   062500      3.6     29.8    13.29      3.0     None     9.10   130000      8.8     None     None     None     None     None     None     None
467410 20220322   1010.1   1013.2   1011.7   084900   1008.5   181200     25.7     30.0   111800     21.2   233400     21.6       78       67   163200      3.1    130.0     10.2    340.0   141000      0.5      0.7      0.5   055300      0.5   055300      6.4     52.9    19.71     11.5     None    10.46   120000      7.3     None     None     None     None     None     None     None
467410 20220323   1010.9   1014.0   1012.7   105300   1009.0   011200     18.8     22.5   010300     16.4   230100     17.6       93       76   010500      3.5    360.0     11.3    340.0   104100     13.5     15.0      3.5   111000      7.0   105900      0.0      0.0     3.53      8.8     None     2.82   120000     10.0     None     None     None     None     None     None     None
467410 20220324   1012.2   1015.3   1014.5   103200   1010.8   150600     19.2     23.1   145800     16.2   035500     18.1       94       82   144300      2.5     20.0      6.1    350.0   024900      1.5      7.8      0.5   033700      1.0   033700      0.2      1.6     9.14      4.8     None     6.81   140000     10.0     None     None     None     None     None     None     None
467410 20220325   1009.2   1012.3   1011.2   000400   1006.6   151700     25.6     31.9   131700     19.9   053000     21.6       80       52   130700      3.7    170.0     17.2    180.0   143200     -9.8      0.1     -9.8   011500     -9.8   011500      7.6     62.4    23.08     12.5     None    12.08   130000      5.8     None     None     None     None     None     None     None
467410 20220326   1009.7   1012.8   1011.4   093100   1008.2   152200     27.7     31.2   123300     25.2   045300     23.0       77       51   123300      2.3    160.0      7.0    150.0   011700      0.0      0.0      0.0     None      0.0     None      5.0     41.0    18.34     12.3     None     9.82   120000      6.8     None     None     None     None     None     None     None
467410 20220327   1010.2   1013.4   1012.3   231500   1008.6   041000     24.2     28.2   120400     19.6   234300     20.3       79       68   120500      2.8    360.0      8.4     10.0   190200      0.0      0.0      0.0     None      0.0     None      1.0      8.2    11.50     11.8     None     8.62   120000      9.3     None     None     None     None     None     None     None
467410 20220328   1013.4   1016.6   1016.3   220900   1010.9   035800     18.6     20.6   131000     17.0   054100     16.6       88       79   131100      4.3     10.0     11.3     20.0   160100      0.5      2.2      0.5   165500      0.5   165500      0.0      0.0     7.24     13.3     None     5.55   140000     10.0     None     None     None     None     None     None     None
467410 20220329   1013.4   1016.6   1015.3   000100   1011.0   151500     21.8     26.1   134000     18.0   001200     19.3       86       69   130600      3.4    360.0     10.4     20.0   074400      0.0      0.0      0.0     None      0.0     None      2.7     22.0    16.60      5.0     None    10.71   120000      9.5     None     None     None     None     None     None     None
467410 20220330   1013.0   1016.2   1015.0   100200   1010.6   163600     24.2     28.8   143200     21.0   005900     20.8       82       58   143200      3.0    360.0      8.9     10.0   145800      0.0      0.0      0.0     None      0.0     None      3.8     30.9    15.89      6.0     None     9.52   140000      7.5     None     None     None     None     None     None     None
467410 20220331   1013.2   1016.3   1015.6   090800   1010.6   150300     24.6     30.7   142400     20.4   235959     21.4       83       55   133800      2.9    320.0     13.2     10.0   204400      0.0      0.0      0.0     None      0.0     None      8.5     69.0    23.47      5.0     None    11.93   120000      1.3     None     None     None     None     None     None     None
467410 20220401   1015.5   1018.7   1017.5   214600   1014.0   032800     19.5     22.9   151400     16.5   235000     14.8       74       65   125200      5.2     10.0     13.0     10.0   014400      0.0      0.0      0.0     None      0.0     None      0.2      1.6    11.67      8.5     None     7.56   110000     10.0     None     None     None     None     None     None     None
467410 20220402   1016.9   1020.1   1018.5   093200   1015.8   034500     15.4     16.7   005300     14.5   230300     12.9       85       70   011200      5.1     10.0     13.9    350.0   132800     -9.8     14.9     -9.8   085400     -9.8   085400      0.0      0.0     4.32     10.8     None     3.61   120000     10.0     None     None     None     None     None     None     None
467410 20220403   1017.0   1020.2   1018.5   105000   1015.7   031800     15.7     18.7   162300     13.8   022300     13.9       90       77   163500      3.9    360.0      9.8    350.0   070400      2.5     10.8      0.5   000200      1.0   025400      0.0      0.0     7.54      9.3     None     5.00   130000      9.8     None     None     None     None     None     None     None
467410 20220404   1017.7   1020.9   1018.9   090500   1016.2   154100     19.6     25.9   135300     13.7   051800     14.7       74       54   131000      3.3     10.0     11.4    340.0   150900      0.0      0.0      0.0     None      0.0     None      9.5     76.6    25.63     27.8     None    12.03   130000      2.5     None     None     None     None     None     None     None
467410 20220405   1016.1   1019.3   1018.7   081300   1013.0   162500     22.1     28.2   142200     17.8   045700     16.5       73       40   160200      3.4     10.0     10.1    350.0   130100      0.0      0.0      0.0     None      0.0     None     11.3     91.0    26.40     16.8     None    11.69   130000      1.5     None     None     None     None     None     None     None
467410 20220406   1013.8   1016.9   1015.7   085500   1011.7   154900     22.6     27.6   140300     18.7   060700     18.2       77       49   154200      2.6     20.0      9.4    330.0   143500      0.0      0.0      0.0     None      0.0     None     10.4     83.6    24.56      7.5     None    10.23   120000      1.0     None     None     None     None     None     None     None
467410 20220407   1012.2   1015.4   1013.8   075100   1010.4   160000     22.7     27.7   124400     19.3   070300     18.8       80       48   121000      3.0     10.0     10.8    300.0   132800      0.0      0.0      0.0     None      0.0     None      6.2     49.7    22.35      6.6     None    10.38   120000      5.5     None     None     None     None     None     None     None
467410 20220408   1010.8   1014.0   1012.3   084900   1009.1   154600     24.0     27.9   140500     20.2   042600     18.2       71       54   134400      1.7    300.0      7.2    240.0   151400      0.0      0.0      0.0     None      0.0     None      6.9     55.2    22.73     13.3     None    10.95   130000      6.3     None     None     None     None     None     None     None
467410 20220409   1009.9   1013.0   1011.1   000100   1007.9   155400     25.3     28.7   125600     22.8   041000     19.6       71       51   125500      1.9    310.0      8.4    310.0   143100      0.0      0.0      0.0     None      0.0     None     10.0     79.9    24.72     13.3     None    11.84   130000      3.0     None     None     None     None     None     None     None
467410 20220410   1009.0   1012.1   1010.7   082900   1007.0   160500     26.8     31.4   120200     23.0   055100     18.0       60       36   121600      2.6    360.0     10.1    320.0   145900      0.0      0.0      0.0     None      0.0     None     10.4     83.0    25.10     12.0     None    11.65   120000      4.0     None     None     None     None     None     None     None
467410 20220411   1007.9   1011.0   1009.8   084300   1005.9   151600     26.9     30.6   133300     24.3   031200     19.0       63       40   155000      2.7    340.0     10.3    300.0   144000     -9.8      0.1     -9.8   000800     -9.8   000800      7.5     59.7    21.83     10.5     None    11.22   120000      6.8     None     None     None     None     None     None     None
467410 20220412   1006.1   1009.2   1008.2   083500   1004.0   165400     27.0     30.6   124100     23.7   055800     19.1       63       48   130600      2.8    300.0      9.0    310.0   153000      0.0      0.0      0.0     None      0.0     None     11.1     88.2    25.32     16.5     None    10.79   130000      1.5     None     None     None     None     None     None     None
467410 20220413   1004.4   1007.5   1005.9   000100   1002.5   150200     26.6     30.6   122700     24.5   032700     20.9       71       52   121300      1.8    270.0      9.3    260.0   130700      0.0      0.0      0.0     None      0.0     None      9.1     72.2    23.91     26.5     None    11.16   130000      3.5     None     None     None     None     None     None     None
467410 20220414   1004.8   1007.9   1007.0   223200   1002.8   151100     26.5     30.5   122600     23.2   235959     21.0       73       54   122600      3.7    330.0     11.3    300.0   130100      0.0      0.0      0.0     None      0.0     None      8.2     65.0    22.60     17.5     None     9.26   120000      2.3     None     None     None     None     None     None     None
467410 20220415   1007.9   1011.0   1010.4   215500   1005.9   154900     23.7     29.4   135000     20.5   235300     17.6       69       52   132900      3.9    360.0     11.3    330.0   162100      0.0      0.0      0.0     None      0.0     None      9.8     77.5    24.66     12.3     None    10.76   120000      3.3     None     None     None     None     None     None     None
467410 20220416   1009.7   1012.9   1012.2   223400   1008.1   151800     23.0     27.5   135200     19.9   023400     16.3       67       53   134900      2.6    360.0     10.9    350.0   194400      0.0      0.0      0.0     None      0.0     None      7.0     55.3    22.72     17.0     None    10.10   130000      6.0     None     None     None     None     None     None     None
467410 20220417   1012.2   1015.3   1014.1   092300   1010.3   161600     22.4     27.7   131800     18.4   064400     16.0       68       52   132000      3.7     20.0      9.3    350.0   161500     -9.8      1.1     -9.8   053600     -9.8   053600      5.7     44.9    20.81     10.8     None    10.07   130000      6.8     None     None     None     None     None     None     None
467410 20220418   1012.8   1015.9   1014.4   213600   1010.9   161100     23.8     28.7   121600     19.7   050700     17.9       70       52   121600      3.2     20.0     11.7    360.0   193600      0.0      0.0      0.0     None      0.0     None      9.4     74.0    21.97      8.5     None    10.23   120000      4.0     None     None     None     None     None     None     None
467410 20220419   1013.1   1016.3   1014.5   221300   1011.8   164900     21.7     24.8   105100     20.0   234800     17.3       76       62   104800      3.8    360.0      9.8    350.0   144000      0.0      0.0      0.0     None      0.0     None      0.1      0.8     9.47      9.0     None     6.30   110000     10.0     None     None     None     None     None     None     None
467410 20220420   1011.8   1014.9   1013.8   000100   1009.7   164500     23.5     27.7   143100     19.5   012500     18.8       75       60   110000      3.0    360.0      8.2     20.0   063100     -9.8      0.1     -9.8   015200     -9.8   015200      4.4     34.5    19.74     13.5     None     7.62   140000      7.3     None     None     None     None     None     None     None
467410 20220421   1010.5   1013.6   1011.9   083400   1008.9   154200     25.8     30.1   135800     21.4   045600     20.0       71       52   135900      2.2    360.0      6.9    270.0   142300      0.0      0.0      0.0     None      0.0     None     10.4     81.4    24.22     11.3     None     9.44   110000      3.5     None     None     None     None     None     None     None
467410 20220422   1009.8   1012.9   1011.7   090300   1007.6   152400     27.7     31.1   102200     24.6   045100     22.5       74       57   102300      2.0    250.0      7.5    250.0   134800      0.0      0.0      0.0     None      0.0     None     10.1     79.0    25.00     17.0     None    11.34   120000      6.8     None     None     None     None     None     None     None
467410 20220423   1008.7   1011.8   1011.2   082100   1006.9   172700     26.9     29.7   100600     24.4   083300     23.8       84       63   100700      2.6    190.0     10.1    190.0   142500      3.5      1.8      2.0   020500      2.5   020500      4.6     35.9    12.16     20.0     None     7.63   100000      8.8     None     None     None     None     None     None     None
467410 20220424   1007.4   1010.5   1008.9   082900   1005.2   161000     27.8     30.8   133000     25.5   042600     23.5       78       60   171600      2.1    140.0      7.5    290.0   150700      0.0      0.0      0.0     None      0.0     None     10.3     80.3    26.17     36.3     None    12.41   130000      2.5     None     None     None     None     None     None     None
467410 20220425   1006.8   1009.9   1008.3   071200   1005.1   154400     28.7     31.9   110200     26.8   000600     24.3       78       60   093400      4.3    200.0     15.2    210.0   125900      0.0      0.0      0.0     None      0.0     None     11.0     85.6    27.22     37.5     None    12.56   120000      1.8     None     None     None     None     None     None     None
467410 20220426   1006.5   1009.6   1008.3   215600   1005.1   154700     28.7     31.7   124000     27.1   050400     24.5       79       61   132800      4.0    180.0     12.6    200.0   100500      0.0      0.0      0.0     None      0.0     None     11.2     87.0    26.11     32.5     None    11.84   130000      3.5     None     None     None     None     None     None     None
467410 20220427   1007.8   1010.9   1009.7   220700   1006.1   155400     28.8     32.0   111400     26.2   054500     23.3       74       52   113300      2.4    280.0      7.5    300.0   153700      0.0      0.0      0.0     None      0.0     None     11.1     86.1    26.63     16.3     None    12.41   120000      2.3     None     None     None     None     None     None     None
467410 20220428   1009.0   1012.1   1010.1   085000   1007.4   150200     28.1     31.1   113000     25.4   042100     24.0       79       68   092300      2.4     10.0     11.3    260.0   115300      0.0      0.0      0.0     None      0.0     None      5.4     41.8    21.58     15.0     None    10.93   120000      6.8     None     None     None     None     None     None     None
467410 20220429   1008.4   1011.5   1010.8   221900   1005.9   155300     28.9     32.6   133800     25.6   235400     24.0       76       60   125600      3.0    360.0      9.2     20.0   200600      0.0      0.0      0.0     None      0.0     None     11.3     87.4    27.00     32.5     None    12.32   120000      2.3     None     None     None     None     None     None     None
467410 20220430   1009.5   1012.6   1011.0   075000   1007.5   141900     26.5     31.7   130200     23.7   235600     21.3       74       57   123500      3.7     10.0     11.1    330.0   161000      0.0      0.0      0.0     None      0.0     None      9.1     70.3    25.18      9.3     None    11.22   120000      7.3     None     None     None     None     None     None     None
467410 20220501   1008.9   1012.1   1010.9   231000   1007.4   150600     23.0     25.9   101800     19.4   235800     18.4       76       66   104700      4.8    360.0     11.7     20.0   191400     -9.8      2.8     -9.8   123900     -9.8   123900      0.7      5.4    11.18      9.0     None     7.25   110000     10.0     None     None     None     None     None     None     None
467410 20220502   1010.2   1013.4   1012.2   214000   1008.4   041800     18.1     19.4   000100     16.6   235200     17.5       96       83   000100      4.1     10.0     14.0     40.0   012400     21.0     23.6      1.0   053600      2.5   131200      0.0      0.0     3.81      6.5     None     2.74   130000     10.0     None     None     None     None     None     None     None
467410 20220503   1011.5   1014.6   1012.7   092400   1010.3   030700     20.5     23.5   150900     16.6   003600     18.7       89       77   151400      1.9    360.0      9.2     20.0   013400      0.5      6.6      0.5   104500      0.5   103000      0.0      0.0    10.63      8.0     None     6.87   130000     10.0     None     None     None     None     None     None     None
467410 20220504   1009.7   1012.8   1011.5   000100   1008.2   150400     24.8     29.6   122100     21.5   014900     21.3       81       60   121200      2.8     20.0     10.3    310.0   130100     -9.8      0.1     -9.8   055500     -9.8   055500      7.2     55.3    23.67     11.8     None    11.27   120000      7.8     None     None     None     None     None     None     None
467410 20220505   1008.1   1011.2   1009.3   084600   1006.5   165600     25.6     29.8   120100     23.5   052400     22.4       83       63   120200      3.2     10.0     10.3    330.0   150500      0.0      0.0      0.0     None      0.0     None      7.6     58.3    22.18      7.8     None     9.85   120000      6.3     None     None     None     None     None     None     None
467410 20220506   1008.5   1011.6   1010.0   214400   1007.2   144600     26.2     30.2   124700     22.6   040500     22.4       80       63   120700      2.4     10.0      8.8    300.0   141600      0.0      0.0      0.0     None      0.0     None      6.7     51.3    21.44      7.0     None     8.80   120000      6.3     None     None     None     None     None     None     None
467410 20220507   1009.4   1012.5   1011.1   223000   1007.7   165400     26.9     31.0   151900     23.7   045100     22.6       78       56   122100      2.9    360.0      9.0    340.0   141800      0.0      0.0      0.0     None      0.0     None      5.4     41.3    20.04      8.0     None     8.67   110000      8.8     None     None     None     None     None     None     None
467410 20220508   1009.7   1012.8   1011.0   094000   1008.6   150700     26.2     30.6   130200     23.7   054700     22.7       82       60   130200      2.6    360.0      7.9     20.0   022600      0.0      0.0      0.0     None      0.0     None      2.0     15.3    16.29      8.8     None     8.70   110000      9.0     None     None     None     None     None     None     None
467410 20220509   1009.2   1012.3   1010.8   081700   1007.5   162600     26.4     30.4   142400     23.8   054900     22.0       78       59   125700      3.3    360.0      9.6     90.0   144100      0.0      0.0      0.0     None      0.0     None      3.7     28.2    18.08      8.0     None     7.39   120000      9.0     None     None     None     None     None     None     None
467410 20220510   1007.5   1010.6   1009.2   000100   1005.7   145000     27.4     31.7   121400     23.9   022600     22.4       75       54   121400      2.0     20.0      9.0    230.0   142700     -9.8      0.4     -9.8   183200     -9.8   183200      7.0     53.3    22.86     19.3     None    10.80   120000      6.5     None     None     None     None     None     None     None
467410 20220511   1006.6   1009.7   1008.6   084100   1005.4   021600     27.3     30.1   134400     24.1   084200     23.1       78       61   144200      1.4     20.0      8.6    150.0   073000      2.5      1.8      1.0   082400      2.5   080500      0.5      3.8    11.51     19.5     None     7.66   130000      9.3     None     None     None     None     None     None     None
467410 20220512   1005.9   1009.0   1007.0   085300   1005.1   152300     27.0     29.6   112000     25.6   043700     23.1       79       68   233500      2.1    190.0     10.4    200.0   122700      1.0      3.6      0.5   141100      0.5   141100      0.0      0.0     7.80     19.5     None     4.56   100000      9.8     None     None     None     None     None     None     None
467410 20220513   1005.1   1008.1   1006.3   090600   1003.9   160200     27.9     30.5   111300     25.8   004000     21.9       70       61   111400      2.3    130.0      9.8    220.0   131500     -9.8      0.6     -9.8   001800     -9.8   001800      0.6      4.6    11.44     30.0     None     6.75   140000     10.0     None     None     None     None     None     None     None
467410 20220514   1006.8   1009.9   1008.8   220700   1004.3   034700     24.9     27.6   010400     23.4   082500     23.6       93       78   000100      2.8    120.0      9.8    220.0   151400     47.0     12.4      7.0   125700     14.0   121800      0.0      0.0     3.07     12.0     None     2.83   150000     10.0     None     None     None     None     None     None     None
467410 20220515   1007.6   1010.7   1009.0   082600   1006.1   154500     22.6     24.4   002000     19.4   235100     21.9       96       88   142500      3.0    360.0      7.9     10.0   114600     21.0      7.6      5.0   022300     11.0   021200      0.0      0.0     6.62      7.5     None     4.80   140000     10.0     None     None     None     None     None     None     None
467410 20220516   1008.0   1011.2   1010.0   223000   1006.5   043700     18.9     20.3   095900     18.1   183300     18.6       98       90   100200      4.0     10.0     10.3    360.0   175900     13.0     13.6      1.0   010900      4.0   010900      0.0      0.0     4.74      5.8     None     2.93   100000     10.0     None     None     None     None     None     None     None
467410 20220517   1009.5   1012.7   1011.4   230100   1007.8   023700     21.5     25.7   145800     18.1   010800     18.9       86       70   145800      3.4    360.0      8.3    340.0   152900      1.0      3.5      0.5   034700      0.5   034700      1.1      8.3    17.34     14.8     None    10.49   120000      9.5     None     None     None     None     None     None     None
467410 20220518   1010.1   1013.2   1011.5   074000   1008.7   152800     24.7     30.2   134800     19.7   040100     20.5       78       57   134900      2.8    360.0      8.3    300.0   145900      0.0      0.0      0.0     None      0.0     None      5.8     43.8    22.19     18.0     None    11.29   130000      8.3     None     None     None     None     None     None     None
467410 20220519   1008.1   1011.2   1009.9   070800   1006.1   163600     26.3     30.1   144900     23.3   020900     23.1       83       63   145000      2.1    360.0      6.6    260.0   151800     -9.8      0.1     -9.8   213400     -9.8   213400      6.3     47.5    22.68      8.0     None     9.86   130000      8.0     None     None     None     None     None     None     None
467410 20220520   1004.5   1007.6   1007.4   000100   1002.3   160800     26.9     30.6   130700     24.3   055600     23.5       82       63   153100      3.4    340.0     10.6    310.0   134200      0.0      0.0      0.0     None      0.0     None      9.9     74.5    24.86      7.3     None    10.40   120000      4.0     None     None     None     None     None     None     None
467410 20220521   1004.9   1007.9   1006.3   230800   1003.6   032400     26.9     31.0   112800     24.0   045000     22.5       77       60   145500      2.2     20.0      7.5    300.0   114300      0.0      0.0      0.0     None      0.0     None      8.7     65.4    24.66      7.5     None     9.93   130000      3.3     None     None     None     None     None     None     None
467410 20220522   1005.0   1008.1   1006.2   090100   1003.5   155200     27.0     31.0   115700     24.4   060200     22.4       77       58   124100      2.2     10.0      8.7    320.0   131900      0.0      0.0      0.0     None      0.0     None      6.3     47.3    22.60     19.8     None    11.73   130000      7.0     None     None     None     None     None     None     None
467410 20220523   1005.7   1008.8   1007.9   220800   1004.3   052100     27.2     31.2   112800     24.6   033400     23.1       79       64   110100      2.2     10.0      8.8    300.0   120800     -9.8      0.1     -9.8   134400     -9.8   134400      3.7     27.8    15.27      6.0     None    10.36   120000      9.0     None     None     None     None     None     None     None
467410 20220524   1007.5   1010.6   1009.1   220800   1006.6   024300     27.6     30.4   155400     26.1   051900     24.7       85       67   163600      2.1    160.0     13.6    200.0   122900      4.0      2.8      2.5   123700      3.0   123000      1.0      7.5     9.12     23.5     None     4.61   140000      9.0     None     None     None     None     None     None     None
467410 20220525   1006.1   1009.2   1007.8   000100   1004.3   161700     27.4     31.5   103900     25.1   032500     24.6       86       61   104500      3.1    130.0     10.0    190.0   110300     -9.8      1.8     -9.8   122300     -9.8   122300      3.2     24.0    13.94     35.0     None    10.06   110000      9.5     None     None     None     None     None     None     None
467410 20220526   1003.7   1006.8   1005.8   000100   1001.8   163200     26.5     29.2   120200     24.8   072900     24.9       91       80   103600      2.9    130.0     11.6    190.0   121700     95.0      7.1     10.0   075800     38.0   073400      1.2      9.0    11.82     14.5     None     9.11   120000      9.5     None     None     None     None     None     None     None
467410 20220527   1004.0   1007.1   1006.6   222400   1002.6   022400     26.9     29.1   110200     25.3   000100     25.4       92       77   105400      2.8    160.0     13.5    180.0   111700     17.0      3.3      9.0   111700     10.5   111700      0.8      6.0     8.90     20.5     None     5.19   110000      8.8     None     None     None     None     None     None     None
467410 20220528   1005.3   1008.3   1006.6   223200   1004.1   161800     28.9     33.0   131800     25.5   051500     24.2       77       54   124500      2.3    220.0      7.1    240.0   142600      0.0      0.0      0.0     None      0.0     None     11.0     82.2    26.64     32.5     None    13.23   120000      6.5     None     None     None     None     None     None     None
467410 20220529   1005.1   1008.1   1006.1   000100   1003.9   154700     29.1     32.1   114300     26.2   052300     24.2       76       62   105800      2.5    240.0      8.9    260.0   123500      0.0      0.0      0.0     None      0.0     None     11.7     87.4    26.55     27.5     None    12.17   120000      8.3     None     None     None     None     None     None     None
467410 20220530   1004.9   1008.0   1006.5   085800   1003.5   144500     29.1     32.4   140600     27.1   030400     24.3       76       60   143100      2.8    240.0     10.5    190.0   081800     -9.8      0.2     -9.8   081800     -9.8   081800      6.8     50.7    21.72     42.5     None    12.52   130000      8.0     None     None     None     None     None     None     None
467410 20220531   1006.0   1009.1   1007.4   092800   1003.8   022500     29.5     32.1   133300     27.2   032100     24.8       76       63   105200      3.4    210.0     10.6    210.0   111700      0.0      0.0      0.0     None      0.0     None      9.4     70.1    24.41     40.0     None    11.74   130000      6.8     None     None     None     None     None     None     None
467410 20220601   1005.7   1008.8   1006.9   000100   1003.9   173400     29.5     32.4   102400     27.0   053300     24.9       77       57   101600      2.5    240.0      8.5    260.0   124000      0.0      0.0      0.0     None      0.0     None     11.8     87.9    28.24     26.3     None    12.48   120000      5.8     None     None     None     None     None     None     None
467410 20220602   1004.9   1007.9   1006.5   223400   1003.4   155800     29.3     32.0   140800     27.5   050400     24.9       77       59   142200      2.4    260.0      7.8    280.0   122200      0.0      0.0      0.0     None      0.0     None     10.5     78.2    26.85     30.0     None    13.18   130000      7.8     None     None     None     None     None     None     None
467410 20220603   1005.4   1008.4   1006.8   214500   1004.0   151100     29.7     32.6   120100     27.2   045300     24.4       74       56   113500      2.6    240.0      8.7    220.0   130600     -9.8      0.1     -9.8   072900     -9.8   072900     10.9     81.1    27.19     43.8     None    13.31   120000      4.8     None     None     None     None     None     None     None
467410 20220604   1006.0   1009.0   1007.4   084700   1004.7   155400     28.0     31.2   120100     26.1   063300     25.0       84       72   120100      2.5    140.0     10.8    260.0   143700     13.0      1.9      4.0   093100      4.0   092400      5.1     37.9    20.30     16.8     None    12.43   120000      8.8     None     None     None     None     None     None     None
467410 20220605   1004.4   1007.5   1005.7   000100   1002.9   165200     29.0     32.1   145600     25.4   153800     24.5       77       64   113000      2.6    140.0     16.7    200.0   152400      8.0      0.4      8.0   152900      8.0   151400      9.3     69.1    23.73     27.5     None    13.35   120000      6.5     None     None     None     None     None     None     None
467410 20220606   1003.1   1006.2   1004.3   231300   1001.9   155100     28.8     31.3   103800     26.3   050800     24.9       80       64   102700      2.6    200.0      7.3    160.0   032500      2.5      0.4      2.0   044400      2.0   044400      4.0     29.7    17.26     23.5     None     9.77   120000      9.3     None     None     None     None     None     None     None
467410 20220607   1004.3   1007.4   1006.6   223900   1002.4   022600     26.4     29.3   112000     24.7   062300     24.6       90       82   111300      2.4    120.0     13.7    230.0   114600     65.5      4.5     12.5   052300     31.5   051200      0.6      4.5     7.57     27.5     None     5.15   110000      9.3     None     None     None     None     None     None     None
467410 20220608   1005.7   1008.7   1007.3   225000   1004.6   040200     26.7     31.0   103700     24.3   145500     23.7       84       70   105700      3.0    130.0     19.4    200.0   143100      7.5      3.7      3.0   144000      6.0   144000      2.0     14.8    11.88     26.5     None     9.62   110000      9.0     None     None     None     None     None     None     None
467410 20220609   1005.9   1009.0   1007.2   034800   1004.2   153400     27.9     31.0   132500     24.2   050000     24.2       81       66   133500      3.0    160.0      9.9    180.0   115400     11.5      4.4      3.0   035000      5.0   031700      1.1      8.2    15.35     38.8     None     7.91   140000      9.8     None     None     None     None     None     None     None
467410 20220610   1005.3   1008.4   1007.4   222900   1003.8   161000     28.6     31.0   164100     26.6   044100     24.5       79       67   133900      3.0    130.0      8.8    190.0   133800     -9.8      0.2     -9.8   073700     -9.8   073700      1.3      9.6    10.81     45.0     None     6.16   140000      9.3     None     None     None     None     None     None     None
467410 20220611   1006.5   1009.5   1009.0   223600   1005.1   035100     28.3     31.3   143800     25.3   225300     24.2       79       67   125800      2.8    180.0     12.3    150.0   100400     24.5      2.0     11.0   222900     18.0   222900      4.3     31.9    17.40     58.8     None    13.07   130000      8.8     None     None     None     None     None     None     None
467410 20220612   1006.8   1009.9   1008.2   000800   1005.5   160700     28.5     32.0   130600     23.9   025500     23.8       76       57   142500      2.2    210.0      8.1    330.0   021200     10.0      1.0      4.0   023600     10.0   022400      9.2     68.2    24.20     57.5     None    10.67   110000      8.0     None     None     None     None     None     None     None
467410 20220613   1005.5   1008.5   1006.6   094200   1004.3   161100     29.5     32.4   133300     27.1   054400     24.0       73       59   112000      2.7    180.0      8.8    190.0   120300      0.0      0.0      0.0     None      0.0     None     10.3     76.3    24.73     40.0     None    12.26   120000      8.5     None     None     None     None     None     None     None
467410 20220614   1006.4   1009.5   1008.7   215500   1005.0   043200     29.2     31.4   095500     27.3   045400     24.4       75       62   092800      2.4    240.0     10.7    260.0   142100     -9.8      0.4     -9.8   113800     -9.8   113800      6.0     44.5    18.21     45.0     None     7.85   130000      9.0     None     None     None     None     None     None     None
467410 20220615   1007.7   1010.8   1009.5   222400   1006.5   071700     29.5     32.4   123400     27.2   042500     23.9       72       56   124900      2.3    160.0      7.6    230.0   132800      0.0      0.0      0.0     None      0.0     None      6.7     49.6    22.02     71.3     None    12.76   130000      7.5     None     None     None     None     None     None     None
467410 20220616   1007.7   1010.8   1009.0   000600   1006.2   142600     29.5     32.8   123500     27.2   035400     24.1       73       43   112000      2.1    200.0      8.7    240.0   163500      0.0      0.0      0.0     None      0.0     None      7.0     51.8    21.52     53.8     None    13.59   130000      8.5     None     None     None     None     None     None     None
467410 20220617   1006.8   1009.9   1007.7   075900   1005.7   153900     29.8     32.5   120700     27.2   051200     24.2       72       58   120000      2.3    250.0      8.8    200.0   124800      0.0      0.0      0.0     None      0.0     None      9.9     73.3    25.20     41.3     None    12.70   120000      8.3     None     None     None     None     None     None     None
467410 20220618   1006.3   1009.3   1007.3   111100   1005.4   021000     30.0     33.4   122500     27.2   055100     24.3       72       51   123100      2.3    220.0      8.4    220.0   143400      0.0      0.0      0.0     None      0.0     None     11.5     85.2    27.23     52.5     None    13.44   130000      6.8     None     None     None     None     None     None     None
467410 20220619   1005.8   1008.9   1006.6   000100   1004.9   154000     30.1     32.8   112900     27.8   043100     24.5       73       57   105600      2.8    240.0      9.4    240.0   150700      0.0      0.0      0.0     None      0.0     None     10.9     80.7    27.31     25.0     None    12.76   130000      5.5     None     None     None     None     None     None     None
467410 20220620   1004.3   1007.4   1005.5   000100   1003.2   152500     30.3     33.4   123600     27.6   043000     24.3       71       54   131400      2.4    250.0      8.3    250.0   141700      0.0      0.0      0.0     None      0.0     None     11.7     86.6    27.82     24.5     None    13.20   130000      5.5     None     None     None     None     None     None     None
467410 20220621   1005.1   1008.1   1007.6   221700   1002.9   020100     30.3     33.2   134200     27.8   043300     24.3       71       50   142400      2.5    180.0      8.3    270.0   104000      0.0      0.0      0.0     None      0.0     None      9.1     67.4    25.30     14.0     None    11.09   140000      8.0     None     None     None     None     None     None     None
467410 20220622   1008.1   1011.1   1010.3   221700   1006.0   021100     30.6     33.6   112900     27.9   052800     24.1       69       52   105400      2.6    240.0      9.0    270.0   123800      0.0      0.0      0.0     None      0.0     None     11.4     84.4    27.05     18.8     None    12.69   120000      4.5     None     None     None     None     None     None     None
467410 20220623   1008.4   1011.5   1009.9   071100   1006.2   154800     30.9     33.7   135600     28.4   045200     24.5       69       54   100200      3.0    190.0     12.4    230.0   154100      0.0      0.0      0.0     None      0.0     None     11.8     87.4    28.59     62.5     None    12.34   120000      4.3     None     None     None     None     None     None     None
467410 20220624   1006.4   1009.5   1008.2   000100   1004.3   150000     30.2     33.4   112800     27.6   045700     23.9       69       58   112900      3.4    210.0     15.6    200.0   150500      0.0      0.0      0.0     None      0.0     None      8.3     61.5    23.95     48.8     None    12.17   130000      7.8     None     None     None     None     None     None     None
467410 20220625   1006.1   1009.2   1008.2   214200   1004.0   031100     29.6     32.8   100600     25.7   174500     24.1       73       55   132400      4.4    180.0     13.3    210.0   102400      6.0      0.4      6.0   173600      6.0   172600      6.0     44.4    21.04     57.5     None    10.84   130000      8.8     None     None     None     None     None     None     None
467410 20220626   1007.7   1010.8   1009.7   104900   1005.7   022500     29.7     32.4   120600     26.9   013000     24.2       73       64   162100      2.1    260.0      7.7    280.0   151200      0.0      0.0      0.0     None      0.0     None      9.4     69.6    24.83     55.0     None    12.06   120000      8.5     None     None     None     None     None     None     None
467410 20220627   1006.1   1009.2   1007.8   082800   1004.1   161600     30.2     33.4   134100     27.9   052100     24.4       71       58   090900      2.3    310.0     10.0    300.0   151900     -9.8      0.3     -9.8   193000     -9.8   193000      7.9     58.5    21.91     41.3     None     9.86   140000      8.5     None     None     None     None     None     None     None
467410 20220628   1003.2   1006.3   1005.2   000100   1001.4   161600     29.5     33.8   113000     27.3   054500     24.4       75       57   115200      2.2     40.0      7.9    310.0   123300      2.5      1.4      1.5   172200      2.5   171800      5.8     43.0    16.46     25.8     None     8.58   120000      7.0     None     None     None     None     None     None     None
467410 20220629   1001.9   1004.9   1003.1   223800   1000.7   164100     28.4     32.4   100800     26.2   154800     24.6       80       61   100600      2.0     20.0     10.2    170.0   121200      1.0      2.8      1.0   121400      1.0   121400      3.5     25.7     9.85     22.5     None     6.81   100000      7.3     None     None     None     None     None     None     None
467410 20220630   1001.9   1004.9   1003.5   221400    999.7   154100     29.4     33.3   125600     26.2   203600     23.9       73       59   113700      2.0    310.0      9.7    310.0   132400      2.0      1.4      1.0   191000      1.5   184500      8.1     60.1    21.60     22.5     None     9.40   130000      8.0     None     None     None     None     None     None     None
467410 20220701   1003.1   1006.1   1005.5   230400   1001.4   032600     28.8     33.2   114800     26.0   172700     25.0       81       60   135200      1.9    160.0      8.8    140.0   164900     24.5      4.2      6.5   161800     14.0   160500      3.9     28.9    17.88     14.5     None     8.64   140000      8.8     None     None     None     None     None     None     None
467410 20220702   1004.2   1007.3   1006.4   212400   1002.9   162400     28.0     31.6   114200     25.4   215100     24.5       82       65   114000      3.3    190.0     11.1    160.0   000800     32.0      3.8     11.0   202500     30.0   200300      0.3      2.2    14.19     40.0     None     7.91   140000     10.0     None     None     None     None     None     None     None
467410 20220703   1004.1   1007.1   1005.3   000100   1002.8   155100     28.2     32.4   143900     25.5   000100     25.0       83       64   135600      2.9    120.0      9.3    210.0   181600     15.5      4.3      6.0   090700     11.0   083100      3.3     24.3    17.02     25.5     None    10.88   140000      9.3     None     None     None     None     None     None     None
467410 20220704   1003.7   1006.7   1005.5   212300   1002.5   040700     28.4     32.2   110200     26.3   010100     24.7       81       64   110200      3.1    150.0     11.8    200.0   112200      9.5      3.5      5.0   192500      6.5   192500      3.8     28.2    18.60     18.8     None    13.52   120000      8.0     None     None     None     None     None     None     None
467410 20220705   1005.0   1008.1   1006.4   112900   1003.6   022000     27.4     30.4   111100     25.4   113600     24.3       83       72   094200      3.0    130.0     11.0    270.0   112400     26.0      5.1      7.5   112300     18.0   112200      1.4     10.4    11.56     18.0     None     5.98   110000     10.0     None     None     None     None     None     None     None
467410 20220706   1006.0   1009.0   1007.4   084000   1004.5   025100     29.2     32.9   120600     26.3   024600     24.2       75       53   135000      3.6    200.0      9.9    210.0   083900      0.0      0.0      0.0     None      0.0     None      9.1     67.7    26.19     47.5     None    13.38   120000      5.5     None     None     None     None     None     None     None
467410 20220707   1006.5   1009.6   1007.8   230500   1004.9   164100     29.9     33.4   105700     27.1   045700     25.2       76       60   115800      2.5     20.0      9.4    220.0   143700     -9.8      0.4     -9.8   044400     -9.8   044400      9.8     72.2    26.73     32.5     None    14.07   130000      4.5     None     None     None     None     None     None     None
467410 20220708   1005.5   1008.6   1007.4   000100   1003.6   153600     29.9     33.4   135700     28.0   042100     24.6       74       63   103200      1.9     20.0      9.3     70.0   163400      0.0      0.0      0.0     None      0.0     None      5.9     43.9    17.63     22.5     None    10.04   140000      5.5     None     None     None     None     None     None     None
467410 20220709   1004.2   1007.2   1005.7   000100   1002.7   155100     30.3     33.3   123000     27.4   034400     24.9       73       58   100100      2.4    220.0      8.6    210.0   232500      0.0      0.0      0.0     None      0.0     None     11.1     82.7    26.30     37.5     None    13.09   130000      2.5     None     None     None     None     None     None     None
467410 20220710   1004.8   1007.9   1005.9   224400   1003.9   153900     30.4     33.7   095500     27.8   061500     25.1       74       55   093400      3.1    220.0      9.1    230.0   153700      0.0      0.0      0.0     None      0.0     None     10.3     76.8    26.93     53.8     None    12.97   130000      5.5     None     None     None     None     None     None     None
467410 20220711   1005.5   1008.5   1007.2   221500   1004.5   160800     30.4     33.5   125400     28.0   053000     24.7       72       57   095600      3.1    200.0      8.4    200.0   160000      0.0      0.0      0.0     None      0.0     None     11.5     84.9    27.96     40.0     None    13.40   130000      2.5     None     None     None     None     None     None     None
467410 20220712   1005.1   1008.1   1006.5   000100   1003.5   163600     30.7     33.6   124400     28.5   055500     24.1       68       53   111800      2.6    220.0      7.9    250.0   133200      0.0      0.0      0.0     None      0.0     None     10.8     79.8    26.41     38.8     None    12.31   130000      5.0     None     None     None     None     None     None     None
467410 20220713   1003.3   1006.3   1005.1   000100   1001.1   163900     30.4     33.0   143300     28.8   061900     25.4       75       64   120800      3.5    320.0     10.7    300.0   125900      0.0      0.0      0.0     None      0.0     None      4.5     33.6    19.76     40.0     None    11.16   130000      7.5     None     None     None     None     None     None     None
467410 20220714   1003.0   1006.0   1005.0   214500   1001.6   041200     29.8     32.8   104100     28.2   113300     24.9       76       61   091400      1.5    280.0      9.4    190.0   111500      0.5      0.9      0.5   111300      0.5   111300      3.7     27.7    10.79     21.8     None     6.48   110000      7.3     None     None     None     None     None     None     None
467410 20220715   1004.4   1007.5   1005.7   102700   1003.1   025800     28.4     30.5   115600     25.7   051900     23.7       76       61   172300      1.9     90.0      7.2    320.0   133100     10.0      3.0      6.5   014700      7.5   013500      0.9      6.7    11.38     28.0     None     5.19   110000      9.8     None     None     None     None     None     None     None
467410 20220716   1004.1   1007.2   1005.3   095100   1002.8   034800     29.2     31.6   143500     25.3   095100     24.9       78       69   080100      1.7    140.0     12.3    260.0   093100      9.0      0.8      5.5   094000      9.0   093400      3.1     23.0    14.84     28.8     None     9.88   130000      8.8     None     None     None     None     None     None     None
467410 20220717   1004.3   1007.3   1005.5   100300   1002.6   163000     29.4     32.2   132300     26.4   102600     25.4       79       68   134900      2.1    130.0      8.9    240.0   100200      6.5      1.2      2.0   082700      4.0   100400      5.0     37.5    17.20     30.0     None    11.30   130000      9.3     None     None     None     None     None     None     None
467410 20220718   1004.4   1007.4   1006.2   222900   1002.9   163500     29.9     32.9   135500     27.5   040000     25.3       77       57   142600      3.0    180.0      7.8    230.0   160100      0.0      0.0      0.0     None      0.0     None      9.5     71.3    23.18     42.5     None    13.30   120000      8.5     None     None     None     None     None     None     None
467410 20220719   1006.0   1009.0   1008.1   221200   1004.8   043200     30.3     32.7   125100     27.8   050700     25.9       78       63   122700      3.2    200.0      9.9    200.0   122700      0.0      0.0      0.0     None      0.0     None     10.2     76.6    25.40     32.5     None    14.66   130000      8.3     None     None     None     None     None     None     None
467410 20220720   1008.3   1011.4   1010.4   211700   1007.0   024200     30.8     33.6   120300     28.5   054500     25.3       73       59   112700      4.1    190.0     15.8    200.0   120600      0.0      0.0      0.0     None      0.0     None     11.4     85.7    28.11     66.3     None    15.01   130000      1.8     None     None     None     None     None     None     None
467410 20220721   1009.8   1012.8   1010.7   064900   1008.6   155200     30.5     33.3   130100     28.4   061000     26.0       77       64   122400      2.2    240.0      8.2    240.0   140700      0.0      0.0      0.0     None      0.0     None      9.0     67.7    24.16     37.5     None    14.10   130000      4.3     None     None     None     None     None     None     None
467410 20220722   1008.3   1011.3   1010.0   000100   1007.1   151400     30.6     33.1   112800     28.9   045700     25.8       76       65   135500      2.2    190.0      7.4    220.0   130000      0.0      0.0      0.0     None      0.0     None      9.6     71.5    25.24     21.3     None    13.36   120000      4.8     None     None     None     None     None     None     None
467410 20220723   1006.4   1009.5   1008.5   000400   1005.0   164500     30.7     33.4   114000     28.2   054700     25.2       73       58   101800      2.3    280.0      7.8    270.0   133700      0.0      0.0      0.0     None      0.0     None     12.2     92.0    28.04     30.0     None    14.40   130000      1.8     None     None     None     None     None     None     None
467410 20220724   1004.9   1007.9   1006.0   081600   1003.0   165000     30.9     33.3   130100     28.9   045500     25.2       72       59   160200      2.4    300.0      8.2    310.0   131200      0.0      0.0      0.0     None      0.0     None      7.8     58.9    23.21     27.5     None    13.27   130000      5.8     None     None     None     None     None     None     None
467410 20220725   1005.8   1008.8   1007.2   225100   1004.4   164000     31.0     33.6   131200     29.7   045400     25.5       73       61   142600      2.2    280.0      7.4    300.0   141600      0.0      0.0      0.0     None      0.0     None      7.6     57.4    22.42     38.8     None    13.11   130000      5.3     None     None     None     None     None     None     None
467410 20220726   1005.6   1008.6   1006.9   102400   1003.8   180000     30.9     33.2   114700     29.3   225900     25.3       73       62   140400      2.5    250.0      8.6    270.0   132800      0.0      0.0      0.0     None      0.0     None      7.7     57.6    23.05     31.3     None    12.53   120000      4.5     None     None     None     None     None     None     None
467410 20220727   1004.8   1007.9   1006.1   084300   1003.5   161000     30.4     33.3   151300     28.6   025100     24.7       72       57   151600      2.3    220.0      7.7    210.0   084500      0.0      0.0      0.0     None      0.0     None      8.8     66.7    23.16     23.8     None    12.73   130000      5.8     None     None     None     None     None     None     None
467410 20220728   1003.8   1006.9   1005.1   073100   1001.8   155800     31.0     33.7   122400     28.4   013800     24.0       67       54   144400      2.4    300.0      9.1    270.0   131100      0.0      0.0      0.0     None      0.0     None     10.8     81.9    25.86     27.5     None    12.64   130000      4.8     None     None     None     None     None     None     None
467410 20220729   1002.2   1005.2   1003.8   000200   1000.1   154600     30.8     33.9   125200     28.7   050400     24.4       69       57   105100      3.5    360.0      9.5    310.0   114300      0.0      0.0      0.0     None      0.0     None     10.7     81.2    24.97     28.8     None    11.47   130000      3.0     None     None     None     None     None     None     None
467410 20220730   1000.4   1003.4   1002.0   223400    998.7   163000     29.8     32.1   154900     26.4   235900     25.6       79       67   191600      3.5     10.0     10.1    310.0   113800     15.5      1.7      6.0   235000      9.0   122400      4.4     33.4    13.52     16.5     None     7.68   120000      8.0     None     None     None     None     None     None     None
467410 20220731   1001.7   1004.7   1003.4   214400   1000.4   033400     29.9     34.1   131100     25.7   001800     24.6       74       54   130700      2.3    280.0      8.2    310.0   122100     16.0      1.1      7.5   001000     16.0   000100      6.1     45.9    22.66     12.0     None    14.92   130000      8.3     None     None     None     None     None     None     None
467410 20220801   1004.2   1007.3   1005.5   220900   1002.6   020000     29.3     33.2   113700     27.1   060200     24.5       76       55   102800      2.2    190.0      7.5    250.0   123300     -9.8      0.5     -9.8   162400     -9.8   162400      3.1     23.4    17.11     21.3     None    11.36   120000      9.3     None     None     None     None     None     None     None
467410 20220802   1005.9   1009.0   1008.1   103400   1003.9   163800     27.5     28.9   000100     24.6   103500     24.4       84       74   012200      1.9    200.0      8.5    180.0   052000     91.0      3.6     17.5   095400     67.5   094200      0.0      0.0     6.34     14.5     None     4.04   140000      9.5     None     None     None     None     None     None     None
467410 20220803   1006.1   1009.1   1007.3   220800   1004.6   145500     28.7     32.3   110700     26.8   052700     23.9       76       60   105900      2.0     20.0     10.7    180.0   161000     -9.8      0.2     -9.8   135600     -9.8   135600      1.0      7.6    13.75     31.3     None    11.09   110000      9.5     None     None     None     None     None     None     None
467410 20220804   1006.7   1009.8   1008.5   213300   1005.4   034500     29.2     33.6   125100     26.7   210200     23.8       74       53   133100      2.6    190.0     14.7    190.0   160100      2.0      0.7      1.0   203800      2.0   200900      8.7     65.8    23.29     25.0     None    11.20   110000      5.3     None     None     None     None     None     None     None
467410 20220805   1006.7   1009.8   1007.7   000100   1004.8   160800     29.7     34.1   121600     26.5   053700     24.4       75       52   121700      2.3     10.0      8.5    270.0   141200      1.0      0.8      1.0   191300      1.0   191300      7.7     59.0    22.17     42.5     None    14.32   120000      6.5     None     None     None     None     None     None     None
467410 20220806   1005.5   1008.5   1007.3   000100   1003.4   153700     29.6     33.1   103700     27.6   044700     25.2       78       60   103800      2.1    300.0      8.4    280.0   145200      0.5      0.9      0.5   152400      0.5   145000      7.4     56.8    21.40     33.8     None    12.18   130000      5.8     None     None     None     None     None     None     None
467410 20220807   1005.3   1008.4   1007.3   230000   1003.4   142300     28.7     33.5   115500     25.7   173100     24.3       78       57   115500      1.8    100.0      9.3    320.0   150100     36.5      2.8     15.0   145500     35.0   144000      3.9     30.0    12.47     22.0     None     7.86   120000      7.3     None     None     None     None     None     None     None
467410 20220808   1005.4   1008.5   1007.0   000100   1003.2   152100     29.5     34.3   144400     26.2   041200     23.2       69       50   112900      1.8     60.0     11.1     20.0   183300      0.0      0.0      0.0     None      0.0     None      8.2     62.4    20.74     16.8     None    10.59   110000      6.0     None     None     None     None     None     None     None
467410 20220809   1005.1   1008.2   1006.8   221300   1003.6   151200     29.1     33.4   120400     26.9   135000     24.7       78       59   120500      1.9     20.0      9.6    180.0   133700     11.5      1.7      7.0   134200     11.0   134000      4.0     30.8    13.18      9.0     None     7.48   110000      8.3     None     None     None     None     None     None     None
467410 20220810   1005.7   1008.8   1007.8   212500   1003.7   055000     28.9     34.9   134000     25.7   180900     24.2       77       49   124600      2.4    360.0      9.4    310.0   151200     29.0      3.1      7.5   160400     19.0   160400      7.2     54.9    20.33     20.0     None    13.28   130000      5.3     None     None     None     None     None     None     None
467410 20220811   1006.7   1009.8   1008.5   221600   1005.0   144500     28.8     32.7   105300     26.3   052600     24.8       80       61   105000      2.0    280.0      8.2    300.0   144400      2.0      2.6      1.0   192000      1.5   190000      6.9     52.7    19.80     35.0     None    10.20   120000      5.0     None     None     None     None     None     None     None
467410 20220812   1006.6   1009.7   1007.8   100100   1005.5   050400     28.6     33.3   121800     26.3   061100     24.3       78       57   121800      2.1    110.0      9.1    270.0   134600      3.5      2.7      0.5   165500      2.0   172900      8.1     62.7    22.08     25.5     None    14.75   130000      5.8     None     None     None     None     None     None     None
467410 20220813   1005.9   1009.0   1006.7   000100   1004.5   154300     29.2     33.0   151100     26.2   042900     24.3       75       59   150100      2.1     90.0      7.8    280.0   151700      0.0      0.0      0.0     None      0.0     None      8.1     62.1    21.62     28.8     None    13.58   130000      6.0     None     None     None     None     None     None     None
467410 20220814   1004.9   1007.9   1006.1   000100   1003.5   161100     30.2     33.6   134800     26.8   055400     24.2       71       59   145200      2.3    310.0      9.1    290.0   143700      0.0      0.0      0.0     None      0.0     None      7.7     59.8    20.89     58.8     None    11.64   140000      5.0     None     None     None     None     None     None     None
467410 20220815   1004.1   1007.2   1005.1   214900   1002.9   135100     28.8     33.1   133600     24.9   150500     24.4       78       55   135700      2.0    120.0      8.7    120.0   145600     20.5      2.5      5.5   145100     18.5   143300      2.8     21.5    12.11     25.0     None     8.33   140000      8.3     None     None     None     None     None     None     None
467410 20220816   1004.3   1007.4   1006.0   224200   1002.8   144200     28.8     33.9   113400     26.1   194900     24.5       78       53   112800      2.0     20.0      9.7    340.0   143100     19.0      2.1      7.0   140200     14.5   140200      6.9     53.7    18.03     20.0     None    10.73   110000      6.3     None     None     None     None     None     None     None
467410 20220817   1004.8   1007.9   1006.4   214800   1002.9   153100     28.5     32.2   115100     25.4   193000     25.0       82       63   115200      2.6    220.0      9.3    240.0   143700     28.0      4.3     10.5   174100     17.0   174300      4.2     32.4    18.91     38.8     None    12.77   130000      6.8     None     None     None     None     None     None     None
467410 20220818   1004.5   1007.6   1005.8   225300   1003.0   041200     27.1     31.1   102200     25.2   191500     24.9       88       67   095700      1.9     90.0      7.9    170.0   174100     46.5      3.6      9.5   130300     29.0   124700      1.0      7.8     8.92     18.8     None     7.37   100000     10.0     None     None     None     None     None     None     None
467410 20220819   1005.4   1008.5   1007.9   221500   1003.8   023500     29.1     32.5   122400     25.6   033900     24.4       76       61   092100      4.8    180.0     14.3    170.0   092300      0.0      0.0      0.0     None      0.0     None     11.7     91.5    26.61     45.0     None    13.84   130000      2.8     None     None     None     None     None     None     None
467410 20220820   1007.2   1010.2   1008.5   213300   1006.1   153100     30.0     33.3   120900     27.3   034200     24.2       72       52   113200      2.6    260.0      8.0    250.0   134900      0.0      0.0      0.0     None      0.0     None     11.9     93.3    26.81     20.0     None    13.46   120000      1.8     None     None     None     None     None     None     None
467410 20220821   1005.7   1008.7   1007.7   000100   1004.3   151000     30.0     33.0   141000     27.3   051800     24.3       72       53   113800      2.6    300.0      9.5    310.0   143700      0.0      0.0      0.0     None      0.0     None     10.9     85.6    25.90     30.0     None    12.87   120000      7.5     None     None     None     None     None     None     None
467410 20220822   1003.6   1006.6   1005.2   091000   1001.8   171600     30.5     33.4   130800     28.2   050800     25.5       75       63   105000      2.0    190.0      7.2    320.0   144300      0.0      0.0      0.0     None      0.0     None     11.2     88.1    26.50     42.5     None    13.90   130000      2.8     None     None     None     None     None     None     None
467410 20220823   1002.6   1005.6   1004.3   091300   1000.4   171100     31.1     34.3   142300     29.2   052200     25.2       71       55   150300      3.2    340.0      9.4    320.0   134200      0.0      0.0      0.0     None      0.0     None      9.2     72.5    23.74     33.8     None    13.35   130000      4.5     None     None     None     None     None     None     None
467410 20220824   1003.4   1006.4   1007.1   231200   1000.6   031600     30.5     32.2   144100     29.0   053400     24.5       71       57   184400      2.8    150.0     11.3    160.0   180900     -9.8      0.8     -9.8   000600     -9.8   000600      2.2     17.4    11.25     15.8     None     8.20   120000      8.5     None     None     None     None     None     None     None
467410 20220825   1007.8   1010.8   1010.4   220100   1005.6   033800     30.5     33.7   105200     28.0   054500     23.7       67       52   112600      3.8    190.0     11.6    200.0   141500      0.0      0.0      0.0     None      0.0     None     11.1     86.8    25.60     40.0     None    13.88   120000      3.5     None     None     None     None     None     None     None
467410 20220826   1008.1   1011.1   1009.9   000100   1006.5   150800     30.6     33.4   114800     28.1   042400     24.4       70       57   154400      2.7    310.0      9.0    310.0   122800      0.0      0.0      0.0     None      0.0     None     11.2     88.7    25.86     40.0     None    13.17   130000      6.8     None     None     None     None     None     None     None
467410 20220827   1005.9   1008.9   1008.5   000100   1003.3   162200     30.7     33.9   131600     28.6   042000     25.8       76       59   131100      2.1    240.0      6.6    240.0   130200      0.0      0.0      0.0     None      0.0     None      8.7     69.0    22.87     48.8     None    12.94   130000      7.0     None     None     None     None     None     None     None
467410 20220828   1006.5   1009.5   1008.5   224700   1004.8   042400     29.2     34.2   103300     25.8   165600     24.9       78       56   103400      2.0     60.0      9.4    100.0   151400      6.5      4.2      1.0   153600      3.5   153600      5.2     40.9    14.46     14.3     None    11.96   120000      7.0     None     None     None     None     None     None     None
467410 20220829   1007.4   1010.5   1008.6   111100   1006.0   160300     28.7     32.1   125700     26.1   001500     24.7       79       67   105700      2.0    260.0      7.5    250.0   150800     -9.8      0.1     -9.8   173900     -9.8   173900      8.0     63.7    21.22     27.5     None    10.57   130000      6.3     None     None     None     None     None     None     None
467410 20220830   1005.6   1008.6   1008.0   000100   1003.6   152100     29.8     33.0   132400     27.4   053000     25.1       76       64   112500      2.4    130.0      7.7    260.0   121100     -9.8      0.1     -9.8   185400     -9.8   185400      8.2     64.6    23.44     23.8     None    12.94   120000      6.3     None     None     None     None     None     None     None
467410 20220831   1003.1   1006.1   1004.8   000100   1000.7   153000     30.0     33.7   123900     27.3   054100     24.6       73       56   123000      2.3    130.0      8.0    340.0   153300      0.0      0.0      0.0     None      0.0     None      7.2     57.5    19.37     17.3     None    12.50   130000      5.5     None     None     None     None     None     None     None
467410 20220901   1001.2   1004.2   1003.8   002000    999.3   165500     29.5     33.5   123500     27.4   234700     23.5       70       57   123600      5.1    360.0     19.4     10.0   192000      0.0      0.0      0.0     None      0.0     None      2.7     21.6    14.79     10.5     None     7.50   130000      9.8     None     None     None     None     None     None     None
467410 20220902    996.8    999.8   1000.0   001700    994.9   144100     27.2     28.8   153700     26.1   042600     23.2       79       54   003200      7.2    360.0     19.0    360.0   102500      2.0      7.3      1.0   233500      1.5   230000      0.0      0.0     4.51     10.5     None     2.63   100000      9.8     None     None     None     None     None     None     None
467410 20220903    994.3    997.3    996.0   234500    992.6   144400     27.9     30.1   142700     25.9   012100     25.1       86       73   142700      7.0    340.0     19.1    330.0   124800      7.0      9.4      1.0   053200      2.5   051900      1.3     10.3    10.46     14.3     None     6.45   150000      9.5     None     None     None     None     None     None     None
467410 20220904    997.6   1000.6   1000.2   215700    995.9   012900     29.3     32.4   131000     26.1   054700     24.4       76       55   140900      3.1    300.0     13.7    350.0   005400      1.0      1.3      0.5   041200      1.0   041200      7.7     61.9    20.95     18.0     None    12.52   130000      7.5     None     None     None     None     None     None     None
467410 20220905   1001.4   1004.4   1004.6   221000    999.2   023300     29.4     31.9   120200     27.9   060600     25.5       80       66   114600      3.2    200.0      8.4    200.0   125700     -9.8      0.1     -9.8   053800     -9.8   053800      6.5     52.4    19.51     11.0     None    12.58   120000      8.5     None     None     None     None     None     None     None
467410 20220906   1007.1   1010.2   1010.6   220000   1003.4   015500     28.8     32.2   135000     26.1   054400     24.9       80       64   134300      2.2    120.0     10.2    120.0   052900      3.5      0.7      3.0   053500      3.5   053500      2.9     23.1    15.02     10.5     None    11.17   130000     10.0     None     None     None     None     None     None     None
467410 20220907   1010.4   1013.4   1011.7   222900   1009.0   025000     29.8     32.9   141200     27.2   043200     24.6       74       58   140900      2.2    360.0      7.6    300.0   132400      0.0      0.0      0.0     None      0.0     None      2.5     20.2    14.83     14.5     None    10.35   140000      8.3     None     None     None     None     None     None     None
467410 20220908   1009.9   1013.0   1011.5   083300   1008.0   154500     28.5     32.3   111100     26.7   192300     24.9       81       60   105800      2.4    160.0      8.8    260.0   132200      5.0      2.0      1.5   140000      4.5   135000      4.7     38.1    15.63     12.0     None    12.90   130000      7.5     None     None     None     None     None     None     None
467410 20220909   1008.4   1011.5   1010.1   000100   1006.3   154000     28.7     31.7   142400     26.2   040900     23.3       73       56   171700      2.1    280.0      8.3    280.0   134400      0.0      0.0      0.0     None      0.0     None      5.7     46.3    17.39     10.0     None     9.22   140000      4.8     None     None     None     None     None     None     None
467410 20220910   1006.8   1009.8   1008.8   000100   1004.4   155600     28.8     32.6   125800     26.4   235700     22.4       69       54   125900      2.8    360.0      9.2    320.0   170400      0.0      0.0      0.0     None      0.0     None      5.8     47.2    18.51     11.0     None     8.59   130000      9.0     None     None     None     None     None     None     None
467410 20220911   1003.4   1006.5   1006.9   000100   1001.2   162700     27.9     31.7   121000     24.9   071400     22.4       72       57   112700      4.1    360.0     12.4    360.0   141700      0.0      0.0      0.0     None      0.0     None      3.2     26.1    16.56     20.0     None     8.45   130000      8.5     None     None     None     None     None     None     None
467410 20220912   1001.1   1004.2   1002.2   101400   1000.1   144900     28.1     30.7   135800     26.1   042000     23.8       78       61   132500      6.2    360.0     16.3     10.0   102700     -9.8      0.8     -9.8   034500     -9.8   034500      5.0     40.8    16.97     21.3     None     8.94   120000      8.5     None     None     None     None     None     None     None
467410 20220913   1002.4   1005.4   1003.6   090000   1001.1   012800     28.5     31.7   105400     26.4   045100     22.7       71       53   104700      5.0    340.0     14.6     10.0   091800      0.0      0.0      0.0     None      0.0     None      8.4     67.9    21.18     12.5     None    10.81   120000      6.3     None     None     None     None     None     None     None
467410 20220914   1002.2   1005.3   1003.9   075100   1000.7   144100     29.0     33.2   132400     25.5   055000     22.3       68       44   135800      2.0    310.0      7.0    300.0   150600      0.0      0.0      0.0     None      0.0     None     10.5     86.0    23.83     18.0     None    11.07   130000      4.8     None     None     None     None     None     None     None
467410 20220915   1002.1   1005.1   1003.1   075400   1000.3   144300     29.6     33.8   152600     25.8   045700     22.0       65       41   104600      2.1    300.0      7.7    300.0   143400      0.0      0.0      0.0     None      0.0     None     11.0     90.3    24.17     16.5     None    10.89   120000      0.5     None     None     None     None     None     None     None
467410 20220916   1002.3   1005.4   1003.6   092800   1000.9   161500     29.0     32.5   151000     26.9   061300     23.3       72       56   151000      2.2    320.0      7.0    330.0   163800      0.0      0.0      0.0     None      0.0     None      4.3     35.4    12.64      7.5     None     6.38   140000      5.3     None     None     None     None     None     None     None
467410 20220917   1002.8   1005.8   1004.5   073700   1000.8   142900     28.9     32.8   132800     26.0   055900     22.7       70       46   133700      2.8    320.0     10.4    300.0   143500      0.0      0.0      0.0     None      0.0     None     10.2     83.1    22.25     12.8     None    10.75   120000      5.5     None     None     None     None     None     None     None
467410 20220918   1003.1   1006.2   1004.6   092900   1001.2   160800     28.6     32.0   141500     26.4   052100     23.2       73       45   140900      2.0    340.0      6.2    260.0   134600      0.0      0.0      0.0     None      0.0     None      5.4     44.6    15.89     15.5     None     8.10   140000      8.5     None     None     None     None     None     None     None
467410 20220919   1003.9   1007.0   1005.6   205800   1002.4   144300     28.0     31.6   124200     25.1   191100     22.8       73       61   125500      2.0     90.0      9.4     80.0   185500      6.5      0.5      4.5   190200      6.5   185600      2.9     23.7    13.19     11.3     None     7.31   130000      7.3     None     None     None     None     None     None     None
467410 20220920   1005.4   1008.4   1007.8   220100   1004.1   031700     27.7     31.6   120400     25.9   200300     23.1       76       56   145700      2.0     90.0      8.7    210.0   114400     -9.8      0.1     -9.8   190700     -9.8   190700      4.0     33.1    17.06      9.0     None     9.84   120000      9.0     None     None     None     None     None     None     None
467410 20220921   1007.0   1010.1   1008.6   214300   1005.4   153800     28.0     32.6   140600     24.8   044000     21.6       69       47   114800      2.6     20.0      9.4    330.0   151300     -9.8      0.3     -9.8   185700     -9.8   185700      8.0     65.7    22.03     12.3     None    10.59   120000      5.0     None     None     None     None     None     None     None
467410 20220922   1007.2   1010.3   1008.7   084800   1005.4   145300     28.2     31.5   132400     25.7   054400     21.6       68       54   153800      2.4    280.0      7.2    250.0   142100      0.0      0.0      0.0     None      0.0     None      8.3     69.0    19.33     11.5     None     8.14   130000      2.3     None     None     None     None     None     None     None
467410 20220923   1007.1   1010.1   1008.7   213200   1005.4   152700     28.0     31.0   124000     24.9   060400     21.8       70       49   165600      2.3     10.0      8.3    260.0   131800      0.0      0.0      0.0     None      0.0     None      9.6     80.0    21.02     16.3     None     9.99   120000      1.8     None     None     None     None     None     None     None
467410 20220924   1006.4   1009.5   1008.1   000100   1004.6   143200     28.3     32.3   125300     24.8   061700     21.1       66       54   115300      2.6     20.0      9.4    330.0   143300      0.0      0.0      0.0     None      0.0     None      6.4     53.4    17.13     13.3     None     9.09   130000      6.8     None     None     None     None     None     None     None
467410 20220925   1006.0   1009.1   1007.7   093400   1004.3   145700     28.4     33.5   135400     25.3   071700     22.9       73       52   115100      3.0    360.0     10.1    320.0   154900      0.0      0.0      0.0     None      0.0     None      9.6     80.3    20.87      9.5     None     9.29   110000      2.5     None     None     None     None     None     None     None
467410 20220926   1005.4   1008.5   1006.8   075900   1003.8   151500     29.1     33.1   133400     26.1   024900     24.1       76       54   133800      1.9    300.0      7.6    340.0   122900      0.0      0.0      0.0     None      0.0     None      8.3     69.5    21.73     15.3     None    11.49   120000      6.0     None     None     None     None     None     None     None
467410 20220927   1005.4   1008.5   1006.7   222500   1003.8   155800     29.4     32.6   134000     26.4   055800     23.9       73       57   085600      2.3    300.0      7.3    290.0   135500      0.0      0.0      0.0     None      0.0     None      9.9     83.1    21.16     17.3     None     9.50   130000      2.8     None     None     None     None     None     None     None
467410 20220928   1005.9   1008.9   1007.7   224200   1004.0   143800     29.7     32.7   113100     27.3   044300     23.8       71       54   113500      2.0    310.0      7.4    300.0   143800      0.0      0.0      0.0     None      0.0     None     10.0     84.1    22.28     21.5     None    11.52   120000      1.8     None     None     None     None     None     None     None
467410 20220929   1008.2   1011.3   1010.0   220200   1006.7   031500     29.4     32.5   133700     27.5   035400     23.8       72       55   132300      2.4    320.0      8.0    330.0   150300      0.5      0.9      0.5   083500      0.5   075600      8.0     67.4    20.14     13.8     None    10.76   120000      4.0     None     None     None     None     None     None     None
467410 20220930   1010.3   1013.4   1011.8   213900   1008.8   142000     29.5     33.1   113200     27.3   053900     23.7       72       51   131200      2.4    300.0      8.5    290.0   133700      0.0      0.0      0.0     None      0.0     None      8.9     74.3    19.49     12.8     None    10.52   130000      5.0     None     None     None     None     None     None     None
467410 20221001   1010.8   1013.9   1011.8   075200   1009.6   162100     29.7     32.5   101400     26.9   062800     23.9       72       55   095400      1.9    290.0      6.9    270.0   110700      0.0      0.0      0.0     None      0.0     None     10.6     89.7    21.63     15.8     None    10.61   120000      1.0     None     None     None     None     None     None     None
467410 20221002   1010.6   1013.7   1011.8   080200   1009.0   151700     30.0     34.0   115100     27.8   043700     24.2       72       52   114400      2.2    300.0      8.8    300.0   131000      0.0      0.0      0.0     None      0.0     None      9.2     78.0    20.04     10.3     None     8.87   110000      2.8     None     None     None     None     None     None     None
467410 20221003   1010.5   1013.6   1011.8   083600   1008.9   144200     29.6     33.1   130300     27.2   061600     23.8       72       54   150400      2.0    300.0      7.0    300.0   144200      0.0      0.0      0.0     None      0.0     None      9.6     81.5    20.56     10.3     None    10.37   120000      2.0     None     None     None     None     None     None     None
467410 20221004   1010.6   1013.7   1012.2   080100   1008.8   153200     29.7     32.8   141700     27.8   034800     23.4       70       49   133400      2.6    300.0      8.2    310.0   145400      0.0      0.0      0.0     None      0.0     None      8.9     75.7    20.93     16.8     None    10.26   120000      2.8     None     None     None     None     None     None     None
467410 20221005   1011.1   1014.1   1012.5   221400   1009.2   155200     29.5     32.0   133000     27.8   061100     24.2       74       57   135900      2.2    320.0      8.3    300.0   143200     -9.8      0.1     -9.8   053600     -9.8   053600      5.5     46.9    16.11     14.0     None     7.87   130000      5.3     None     None     None     None     None     None     None
467410 20221006   1011.3   1014.4   1012.8   080000   1009.1   160600     29.3     33.2   110400     27.0   035000     24.0       73       54   110500      2.3    130.0      7.2    310.0   143200      0.0      0.0      0.0     None      0.0     None      8.3     70.9    18.98     10.0     None     9.37   130000      4.0     None     None     None     None     None     None     None
467410 20221007   1010.9   1014.0   1012.6   212800   1008.2   144900     29.1     32.3   132000     27.0   052500     23.6       73       58   163900      2.1    300.0      8.0    310.0   162600     -9.8      0.3     -9.8   173800     -9.8   173800      8.3     70.3    19.36     10.5     None     8.14   130000      5.0     None     None     None     None     None     None     None
467410 20221008   1011.1   1014.2   1012.6   224100   1008.9   151300     28.3     32.0   130200     25.8   055800     22.6       72       51   142600      2.1    360.0      7.5     60.0   182400     -9.8      0.3     -9.8   214500     -9.8   214500      3.9     33.4    14.04     12.0     None     7.28   110000      7.3     None     None     None     None     None     None     None
467410 20221009   1011.6   1014.7   1013.0   082700   1009.3   151300     27.9     31.8   134900     25.5   232600     22.2       71       57   123600      3.1    360.0     10.4    360.0   181000      0.0      0.0      0.0     None      0.0     None      7.3     62.7    19.29     16.3     None     9.74   130000      6.8     None     None     None     None     None     None     None
467410 20221010   1011.8   1014.9   1013.4   092500   1009.6   143000     24.8     29.2   143600     21.0   234800     17.3       63       52   143600      5.3    360.0     12.6     10.0   124700      0.0      0.0      0.0     None      0.0     None      8.0     68.8    21.27     16.5     None    10.39   120000      6.3     None     None     None     None     None     None     None
467410 20221011   1010.7   1013.8   1012.5   090200   1008.7   144000     23.6     27.8   135400     20.6   041300     15.8       62       52   124200      3.4    360.0      7.8     10.0   172000      0.0      0.0      0.0     None      0.0     None      1.7     14.7    13.76     11.5     None     8.70   130000      9.0     None     None     None     None     None     None     None
467410 20221012   1009.2   1012.2   1010.9   091200   1007.4   142300     25.3     30.9   123300     21.2   061300     18.0       65       48   122700      3.2    360.0     10.7    350.0   182300      0.0      0.0      0.0     None      0.0     None     10.7     92.4    21.30     16.8     None    10.11   120000      3.8     None     None     None     None     None     None     None
467410 20221013   1008.2   1011.3   1010.0   083700   1006.0   153700     26.3     31.3   125300     22.3   055600     20.5       71       52   111900      2.8    360.0      9.2     10.0   181300      0.0      0.0      0.0     None      0.0     None     10.1     87.4    20.51     17.0     None     9.80   120000      0.5     None     None     None     None     None     None     None
467410 20221014   1006.6   1009.7   1008.7   075900   1004.2   145600     26.7     31.6   131600     23.2   052400     20.8       71       53   121000      3.2    360.0      9.5    340.0   150800      0.0      0.0      0.0     None      0.0     None     10.0     86.7    19.91     11.3     None     8.78   120000      2.3     None     None     None     None     None     None     None
467410 20221015   1003.5   1006.6   1005.9   001300   1001.5   153900     26.6     31.3   134100     23.5   040100     22.0       76       56   134200      3.2    360.0      8.9    340.0   185100     -9.8      0.1     -9.8   220800     -9.8   220800      4.5     39.1    15.03     10.5     None     7.13   120000      8.8     None     None     None     None     None     None     None
467410 20221016   1001.2   1004.2   1003.0   081700    999.5   143200     26.7     30.5   132600     24.3   050500     23.6       84       66   125200      2.5    360.0      8.8     10.0   001100      0.5      2.6      0.5   082100      0.5   075500      2.1     18.3    10.42     15.0     None     8.18   130000      9.8     None     None     None     None     None     None     None
467410 20221017   1003.5   1006.6   1006.4   224900   1001.6   023700     26.2     31.6   121200     22.5   235700     22.2       79       61   121300      4.0    360.0     12.2     20.0   232300     -9.8      0.2     -9.8   153100     -9.8   153100      2.9     25.3    13.39     11.3     None     9.50   120000      9.0     None     None     None     None     None     None     None
467410 20221018   1007.9   1011.0   1010.3   220800   1005.4   024200     23.1     28.0   140800     20.8   055500     16.5       67       54   140800      4.7    360.0     12.7     10.0   005800      0.0      0.0      0.0     None      0.0     None      4.1     35.8    15.75     23.8     None     8.30   120000      6.3     None     None     None     None     None     None     None
467410 20221019   1010.9   1014.0   1013.1   212300   1009.1   023700     24.3     29.5   122400     20.5   040000     16.7       63       51   121200      3.2     10.0      8.7    360.0   005500      0.0      0.0      0.0     None      0.0     None      8.4     73.5    19.12     14.3     None     9.13   130000      4.8     None     None     None     None     None     None     None
467410 20221020   1012.7   1015.8   1014.3   093700   1011.3   141800     25.7     30.6   123400     22.2   031100     18.1       63       49   120100      2.7    360.0      8.8    330.0   160800      0.0      0.0      0.0     None      0.0     None      8.0     70.1    19.25     16.0     None     9.94   120000      6.3     None     None     None     None     None     None     None
467410 20221021   1011.7   1014.8   1013.7   082700   1009.3   145300     25.8     31.0   130600     22.4   041600     20.3       72       55   130400      2.9    360.0     10.2     10.0   182900      0.0      0.0      0.0     None      0.0     None      9.1     79.9    18.39     14.3     None     8.47   120000      6.5     None     None     None     None     None     None     None
467410 20221022   1010.5   1013.6   1011.9   084400   1009.0   033400     26.0     29.4   153800     23.6   033500     22.8       83       63   153400      1.6    360.0      6.6    340.0   004600     -9.8      1.2     -9.8   053600     -9.8   053600      0.1      0.9     7.35      7.0     None     4.29   120000      9.8     None     None     None     None     None     None     None
467410 20221023   1010.5   1013.6   1012.2   091300   1008.9   151100     25.8     28.4   120600     22.9   235800     22.6       83       68   124600      2.9    360.0      7.9     20.0   204800     -9.8      1.3     -9.8   213000     -9.8   211600      0.4      3.5    10.99      8.0     None     7.02   110000      9.3     None     None     None     None     None     None     None
467410 20221024   1011.1   1014.2   1013.1   231700   1009.2   031700     24.6     28.9   130700     22.0   235800     17.8       67       53   200000      3.2    360.0      8.1     10.0   153800      0.0      0.0      0.0     None      0.0     None      2.4     21.0    13.02     11.0     None     7.20   110000      8.5     None     None     None     None     None     None     None
467410 20221025   1013.4   1016.5   1015.0   213900   1012.0   023700     23.9     27.5   120300     21.1   034200     16.9       65       59   005000      1.9    360.0      6.4    210.0   112700      0.0      0.0      0.0     None      0.0     None      1.6     14.1    11.91     15.8     None     7.39   120000     10.0     None     None     None     None     None     None     None
467410 20221026   1012.9   1016.0   1014.5   091700   1010.9   153700     24.9     28.3   123300     21.7   031000     17.5       63       53   132200      1.9    240.0      7.4    250.0   132600      0.0      0.0      0.0     None      0.0     None      8.8     78.0    19.22     16.3     None     9.27   120000      4.5     None     None     None     None     None     None     None
467410 20221027   1011.2   1014.3   1012.7   084600   1009.0   161200     25.7     28.9   122300     23.6   235900     19.7       70       54   120400      2.3    360.0     10.1    360.0   165000      0.0      0.0      0.0     None      0.0     None      9.7     86.1    18.84     15.0     None     8.98   120000      1.5     None     None     None     None     None     None     None
467410 20221028   1009.9   1013.0   1011.8   082700   1007.9   164500     25.8     30.0   120700     22.9   044600     20.8       75       53   115800      2.5     20.0      8.8    320.0   150100      0.0      0.0      0.0     None      0.0     None     10.1     89.8    18.17     11.3     None     7.57   120000      1.8     None     None     None     None     None     None     None
467410 20221029   1007.9   1010.9   1009.8   084700   1005.4   145600     25.9     30.5   131400     22.7   052200     20.5       73       55   131500      2.9    360.0      9.4    300.0   141100      0.0      0.0      0.0     None      0.0     None      9.2     81.9    17.30     15.0     None     7.95   110000      1.0     None     None     None     None     None     None     None
467410 20221030   1004.6   1007.7   1006.5   092100   1002.5   134500     25.8     30.0   124800     22.5   042100     20.9       75       59   124600      2.7    360.0      8.2    310.0   135600     -9.8      1.4     -9.8   213900     -9.8   213900      4.0     35.3    13.89     11.3     None     8.27   110000      8.8     None     None     None     None     None     None     None
467410 20221031   1003.3   1006.4   1004.9   101500   1001.7   042400     23.5     25.5   121400     21.7   230000     21.7       90       83   122200      4.1     10.0     15.7    360.0   210600      3.0     13.0      1.0   131500      2.0   131500      0.0      0.0     4.56      7.0     None     4.00   120000     10.0     None     None     None     None     None     None     None
467410 20221101   1003.4   1006.5   1005.2   222000   1001.7   022200     24.3     28.8   133500     21.0   051900     19.5       75       61   132200      3.5     10.0     12.5    360.0   021500      1.0      1.3      0.5   025400      1.0   025400      3.9     34.5    13.21     25.5     None     8.61   120000      9.0     None     None     None     None     None     None     None
467410 20221102   1006.4   1009.5   1008.9   213000   1003.9   022400     24.8     29.7   143700     21.2   061000     20.1       76       56   131800      2.6     10.0      7.9     10.0   025500      0.0      0.0      0.0     None      0.0     None      6.1     54.1    14.99     26.3     None     8.20   120000      9.5     None     None     None     None     None     None     None
467410 20221103   1009.8   1012.9   1012.2   205700   1008.2   021400     25.4     29.9   132800     22.6   043800     22.1       83       63   144100      2.3     10.0      7.0    280.0   154400      0.0      0.0      0.0     None      0.0     None      6.1     54.2    13.70      9.0     None     7.72   130000      8.0     None     None     None     None     None     None     None
467410 20221104   1012.3   1015.5   1014.5   215500   1010.6   150800     25.1     30.1   133700     21.9   233000     21.4       81       63   143200      3.1    360.0      9.3    360.0   201600      0.0      0.0      0.0     None      0.0     None      7.4     66.5    16.84      6.3     None     8.34   120000      4.8     None     None     None     None     None     None     None
467410 20221105   1014.3   1017.5   1015.7   085400   1012.6   150300     22.7     25.8   124800     20.7   234400     18.1       76       65   125000      3.6    360.0      8.2    350.0   141300      0.0      0.0      0.0     None      0.0     None      0.1      0.9     8.55     11.8     None     5.68   130000     10.0     None     None     None     None     None     None     None
467410 20221106   1013.8   1016.9   1015.6   083400   1011.5   152900     23.2     28.7   133900     20.2   020300     18.3       75       58   132800      3.4    360.0      9.5    350.0   224800      0.0      0.0      0.0     None      0.0     None      3.8     34.3    14.87     17.8     None     8.31   120000      9.3     None     None     None     None     None     None     None
467410 20221107   1012.8   1015.9   1014.6   090000   1010.7   145000     24.3     29.4   122800     20.9   060100     20.5       80       57   131300      2.8    360.0      8.3    300.0   133900      0.0      0.0      0.0     None      0.0     None      7.1     64.1    16.17     11.5     None     7.74   120000      5.8     None     None     None     None     None     None     None
467410 20221108   1013.1   1016.2   1014.8   085200   1011.8   152200     24.9     28.7   134000     22.7   235400     21.4       82       62   140000      2.8    340.0      9.8    330.0   142300      0.0      0.0      0.0     None      0.0     None      3.6     32.6    14.53      9.0     None     6.99   120000      7.5     None     None     None     None     None     None     None
467410 20221109   1012.8   1015.9   1014.1   084400   1011.2   144100     24.8     29.2   123200     21.9   061700     21.8       84       64   123200      1.9    360.0      6.3    300.0   145300      0.0      0.0      0.0     None      0.0     None      9.1     82.5    17.77      8.5     None     7.77   120000      2.5     None     None     None     None     None     None     None
467410 20221110   1012.5   1015.6   1014.2   091600   1010.5   154100     25.6     30.2   115000     22.9   054600     22.2       82       59   114400      2.4     10.0      7.5    300.0   124400      0.0      0.0      0.0     None      0.0     None     10.2     92.6    17.62      8.3     None     8.03   120000      0.5     None     None     None     None     None     None     None
467410 20221111   1012.2   1015.3   1014.3   084900   1010.7   140600     25.8     29.6   120000     23.5   012300     22.4       82       60   120100      2.1    320.0      6.6    360.0   201400      0.0      0.0      0.0     None      0.0     None      9.1     82.7    17.77     12.0     None     8.43   120000      2.3     None     None     None     None     None     None     None
467410 20221112   1011.4   1014.5   1013.0   082900   1009.5   143900     26.0     31.1   122400     23.9   071400     22.6       83       52   133300      2.3     20.0      7.0    350.0   122700      0.0      0.0      0.0     None      0.0     None      8.8     80.1    17.31      6.3     None     8.15   120000      1.0     None     None     None     None     None     None     None
467410 20221113   1012.5   1015.6   1014.5   091900   1010.6   151500     25.1     30.3   143900     23.0   035700     22.7       87       58   141700      2.4    360.0      6.7    330.0   153000      0.0      0.0      0.0     None      0.0     None      4.4     40.1    11.22      4.3     None     7.40   130000      5.5     None     None     None     None     None     None     None
467410 20221114   1012.6   1015.7   1014.8   085700   1010.7   141200     25.0     30.5   140900     22.5   040100     21.8       84       55   141000      2.1    360.0      6.6    320.0   150200      0.0      0.0      0.0     None      0.0     None      6.2     56.6    14.48      6.4     None     7.18   120000      4.8     None     None     None     None     None     None     None
467410 20221115   1012.2   1015.3   1014.4   090900   1010.4   141800     24.7     28.4   135100     22.0   055200     21.3       82       67   132300      2.5    360.0      7.1    320.0   151800      0.0      0.0      0.0     None      0.0     None      8.4     76.8    16.10      6.3     None     7.48   120000      0.8     None     None     None     None     None     None     None
467410 20221116   1011.9   1015.0   1013.7   091900   1010.2   143000     24.8     29.4   125200     22.4   062400     21.5       83       59   123900      2.5    360.0      7.7    310.0   144500      0.0      0.0      0.0     None      0.0     None      7.9     72.3    16.24      6.0     None     7.63   120000      4.0     None     None     None     None     None     None     None
467410 20221117   1011.5   1014.6   1013.1   090700   1009.5   134600     25.4     30.0   132400     22.3   061900     21.2       79       59   124900      3.2    360.0      8.1    340.0   111000      0.0      0.0      0.0     None      0.0     None      9.0     82.5    16.70      8.3     None     7.77   120000      2.3     None     None     None     None     None     None     None
467410 20221118   1012.4   1015.5   1013.6   082500   1010.1   135500     25.2     30.8   123500     22.1   045900     21.9       84       52   123400      3.3    360.0      8.2    310.0   134400      0.0      0.0      0.0     None      0.0     None      8.4     77.1    16.46     11.0     None     7.98   120000      2.3     None     None     None     None     None     None     None
467410 20221119   1011.5   1014.6   1013.5   080200   1009.2   145700     25.3     30.1   125800     22.8   033100     22.1       83       61   125900      2.5     20.0      8.3    350.0   160700      0.0      0.0      0.0     None      0.0     None      8.1     74.4    15.86      6.0     None     7.50   120000      3.8     None     None     None     None     None     None     None
467410 20221120   1010.6   1013.7   1012.6   083800   1008.8   150400     25.2     29.9   145700     22.7   040500     22.0       83       56   144400      2.4    360.0      7.6    340.0   114300      0.0      0.0      0.0     None      0.0     None      6.0     55.2    12.89      6.8     None     6.32   120000      8.3     None     None     None     None     None     None     None
467410 20221121   1011.1   1014.2   1012.3   091500   1009.6   150100     25.2     28.6   121200     23.2   052900     21.7       82       63   121300      1.9    360.0      5.4     10.0   232400      0.0      0.0      0.0     None      0.0     None      6.9     63.5    13.70     10.5     None     7.27   120000      7.8     None     None     None     None     None     None     None
467410 20221122   1010.7   1013.8   1012.3   092000   1009.4   174800     25.3     28.3   122300     23.2   032800     22.3       84       64   124100      2.2     10.0      6.5    330.0   131700     -9.8      0.4     -9.8   142300     -9.8   142300      0.4      3.7     9.56     10.8     None     6.47   120000      9.0     None     None     None     None     None     None     None
467410 20221123   1010.8   1013.9   1012.5   091100   1008.9   151300     25.7     29.8   135900     23.2   045900     22.4       83       62   135900      2.9    360.0      7.5    350.0   231500     -9.8      0.3     -9.8   175000     -9.8   175000      1.7     15.5    10.85      6.5     None     7.07   130000      9.3     None     None     None     None     None     None     None
467410 20221124   1011.8   1014.9   1013.8   222300   1009.7   143200     25.2     29.3   140000     22.4   034100     21.2       79       65   140100      2.5    360.0      6.9     20.0   000500      0.0      0.0      0.0     None      0.0     None      3.0     27.7    12.14      7.5     None     7.13   120000      7.8     None     None     None     None     None     None     None
467410 20221125   1012.1   1015.2   1013.6   000100   1009.9   131100     25.3     30.0   115500     23.0   022600     21.9       82       65   115600      2.8    340.0      9.1     20.0   234100     -9.8      0.7     -9.8   004900     -9.8   004900      8.4     76.9    15.61      8.5     None     8.09   130000      4.5     None     None     None     None     None     None     None
467410 20221126   1011.2   1014.3   1012.4   000300   1009.8   145600     24.8     28.2   110900     22.8   024200     20.0       75       55   112000      3.5     20.0     14.1     10.0   061000      0.0      0.0      0.0     None      0.0     None      4.5     41.6    13.41     61.3     None     8.32   120000      7.5     None     None     None     None     None     None     None
467410 20221127   1010.6   1013.7   1011.9   084900   1008.3   150300     25.0     28.1   112900     22.7   022500     21.0       79       64   094600      1.8     10.0      6.7    290.0   132200      0.0      0.0      0.0     None      0.0     None      3.7     34.3    11.88     11.8     None     6.18   120000      7.8     None     None     None     None     None     None     None
467410 20221128   1010.7   1013.8   1012.5   085000   1009.1   144900     26.9     31.7   112400     23.4   055800     22.4       77       56   112400      2.3    200.0      8.6    200.0   154100      0.0      0.0      0.0     None      0.0     None      7.9     73.2    15.30     26.5     None     7.19   120000      2.8     None     None     None     None     None     None     None
467410 20221129   1010.9   1014.0   1012.4   083400   1009.0   143700     27.2     31.5   113300     24.9   062600     23.5       81       57   105700      1.7     20.0      7.6    220.0   141700      0.0      0.0      0.0     None      0.0     None     10.2     94.7    16.37     41.8     None     7.05   120000      2.0     None     None     None     None     None     None     None
467410 20221130   1013.3   1016.4   1015.4   100000   1011.2   142300     24.3     27.7   140100     20.1   232300     19.6       76       57   150100      4.6    360.0     11.8     10.0   130200      0.0      0.0      0.0     None      0.0     None      5.9     54.8    13.22     12.3     None     7.52   130000      3.8     None     None     None     None     None     None     None
467410 20221201   1014.1   1017.3   1015.9   090800   1012.5   152200     21.8     26.4   140900     19.0   062600     16.4       71       58   125300      4.4    360.0     10.6    360.0   180000      0.0      0.0      0.0     None      0.0     None      9.0     83.7    15.59     20.5     None     7.37   120000      2.3     None     None     None     None     None     None     None
467410 20221202   1013.4   1016.6   1015.7   092000   1010.7   143500     21.8     26.5   140800     18.8   054200     17.2       76       58   140900      4.2    360.0     11.4    360.0   083800      0.0      0.0      0.0     None      0.0     None      8.9     82.8    15.61     11.8     None     7.52   120000      2.8     None     None     None     None     None     None     None
467410 20221203   1012.3   1015.4   1014.3   084000   1010.1   141000     22.9     28.2   131900     19.3   064300     19.2       80       60   123100      3.5    360.0      8.3     10.0   082700      0.0      0.0      0.0     None      0.0     None     10.1     93.2    16.13     15.0     None     7.41   120000      0.3     None     None     None     None     None     None     None
467410 20221204   1013.3   1016.5   1015.3   085700   1011.6   141500     23.0     27.1   121600     20.6   235700     20.1       85       67   121900      3.4    360.0      9.3     10.0   201300      0.0      0.0      0.0     None      0.0     None      5.3     49.4    13.02      6.7     None     6.40   120000      5.5     None     None     None     None     None     None     None
467410 20221205   1013.4   1016.6   1015.5   083600   1011.0   145100     21.4     26.1   120100     17.6   234700     16.9       76       59   133700      5.3    360.0     13.5    350.0   133200      0.0      0.0      0.0     None      0.0     None      9.4     87.6    16.04     13.8     None     7.27   120000      3.0     None     None     None     None     None     None     None
467410 20221206   1013.3   1016.5   1015.6   085600   1011.2   135900     20.4     25.0   130700     17.3   021600     15.2       72       57   130900      3.6     10.0     10.5     20.0   003800      0.0      0.0      0.0     None      0.0     None      5.4     50.4    12.95     23.3     None     7.10   130000      5.8     None     None     None     None     None     None     None
467410 20221207   1013.6   1016.8   1015.9   084900   1011.1   145100     21.6     26.3   130200     18.5   235400     16.3       72       56   115800      4.1    360.0     11.4     20.0   194700      0.0      0.0      0.0     None      0.0     None      9.4     86.9    14.95     14.8     None     7.47   120000      0.8     None     None     None     None     None     None     None
467410 20221208   1012.1   1015.3   1014.3   081800   1009.9   152200     20.9     26.7   134400     17.3   050400     16.1       75       53   142600      4.7    360.0     11.7     10.0   215100      0.0      0.0      0.0     None      0.0     None     10.2     95.2    16.48     17.5     None     7.36   120000      0.0     None     None     None     None     None     None     None
467410 20221209   1009.2   1012.4   1011.4   002700   1006.5   150200     20.5     24.7   132200     17.7   062200     16.1       76       58   122400      5.4    360.0     13.5    350.0   145500      0.0      0.0      0.0     None      0.0     None     10.1     94.4    16.75     19.0     None     7.36   120000      2.8     None     None     None     None     None     None     None
467410 20221210   1008.4   1011.5   1010.5   085600   1005.9   143800     21.1     25.9   134400     17.6   055600     16.6       76       56   115100      3.3    360.0      8.7    320.0   130300      0.0      0.0      0.0     None      0.0     None      7.0     65.4    15.02     10.8     None     7.30   120000      4.0     None     None     None     None     None     None     None
467410 20221211   1008.4   1011.5   1010.5   082200   1006.0   145400     20.6     25.9   135300     17.7   063400     15.4       73       51   135400      4.2    360.0      9.8    330.0   160000      0.0      0.0      0.0     None      0.0     None      8.6     80.4    15.88     16.0     None     7.32   120000      3.0     None     None     None     None     None     None     None
467410 20221212   1010.8   1014.0   1012.4   090200   1009.0   015200     19.5     24.4   130800     17.4   061200     14.0       71       57   125600      5.0     10.0     12.2    350.0   155300      0.0      0.0      0.0     None      0.0     None      3.1     28.7    12.75     14.0     None     6.53   130000      8.5     None     None     None     None     None     None     None
467410 20221213   1012.9   1016.1   1015.2   220100   1011.2   024200     19.1     24.0   134400     16.7   235200     13.9       72       56   130500      4.3     10.0     10.6     10.0   001300      0.0      0.0      0.0     None      0.0     None      6.2     58.0    13.29     12.8     None     6.52   130000      6.3     None     None     None     None     None     None     None
467410 20221214   1015.0   1018.2   1017.2   090300   1013.1   154400     18.0     21.0   132600     16.1   020000     13.0       73       60   131800      4.2     10.0     10.7     30.0   081400      0.0      0.0      0.0     None      0.0     None      2.0     18.7    10.76     12.3     None     6.83   120000      9.8     None     None     None     None     None     None     None
467410 20221215   1013.1   1016.3   1015.7   082800   1010.1   144300     19.5     24.5   141900     16.6   062100     15.0       76       56   142000      3.8     10.0      8.9     30.0   232700      0.0      0.0      0.0     None      0.0     None      6.4     59.9    13.96     11.3     None     7.14   130000      6.0     None     None     None     None     None     None     None
467410 20221216   1012.5   1015.6   1013.9   090600   1010.7   142700     20.8     25.2   132600     18.2   043500     17.1       80       64   125000      4.8     10.0     10.8    360.0   163500     -9.8      0.3     -9.8   224500     -9.8   224500      3.4     31.6    12.19     13.0     None     6.73   120000      6.3     None     None     None     None     None     None     None
467410 20221217   1016.9   1020.2   1021.2   205000   1012.3   035000     15.4     19.5   000100     11.8   191800     12.4       83       69   134000      7.7     10.0     19.7    360.0   095200      7.0     10.8      2.0   104100      3.0   101100      0.1      0.9     5.30     12.5     None     3.58   120000     10.0     None     None     None     None     None     None     None
467410 20221218   1019.5   1022.8   1021.3   082200   1017.1   145600     12.7     15.5   132200     11.1   062700      4.4       57       49   142200      5.4     10.0     17.4     20.0   030500      0.0      0.0      0.0     None      0.0     None      2.7     25.3    11.64     11.8     None     5.84   130000      8.8     None     None     None     None     None     None     None
467410 20221219   1017.3   1020.5   1019.5   082800   1014.9   152000     15.6     20.3   144300     10.6   051800      9.2       66       50   135400      2.5     20.0      7.4     60.0   194800      0.0      0.0      0.0     None      0.0     None      3.6     33.7    12.42     13.8     None     5.57   120000      7.8     None     None     None     None     None     None     None
467410 20221220   1014.1   1017.3   1016.5   000100   1011.3   145600     17.7     22.4   131400     14.2   055100     12.7       75       43   140500      2.3     20.0      9.0    340.0   164500      0.0      0.0      0.0     None      0.0     None     10.0     93.7    15.97     11.8     None     6.30   130000      0.8     None     None     None     None     None     None     None
467410 20221221   1010.4   1013.6   1013.1   000100   1007.4   151400     17.8     22.2   135200     14.9   233900     13.7       78       57   235800      4.9     10.0     13.3    360.0   130000      0.0      0.0      0.0     None      0.0     None      9.1     85.2    15.51     13.5     None     6.38   130000      5.3     None     None     None     None     None     None     None
467410 20221222   1011.2   1014.4   1014.1   234300   1008.9   132600     16.8     23.0   134900     13.4   065700      2.8       40       22   123400      5.4     10.0     15.3    360.0   034900      0.0      0.0      0.0     None      0.0     None     10.2     95.5    16.87     30.0     None     6.69   120000      0.0     None     None     None     None     None     None     None
467410 20221223   1014.7   1018.0   1016.5   214400   1012.6   140700     15.4     20.8   140200     11.8   233600      3.8       47       34   113200      4.2     10.0     11.9     20.0   101700      0.0      0.0      0.0     None      0.0     None      9.9     92.7    15.96     12.8     None     6.29   120000      0.3     None     None     None     None     None     None     None
467410 20221224   1017.0   1020.2   1018.7   091400   1015.2   141300     14.3     20.6   135200     10.7   061900      2.0       44       32   130500      4.2     20.0     11.5    350.0   190700      0.0      0.0      0.0     None      0.0     None      9.9     92.7    15.81     26.3     None     6.16   130000      0.0     None     None     None     None     None     None     None
467410 20221225   1018.4   1021.6   1020.2   091400   1016.6   144700     14.5     20.3   133300     10.2   054300      4.0       50       37   100000      3.0     20.0      8.7     40.0   082000      0.0      0.0      0.0     None      0.0     None     10.1     94.5    16.50     18.8     None     6.50   120000      0.0     None     None     None     None     None     None     None
467410 20221226   1019.0   1022.2   1020.8   095600   1017.1   144300     15.9     21.6   115900     11.0   043900      9.2       66       40   133900      2.9     20.0     10.7    320.0   145000      0.0      0.0      0.0     None      0.0     None      9.9     92.6    16.34     10.3     None     6.86   130000      0.5     None     None     None     None     None     None     None
467410 20221227   1018.7   1021.9   1020.5   082100   1016.4   144600     17.1     23.8   141700     12.3   062000     10.7       69       32   134600      3.0     20.0      9.4     20.0   190600      0.0      0.0      0.0     None      0.0     None     10.0     93.6    16.16     13.0     None     6.88   120000      0.5     None     None     None     None     None     None     None
467410 20221228   1018.4   1021.6   1020.0   080400   1016.1   141100     18.0     23.7   131800     13.3   071900     12.4       72       37   123900      3.1     10.0      8.2    360.0   213400      0.0      0.0      0.0     None      0.0     None      9.0     84.2    15.59     14.3     None     6.75   130000      2.3     None     None     None     None     None     None     None
467410 20221229   1018.4   1021.6   1019.7   085600   1016.7   144900     17.5     19.5   142000     15.5   053300     14.1       80       71   133100      3.9     10.0     10.8    120.0   225100      0.0      0.0      0.0     None      0.0     None      0.0      0.0     4.33      9.8     None     2.37   120000      9.8     None     None     None     None     None     None     None
467410 20221230   1018.4   1021.6   1019.9   085400   1016.1   142200     17.8     21.3   144500     15.8   232700     14.4       81       65   135400      4.8     10.0     12.6     30.0   164300      0.0      0.0      0.0     None      0.0     None      0.5      4.7     9.67     12.3     None     4.74   120000      9.3     None     None     None     None     None     None     None
467410 20221231   1018.0   1021.2   1020.0   085400   1016.1   144200     18.4     23.8   142100     15.2   050300     14.0       77       55   123800      3.9     10.0     10.7     40.0   004400      0.0      0.0      0.0     None      0.0     None      5.5     51.4    13.95     16.0     None     7.17   120000      8.0     None     None     None     None     None     None     None
