* MD (Multifield Daily Data Format)
* 以 '*' 字元開頭的文字為格式說明
* 以 '#' 字元開頭的文字為氣象資料欄位標題列9個字元一組
********************************************************************************
* 格式說明:
* 站碼(stno) 時間(yyyymmdd) 氣象資料欄位
* 1~6        8~15           第16個字元開始每個氣象要素(欄位)9個字元
* 時間為當地時間(Local Time)
* yyyy:西元年
* mm:月
* dd:日
********************************************************************************
* 欄位標題說明:
* 極值發生時間欄位格式為 hhmmss 6位字元  其中 hh:小時(00~23時) mm:分鐘(00~59分) ss:秒(00~59秒)
*
* CD11 平均雲量(10分量)
* EP01 20cm箱外蒸發量(mm)
* EP04 20cm箱內蒸發量(mm)
* EP05 A型蒸發量(mm)
* GR01 全天空日射量(MJ/㎡)
* GR02 最大小時全天空日射量(MJ/㎡)
* GR03 最大小時全天空日射量時間
* PP01 降水量(mm)
* PP02 降水時數(hour)
* PP03 最大十分鐘降水量(mm)
* PP04 最大十分鐘降水量起始時間
* PP05 最大六十分鐘降水量(mm)
* PP06 最大六十分鐘降水量起始時間
* PS01 平均測站氣壓(hPa)                
* PS02 平均海平面氣壓(hPa)
* PS03 最高測站氣壓(hPa)                  
* PS04 最高測站氣壓時間
* PS05 最低測站氣壓(hPa)
* PS06 最低測站氣壓時間
* PS07 最高海平面氣壓(hPa)
* PS08 最高海平面氣壓時間
* PS09 最低海平面氣壓(hPa)
* PS10 最低海平面氣壓時間
* RH01 平均相對溼度(%)
* RH02 最大相對溼度(%)
* RH03 最大相對溼度時間
* RH04 最小相對溼度(%)
* RH05 最小相對溼度時間
* SD01 雪深(cm)
* SS01 日照時數(hour)
* SS02 日照率(%)
* ST01 天空狀況
* ST02 地面狀況
* ST03 雷暴
* ST04 液態降水1
* ST05 液態降水2
* ST06 固態降水1
* ST07 固態降水2
* ST08 固態降水3
* ST09 視障1
* ST10 視障2
* ST11 光象1
* ST12 光象2
* TB01 黑球溫度(℃)
* TD01 平均露點溫度(℃)
* TD02 最高露點溫度(℃)
* TD03 最高露點溫度時間
* TD04 最低露點溫度(℃)
* TD05 最低露點溫度時間
* TG01 最低草溫(℃)
* TS01 地表溫度0cm(℃)
* TS02 地中溫度5cm(℃)
* TS03 地中溫度10cm(℃)
* TS04 地中溫度20cm(℃)
* TS05 地中溫度30cm(℃)
* TS06 地中溫度50cm(℃)
* TS07 地中溫度100cm(℃)
* TS08 地中溫度200cm(℃)
* TS09 地中溫度300cm(℃)
* TS10 地中溫度500cm(℃)
* TW01 平均溼球溫度(℃)
* TX01 平均氣溫(℃)
* TX02 絕對最高氣溫(℃)
* TX03 絕對最高氣溫時間
* TX04 絕對最低氣溫(℃)
* TX05 絕對最低氣溫時間
* TX10 氣溫日較差(℃)
* VP01 平均水氣壓(hPa)
* VP02 最大水氣壓(hPa)
* VP03 最大水氣壓時間
* VP04 最小水氣壓(hPa)
* VP05 最小水氣壓時間
* VS01 平均能見度(km)
* WD01 平均風風速(m/s)
* WD02 平均風風向(360 degree)
* WD03 平均風程(m/s)
* WD04 最大平均風風速(m/s)
* WD05 最大平均風風向(360 degree)
* WD06 最大平均風時間
* WD07 最大瞬間風風速(m/s)
* WD08 最大瞬間風風向(360 degree)
* WD09 最大瞬間風時間
* UV01 紫外線指數
********************************************************************************
* 特殊值:
* -999.1:儀器故障待修
* -9.6/-999.6:資料累計於後
* -9.5/-99.5/-999.5/-999.5/-9999.5/-9995:因故障而無資料
* -9.7/-99.7/-999.7/-999.7/-9999.7/-9997:因不明原因而無資料
* -9.8:雨跡(Trace)
* None:未觀測而無資料
********************************************************************************
# stno yyyymmdd     PS01     PS02     PS03     PS04     PS05     PS06     TX01     TX02     TX03     TX04     TX05     TD01     RH01     RH04     RH05     WD01     WD02     WD07     WD08     WD09     PP01     PP02     PP03     PP04     PP05     PP06     SS01     SS02     GR01     VS01     EP05     UV01     UV03     CD11     TS01     TS02     TS03     TS04     TS05     TS06     TS07
467410 20140101   1015.0   1018.2   1017.2   085000   1012.9   145200     17.9     24.8   135500     13.1   051400     12.4       71       47   135400      2.8     40.0      7.0     10.0   094200      0.0      0.0      0.0     None      0.0     None      9.3     86.9    15.66      3.6     None     4.42   130000      0.0     None     None     None     None     None     None     None
467410 20140102   1013.4   1016.5   1015.7   083900   1010.9   144000     20.6     27.1   141800     15.3   043100     14.1       68       43   121900      1.7     40.0      6.3    330.0   150000      0.0      0.0      0.0     None      0.0     None      8.4     78.4    15.33      3.1     None     4.58   130000      4.0     None     None     None     None     None     None     None
467410 20140103   1011.3   1014.4   1013.0   085900   1008.9   151100     22.4     27.5   125500     18.8   062900     16.4       70       53   150000      2.9     40.0      8.8    340.0   130600      0.0      0.0      0.0     None      0.0     None      8.6     80.2    14.80      4.0     None     4.54   130000      4.5     None     None     None     None     None     None     None
467410 20140104   1012.3   1015.5   1014.4   221800   1010.6   041600     19.6     24.5   125900     15.2   235959     13.1       67       49   125900      4.3     30.0     11.5     30.0   165700      0.0      0.0      0.0     None      0.0     None      7.5     69.9    14.66      2.7     None     3.84   120000      3.1     None     None     None     None     None     None     None
467410 20140105   1014.4   1017.6   1016.3   081000   1012.5   133900     17.4     23.2   134900     12.9   064700     10.3       64       47   134800      3.3     40.0     10.0     40.0   040200      0.0      0.0      0.0     None      0.0     None      7.8     72.7    14.57      2.8     None     3.43   130000      0.9     None     None     None     None     None     None     None
467410 20140106   1014.7   1017.9   1016.6   091500   1013.1   145600     18.3     23.8   143300     14.0   041000     11.6       66       42   163000      2.7     40.0      7.8    360.0   124700      0.0      0.0      0.0     None      0.0     None      6.4     59.6    14.16      3.1     None     3.82   130000      2.6     None     None     None     None     None     None     None
467410 20140107   1014.1   1017.2   1016.0   091000   1012.2   152500     20.1     24.7   114400     16.0   053400     13.6       68       48   114400      1.6    340.0      5.1    320.0   122100      0.0      0.0      0.0     None      0.0     None      8.4     78.2    14.83      2.9     None     3.84   120000      1.0     None     None     None     None     None     None     None
467410 20140108   1014.0   1017.1   1015.5   235400   1011.8   151300     20.7     26.1   125300     16.4   235959     14.6       69       48   095200      3.6     30.0     12.1     20.0   183300      0.0      0.0      0.0     None      0.0     None      8.9     82.8    15.54      4.7     None     4.52   130000      0.4     None     None     None     None     None     None     None
467410 20140109   1017.9   1021.2   1020.6   235600   1015.6   000100     16.0     21.7   145500     13.3   235800     10.4       70       57   144600      5.2     30.0     13.6     30.0   170500      0.0      0.0      0.0     None      0.0     None      6.2     57.6    14.18      4.5     None     4.54   130000      4.5     None     None     None     None     None     None     None
467410 20140110   1020.2   1023.4   1022.2   085100   1017.7   141200     16.6     22.1   132800     12.7   034500     11.6       73       54   132800      3.6     30.0      9.4    330.0   163700      0.0      0.0      0.0     None      0.0     None      8.2     76.1    15.82      5.5     None     4.69   130000      2.4     None     None     None     None     None     None     None
467410 20140111   1020.1   1023.3   1022.3   085100   1017.8   145100     18.5     23.7   141900     15.3   070200     14.1       76       57   140600      2.8     40.0      7.2     30.0   200900      0.0      0.0      0.0     None      0.0     None      8.4     77.9    15.80      4.6     None     4.76   120000      2.1     None     None     None     None     None     None     None
467410 20140112   1019.0   1022.2   1020.9   083000   1016.7   154100     18.2     22.7   122200     15.3   235200     14.4       79       62   153000      4.0     30.0     13.9     30.0   215800      0.0      0.0      0.0     None      0.0     None      7.3     67.7    14.27      2.5     None     4.32   120000      2.1     None     None     None     None     None     None     None
467410 20140113   1016.8   1020.0   1019.3   000100   1014.5   145600     16.6     20.8   131800     14.4   063800     12.0       75       60   131800      5.5     30.0     12.7     40.0   171500      0.0      0.0      0.0     None      0.0     None      8.2     75.9    16.04      4.5     None     4.97   130000      4.1     None     None     None     None     None     None     None
467410 20140114   1016.3   1019.5   1018.5   230700   1014.6   135500     15.3     18.8   114200     12.9   224400     11.0       76       65   121900      6.0     30.0     15.3     30.0   131000      0.0      0.0      0.0     None      0.0     None      3.0     27.8    13.33      4.5     None     4.57   120000      4.3     None     None     None     None     None     None     None
467410 20140115   1018.5   1021.8   1020.2   232100   1016.7   153500     15.9     20.7   133100     12.5   054000      8.8       63       51   140100      3.5     30.0     11.8     40.0   032900      0.0      0.0      0.0     None      0.0     None      7.9     73.0    16.80      7.1     None     5.02   130000      2.3     None     None     None     None     None     None     None
467410 20140116   1019.2   1022.4   1021.1   091000   1017.2   143600     16.7     22.3   135000     12.4   064500     10.0       65       48   134800      2.5     40.0      9.2     40.0   165900      0.0      0.0      0.0     None      0.0     None      9.4     86.8    16.85      8.1     None     4.71   130000      0.4     None     None     None     None     None     None     None
467410 20140117   1018.0   1021.2   1019.2   085300   1015.5   143300     17.5     22.6   131800     13.5   070800     11.6       69       51   131500      2.9     30.0      9.1    340.0   150200      0.0      0.0      0.0     None      0.0     None      9.2     84.8    17.34      4.8     None     4.74   130000      0.6     None     None     None     None     None     None     None
467410 20140118   1020.9   1024.2   1023.4   212400   1018.8   001400     15.4     21.0   125400     11.3   235100      7.7       61       45   113600      5.7     30.0     15.0     40.0   193200      0.0      0.0      0.0     None      0.0     None      9.0     82.9    17.54      5.1     None     4.88   120000      0.0     None     None     None     None     None     None     None
467410 20140119   1021.4   1024.7   1022.9   202700   1019.8   142700     15.2     20.4   143300     10.5   023500      8.7       66       52   143300      2.5     20.0      8.7     10.0   160800      0.0      0.0      0.0     None      0.0     None      8.8     81.0    16.59      3.2     None     4.37   130000      0.8     None     None     None     None     None     None     None
467410 20140120   1019.5   1022.8   1022.2   091700   1016.6   142600     16.0     21.2   142800     12.7   054600     10.8       73       44   122200      4.2     20.0     11.9     30.0   182500      0.0      0.0      0.0     None      0.0     None      9.3     85.5    18.20      4.2     None     5.11   130000      0.0     None     None     None     None     None     None     None
467410 20140121   1018.2   1021.4   1020.4   233100   1016.2   143900     14.1     19.0   123900     10.9   233800      7.0       64       46   125800      5.9     30.0     14.8     20.0   173800      0.0      0.0      0.0     None      0.0     None      2.5     22.9    12.54      3.8     None     4.26   130000      6.0     None     None     None     None     None     None     None
467410 20140122   1019.6   1022.8   1021.1   094400   1017.3   145000     12.9     18.8   140900      9.1   063500      4.9       59       45   140900      4.7     30.0     11.7     40.0   023200      0.0      0.0      0.0     None      0.0     None      9.1     83.4    17.89      6.9     None     4.41   130000      0.9     None     None     None     None     None     None     None
467410 20140123   1018.9   1022.1   1020.8   000100   1016.9   151200     14.7     20.7   133000      9.6   052100      7.9       65       41   123800      2.6     40.0      8.5    330.0   163900      0.0      0.0      0.0     None      0.0     None      9.9     90.6    18.89      7.0     None     4.85   130000      0.0     None     None     None     None     None     None     None
467410 20140124   1016.4   1019.6   1018.8   095900   1013.8   153300     16.8     22.2   131400     12.5   053100      8.2       58       42   131400      2.1    360.0      7.8     30.0   151200      0.0      0.0      0.0     None      0.0     None      9.8     89.6    18.44      6.8     None     4.72   130000      0.1     None     None     None     None     None     None     None
467410 20140125   1014.8   1018.0   1017.0   092900   1012.3   151200     19.2     25.4   142100     13.0   060600      7.7       49       28   142800      3.6     40.0     13.1     40.0   123300      0.0      0.0      0.0     None      0.0     None     10.2     93.1    19.56     14.9     None     5.59   130000      2.0     None     None     None     None     None     None     None
467410 20140126   1015.4   1018.6   1017.1   091800   1013.3   145800     18.3     24.0   124900     14.4   234700     10.3       61       44   122800      3.9     30.0     11.3     20.0   192300      0.0      0.0      0.0     None      0.0     None      5.4     49.2    15.79      8.3     None     4.80   130000      3.8     None     None     None     None     None     None     None
467410 20140127   1016.4   1019.6   1018.1   091500   1014.2   150400     17.1     23.1   122300     13.5   061200     11.5       70       53   140700      3.1     30.0      8.7     40.0   025200      0.0      0.0      0.0     None      0.0     None      8.6     78.3    15.96      4.8     None     3.98   130000      0.5     None     None     None     None     None     None     None
467410 20140128   1016.4   1019.6   1018.5   094200   1014.5   151400     18.3     24.0   134100     14.3   043700     13.9       77       55   124100      2.2     40.0      7.1    320.0   135800      0.0      0.0      0.0     None      0.0     None      9.3     84.6    17.51      3.9     None     4.76   130000      0.0     None     None     None     None     None     None     None
467410 20140129   1015.9   1019.1   1017.9   092400   1013.8   153200     19.2     25.2   123000     15.5   051600     14.6       76       51   121300      2.0     40.0      8.4    330.0   134000      0.0      0.0      0.0     None      0.0     None      9.1     82.6    17.91      3.6     None     4.82   130000      0.5     None     None     None     None     None     None     None
467410 20140130   1015.9   1019.1   1018.3   093700   1014.1   145900     20.3     26.1   143900     15.4   045500     14.4       71       41   143600      1.4     30.0      7.1    330.0   145300      0.0      0.0      0.0     None      0.0     None      9.6     87.1    17.81      3.4     None     5.01   130000      0.4     None     None     None     None     None     None     None
467410 20140131   1015.6   1018.8   1017.6   090700   1014.2   143900     20.9     26.2   125100     16.9   042900     14.6       69       44   111900      1.7     40.0      7.1    350.0   140500      0.0      0.0      0.0     None      0.0     None      7.8     70.6    16.96      3.3     None     4.97   130000      0.9     None     None     None     None     None     None     None
467410 20140201   1012.4   1015.5   1015.1   092600   1009.9   163100     21.6     27.4   143500     16.5   065200     14.2       65       37   141800      2.7     30.0     10.0     40.0   130200      0.0      0.0      0.0     None      0.0     None      9.6     86.8    19.20      3.3     None     5.92   130000      1.0     None     None     None     None     None     None     None
467410 20140202   1007.6   1010.7   1010.4   000100   1005.6   154700     22.4     28.1   133100     20.5   003200     15.6       67       42   105900      3.5     40.0     11.4    310.0   135000     -9.8      0.4     -9.8   151500     -9.8   151500      3.3     29.8    14.08      5.4     None     5.42   120000      8.3     None     None     None     None     None     None     None
467410 20140203   1007.0   1010.1   1009.0   234600   1005.2   140700     23.3     27.2   134200     21.0   040800     19.2       78       67   113300      3.2     30.0      8.9    310.0   113700      0.5      0.2      0.5   063600      0.5   063600      6.4     57.7    17.26      5.5     None     6.35   120000      7.3     None     None     None     None     None     None     None
467410 20140204   1009.7   1012.8   1011.6   215400   1008.0   141100     19.7     23.1   123700     17.3   234400     15.2       76       63   142000      3.9     30.0      9.8     30.0   042700      0.0      0.0      0.0     None      0.0     None      1.1      9.9    11.11      4.1     None     4.84   130000      9.4     None     None     None     None     None     None     None
467410 20140205   1010.6   1013.8   1012.6   093800   1008.7   145600     20.4     25.2   125800     16.3   052300     15.8       76       61   125000      3.0     40.0      8.6     10.0   010600      0.0      0.0      0.0     None      0.0     None      5.3     47.6    15.38      5.3     None     5.55   120000      5.1     None     None     None     None     None     None     None
467410 20140206   1008.6   1011.7   1010.6   080600   1006.4   143800     22.8     28.2   141800     18.9   062700     19.3       81       66   110900      3.1     40.0     12.5    210.0   144600      0.0      0.0      0.0     None      0.0     None      6.7     60.1    16.90      3.4     None     6.47   130000      7.1     None     None     None     None     None     None     None
467410 20140207   1007.5   1010.6   1009.2   085100   1004.9   164000     22.4     26.6   144100     20.1   061100     18.5       79       63   142100      2.7     30.0      9.1     30.0   223800      0.0      0.0      0.0     None      0.0     None      5.7     51.1    14.49      4.7     None     3.83   130000      4.8     None     None     None     None     None     None     None
467410 20140208   1008.2   1011.4   1010.0   084100   1006.2   163900     20.4     24.9   145800     17.4   234500     15.5       74       59   145800      3.7     30.0     11.1     30.0   091100      0.0      0.0      0.0     None      0.0     None      7.0     62.6    15.96      5.6     None     4.63   130000      3.8     None     None     None     None     None     None     None
467410 20140209   1008.4   1011.6   1010.4   090600   1005.8   150800     18.4     23.6   142000     14.0   235200     13.7       74       62   141800      3.7     30.0     11.2     50.0   232100      0.0      0.0      0.0     None      0.0     None      2.8     25.0    14.20      5.9     None     4.45   120000      7.6     None     None     None     None     None     None     None
467410 20140210   1012.6   1015.9   1014.6   102200   1009.4   030900     11.8     14.1   000400      9.7   234400      9.0       83       76   142800      5.9     30.0     15.0     30.0   022300      3.5      2.4      1.0   034900      3.0   034000      0.0      0.0     4.49      7.9     None     2.02   130000      9.6     None     None     None     None     None     None     None
467410 20140211   1014.3   1017.6   1016.0   094200   1012.5   152000     11.3     15.1   142200      9.0   050200      7.4       78       61   153500      5.2     30.0     13.2     30.0   185900      3.5      1.8      1.5   025100      1.5   023000      2.0     17.8    12.74      4.6     None     4.78   140000      8.6     None     None     None     None     None     None     None
467410 20140212   1013.7   1016.9   1015.3   081200   1011.5   142600     14.7     20.7   140700     10.3   001400     10.0       74       57   142300      3.7     30.0      8.9     20.0   201400      0.0      0.0      0.0     None      0.0     None      1.6     14.2    13.31      4.6     None     4.94   140000      7.8     None     None     None     None     None     None     None
467410 20140213   1014.4   1017.6   1016.4   085500   1012.2   145300     15.7     20.4   134800     13.1   235200     12.6       82       68   134700      4.5     30.0     11.5     40.0   171300     -9.8      0.8     -9.8   073000     -9.8   073000      1.1      9.8     8.20      4.4     None     5.70   130000      9.9     None     None     None     None     None     None     None
467410 20140214   1015.8   1019.1   1017.7   093100   1014.0   153600     13.5     16.8   153000     12.3   020800     10.3       81       68   155700      4.9     30.0     12.2     40.0   084500      1.5      0.5      1.0   013200      1.5   011200      1.7     15.0     8.33      5.8     None     2.83   130000      7.5     None     None     None     None     None     None     None
467410 20140215   1016.2   1019.5   1018.1   093500   1015.0   022600     15.5     20.1   143600     12.4   000100     10.8       74       58   142800      3.5     30.0      8.5     30.0   125700      0.0      0.0      0.0     None      0.0     None      1.9     16.8    13.00      5.3     None     5.16   130000      8.9     None     None     None     None     None     None     None
467410 20140216   1016.1   1019.3   1017.7   093300   1014.3   152900     18.2     24.0   141500     14.3   055500     13.6       75       56   140800      2.6     50.0      7.9     50.0   092300      0.0      0.0      0.0     None      0.0     None      8.6     75.9    19.35      4.2     None     6.00   120000      2.8     None     None     None     None     None     None     None
467410 20140217   1015.5   1018.7   1017.9   083700   1013.5   145100     21.3     26.8   135000     15.9   035500     16.6       75       54   135000      2.0    220.0      8.4    220.0   171700      0.0      0.0      0.0     None      0.0     None      9.7     85.4    20.23      6.1     None     6.38   130000      0.3     None     None     None     None     None     None     None
467410 20140218   1012.6   1015.8   1014.5   000100   1010.6   160100     22.0     26.5   103900     16.7   234500     17.7       77       62   102400      3.0    140.0     11.5     30.0   234500      0.0      0.0      0.0     None      0.0     None      8.3     72.9    18.94      7.0     None     6.85   130000      4.6     None     None     None     None     None     None     None
467410 20140219   1014.7   1017.9   1018.7   231300   1011.4   022100     14.1     17.3   111500     11.9   220200     10.1       77       64   111500      6.6     30.0     18.8     30.0   132200     -9.8      0.5     -9.8   221400     -9.8   221400      0.9      7.9     6.99      9.5     None     4.94   120000      8.5     None     None     None     None     None     None     None
467410 20140220   1019.8   1023.1   1021.8   215700   1017.4   032300     13.6     19.1   133500     10.0   235900      7.0       66       43   110300      6.0     30.0     14.8     10.0   103500      0.5      1.1      0.5   040500      0.5   040500      9.4     82.3    23.48      7.4     None     7.18   130000      2.5     None     None     None     None     None     None     None
467410 20140221   1020.8   1024.1   1023.2   091700   1018.8   150600     14.5     20.1   140800      8.9   042400      7.3       63       47   134400      2.5     30.0      7.5     50.0   013900      0.0      0.0      0.0     None      0.0     None     10.2     89.2    22.27      3.8     None     6.42   130000      0.0     None     None     None     None     None     None     None
467410 20140222   1019.8   1023.1   1021.8   084900   1017.7   155800     16.9     22.0   134100     13.3   063000     11.6       72       49   095900      3.4     40.0     12.8    340.0   115200      0.0      0.0      0.0     None      0.0     None     10.1     88.1    21.53      4.9     None     6.48   130000      1.5     None     None     None     None     None     None     None
467410 20140223   1019.1   1022.3   1020.7   095300   1017.4   161300     17.5     22.9   131000     14.3   065200     13.7       80       59   113100      3.5     30.0     10.5     10.0   142500      0.0      0.0      0.0     None      0.0     None      9.6     83.6    21.89      3.4     None     6.74   130000      5.3     None     None     None     None     None     None     None
467410 20140224   1017.9   1021.1   1020.0   085800   1016.0   160700     18.4     22.9   125400     14.9   053700     13.5       74       56   145400      2.7     30.0      8.1    320.0   133200      0.0      0.0      0.0     None      0.0     None      9.6     83.5    22.27      3.5     None     7.21   130000      3.0     None     None     None     None     None     None     None
467410 20140225   1016.3   1019.5   1018.4   075500   1013.9   154700     19.3     25.2   120700     13.9   053500     14.0       73       44   150300      2.2     40.0      6.7    340.0   143200      0.0      0.0      0.0     None      0.0     None      9.6     83.3    21.58      2.7     None     6.55   130000      2.3     None     None     None     None     None     None     None
467410 20140226   1015.4   1018.6   1017.0   085900   1013.8   140700     22.2     27.5   114100     18.5   045700     14.4       63       45   110800      2.3     30.0      8.4    350.0   133000      0.0      0.0      0.0     None      0.0     None      9.2     79.7    20.85      3.6     None     6.60   130000      1.8     None     None     None     None     None     None     None
467410 20140227   1015.8   1019.0   1018.5   093800   1013.7   154600     21.3     26.6   141200     17.8   064100     16.5       75       57   151400      3.1     40.0      8.1    330.0   130700      0.0      0.0      0.0     None      0.0     None      7.7     66.6    20.56      3.3     None     6.59   130000      2.1     None     None     None     None     None     None     None
467410 20140228   1014.6   1017.7   1016.9   080800   1012.6   144500     20.8     25.6   112100     18.0   071400     16.8       78       59   122500      2.2     40.0      8.2    270.0   140600      0.0      0.0      0.0     None      0.0     None      5.4     46.6    16.53      2.7     None     6.43   130000      4.5     None     None     None     None     None     None     None
467410 20140301   1012.0   1015.1   1014.1   065700   1009.1   151100     22.4     26.6   105100     19.0   040000     17.8       76       60   105000      1.8     40.0      7.0    280.0   160500      0.0      0.0      0.0     None      0.0     None      5.4     46.5    16.43      4.5     None     5.02   120000      5.6     None     None     None     None     None     None     None
467410 20140302   1011.4   1014.6   1013.8   234700   1009.6   143400     20.6     25.0   142800     16.9   234900     16.1       76       58   142800      3.8     30.0     12.3     10.0   165000      0.0      0.0      0.0     None      0.0     None      6.1     52.4    18.60      4.5     None     6.55   130000      6.8     None     None     None     None     None     None     None
467410 20140303   1013.9   1017.1   1015.5   220300   1012.2   033400     18.5     23.1   161500     16.0   070100     13.7       74       61   161500      3.2     30.0     10.2     30.0   015000      0.0      0.0      0.0     None      0.0     None      1.8     15.4    12.09      3.6     None     4.17   140000      7.9     None     None     None     None     None     None     None
467410 20140304   1014.2   1017.3   1015.7   084500   1012.0   154400     20.0     26.3   122500     17.2   050800     15.2       74       56   122500      3.4     30.0     12.3     40.0   235600      0.0      0.0      0.0     None      0.0     None      7.6     65.1    18.90      3.6     None     5.62   130000      5.1     None     None     None     None     None     None     None
467410 20140305   1014.7   1017.9   1016.2   091400   1012.8   144600     19.4     24.6   140600     16.0   072300     13.9       71       55   140600      3.9     30.0     11.2     10.0   032000      0.0      0.0      0.0     None      0.0     None      4.7     40.2    17.63      5.0     None     6.28   130000      7.6     None     None     None     None     None     None     None
467410 20140306   1015.5   1018.7   1017.9   221300   1013.1   141300     18.3     23.5   142000     15.4   233800     12.8       71       59   142000      3.0     30.0     10.4     30.0   194600      0.0      0.0      0.0     None      0.0     None      2.1     17.9    11.81      3.9     None     4.90   130000      7.5     None     None     None     None     None     None     None
467410 20140307   1017.2   1020.4   1018.8   081700   1015.1   145600     18.0     23.5   133700     14.8   061900     13.4       74       60   130200      4.0     30.0     11.1    360.0   164400      0.0      0.0      0.0     None      0.0     None      4.6     39.2    16.44      5.0     None     6.21   120000      6.4     None     None     None     None     None     None     None
467410 20140308   1015.1   1018.3   1017.8   000100   1012.9   144000     18.0     22.7   124300     15.5   211200     14.1       78       66   131100      3.8     30.0     11.1     40.0   205700      0.0      0.0      0.0     None      0.0     None      2.1     17.8    12.86      2.7     None     4.27   130000      7.1     None     None     None     None     None     None     None
467410 20140309   1016.3   1019.5   1018.5   215100   1014.6   023600     16.2     20.0   145500     14.2   063200     11.3       73       61   145100      4.9     30.0     12.9     40.0   033200      0.0      0.0      0.0     None      0.0     None      0.8      6.8    10.84      6.6     None     4.06   140000      9.3     None     None     None     None     None     None     None
467410 20140310   1018.7   1021.9   1020.3   220400   1017.1   035500     17.4     21.0   121200     15.2   020700     12.1       71       62   121100      2.4     30.0      6.7    320.0   133100      0.0      0.0      0.0     None      0.0     None      0.5      4.2     7.54      3.8     None     2.77   120000      9.5     None     None     None     None     None     None     None
467410 20140311   1017.9   1021.1   1020.2   000400   1015.9   163200     17.9     22.2   122500     15.9   024300     14.5       81       65   122400      2.4     30.0      7.4    330.0   141200      0.0      0.0      0.0     None      0.0     None      0.2      1.7     6.92      1.9     None     4.28   130000      8.1     None     None     None     None     None     None     None
467410 20140312   1012.3   1015.4   1016.7   000100   1009.0   163600     21.3     26.0   160400     15.6   034800     17.4       79       65   111900      2.2    180.0      9.1    170.0   175500      0.0      0.0      0.0     None      0.0     None      0.0      0.0     8.71      2.7     None     3.23   120000      7.8     None     None     None     None     None     None     None
467410 20140313   1012.2   1015.4   1015.9   235900   1009.7   041100     21.9     24.7   143600     18.3   233700     17.0       74       59   141600      4.1     30.0     12.8     40.0   104800     -9.8      0.2     -9.8   085100     -9.8   085100      5.4     45.5    14.71      4.4     None     7.09   130000      7.4     None     None     None     None     None     None     None
467410 20140314   1017.9   1021.1   1020.2   232900   1015.6   024000     18.3     22.5   132700     16.5   043400      9.6       57       46   122800      4.1     30.0     11.9     40.0   055900      0.0      0.0      0.0     None      0.0     None      3.6     30.3    15.56      5.5     None     4.65   130000      5.9     None     None     None     None     None     None     None
467410 20140315   1018.7   1021.9   1020.1   100600   1017.0   143800     19.8     24.0   140300     16.5   023600     12.2       62       54   133100      1.6    340.0      7.8    350.0   150400      0.0      0.0      0.0     None      0.0     None      7.9     66.3    20.91      4.1     None     6.33   130000      5.4     None     None     None     None     None     None     None
467410 20140316   1018.5   1021.7   1020.4   091300   1016.9   145600     20.7     25.2   122900     17.6   024600     12.5       60       42   134500      1.7    340.0      6.9    330.0   150900      0.0      0.0      0.0     None      0.0     None      7.6     63.6    18.97      4.8     None     4.63   130000      5.5     None     None     None     None     None     None     None
467410 20140317   1016.2   1019.3   1018.7   093200   1013.7   170200     23.1     27.6   140200     19.3   044800     14.9       60       49   124000      1.5    330.0      6.9    310.0   133100      0.0      0.0      0.0     None      0.0     None      8.9     74.4    20.55      4.4     None     5.88   130000      1.0     None     None     None     None     None     None     None
467410 20140318   1013.7   1016.8   1016.1   082500   1011.8   155600     24.2     28.4   144400     20.6   060200     17.9       68       53   111300      1.5    340.0      7.7    320.0   133200      0.0      0.0      0.0     None      0.0     None      6.7     55.9    18.25      2.7     None     4.65   120000      2.5     None     None     None     None     None     None     None
467410 20140319   1011.1   1014.2   1013.2   084100   1008.7   161400     24.8     29.7   124100     22.1   044200     20.3       76       55   133300      2.1    240.0      9.4    220.0   165500      0.0      0.0      0.0     None      0.0     None      6.9     57.4    19.16      4.4     None     5.65   130000      3.5     None     None     None     None     None     None     None
467410 20140320   1010.9   1014.0   1013.9   223100   1008.8   150700     22.9     28.0   120000     15.6   235400     18.1       75       66   120000      3.4     30.0     14.7     30.0   223000      0.0      0.0      0.0     None      0.0     None      3.5     29.1    14.34      5.0     None     4.20   130000      5.5     None     None     None     None     None     None     None
467410 20140321   1015.3   1018.5   1017.1   204700   1013.1   040800     15.8     17.0   210300     14.6   061200      9.7       67       61   223400      3.5     40.0     11.6     40.0   005700      0.0      0.0      0.0     None      0.0     None      0.0      0.0     3.27      4.4     None     0.97   120000      9.9     None     None     None     None     None     None     None
467410 20140322   1016.8   1020.0   1019.6   232500   1015.3   033900     19.7     23.8   134400     16.2   002400     12.4       63       53   114000      1.7     40.0      7.7    320.0   134500      0.0      0.0      0.0     None      0.0     None      6.6     54.6    20.24      6.0     None     6.17   120000      7.4     None     None     None     None     None     None     None
467410 20140323   1018.5   1021.7   1019.8   082400   1017.2   145400     20.7     25.5   132000     17.4   062000     14.8       70       50   123500      2.3     30.0      9.3     30.0   155700      0.0      0.0      0.0     None      0.0     None      8.8     72.7    21.49      4.0     None     6.01   130000      2.9     None     None     None     None     None     None     None
467410 20140324   1016.1   1019.3   1018.7   000100   1013.3   162200     21.7     26.5   112800     18.4   054700     16.1       71       52   112700      2.5    340.0      9.4    310.0   125700      0.0      0.0      0.0     None      0.0     None      9.3     76.7    22.54      6.0     None     6.66   130000      2.4     None     None     None     None     None     None     None
467410 20140325   1012.7   1015.8   1015.4   000100   1010.2   154200     23.9     29.7   122100     19.7   053200     16.1       63       45   115300      1.8    330.0      7.7    300.0   125500      0.0      0.0      0.0     None      0.0     None      9.2     75.7    24.14      4.4     None     8.44   130000      2.3     None     None     None     None     None     None     None
467410 20140326   1010.9   1014.0   1012.7   082200   1008.9   144000     26.2     30.8   111200     22.4   054100     19.6       67       53   110900      1.8     40.0      7.4    250.0   131200      0.0      0.0      0.0     None      0.0     None      7.8     64.1    22.88      8.3     None     7.77   120000      5.9     None     None     None     None     None     None     None
467410 20140327   1010.6   1013.7   1012.0   111700   1008.6   163700     26.2     30.0   093800     23.7   235500     21.0       73       59   142400      1.9     30.0     11.1     50.0   114600      0.1      0.2      0.1   113000      0.1   113000      4.4     36.1    18.41     10.6     None     8.86   130000      7.0     None     None     None     None     None     None     None
467410 20140328   1009.7   1012.8   1011.7   000100   1007.1   174000     26.4     30.2   124700     22.8   010700     21.8       76       62   124700      2.9     40.0     14.0    190.0   170900      0.0      0.0      0.0     None      0.0     None      9.6     78.6    24.62      4.8     None     8.51   120000      3.4     None     None     None     None     None     None     None
467410 20140329   1008.7   1011.8   1009.6   100100   1007.1   151600     26.9     30.7   114700     25.0   053400     22.6       78       66   114600      3.3    180.0     13.3    220.0   104000      0.0      0.0      0.0     None      0.0     None      8.7     71.1    22.27     11.5     None     8.22   120000      3.4     None     None     None     None     None     None     None
467410 20140330   1009.2   1012.3   1011.1   101900   1007.7   144500     26.4     30.4   132300     24.2   051900     20.7       71       55   140000      1.8    300.0      6.5    300.0   144800      0.0      0.0      0.0     None      0.0     None      7.0     57.1    20.55      9.6     None     7.25   130000      3.3     None     None     None     None     None     None     None
467410 20140331   1007.9   1011.0   1012.4   031500   1004.9   182400     23.7     28.2   111000     20.3   033500     19.9       80       61   110800      3.0     20.0     15.0     10.0   022700     27.5      5.0     14.0   031300     20.0   023500      0.6      4.9    10.64      9.5     None     5.96   120000      8.5     None     None     None     None     None     None     None
467410 20140401   1007.8   1010.9   1009.9   095300   1005.6   154800     22.0     24.7   144700     20.1   070300     18.5       81       71   144700      4.0     50.0     11.3     40.0   135400      0.5      0.6      0.5   045300      0.5   044500      0.5      4.1    13.73      2.9     None     4.59   120000      8.5     None     None     None     None     None     None     None
467410 20140402   1009.9   1013.0   1014.8   233100   1007.5   043500     21.1     24.6   095000     18.9   060300     17.7       81       70   093200      2.6     50.0     13.3    360.0   120600      8.5      2.1      2.0   124000      7.0   121600      0.9      7.3     7.94      4.4     None     2.70   100000      5.6     None     None     None     None     None     None     None
467410 20140403   1010.7   1013.8   1014.7   000100   1006.7   031400     21.7     24.1   160200     19.8   011000     18.5       83       66   160200      2.6     40.0     10.8    130.0   015800      2.5      5.3      0.5   075500      1.0   075500      0.0      0.0     3.85      5.3     None     2.12   110000      7.8     None     None     None     None     None     None     None
467410 20140404   1012.1   1015.3   1013.7   213300   1010.3   035200     21.9     26.5   132400     19.4   062200     16.8       73       57   142200      1.9     50.0      8.7     30.0   001100      0.0      0.0      0.0     None      0.0     None      0.9      7.3    13.76      3.4     None     5.18   140000      6.0     None     None     None     None     None     None     None
467410 20140405   1013.3   1016.5   1015.4   222500   1011.7   151300     22.8     27.5   123200     19.0   033800     16.9       70       56   170900      1.6     50.0      7.8    300.0   133700      0.0      0.0      0.0     None      0.0     None      8.5     68.5    22.77      4.2     None     5.95   130000      2.1     None     None     None     None     None     None     None
467410 20140406   1014.4   1017.6   1016.2   092600   1012.6   151800     23.2     27.6   124500     20.4   040900     17.5       71       53   124400      2.3     40.0      7.8    320.0   155600      0.0      0.0      0.0     None      0.0     None      1.6     12.9    15.92      4.0     None     6.34   130000      8.0     None     None     None     None     None     None     None
467410 20140407   1013.9   1017.0   1015.8   084100   1012.2   155100     21.8     25.0   144200     20.2   051600     17.7       78       64   143200      3.5     40.0      8.3     50.0   071000      0.0      0.0      0.0     None      0.0     None      0.0      0.0     6.47      2.8     None     3.58   130000      9.5     None     None     None     None     None     None     None
467410 20140408   1011.7   1014.8   1014.0   000100   1009.4   150100     23.7     29.8   132600     19.9   045600     18.7       75       53   134000      2.5     60.0      7.8     10.0   170600      0.0      0.0      0.0     None      0.0     None      5.3     42.5    20.46      5.2     None     6.49   120000      3.4     None     None     None     None     None     None     None
467410 20140409   1010.7   1013.8   1012.7   082000   1008.3   154400     24.8     30.5   133900     21.2   061700     19.8       74       56   133900      3.2     60.0     10.9    350.0   141000      0.0      0.0      0.0     None      0.0     None     10.3     82.5    25.80      4.0     None     7.97   120000      0.4     None     None     None     None     None     None     None
467410 20140410   1011.6   1014.7   1013.4   082300   1009.7   145100     25.0     30.4   124000     21.2   054200     19.9       74       53   144800      2.1     50.0      6.9     60.0   034600      0.0      0.0      0.0     None      0.0     None      7.3     58.3    23.40      4.2     None     6.21   120000      2.4     None     None     None     None     None     None     None
467410 20140411   1011.1   1014.2   1012.8   080000   1009.1   160200     25.2     30.0   123400     22.2   062400     18.6       68       44   122800      2.0     50.0      7.9    350.0   135600      0.0      0.0      0.0     None      0.0     None      8.9     71.0    25.87      7.4     None     8.20   130000      2.3     None     None     None     None     None     None     None
467410 20140412   1009.6   1012.7   1011.4   075200   1007.2   162700     26.3     30.7   132600     23.8   063400     19.3       66       55   092000      1.9    210.0      7.4    250.0   160800      0.0      0.0      0.0     None      0.0     None      9.2     73.3    25.45      7.1     None     7.89   120000      4.5     None     None     None     None     None     None     None
467410 20140413   1009.5   1012.6   1011.0   084000   1007.6   164200     27.0     30.4   132600     24.2   060700     20.9       70       56   122100      2.2    330.0      7.2    300.0   143700      0.0      0.0      0.0     None      0.0     None     10.9     86.7    26.61     10.9     None     8.10   130000      1.8     None     None     None     None     None     None     None
467410 20140414   1011.3   1014.4   1013.8   222900   1009.4   150100     25.2     30.5   134200     21.8   235000     19.3       70       57   132100      3.5     40.0     10.1     40.0   152500      0.0      0.0      0.0     None      0.0     None      7.5     59.5    23.33      4.5     None     7.54   130000      4.4     None     None     None     None     None     None     None
467410 20140415   1012.2   1015.3   1013.7   093500   1010.7   154500     23.4     27.5   135200     19.6   051400     17.4       69       62   115800      2.9     60.0      7.9    230.0   134500      0.0      0.0      0.0     None      0.0     None      5.0     39.6    19.21      4.4     None     8.01   130000      7.4     None     None     None     None     None     None     None
467410 20140416   1010.6   1013.7   1012.7   084200   1008.4   160800     25.0     30.1   125800     21.9   051700     19.2       71       49   123300      2.9     60.0      7.7    280.0   141500      0.0      0.0      0.0     None      0.0     None      6.2     49.0    22.28      6.4     None     8.40   130000      5.4     None     None     None     None     None     None     None
467410 20140417   1009.5   1012.6   1010.7   214400   1007.9   161500     26.3     29.5   103600     23.7   032900     20.3       70       51   155300      2.5    220.0      8.2    230.0   130800      0.0      0.0      0.0     None      0.0     None      9.7     76.6    24.13     10.5     None     7.23   130000      3.1     None     None     None     None     None     None     None
467410 20140418   1010.1   1013.2   1011.5   085300   1008.8   033000     26.5     29.1   101600     24.9   040700     21.5       74       59   101600      2.1    260.0      9.9    210.0   151200      0.0      0.0      0.0     None      0.0     None      2.3     18.1    16.11     11.1     None     5.43   110000      7.4     None     None     None     None     None     None     None
467410 20140419   1009.2   1012.3   1011.3   082200   1007.6   151300     25.9     29.4   140200     23.7   082300     21.7       78       65   140200      1.6    290.0      6.5    280.0   155200      0.5      1.4      0.4   082200      0.5   075000      3.2     25.2    14.45      7.8     None     7.06   140000      5.6     None     None     None     None     None     None     None
467410 20140420   1008.9   1012.0   1010.3   084400   1007.0   155900     26.4     29.2   140600     24.6   235300     21.6       75       64   115000      2.0     50.0      8.0    330.0   143300      0.0      0.0      0.0     None      0.0     None      1.1      8.6    13.02      9.4     None     4.04   120000      8.5     None     None     None     None     None     None     None
467410 20140421   1009.7   1012.8   1011.2   090100   1008.2   164000     26.6     32.1   113900     23.6   053300     21.3       73       55   113700      2.6     50.0      8.4    330.0   133400      0.0      0.0      0.0     None      0.0     None      7.3     57.3    21.37      3.5     None     6.11   130000      6.1     None     None     None     None     None     None     None
467410 20140422   1009.6   1012.7   1011.0   082400   1007.4   154800     26.7     31.6   115500     23.1   233700     21.2       72       59   115300      4.0     40.0     12.4    330.0   131700      0.0      0.0      0.0     None      0.0     None      6.8     53.2    20.93      4.6     None     6.81   130000      8.3     None     None     None     None     None     None     None
467410 20140423   1009.7   1012.8   1011.1   082100   1007.7   155000     25.4     30.5   120100     21.2   053600     19.5       70       58   114700      2.8     30.0      8.7     40.0   003400      0.0      0.0      0.0     None      0.0     None      5.9     46.1    19.86      4.8     None     7.17   120000      5.9     None     None     None     None     None     None     None
467410 20140424   1009.2   1012.3   1010.6   075300   1007.3   151300     26.6     31.6   125600     22.7   052900     20.7       70       58   113100      2.5     50.0      7.3    310.0   134600      0.0      0.0      0.0     None      0.0     None      5.9     46.1    19.40      5.9     None     7.12   120000      5.8     None     None     None     None     None     None     None
467410 20140425   1009.4   1012.5   1011.4   091700   1007.6   150500     26.7     32.2   132800     23.8   054200     21.6       74       55   130100      3.1     40.0      9.5    330.0   142700      0.0      0.0      0.0     None      0.0     None      7.4     57.7    21.69      5.7     None     7.61   120000      5.1     None     None     None     None     None     None     None
467410 20140426   1009.7   1012.8   1011.4   222200   1008.7   030400     27.0     31.0   122600     24.1   043800     22.1       75       60   122000      2.7    330.0      9.3    320.0   131800      0.0      0.0      0.0     None      0.0     None      2.5     19.5    18.61      4.8     None     7.37   130000      6.6     None     None     None     None     None     None     None
467410 20140427   1009.2   1012.2   1010.9   085300   1007.0   162100     27.3     31.8   131600     24.7   053700     22.0       73       55   144900      2.9     20.0      9.9    350.0   155500      0.0      0.0      0.0     None      0.0     None     10.8     83.9    25.87      4.6     None     9.68   130000      1.8     None     None     None     None     None     None     None
467410 20140428   1009.0   1012.1   1010.6   221400   1007.4   161500     26.6     31.3   130100     23.5   052900     20.4       70       51   134600      3.4     50.0     10.1     50.0   042100      0.0      0.0      0.0     None      0.0     None      5.1     39.6    21.97      4.8     None     7.09   120000      3.4     None     None     None     None     None     None     None
467410 20140429   1009.5   1012.6   1010.8   091400   1008.0   162700     26.3     30.8   120800     22.6   040500     18.1       62       39   153600      2.5     50.0      8.3    350.0   151100      0.0      0.0      0.0     None      0.0     None      9.2     71.3    25.81      5.3     None     9.00   120000      2.6     None     None     None     None     None     None     None
467410 20140430   1009.1   1012.2   1010.8   220600   1008.0   051100     25.2     29.0   115300     22.8   235600     18.7       67       56   115300      2.4     60.0      7.9     50.0   220800      0.0      0.0      0.0     None      0.0     None      0.4      3.1    11.89      4.5     None     6.69   120000      9.4     None     None     None     None     None     None     None
467410 20140501   1010.7   1013.8   1013.0   224700   1008.7   024100     23.0     25.2   105700     21.7   061700     19.8       82       66   003900      2.3     60.0      7.2     50.0   012900      1.0      4.8      0.4   132200      0.5   132000      0.0      0.0     4.92      3.1     None     3.38   110000      9.8     None     None     None     None     None     None     None
467410 20140502   1012.1   1015.2   1013.6   222200   1010.4   032600     24.4     28.2   123900     22.0   060500     21.2       83       66   135600      2.5     40.0      8.6    350.0   161100      0.0      0.0      0.0     None      0.0     None      0.0      0.0     8.59      2.6     None     3.94   130000      8.5     None     None     None     None     None     None     None
467410 20140503   1011.7   1014.8   1013.1   000100   1009.8   163000     26.4     30.6   122800     23.8   235000     21.9       77       57   122800      2.2     40.0      8.9    340.0   131200      1.0      0.3      1.0   231100      1.0   231100      3.9     30.0    20.65      4.8     None    10.52   130000      8.3     None     None     None     None     None     None     None
467410 20140504   1009.8   1012.9   1012.4   000100   1007.9   144000     26.2     30.2   134400     23.4   032200     21.4       75       60   131700      1.7    260.0      6.4    270.0   142700      0.5      0.5      0.3   041000      0.5   041000      2.5     19.2    18.32      5.4     None     8.10   140000      7.8     None     None     None     None     None     None     None
467410 20140505   1010.1   1013.3   1013.2   214100   1007.4   030500     24.0     27.5   132800     20.9   224000     19.8       78       68   142000      3.8     40.0     14.0     10.0   045400     28.0      3.0      7.5   054100     20.0   051100      2.2     16.9    16.16      8.3     None     9.61   120000      8.8     None     None     None     None     None     None     None
467410 20140506   1012.9   1016.1   1014.5   093900   1011.5   163800     19.7     21.1   151800     18.3   061100     17.5       87       76   000100      3.0     50.0      8.3     80.0   170300      2.0      4.2      0.5   072300      0.8   064000      0.0      0.0     5.58      4.1     None     2.66   140000      9.9     None     None     None     None     None     None     None
467410 20140507   1010.7   1013.8   1012.5   000100   1009.1   235500     22.8     27.4   105300     19.9   000100     20.1       85       71   103800      2.7     50.0     11.0     30.0   150000      0.0      0.0      0.0     None      0.0     None      0.5      3.8    12.48      3.2     None     5.47   110000      9.3     None     None     None     None     None     None     None
467410 20140508   1008.9   1012.0   1010.7   083700   1007.2   163300     25.3     30.4   124700     21.5   030000     20.4       76       55   150500      2.9     40.0      9.5     70.0   083000      0.0      0.0      0.0     None      0.0     None      6.7     51.2    23.44      7.6     None     7.75   120000      5.8     None     None     None     None     None     None     None
467410 20140509   1008.3   1011.4   1010.2   230000   1006.2   162700     23.9     25.0   021200     22.2   235100     21.4       86       71   194300      2.6     60.0     14.8    150.0   181600     33.0     11.6      3.0   234400      8.5   142400      0.0      0.0     1.06      6.2     None     0.91   120000      9.4     None     None     None     None     None     None     None
467410 20140510   1008.1   1011.2   1010.2   000800   1006.4   162800     25.8     30.0   132500     22.0   014800     20.6       74       57   175500      1.6    150.0      8.3    170.0   032500      2.0      0.5      1.0   000800      2.0   000100      1.2      9.2    12.87     16.4     None     5.91   140000      8.3     None     None     None     None     None     None     None
467410 20140511   1008.0   1011.1   1009.4   103000   1006.3   155100     28.9     32.6   121000     25.5   033200     22.3       68       58   131900      3.7    210.0     10.8    200.0   121600      0.0      0.0      0.0     None      0.0     None      7.0     53.3    24.03     20.3     None    10.40   130000      5.6     None     None     None     None     None     None     None
467410 20140512   1008.4   1011.5   1009.7   082600   1007.1   040900     27.9     33.0   112400     24.7   171100     23.4       77       58   112000      2.9    180.0     11.4    260.0   154900     12.5      1.0      8.0   160400     11.5   153700      5.9     44.9    19.70     12.6     None    10.47   120000      7.3     None     None     None     None     None     None     None
467410 20140513   1006.9   1010.0   1008.4   085100   1005.2   181500     27.4     31.1   095600     25.6   153900     24.0       82       71   105000      2.1    170.0     11.0    230.0   104300      4.5      2.6      1.5   151200      2.5   132000      3.0     22.8    15.26     12.6     None     9.54   110000      7.3     None     None     None     None     None     None     None
467410 20140514   1005.2   1008.2   1006.5   080800   1003.3   172900     28.5     31.8   113500     25.5   050100     24.1       77       64   112600      3.1    180.0      9.2    230.0   142800      0.0      0.0      0.0     None      0.0     None      8.6     65.3    23.76     11.4     None     9.59   120000      4.8     None     None     None     None     None     None     None
467410 20140515   1004.7   1007.8   1005.9   223200   1003.3   042000     28.7     32.1   111300     27.2   043700     25.0       81       64   102000      2.5    220.0      8.7    210.0   140000      2.5      1.4      1.0   114200      1.0   114200      5.2     39.4    18.97     15.9     None     8.14   130000      7.0     None     None     None     None     None     None     None
467410 20140516   1007.1   1010.2   1009.2   224700   1005.0   013800     28.7     31.2   112900     26.7   065700     25.6       84       73   151700      1.7    270.0      8.0    280.0   130100      1.0      0.9      0.5   055600      0.5   054500      6.1     46.2    21.50     15.3     None     9.93   120000      5.5     None     None     None     None     None     None     None
467410 20140517   1007.6   1010.7   1009.6   082700   1005.6   162400     29.1     32.9   115200     26.4   025900     24.4       76       59   115500      1.6    280.0      7.9    280.0   134400      0.0      0.0      0.0     None      0.0     None     10.6     80.1    26.77     12.9     None    10.85   130000      3.5     None     None     None     None     None     None     None
467410 20140518   1007.8   1010.9   1009.0   085000   1006.6   161000     28.5     31.0   104700     27.0   143500     24.5       79       68   105800      1.6    160.0      6.7    260.0   114600      2.5      0.5      2.5   140800      2.5   140800      1.5     11.3    13.82     13.9     None     6.16   110000      7.0     None     None     None     None     None     None     None
467410 20140519   1007.4   1010.5   1009.1   094000   1005.7   194800     28.1     30.9   091000     26.7   050300     24.2       80       71   115900      1.8    130.0      7.4    200.0   104200      1.0      1.1      0.5   093600      1.0   093000      1.8     13.6    14.53     17.5     None     7.73   120000      5.4     None     None     None     None     None     None     None
467410 20140520   1006.0   1009.1   1007.2   094700   1004.5   155400     27.7     30.4   085800     25.6   095900     24.3       82       72   072200      2.3    140.0     10.9    220.0   105400     14.5      0.8      9.5   105400     10.0   105400      2.9     21.9    14.94     12.3     None     6.59   140000      7.3     None     None     None     None     None     None     None
467410 20140521   1006.2   1009.3   1007.7   100500   1004.9   022700     26.5     29.5   081900     24.0   112200     24.0       87       72   144800      2.3    160.0      8.0    220.0   151100     28.0      7.6      4.0   105600     13.5   102200      1.4     10.5     9.47     11.9     None     6.60   140000      6.9     None     None     None     None     None     None     None
467410 20140522   1006.1   1009.1   1007.8   224500   1005.0   035200     28.9     33.3   140700     24.7   052700     23.4       73       55   130300      3.1    170.0     10.3    230.0   100900      0.0      0.0      0.0     None      0.0     None      8.9     66.9    26.12     11.9     None     9.53   140000      6.4     None     None     None     None     None     None     None
467410 20140523   1008.4   1011.5   1010.2   214400   1006.6   013300     27.6     31.0   104500     25.9   155100     23.8       80       67   085800      1.5     30.0      5.3     70.0   173800      3.0      4.0      0.5   153000      2.0   150100      0.1      0.8     6.51     10.0     None     5.01   110000      8.0     None     None     None     None     None     None     None
467410 20140524   1009.9   1012.9   1011.2   225400   1008.5   140500     29.3     33.8   123100     25.7   052800     23.4       72       50   123100      1.6     30.0      7.5    290.0   131600      0.0      0.0      0.0     None      0.0     None      8.5     63.8    27.83     10.4     None    10.88   130000      6.3     None     None     None     None     None     None     None
467410 20140525   1009.3   1012.3   1010.4   000100   1007.9   161500     29.4     33.2   124700     26.3   040500     23.9       73       56   114900      1.8    190.0      7.8    250.0   144700      0.0      0.0      0.0     None      0.0     None      9.0     67.5    27.28      9.6     None    10.28   120000      3.6     None     None     None     None     None     None     None
467410 20140526   1007.4   1010.5   1009.2   083600   1005.7   160200     29.5     32.9   113900     27.0   033700     24.6       75       61   140300      2.4    230.0      8.2    290.0   125900      0.0      0.0      0.0     None      0.0     None     10.7     80.2    27.81     19.0     None    10.50   130000      4.3     None     None     None     None     None     None     None
467410 20140527   1005.2   1008.2   1006.9   085400   1003.1   174500     29.0     33.5   135900     26.1   055500     24.9       79       60   133200      1.8    260.0      6.5    270.0   150000      5.0      1.4      4.0   044100      5.0   035800      6.7     50.2    20.83     12.1     None     8.77   130000      6.0     None     None     None     None     None     None     None
467410 20140528   1005.0   1008.1   1006.8   092100   1003.1   161500     28.5     31.8   140500     25.7   094200     25.9       86       74   134200      1.7    270.0      6.8     90.0   093400     39.5      3.0     13.0   092800     30.0   084000      5.0     37.4    16.85      7.1     None     8.90   130000      6.6     None     None     None     None     None     None     None
467410 20140529   1005.5   1008.6   1007.2   220500   1004.1   035500     29.2     32.3   145100     27.0   035400     25.6       81       69   104200      1.9    260.0      8.4    270.0   150900      0.0      0.0      0.0     None      0.0     None      6.3     47.1    22.75      7.3     None     7.40   110000      6.9     None     None     None     None     None     None     None
467410 20140530   1005.9   1009.0   1007.2   122200   1004.9   170300     29.2     31.7   095300     26.8   050800     24.6       77       64   095300      1.7    310.0      7.7    280.0   121900      0.0      0.0      0.0     None      0.0     None      3.9     29.1    16.67     12.3     None     6.08   120000      5.6     None     None     None     None     None     None     None
467410 20140531   1006.4   1009.4   1007.5   083900   1004.7   165200     29.8     33.3   120500     26.8   042300     24.7       75       59   111300      2.3    320.0      7.8    300.0   161700      0.0      0.0      0.0     None      0.0     None     11.8     88.1    31.19     14.3     None    10.66   130000      3.6     None     None     None     None     None     None     None
467410 20140601   1005.4   1008.4   1007.2   090500   1003.4   192800     29.9     33.9   125900     27.2   055900     24.4       73       52   125800      2.1    320.0      7.2    330.0   160400      0.0      0.0      0.0     None      0.0     None      9.7     72.3    26.19     10.3     None    10.19   130000      3.5     None     None     None     None     None     None     None
467410 20140602   1003.6   1006.6   1005.2   070200   1001.5   162600     30.1     34.1   120100     27.4   043000     25.0       74       57   104800      1.9    250.0      7.7    270.0   131300      0.0      0.0      0.0     None      0.0     None      8.2     61.1    26.82     13.8     None    10.46   120000      5.0     None     None     None     None     None     None     None
467410 20140603   1001.8   1004.9   1002.9   221100   1001.0   130400     28.0     30.1   093900     25.6   174000     24.9       83       76   212800      2.7    140.0     13.2    320.0   121200      6.5      2.8      3.0   111500      4.5   103000      0.0      0.0     4.60     15.3     None     2.46   140000      6.5     None     None     None     None     None     None     None
467410 20140604   1001.9   1004.9   1003.1   092200   1000.7   165000     28.6     32.0   131300     26.7   023800     24.3       78       65   130000      1.8    260.0      7.4    360.0   090900      0.5      0.2      0.5   075400      0.5   075400      6.2     46.1    19.71     10.0     None     8.06   140000      6.6     None     None     None     None     None     None     None
467410 20140605   1002.2   1005.3   1003.8   223500   1000.8   024300     28.2     30.3   154400     25.2   104100     25.0       83       72   175200      1.3    170.0      7.6    230.0   100300     34.5      3.3      7.0   093900     21.0   091800      2.1     15.6    10.63     14.0     None     5.39   150000      7.1     None     None     None     None     None     None     None
467410 20140606   1002.0   1005.0   1003.6   064500   1000.5   160200     28.8     33.9   135000     24.6   073700     24.3       78       57   142100      1.9    270.0      9.0     10.0   055900     26.5      1.1     12.0   060200     26.5   055000      4.2     31.2    18.80     12.1     None    10.45   130000      8.6     None     None     None     None     None     None     None
467410 20140607   1000.9   1004.0   1002.2   022400    999.7   152000     27.9     32.5   102900     25.9   145600     23.9       80       60   084800      2.6    140.0      9.2    220.0   142000      3.5      5.1      0.5   143200      2.0   220600      2.5     18.6    15.09     13.8     None     8.17   110000      9.0     None     None     None     None     None     None     None
467410 20140608    999.2   1002.3   1000.8   081400    997.3   144200     27.8     32.8   145300     26.1   000700     24.4       82       64   144400      2.5    170.0     11.1    210.0   161800      1.5      0.9      1.0   091100      1.5   091000      1.5     11.1    14.92     13.0     None     6.28   140000      8.0     None     None     None     None     None     None     None
467410 20140609    997.8   1000.8    999.0   105200    996.4   164000     28.4     30.9   170400     26.4   045600     25.0       82       72   095700      2.3     20.0      8.7     10.0   150900      0.1      0.1      0.1   102200      0.1   102200      0.6      4.5    12.27      8.6     None     3.75   130000      7.9     None     None     None     None     None     None     None
467410 20140610    996.7    999.7    998.4   232500    995.2   150600     28.3     32.7   131000     26.2   030300     24.8       82       68   130100      3.2     20.0     11.9    340.0   152100      0.0      0.0      0.0     None      0.0     None      3.1     23.0    16.84      7.3     None     8.13   130000      5.9     None     None     None     None     None     None     None
467410 20140611    997.6   1000.6    999.3   223700    996.1   151300     27.8     31.9   131100     25.8   053300     24.5       82       71   130900      2.9     20.0      8.7     30.0   175000      3.0      0.6      2.0   155100      3.0   152600      1.4     10.4    13.43      6.8     None     5.99   130000      9.1     None     None     None     None     None     None     None
467410 20140612    998.7   1001.7   1000.7   223300    997.7   032400     28.5     33.0   115400     25.3   050800     24.4       79       61   130500      1.7     10.0      6.2    340.0   122400     -9.8      0.4     -9.8   150700     -9.8   150700      6.1     45.2    20.37      5.8     None    10.16   120000      7.3     None     None     None     None     None     None     None
467410 20140613   1000.9   1004.0   1002.8   224900    999.5   014700     27.7     31.6   101300     25.7   171200     23.9       80       66   101300      1.9     30.0      9.1     40.0   164600      6.5      3.7      1.5   151800      3.5   144000      0.8      5.9    10.33      8.9     None     5.70   100000      8.0     None     None     None     None     None     None     None
467410 20140614   1002.2   1005.3   1004.1   222500   1000.6   172400     27.2     29.7   120500     25.5   054000     25.1       89       75   122600      2.3     20.0      8.7     10.0   113500     13.5     14.0      2.5   233200      4.0   232000      0.0      0.0    10.01      4.5     None     7.67   120000      9.8     None     None     None     None     None     None     None
467410 20140615   1002.4   1005.4   1004.0   220900   1000.7   042200     27.9     30.2   161800     25.7   000200     25.7       88       76   172800      4.1    160.0     12.4    150.0   082800      5.5      3.5      2.0   082000      2.0   082000      1.1      8.2    12.39      6.8     None     5.70   130000      8.1     None     None     None     None     None     None     None
467410 20140616   1002.9   1005.9   1004.1   230100   1001.6   171000     29.1     31.9   131800     27.0   020400     25.6       82       71   101800      4.8    170.0     13.0    190.0   104700      2.0      0.3      2.0   233200      2.0   233200      8.0     59.3    23.25      9.8     None     9.68   120000      7.3     None     None     None     None     None     None     None
467410 20140617   1004.4   1007.5   1006.1   230300   1003.1   175500     29.4     32.1   115900     27.2   004700     26.3       83       71   103400      3.0    220.0      8.6    210.0   120600      1.0      0.8      0.5   001900      0.5   001900      8.2     60.7    23.66     11.6     None    11.07   120000      6.1     None     None     None     None     None     None     None
467410 20140618   1004.1   1007.2   1005.9   000400   1002.7   174600     29.6     32.8   125300     27.5   052800     25.9       81       61   150700      2.8    230.0      8.1    180.0   133400      0.0      0.0      0.0     None      0.0     None     10.3     76.3    26.48     15.6     None    11.19   130000      5.4     None     None     None     None     None     None     None
467410 20140619   1003.0   1006.0   1004.2   000100   1001.2   162000     29.5     33.1   122000     27.7   034800     25.8       81       64   123600      3.0    200.0      9.7    220.0   135700      0.0      0.0      0.0     None      0.0     None      8.5     62.9    23.55     19.0     None    11.97   120000      5.5     None     None     None     None     None     None     None
467410 20140620   1002.9   1005.9   1004.0   214400   1002.0   161700     29.9     32.7   141900     27.9   053600     25.8       79       65   141300      3.5    190.0     11.0    260.0   094600      0.0      0.0      0.0     None      0.0     None     11.2     82.9    27.80     19.4     None    10.81   120000      4.6     None     None     None     None     None     None     None
467410 20140621   1003.6   1006.6   1005.3   233900   1002.1   145000     30.0     32.8   132600     28.4   042700     25.2       76       64   140900      5.5    180.0     14.0    210.0   152100      0.0      0.0      0.0     None      0.0     None      9.3     68.9    25.43     21.9     None    10.06   110000      4.8     None     None     None     None     None     None     None
467410 20140622   1004.5   1007.5   1005.4   093500   1003.4   154700     29.9     32.9   124000     27.8   030100     25.2       76       65   110100      4.7    170.0     12.5    210.0   093700     -9.8      0.2     -9.8   133300     -9.8   133000      8.4     62.2    25.03     14.8     None     9.97   110000      4.6     None     None     None     None     None     None     None
467410 20140623   1004.1   1007.2   1005.3   225600   1002.3   162700     30.0     33.1   125900     27.9   060200     25.2       76       61   161100      4.3    200.0     11.3    180.0   104900      0.1      0.2      0.1   060100      0.1   055400     10.1     74.8    27.70     17.8     None    11.86   130000      4.8     None     None     None     None     None     None     None
467410 20140624   1004.3   1007.4   1006.0   223000   1002.6   155900     29.4     32.9   105600     26.2   041100     25.5       80       65   112600      3.4    200.0      8.9    210.0   140800      6.0      1.1      5.5   024800      5.5   022400      8.9     65.9    25.94     14.5     None    11.76   130000      6.6     None     None     None     None     None     None     None
467410 20140625   1005.7   1008.7   1007.2   222500   1004.4   033500     28.7     32.1   113100     26.4   160000     25.9       85       71   120000      2.7    170.0      9.9    220.0   154200     14.3      1.7      5.5   155000      7.5   154200      5.4     40.0    18.68     12.0     None     9.23   120000      5.6     None     None     None     None     None     None     None
467410 20140626   1005.6   1008.6   1007.1   101700   1004.2   161200     29.4     32.4   133400     27.2   030700     25.7       80       68   162700      2.5    200.0      7.5    220.0   130800      0.3      0.1      0.3   101200      0.3   101200      8.2     60.7    23.06     12.8     None    10.07   130000      4.4     None     None     None     None     None     None     None
467410 20140627   1004.1   1007.2   1006.0   112700   1002.3   155500     30.2     33.4   140600     27.5   054000     25.6       77       60   141100      2.5    300.0      8.5    240.0   105100      0.0      0.0      0.0     None      0.0     None     10.5     77.8    27.77     12.6     None    11.99   120000      4.9     None     None     None     None     None     None     None
467410 20140628   1002.5   1005.5   1005.4   225500   1000.7   153100     30.6     34.3   115400     27.1   231200     25.5       75       59   115300      2.1    340.0      9.7    320.0   121300      9.0      0.8      7.0   222500      9.0   220100      9.1     67.4    26.46     13.6     None    10.19   130000      5.5     None     None     None     None     None     None     None
467410 20140629   1004.5   1007.6   1007.2   232800   1003.3   030600     30.2     33.4   130100     27.6   000100     25.9       78       65   135500      3.3    200.0     10.6    210.0   104400     -9.8      0.1     -9.8   001000     -9.8   001000     11.2     83.0    26.80     19.4     None    11.14   120000      4.9     None     None     None     None     None     None     None
467410 20140630   1007.1   1010.1   1008.4   231400   1005.8   161300     30.4     33.2   113400     28.6   050000     26.0       78       65   110900      2.5    230.0     10.0    220.0   125700      0.0      0.0      0.0     None      0.0     None      7.6     56.3    25.17     17.1     None    11.33   130000      4.9     None     None     None     None     None     None     None
467410 20140701   1007.9   1010.9   1009.2   070400   1006.3   151700     30.4     33.3   131000     28.3   045000     26.0       78       64   131500      2.7    270.0      8.0    260.0   140800      0.0      0.0      0.0     None      0.0     None     10.2     75.7    27.23     14.4     None    11.47   130000      6.1     None     None     None     None     None     None     None
467410 20140702   1005.5   1008.5   1007.6   000400   1003.2   165600     30.5     33.9   150000     28.4   050700     25.5       75       59   104700      2.4    260.0      7.6    280.0   160200      0.0      0.0      0.0     None      0.0     None     10.9     80.9    28.53     14.0     None    11.75   130000      3.5     None     None     None     None     None     None     None
467410 20140703   1002.5   1005.5   1004.6   000100   1000.4   165800     30.7     33.8   140200     28.8   055100     25.6       75       60   133600      2.1    300.0      7.8    310.0   121700      0.5      0.2      0.5   081200      0.5   081200     11.0     81.6    27.62     17.8     None    11.85   130000      3.8     None     None     None     None     None     None     None
467410 20140704   1002.3   1005.3   1003.3   225400   1001.0   152000     30.6     33.9   133900     28.9   232800     25.4       74       65   133900      1.8    320.0      8.1    310.0   105500      0.0      0.0      0.0     None      0.0     None      4.1     30.4    16.92     16.8     None     8.66   110000      6.0     None     None     None     None     None     None     None
467410 20140705   1002.1   1005.1   1003.4   074600   1000.7   163700     31.2     34.8   115400     28.2   052000     24.6       69       56   115900      2.8     30.0     10.8    330.0   125500      0.0      0.0      0.0     None      0.0     None      6.1     45.3    22.44     12.3     None     9.25   120000      4.6     None     None     None     None     None     None     None
467410 20140706   1001.3   1004.3   1003.0   061700    999.2   163800     31.3     34.4   144200     28.8   044300     25.7       72       60   094600      2.0    340.0      7.7    290.0   121800      0.0      0.0      0.0     None      0.0     None      6.1     45.3    20.38      8.8     None     6.96   120000      6.1     None     None     None     None     None     None     None
467410 20140707    997.4   1000.4   1000.4   000800    994.9   234000     31.2     34.3   134800     29.0   050700     26.1       75       60   134800      3.9     20.0     12.1    310.0   135300      0.0      0.0      0.0     None      0.0     None      7.5     55.8    22.89     10.8     None    10.39   130000      4.6     None     None     None     None     None     None     None
467410 20140708    995.2    998.2    999.1   231700    992.8   023600     30.8     33.5   143500     28.8   042800     25.5       74       63   144400      4.9     10.0     17.0     20.0   110100      0.0      0.0      0.0     None      0.0     None      8.2     61.0    23.59      7.8     None     8.42   140000      4.8     None     None     None     None     None     None     None
467410 20140709   1001.3   1004.3   1003.3   215300    998.9   000100     30.4     35.2   133300     27.9   052700     26.1       78       55   133200      2.5    200.0      8.0    210.0   182500      0.2      0.1      0.2   030100      0.2   030100      7.0     52.1    21.04     12.8     None    10.90   130000      4.5     None     None     None     None     None     None     None
467410 20140710   1003.2   1006.2   1004.7   214300   1001.8   170800     30.6     34.5   140800     27.9   060000     25.9       77       57   135500      3.6    210.0      9.2    220.0   154800      2.0      1.0      1.0   030200      1.5   030200     10.4     77.5    27.89     22.1     None    11.93   130000      5.1     None     None     None     None     None     None     None
467410 20140711   1004.7   1007.7   1007.2   224900   1003.3   024000     30.3     33.7   122300     28.2   044300     26.3       79       66   111800      3.5    200.0     10.2    230.0   130900      1.0      1.1      1.0   074300      1.0   074500      9.7     72.3    25.39     16.9     None    11.84   130000      4.8     None     None     None     None     None     None     None
467410 20140712   1006.2   1009.3   1008.3   215200   1004.4   162900     30.8     34.4   110900     28.4   043000     25.9       76       59   102200      3.6    220.0     10.5    180.0   112800      0.0      0.0      0.0     None      0.0     None     12.4     92.5    28.46     17.3     None    11.46   130000      4.1     None     None     None     None     None     None     None
467410 20140713   1007.0   1010.0   1008.4   220500   1004.8   163300     31.1     34.0   094000     28.5   053700     25.7       74       59   101300      2.7    280.0      9.3    290.0   141300      0.0      0.0      0.0     None      0.0     None     12.3     91.8    29.19     19.4     None    11.56   130000      2.3     None     None     None     None     None     None     None
467410 20140714   1007.7   1010.8   1009.3   230600   1005.6   155600     31.2     35.0   130200     29.1   053700     25.8       73       60   130200      2.2    250.0      7.8    290.0   120700      0.0      0.0      0.0     None      0.0     None     11.6     86.7    28.87     23.1     None    11.61   130000      2.8     None     None     None     None     None     None     None
467410 20140715   1008.0   1011.0   1009.0   080500   1006.6   165400     31.0     34.2   114600     29.1   041800     25.9       74       64   121400      2.2    280.0      9.2    260.0   131700      0.0      0.0      0.0     None      0.0     None      8.1     60.6    24.97     20.9     None    10.49   130000      4.6     None     None     None     None     None     None     None
467410 20140716   1005.5   1008.6   1008.0   000100   1003.2   155700     31.6     35.1   125300     29.0   050600     25.5       71       57   165500      3.0    350.0     10.4    350.0   142300      0.0      0.0      0.0     None      0.0     None      9.0     67.4    24.53     14.6     None     8.78   140000      5.0     None     None     None     None     None     None     None
467410 20140717   1004.3   1007.3   1005.6   002800   1003.1   143300     30.9     34.2   140100     29.0   055000     25.4       73       60   135600      1.7     30.0      7.8    340.0   140300      0.0      0.0      0.0     None      0.0     None      3.4     25.5    14.14     10.0     None     7.07   140000      4.9     None     None     None     None     None     None     None
467410 20140718   1006.2   1009.3   1008.3   213900   1004.2   045200     29.1     33.6   101600     26.3   163700     24.9       78       67   093800      1.4    110.0      8.1    260.0   121500      4.0      2.8      1.5   133700      2.0   132000      4.3     32.2    11.80     10.0     None     6.99   120000      5.0     None     None     None     None     None     None     None
467410 20140719   1006.9   1010.0   1008.0   000100   1005.1   151900     29.3     33.5   120400     26.0   200400     24.8       77       63   120400      2.3    340.0     10.4    330.0   151800      2.5      2.0      1.0   163700      2.0   163500      5.8     43.5    18.39      9.8     None     7.28   120000      5.8     None     None     None     None     None     None     None
467410 20140720   1004.8   1007.9   1007.0   000100   1002.5   160500     29.9     33.7   125200     27.0   200900     25.4       77       62   132100      2.0    320.0      8.2    320.0   135700      4.5      1.3      3.5   195100      4.5   191500    -99.5   -999.5    27.74     12.1     None    10.36   130000      6.4     None     None     None     None     None     None     None
467410 20140721   1001.2   1004.2   1003.9   000100    999.4   154200     30.5     33.6   120100     27.7   054400     25.9       77       62   133300      2.1    160.0      7.3    250.0   151100     -9.8      0.2     -9.8   195900     -9.8   195900    -99.5   -999.5    28.68     11.1     None    10.56   120000      3.5     None     None     None     None     None     None     None
467410 20140722    993.6    996.6   1000.0   000100    984.4   235959     30.6     34.4   112500     28.0   061400     25.9       77       61   111800      2.7    360.0     10.8    350.0   234800      1.0      1.7      0.5   162300      0.5   161000    -99.5   -999.5    17.83     11.9     None     8.76   120000      5.9     None     None     None     None     None     None     None
467410 20140723    992.9    995.9   1000.6   233300    983.7   001800     28.5     29.7   000100     25.6   113700     26.5       89       78   000100      7.4    190.0     27.7    280.0   085400     56.5     13.9      7.0   073500     20.5   073000      0.0      0.0     1.42      3.8     None     1.58   140000      9.4     None     None     None     None     None     None     None
467410 20140724   1002.1   1005.1   1004.7   222700    999.4   022200     29.0     32.2   144600     26.8   182700     26.2       85       75   143800      4.7    190.0     13.3    200.0   000600     15.5      5.1      5.0   070600      7.0   070600    -99.5   -999.5    13.80      8.3     None     6.32   120000      8.9     None     None     None     None     None     None     None
467410 20140725   1005.8   1008.9   1008.1   223200   1003.9   033100     28.5     32.5   133300     25.3   090300     25.5       85       65   132800      3.3    190.0     11.2    160.0   080000     16.0      4.6      7.0   085300     11.5   084100      7.2     54.4    21.46     14.4     None    11.21   130000      5.8     None     None     None     None     None     None     None
467410 20140726   1007.8   1010.8   1009.5   224200   1006.2   155900     29.7     33.7   135200     26.6   202700     25.3       78       65   125500      2.4    330.0      9.2    320.0   135700      0.0      0.0      0.0     None      0.0     None      5.9     44.6    22.38     14.3     None     9.85   120000      6.5     None     None     None     None     None     None     None
467410 20140727   1006.2   1009.2   1009.2   000100   1003.2   171900     30.0     33.1   124200     27.3   041900     25.1       75       64   104800      3.2     20.0     11.8    330.0   160000      0.0      0.0      0.0     None      0.0     None      8.0     60.5    21.67     14.1     None     6.55   130000      4.3     None     None     None     None     None     None     None
467410 20140728   1003.5   1006.5   1005.7   000100   1000.8   164100     30.2     33.9   124000     28.1   054100     25.2       75       61   123600      2.7     20.0      9.6    330.0   132000      0.0      0.0      0.0     None      0.0     None      7.7     58.3    25.22     10.0     None    10.05   130000      6.0     None     None     None     None     None     None     None
467410 20140729   1002.2   1005.2   1004.2   000100   1000.5   161400     30.4     34.4   135800     26.7   023700     25.2       75       57   131500      1.9    300.0      7.9    300.0   112800     13.5      1.1      9.0   214000     13.5   212500    -99.5   -999.5    26.67     13.3     None    11.11   130000      4.1     None     None     None     None     None     None     None
467410 20140730   1000.8   1003.8   1002.5   082400    998.9   170600     30.6     33.7   114400     28.6   022900     26.2       78       64   105400      1.8    320.0      7.5    290.0   160700      0.2      0.1      0.2   183300      0.2   183300    -99.5   -999.5    24.22     12.0     None    10.78   130000      6.8     None     None     None     None     None     None     None
467410 20140731    998.1   1001.1    999.6   000100    995.9   151400     30.3     33.4   105300     28.2   045800     26.4       80       68   105100      4.0    330.0     12.9    350.0   140400      6.0      0.5      4.5   022500      5.5   022000    -99.5   -999.5    24.61      6.4     None    10.92   130000      6.8     None     None     None     None     None     None     None
467410 20140801    997.7   1000.7    999.6   214400    996.3   025100     30.3     33.5   122800     27.4   061400     26.4       80       63   112200      3.0    220.0      8.6    180.0   150000      0.0      0.0      0.0     None      0.0     None    -99.5   -999.5    22.16     10.8     None     8.43   120000      5.9     None     None     None     None     None     None     None
467410 20140802    999.7   1002.7   1001.6   221600    997.9   164600     29.8     32.7   113200     26.4   062900     26.3       82       66   112100      3.7    200.0      8.6    210.0   131400      7.5      0.9      2.5   050500      4.3   045500      7.7     58.7    22.77      8.8     None     9.68   120000      5.8     None     None     None     None     None     None     None
467410 20140803   1000.6   1003.6   1001.9   223500    998.7   163500     30.3     33.8   114700     28.1   050000     25.9       78       62   111100      3.4    200.0     10.1    210.0   164200      0.0      0.0      0.0     None      0.0     None     10.2     77.8    26.23     17.3     None    10.75   130000      5.0     None     None     None     None     None     None     None
467410 20140804   1001.2   1004.2   1002.5   214900    999.8   143100     30.0     33.2   115500     27.4   022600     25.4       77       65   134900      3.6    190.0     12.5    210.0   133800      1.0      0.3      0.5   021700      1.0   021500      7.2     55.0    21.71     17.6     None     8.43   130000      6.6     None     None     None     None     None     None     None
467410 20140805   1002.3   1005.3   1004.0   211200   1000.7   020200     28.9     33.3   112800     25.8   173700     25.0       80       64   085800      2.0    230.0      8.9    260.0   122800      3.5      2.0      0.5   163700      2.5   163600      3.7     28.3    12.20     12.1     None     6.47   120000      7.0     None     None     None     None     None     None     None
467410 20140806   1001.9   1005.0   1003.4   084800   1000.0   154200     29.6     33.0   110600     27.2   044700     24.9       76       63   104700      2.1    260.0      6.6     30.0   234900      1.0      0.3      0.5   042900      0.5   042900      5.5     42.1    18.66     15.1     None     7.55   130000      7.5     None     None     None     None     None     None     None
467410 20140807   1001.1   1004.2   1002.8   102500    999.1   154700     28.6     32.7   112200     25.3   233400     25.6       84       70   112100      2.4    130.0      9.9    260.0   172300     54.5      3.0     13.5   215700     43.5   214100      6.1     46.8    22.80     13.0     None     9.69   120000      7.5     None     None     None     None     None     None     None
467410 20140808   1000.8   1003.8   1002.6   223100    999.2   164400     29.0     32.7   135300     25.7   000100     25.8       83       70   130000      2.7    240.0      9.4    260.0   164100      1.0      0.3      0.5   001200      1.0   001200      6.9     53.0    23.11     14.5     None     8.83   130000      7.5     None     None     None     None     None     None     None
467410 20140809   1002.6   1005.7   1004.3   214700   1001.0   042100     27.4     30.5   134300     26.0   102000     25.7       91       82   054900      2.4    200.0      8.1    210.0   160000     74.5      9.8     10.5   081300     25.5   074500      2.5     19.2    12.28     10.5     None     7.70   140000      8.5     None     None     None     None     None     None     None
467410 20140810   1003.0   1006.1   1004.5   213700   1001.6   151900     27.6     29.7   140800     26.0   000500     26.2       92       86   111600      2.3    140.0     13.1    280.0   013800     51.5      4.8      9.0   003300     29.5   001000      0.1      0.8     4.36      9.0     None     1.97   140000      8.4     None     None     None     None     None     None     None
467410 20140811   1001.8   1004.9   1003.9   083300    999.4   155000     26.9     29.9   153800     24.4   085300     25.5       92       84   142800      2.7    190.0     10.1    120.0   073300     93.0      8.4     11.0   072700     27.5   041400      2.2     17.0     9.91      9.1     None     5.47   140000      8.8     None     None     None     None     None     None     None
467410 20140812   1000.7   1003.8   1002.1   214700    999.0   151200     25.9     27.4   144900     24.9   092800     25.4       97       91   151700      2.8    190.0     11.6    230.0   234900    255.0     17.9     23.0   073200     91.0   065700      0.0      0.0     4.23      5.2     None     4.34   140000      9.4     None     None     None     None     None     None     None
467410 20140813   1003.6   1006.7   1006.7   230600   1001.0   053000     26.1     28.5   122100     24.5   050300     25.0       94       81   235800      3.3    150.0     13.7    270.0   003300     60.0     12.6      4.5   002000     17.0   000500      0.0      0.0     4.42      9.3     None     4.36   120000      8.8     None     None     None     None     None     None     None
467410 20140814   1007.7   1010.8   1009.5   220900   1006.4   004900     28.6     32.3   133300     25.2   023700     25.4       84       62   155200      2.4    260.0      8.7    200.0   080300      3.5      1.6      2.0   060500      2.5   052000      7.3     56.6    22.83     17.9     None     9.12   110000      5.0     None     None     None     None     None     None     None
467410 20140815   1008.0   1011.1   1009.4   100200   1006.3   164600     29.5     32.4   121800     27.6   054500     26.3       83       71   125400      1.8    330.0      8.0    290.0   151800      0.0      0.0      0.0     None      0.0     None      9.9     76.9    25.53      8.8     None    11.05   130000      5.1     None     None     None     None     None     None     None
467410 20140816   1006.0   1009.0   1007.7   000100   1004.3   145600     29.4     32.8   142900     27.0   054000     25.5       80       68   142800      1.8    290.0      8.5    290.0   154600      0.0      0.0      0.0     None      0.0     None      7.8     60.6    25.02     10.6     None    10.11   130000      6.4     None     None     None     None     None     None     None
467410 20140817   1005.2   1008.2   1007.1   224800   1003.4   173500     29.7     32.9   120000     27.1   060000     24.6       74       63   120000      2.2    250.0      8.8    220.0   125300      0.0      0.0      0.0     None      0.0     None      7.1     55.3    20.36     15.0     None     9.33   130000      5.6     None     None     None     None     None     None     None
467410 20140818   1006.7   1009.8   1009.4   223500   1005.1   040000     28.2     32.0   100000     25.4   230100     25.0       83       71   100000      2.5     90.0     10.2    170.0   212600     27.0      3.5     16.5   120000     24.0   115400      1.8     14.0     6.39     13.9     None     4.40   100000      8.0     None     None     None     None     None     None     None
467410 20140819   1008.3   1011.3   1009.9   223200   1006.9   015100     28.2     32.1   130900     25.9   003200     24.2       80       60   133000      4.7    200.0     14.1    200.0   111100      0.0      0.0      0.0     None      0.0     None      8.1     63.3    23.79     17.4     None    11.42   130000      5.8     None     None     None     None     None     None     None
467410 20140820   1008.9   1012.0   1010.7   212600   1007.6   150500     28.3     31.5   105100     24.3   040100     23.7       77       62   105100      2.5    220.0     10.0    240.0   124000      9.0      1.6      4.0   033200      6.0   032000      8.3     64.9    22.52     18.8     None     8.94   130000      6.6     None     None     None     None     None     None     None
467410 20140821   1008.4   1011.4   1009.8   000100   1006.7   161900     29.0     32.6   130800     26.1   051600     24.2       75       62   150400      2.2    340.0      8.8    350.0   142800      0.0      0.0      0.0     None      0.0     None     11.6     90.9    27.43     16.1     None    11.38   130000      2.9     None     None     None     None     None     None     None
467410 20140822   1008.2   1011.2   1009.5   002700   1005.9   152400     29.7     33.0   144000     27.4   060200     24.3       73       57   143400      2.3    340.0      7.8    320.0   120500      0.0      0.0      0.0     None      0.0     None      9.4     73.8    24.93     15.5     None     9.72   130000      4.0     None     None     None     None     None     None     None
467410 20140823   1007.6   1010.7   1009.0   000500   1005.7   163800     30.0     33.5   143400     27.3   053200     23.4       68       54   102900      2.2    330.0      8.6    330.0   145400      0.0      0.0      0.0     None      0.0     None     10.7     84.1    26.77     20.6     None    10.07   130000      2.9     None     None     None     None     None     None     None
467410 20140824   1007.5   1010.6   1008.9   215100   1006.0   150200     30.3     33.5   123500     27.8   045100     24.5       71       60   095400      1.8    320.0      8.6    330.0   131500      0.0      0.0      0.0     None      0.0     None     10.9     85.8    25.84     16.5     None     9.62   130000      2.5     None     None     None     None     None     None     None
467410 20140825   1008.0   1011.1   1009.9   214800   1006.3   153000     29.8     32.7   122000     27.6   181300     25.8       79       68   113500      2.0    300.0      8.9    320.0   125100     28.0      0.9     12.0   180300     28.0   173900      6.7     52.9    21.94     15.9     None    10.49   120000      6.9     None     None     None     None     None     None     None
467410 20140826   1008.4   1011.5   1009.6   083300   1006.2   160500     30.3     33.9   133700     27.2   040300     24.7       73       58   110100      2.8     40.0     10.2     40.0   154800      0.0      0.0      0.0     None      0.0     None     10.2     80.6    25.48     13.0     None     8.71   120000      3.3     None     None     None     None     None     None     None
467410 20140827   1009.3   1012.4   1011.4   225300   1007.8   151300     30.0     33.9   120900     27.7   232000     24.5       73       59   122000      2.4    330.0     10.1    330.0   152100      0.0      0.0      0.0     None      0.0     None      8.6     68.1    23.97     11.4     None     9.74   130000      2.8     None     None     None     None     None     None     None
467410 20140828   1010.4   1013.5   1012.1   220600   1008.2   161400     29.7     33.9   130700     26.7   045400     23.8       71       60   113600      1.5    310.0      7.8    290.0   161300      1.6      1.3      1.0   192100      1.5   190000     10.8     85.6    26.41     14.5     None    10.26   120000      3.0     None     None     None     None     None     None     None
467410 20140829   1009.8   1012.9   1011.0   215200   1008.3   151100     29.0     33.5   123400     25.2   180500     24.6       77       61   131300      2.0    130.0     12.9    110.0   175000      4.0      3.3      1.0   182000      2.5   174000      8.9     70.7    23.92      8.8     None     8.79   120000      4.6     None     None     None     None     None     None     None
467410 20140830   1008.8   1011.9   1010.5   000100   1006.6   153200     29.3     33.2   114400     26.6   053800     24.0       74       64   115500      1.5    120.0      7.5    270.0   115200      0.0      0.0      0.0     None      0.0     None      9.6     76.4    24.29     10.0     None     9.76   130000      4.3     None     None     None     None     None     None     None
467410 20140831   1008.0   1011.0   1009.4   224200   1007.1   035700     29.2     32.8   123800     26.8   053300     24.7       77       64   094100      1.9     50.0      8.1    320.0   125100      6.5      0.9      4.5   134800      6.5   133500      5.1     40.7    12.34     12.5     None     5.08   100000      4.0     None     None     None     None     None     None     None
467410 20140901   1008.3   1011.4   1010.0   230000   1006.4   141000     29.8     33.8   140500     27.0   053600     24.9       75       61   125700      1.9    160.0      7.8    340.0   154500      0.0      0.0      0.0     None      0.0     None      9.1     72.7    23.17     10.9     None     8.47   130000      5.0     None     None     None     None     None     None     None
467410 20140902   1008.1   1011.2   1009.7   000900   1006.2   164800     30.0     33.2   120700     27.8   050200     24.9       74       65   130900      1.9    330.0      8.3    340.0   141100      0.0      0.0      0.0     None      0.0     None      8.9     71.2    21.07     12.5     None     6.85   140000      5.3     None     None     None     None     None     None     None
467410 20140903   1006.5   1009.6   1008.3   090000   1004.3   153900     29.9     32.7   133700     27.6   054100     25.1       76       65   134500      2.1    320.0      8.3    310.0   150000      0.0      0.0      0.0     None      0.0     None      9.2     73.7    24.16     18.1     None     9.08   120000      3.1     None     None     None     None     None     None     None
467410 20140904   1004.8   1007.9   1005.9   000100   1002.8   143400     29.6     33.6   131500     26.4   171200     24.0       72       57   135700      1.9    160.0     13.5     90.0   164700      0.0      0.0      0.0     None      0.0     None      8.5     68.2    21.97     14.6     None     7.18   140000      3.3     None     None     None     None     None     None     None
467410 20140905   1003.8   1006.8   1005.4   092200   1001.6   165300     30.2     33.8   135600     26.9   044800     24.8       73       62   135600      1.5    320.0      7.7    340.0   142100      0.0      0.0      0.0     None      0.0     None      9.8     78.8    22.41     12.8     None     8.04   130000      2.0     None     None     None     None     None     None     None
467410 20140906   1004.2   1007.2   1006.4   220000   1002.4   141900     30.4     33.9   134700     28.2   054700     25.3       75       59   132600      2.1    180.0      7.0    280.0   123600     -9.8      0.2     -9.8   192000     -9.8   192000      9.1     73.3    22.76      9.3     None     8.69   130000      2.4     None     None     None     None     None     None     None
467410 20140907   1006.3   1009.3   1007.6   212400   1005.0   164300     29.7     32.0   111400     28.2   030400     25.4       78       68   114400      1.7    200.0      8.2     50.0   094800      0.5      0.5      0.5   094500      0.5   093600      3.9     31.5    11.63     14.9     None     4.10   120000      5.8     None     None     None     None     None     None     None
467410 20140908   1005.9   1009.0   1007.2   000100   1004.4   152800     29.7     32.9   142500     27.9   042500     25.3       78       64   103500      1.1    270.0      9.9    110.0   124600      0.3      0.1      0.3   161700      0.3   161700      5.4     43.7    17.72     13.6     None     6.86   140000      4.9     None     None     None     None     None     None     None
467410 20140909   1006.1   1009.1   1007.2   092100   1004.1   160300     29.8     33.5   142200     27.2   051900     24.8       75       59   144300      1.7    310.0      8.8    340.0   135500      0.5      0.4      0.5   185300      0.5   185300      7.6     61.6    22.43     15.0     None     8.53   130000      4.5     None     None     None     None     None     None     None
467410 20140910   1006.3   1009.3   1007.9   232000   1004.9   152100     29.5     33.1   120500     26.7   055800     24.3       74       63   121300      1.9    100.0      7.3    280.0   143800      0.0      0.0      0.0     None      0.0     None      6.8     55.2    20.26     13.9     None     8.60   120000      4.8     None     None     None     None     None     None     None
467410 20140911   1006.3   1009.4   1007.9   000100   1004.3   154500     30.0     33.3   114300     26.5   223200     25.1       75       61   154000      1.9    340.0     10.0    340.0   140600      1.0      0.1      1.0   221900      1.0   221900      5.8     47.2    16.04      8.6     None     5.89   120000      4.3     None     None     None     None     None     None     None
467410 20140912   1006.1   1009.1   1007.7   220400   1004.1   145800     29.6     33.4   113200     26.0   213700     25.2       78       60   115700      2.6    250.0      8.4     60.0   205000     38.0      2.9     14.5   212500     35.0   211300      8.2     66.8    21.65     18.1     None     8.04   130000      5.4     None     None     None     None     None     None     None
467410 20140913   1004.8   1007.9   1006.8   000100   1002.8   154800     29.8     33.8   133100     25.8   002400     24.9       76       62   133100      2.4     10.0      8.4    340.0   135700      2.0      1.7      0.5   001000      1.5   000100      7.9     64.5    20.63     13.6     None     6.55   110000      4.9     None     None     None     None     None     None     None
467410 20140914   1001.8   1004.8   1004.4   000100    999.5   145200     30.4     33.9   143300     28.0   035700     25.5       75       63   151500      2.1     30.0      8.3     20.0   094000      0.0      0.0      0.0     None      0.0     None      8.9     72.8    22.92      7.8     None     8.90   130000      6.5     None     None     None     None     None     None     None
467410 20140915   1001.3   1004.3   1004.8   221700    999.2   032200     31.1     34.5   141200     29.0   043400     26.1       75       61   141200      2.4    320.0      8.7    330.0   123100      0.0      0.0      0.0     None      0.0     None      9.9     81.1    23.71     12.4     None     9.85   130000      4.9     None     None     None     None     None     None     None
467410 20140916   1007.2   1010.2   1010.6   223800   1004.2   001100     30.5     33.9   134200     28.0   234000     25.8       77       64   123600      2.4    210.0     10.4    220.0   145800      0.0      0.0      0.0     None      0.0     None      5.4     44.3    15.83     10.0     None     7.44   120000      4.1     None     None     None     None     None     None     None
467410 20140917   1010.2   1013.2   1011.3   084900   1008.7   145600     30.4     33.0   130600     27.9   000200     25.9       77       69   130600      2.6    340.0      9.5    300.0   113500      0.2      0.1      0.2   020100      0.2   020100      7.1     58.4    19.19      8.5     None     6.88   130000      5.8     None     None     None     None     None     None     None
467410 20140918   1007.5   1010.5   1010.6   000100   1005.4   170600     30.2     33.3   124200     28.4   051600     26.3       80       69   130100      2.0     40.0     10.0    330.0   142700      0.0      0.0      0.0     None      0.0     None      6.1     50.3    17.08      6.5     None     6.82   130000      4.9     None     None     None     None     None     None     None
467410 20140919   1001.8   1004.8   1006.3   000400    999.3   143000     30.5     33.5   115500     28.6   035900     26.0       77       67   135200      1.8    170.0      7.5    330.0   150900      0.0      0.0      0.0     None      0.0     None      4.9     40.4    18.56      4.5     None     6.61   130000      5.6     None     None     None     None     None     None     None
467410 20140920    997.8   1000.8    999.7   213200    995.3   142800     28.7     33.4   115300     25.8   172900     25.6       83       65   115300      2.0     30.0     11.3    210.0   170300     26.5      4.1      8.0   171100     12.5   170200      1.3     10.7     8.43      7.5     None     4.83   120000      8.5     None     None     None     None     None     None     None
467410 20140921    996.6    999.6   1003.6   232300    991.0   120100     26.6     27.5   084200     25.5   222200     25.1       92       85   234400      5.7     20.0     20.1    360.0   114900     18.0     17.4      1.0   220800      4.0   132000      0.0      0.0     0.71      8.0     None     1.20   110000      9.5     None     None     None     None     None     None     None
467410 20140922   1004.0   1007.1   1005.4   225200   1002.5   135400     27.2     32.0   131100     24.3   050500     24.1       84       67   131000      1.8     50.0      6.3    330.0   001500      1.0      0.6      0.5   033400      1.0   033000      1.4     11.6    12.51     12.4     None     6.16   130000      7.1     None     None     None     None     None     None     None
467410 20140923   1006.5   1009.6   1008.4   230500   1004.3   024300     27.5     30.0   135700     26.2   040400     24.6       84       75   140900      3.0    190.0      7.8    150.0   171800     -9.8      0.4     -9.8   110100     -9.8   105000      1.9     15.8    10.18      6.9     None     4.46   140000      5.5     None     None     None     None     None     None     None
467410 20140924   1009.0   1012.1   1010.7   223300   1007.6   023900     28.7     32.7   113000     26.2   043900     24.8       79       66   112900      2.6    140.0      8.3    250.0   151600      0.0      0.0      0.0     None      0.0     None      9.8     81.7    23.67     11.8     None     8.89   120000      3.4     None     None     None     None     None     None     None
467410 20140925   1009.8   1012.8   1011.1   085700   1008.0   153100     29.0     32.4   125100     26.4   051500     24.6       77       67   135900      1.8    310.0      7.6    320.0   131400      0.0      0.0      0.0     None      0.0     None      8.8     73.5    19.67     11.8     None     7.67   130000      3.4     None     None     None     None     None     None     None
467410 20140926   1009.5   1012.6   1010.9   084500   1007.8   144800     29.5     33.6   130400     26.9   045900     24.1       74       55   102400      2.4     30.0      8.8    310.0   133500      0.0      0.0      0.0     None      0.0     None     10.7     89.5    23.56      8.9     None     8.03   130000      1.3     None     None     None     None     None     None     None
467410 20140927   1009.7   1012.8   1011.4   072300   1007.9   155300     29.8     33.4   142300     27.8   055800     24.7       75       62   130900      2.4    350.0      8.0    310.0   153500      0.0      0.0      0.0     None      0.0     None      8.9     74.6    21.91      5.8     None     7.96   130000      3.6     None     None     None     None     None     None     None
467410 20140928   1008.7   1011.8   1010.2   081900   1007.0   145600     29.3     32.6   114400     27.6   055100     24.5       76       60   133100      2.5    320.0      7.9    320.0   140900      0.0      0.0      0.0     None      0.0     None      7.9     66.3    21.11      4.6     None     7.27   130000      2.3     None     None     None     None     None     None     None
467410 20140929   1007.8   1010.8   1009.3   082800   1005.7   141400     29.4     33.0   133300     27.1   045200     23.6       71       58   173300      2.2    350.0      8.4    330.0   133600      0.0      0.0      0.0     None      0.0     None      7.9     66.5    18.97      6.3     None     5.90   120000      1.6     None     None     None     None     None     None     None
467410 20140930   1008.3   1011.4   1010.3   084500   1006.5   143900     29.3     32.3   112700     27.3   053500     23.9       73       60   113500      2.4    340.0      9.1    320.0   140300      0.0      0.0      0.0     None      0.0     None      8.2     69.1    19.18      6.4     None     5.92   120000      4.0     None     None     None     None     None     None     None
467410 20141001   1007.9   1010.9   1009.2   214600   1006.0   151900     29.3     32.8   113500     27.1   233000     23.7       72       53   101300      2.7     10.0      8.2     30.0   175900      0.0      0.0      0.0     None      0.0     None      8.9     75.1    22.46      6.8     None     7.72   120000      3.5     None     None     None     None     None     None     None
467410 20141002   1006.2   1009.3   1008.2   000100   1004.0   143900     28.4     32.4   121500     26.1   062100     23.9       77       61   130600      2.3     20.0      9.8    310.0   152600      1.5      0.4      1.0   141500      1.5   140300      5.2     44.0    16.64      5.1     None     5.57   120000      5.3     None     None     None     None     None     None     None
467410 20141003   1005.1   1008.1   1006.4   203300   1003.6   145200     28.0     32.1   143900     25.3   063400     21.9       70       56   160000      2.9     20.0     12.9     30.0   172700      0.0      0.0      0.0     None      0.0     None      6.3     53.4    16.39      5.4     None     4.47   140000      2.6     None     None     None     None     None     None     None
467410 20141004   1006.1   1009.2   1007.8   225300   1004.5   135300     26.1     30.8   131800     23.0   055900     18.4       63       50   131700      3.9     30.0     11.2    340.0   152800      0.0      0.0      0.0     None      0.0     None      6.7     56.9    18.13      6.5     None     4.80   110000      3.1     None     None     None     None     None     None     None
467410 20141005   1008.3   1011.4   1010.5   215000   1006.8   025400     26.0     30.3   114100     22.7   050100     19.1       66       55   115900      2.7     30.0     11.3    360.0   154200      0.0      0.0      0.0     None      0.0     None      4.8     40.8    12.81      8.0     None     4.91   110000      4.8     None     None     None     None     None     None     None
467410 20141006   1009.9   1013.0   1011.4   092100   1008.3   143100     26.2     30.9   134700     22.4   055100     18.8       65       55   135600      2.9     30.0      9.6    330.0   160400      0.0      0.0      0.0     None      0.0     None     10.3     87.8    21.65      6.4     None     6.37   120000      0.5     None     None     None     None     None     None     None
467410 20141007   1009.4   1012.5   1011.6   091800   1007.9   150400     25.8     31.0   131800     22.1   060000     17.9       62       52   122700      2.5     30.0      9.5    350.0   172700      0.0      0.0      0.0     None      0.0     None      9.6     82.0    21.10      5.9     None     6.79   130000      1.3     None     None     None     None     None     None     None
467410 20141008   1007.3   1010.4   1008.9   080500   1005.2   144000     26.5     32.0   130200     22.5   062800     18.7       63       44   123500      2.1     30.0      7.0     30.0   183100      0.0      0.0      0.0     None      0.0     None      7.8     66.7    20.72      8.5     None     6.91   120000      2.5     None     None     None     None     None     None     None
467410 20141009   1004.8   1007.8   1007.2   000100   1002.9   145400     26.8     31.3   140000     22.2   060700     20.3       68       54   113800      2.7     30.0      7.8    330.0   121800      0.0      0.0      0.0     None      0.0     None      9.0     77.2    21.06      6.8     None     6.18   130000      2.5     None     None     None     None     None     None     None
467410 20141010   1003.2   1006.2   1004.6   213600   1000.9   142000     27.2     32.9   130900     24.0   055000     21.8       73       53   125900      3.3     30.0     13.3    360.0   144900      0.0      0.0      0.0     None      0.0     None      8.7     74.7    19.20      5.8     None     6.07   130000      3.1     None     None     None     None     None     None     None
467410 20141011   1004.6   1007.7   1006.6   203800   1002.7   144700     26.6     30.7   124500     24.2   053100     21.3       73       59   125100      5.4     30.0     14.8     20.0   184400      0.0      0.0      0.0     None      0.0     None     10.4     89.5    21.44      5.6     None     6.84   120000      1.8     None     None     None     None     None     None     None
467410 20141012   1007.5   1010.6   1010.1   222500   1005.7   143400     26.0     31.0   123000     23.1   055300     19.2       67       55   123000      4.8     30.0     14.0    350.0   152900      0.0      0.0      0.0     None      0.0     None     10.6     91.4    21.83      8.5     None     6.84   120000      1.3     None     None     None     None     None     None     None
467410 20141013   1011.8   1014.8   1014.1   231400   1009.7   001600     26.2     31.8   122300     22.6   055600     18.5       63       47   122100      2.6     30.0      7.6    320.0   140500      0.0      0.0      0.0     None      0.0     None     10.7     92.4    23.34      6.6     None     6.20   120000      0.0     None     None     None     None     None     None     None
467410 20141014   1013.5   1016.6   1015.0   083600   1011.6   144800     24.8     30.5   131200     21.2   060900     17.2       63       53   131100      2.8     20.0      8.4     10.0   170300      0.0      0.0      0.0     None      0.0     None      9.8     84.8    19.50      3.7     None     5.57   120000      2.3     None     None     None     None     None     None     None
467410 20141015   1013.7   1016.8   1015.3   082500   1011.9   143700     24.4     29.5   115100     20.3   054300     16.4       61       47   155900      2.0     40.0      7.3    240.0   123900      0.0      0.0      0.0     None      0.0     None      9.8     85.0    20.18      4.4     None     5.67   130000      1.6     None     None     None     None     None     None     None
467410 20141016   1014.5   1017.6   1016.0   082800   1012.7   152100     24.6     29.6   134200     21.2   044800     16.8       63       42   131300      1.9     40.0      7.8     30.0   184700      0.0      0.0      0.0     None      0.0     None      7.0     60.8    17.88      4.0     None     5.31   120000      2.0     None     None     None     None     None     None     None
467410 20141017   1013.5   1016.6   1015.1   083200   1011.6   143500     25.2     29.8   131400     21.5   024400     17.5       63       44   123900      1.8     30.0      7.7    320.0   134500      0.0      0.0      0.0     None      0.0     None     10.3     89.6    20.19      5.0     None     5.76   120000      0.8     None     None     None     None     None     None     None
467410 20141018   1012.7   1015.8   1014.1   084200   1011.0   143500     25.9     30.4   113900     22.6   032400     19.1       67       44   121000      1.8     20.0      8.1    280.0   143500      0.0      0.0      0.0     None      0.0     None     10.2     88.9    20.38      5.1     None     5.67   120000      0.0     None     None     None     None     None     None     None
467410 20141019   1012.5   1015.6   1014.0   085600   1011.0   142300     26.4     30.7   143600     23.0   054700     20.4       70       53   143500      1.7     30.0      6.1    270.0   121300      0.0      0.0      0.0     None      0.0     None     10.7     93.4    20.95      4.3     None     6.42   120000      0.0     None     None     None     None     None     None     None
467410 20141020   1011.5   1014.6   1013.2   000100   1009.2   135900     27.1     32.4   130500     23.4   050000     21.9       74       50   114500      2.3     40.0      8.3    320.0   134300      0.0      0.0      0.0     None      0.0     None     10.6     92.7    20.61      3.6     None     6.25   120000      0.6     None     None     None     None     None     None     None
467410 20141021   1012.0   1015.1   1013.8   082000   1010.7   144600     27.7     32.2   112000     24.3   060400     21.2       69       45   144500      2.0     30.0      7.9    330.0   152400      0.0      0.0      0.0     None      0.0     None     10.0     87.7    19.30      3.9     None     6.05   120000      0.8     None     None     None     None     None     None     None
467410 20141022   1011.6   1014.6   1013.6   085900   1009.9   143800     27.3     32.7   115800     23.5   234800     20.4       67       47   113000      3.3     20.0     10.4    340.0   143500      0.0      0.0      0.0     None      0.0     None     10.4     91.3    19.65      6.0     None     5.79   120000      1.3     None     None     None     None     None     None     None
467410 20141023   1011.9   1015.0   1013.6   212500   1010.0   143000     26.0     31.1   131800     22.7   060700     18.8       65       53   132600      3.2     20.0      8.8    350.0   154400      0.0      0.0      0.0     None      0.0     None      8.9     78.3    18.87      7.9     None     5.73   120000      4.3     None     None     None     None     None     None     None
467410 20141024   1012.6   1015.7   1013.9   090800   1010.9   143400     25.8     30.7   124000     22.3   060000     19.4       68       56   122500      2.8     30.0      8.1    320.0   160800      0.0      0.0      0.0     None      0.0     None     10.1     89.0    19.40      6.5     None     5.59   120000      0.9     None     None     None     None     None     None     None
467410 20141025   1013.4   1016.5   1014.9   223200   1012.0   042000     26.1     30.3   123400     23.1   052800     21.0       74       60   152800      2.2     30.0      6.6    320.0   141000      0.0      0.0      0.0     None      0.0     None      7.5     66.2    16.70      5.4     None     4.79   120000      2.9     None     None     None     None     None     None     None
467410 20141026   1013.5   1016.6   1014.9   090300   1012.1   140600     26.2     31.1   123900     23.4   045800     22.0       78       57   113800      2.7     40.0      9.3    320.0   132600      0.0      0.0      0.0     None      0.0     None      8.5     75.2    17.59      3.1     None     5.22   120000      4.3     None     None     None     None     None     None     None
467410 20141027   1012.7   1015.8   1014.1   215100   1010.9   145000     27.0     31.6   135500     24.1   033700     22.1       75       60   123200      2.4     20.0      7.8    320.0   130700      0.0      0.0      0.0     None      0.0     None      5.6     49.6    16.35      3.9     None     5.34   120000      6.1     None     None     None     None     None     None     None
467410 20141028   1013.3   1016.4   1014.8   212200   1011.6   142500     26.3     30.3   113200     22.9   040400     19.8       68       57   121700      2.4     20.0      7.8    330.0   130600      0.0      0.0      0.0     None      0.0     None      9.4     83.4    17.91      4.4     None     5.34   120000      1.9     None     None     None     None     None     None     None
467410 20141029   1013.9   1017.0   1015.5   084000   1012.7   144200     26.1     30.2   112400     23.5   051700     20.4       71       55   121500      2.2     30.0      7.1    330.0   114100      0.0      0.0      0.0     None      0.0     None     10.1     89.8    19.17      4.9     None     6.14   120000      1.9     None     None     None     None     None     None     None
467410 20141030   1012.8   1015.9   1014.3   092400   1011.2   151400     26.2     29.8   111000     24.0   055200     21.1       74       59   125900      1.5    290.0      7.3    280.0   134900      0.0      0.0      0.0     None      0.0     None      9.9     88.2    18.35      5.1     None     5.75   120000      4.5     None     None     None     None     None     None     None
467410 20141031   1010.9   1014.0   1012.8   084200   1009.0   143100     26.4     29.5   140700     24.2   064800     20.9       73       57   133400      1.5    320.0      7.5    320.0   122100      0.0      0.0      0.0     None      0.0     None      9.2     82.1    18.64      4.5     None     5.87   130000      1.9     None     None     None     None     None     None     None
467410 20141101   1009.7   1012.8   1011.1   081000   1007.5   141500     26.5     30.3   123400     24.2   040900     21.2       73       55   135900      2.5     20.0      8.3    340.0   145100      0.0      0.0      0.0     None      0.0     None      8.4     75.0    17.09      5.8     None     5.34   130000      3.6     None     None     None     None     None     None     None
467410 20141102   1010.2   1013.3   1011.9   080400   1007.9   132800     25.8     31.5   125000     22.5   233400     20.7       74       56   114400      3.5     20.0     14.8     10.0   183000      0.0      0.0      0.0     None      0.0     None      8.2     73.4    16.65      3.5     None     5.11   120000      2.0     None     None     None     None     None     None     None
467410 20141103   1011.7   1014.8   1013.8   220900   1009.9   142800     23.1     27.0   142000     20.5   235900     15.4       62       52   133500      4.4     20.0     11.4    350.0   064600      0.0      0.0      0.0     None      0.0     None      3.6     32.3    13.68      6.3     None     4.65   120000      7.0     None     None     None     None     None     None     None
467410 20141104   1013.2   1016.4   1014.6   090600   1011.7   133400     23.5     27.5   123200     20.1   024700     15.7       62       54   105200      1.7     40.0      6.9    210.0   115100      0.0      0.0      0.0     None      0.0     None      7.2     64.6    16.64      6.6     None     5.00   130000      5.1     None     None     None     None     None     None     None
467410 20141105   1014.1   1017.2   1016.1   090100   1012.1   152700     24.0     28.1   113600     20.8   053000     17.3       66       55   130000      2.0     20.0      8.4    320.0   152800      0.0      0.0      0.0     None      0.0     None     10.3     92.6    18.93      6.3     None   -99.95   100000      0.9     None     None     None     None     None     None     None
467410 20141106   1013.8   1017.0   1015.4   091900   1012.0   144300     24.1     28.8   132700     21.4   035100     17.8       69       53   131300      2.6     20.0      9.8     20.0   181700      0.0      0.0      0.0     None      0.0     None      5.2     46.8    13.84      5.6     None     4.41   120000      3.9     None     None     None     None     None     None     None
467410 20141107   1014.0   1017.1   1015.4   074000   1012.3   143000     24.7     28.8   103600     21.6   044000     18.7       69       60   152400      1.8    170.0      7.2    280.0   122300      0.0      0.0      0.0     None      0.0     None      7.7     69.5    16.10      4.4     None     5.15   120000      4.1     None     None     None     None     None     None     None
467410 20141108   1014.1   1017.2   1015.5   092100   1012.8   142100     25.1     28.5   104500     22.9   234900     19.8       73       59   142000      2.3     20.0     11.9     20.0   222300      0.0      0.0      0.0     None      0.0     None      4.6     41.6    14.11      4.5     None     5.12   130000      6.0     None     None     None     None     None     None     None
467410 20141109   1014.2   1017.3   1017.0   081700   1011.8   154800     24.4     28.4   130300     21.3   235800     19.5       74       61   112400      4.1     30.0     11.5     30.0   134700      0.0      0.0      0.0     None      0.0     None      7.8     70.6    16.01      6.4     None     4.58   110000      4.0     None     None     None     None     None     None     None
467410 20141110   1013.2   1016.3   1015.2   085300   1011.5   141300     24.1     28.2   104400     20.4   064400     19.0       73       60   144300      2.2     30.0      7.3    350.0   173600      0.0      0.0      0.0     None      0.0     None      9.2     83.4    17.85      4.4     None     5.29   120000      0.8     None     None     None     None     None     None     None
467410 20141111   1012.6   1015.7   1014.1   082700   1010.8   132900     24.3     29.1   111500     21.1   043000     18.7       71       59   144100      2.1     30.0      7.2    200.0   115900      0.0      0.0      0.0     None      0.0     None      8.2     74.4    16.19      5.0     None     4.38   130000      3.5     None     None     None     None     None     None     None
467410 20141112   1013.2   1016.3   1014.3   090100   1011.6   142700     24.4    -99.5     None    -99.5     None     18.3       70    -9995     None      2.8     20.0    -99.5   -999.5     None      0.0      0.0      0.0     None      0.0     None      6.7     60.9    13.90      3.3     None     4.32   120000      6.5     None     None     None     None     None     None     None
467410 20141113   1014.7   1017.9   1016.0   084500   1013.1   142200     22.4     26.1   120400     20.4   054600     16.7       70       61   120600      3.5     10.0      9.1    320.0   130900      0.0      0.0      0.0     None      0.0     None      2.0     18.2     9.45      4.0     None     3.80   120000      8.5     None     None     None     None     None     None     None
467410 20141114   1015.2   1018.4   1017.1   094900   1014.1   152300     21.8     25.1   115000     18.8   045200     16.8       74       64   113400      3.3     10.0      8.5     10.0   143800      0.0      0.0      0.0     None      0.0     None      2.2     20.0    10.90      4.8     None     3.91   110000      8.4     None     None     None     None     None     None     None
467410 20141115   1015.5   1018.6   1017.1   073700   1013.8   134800     23.0     27.9   120300     19.6   022900     17.8       73       56   120300      2.3     10.0      6.5     20.0   211000      0.0      0.0      0.0     None      0.0     None      2.0     18.3     9.72      5.9     None     4.79   120000      6.1     None     None     None     None     None     None     None
467410 20141116   1013.1   1016.2   1015.1   000100   1010.8   144400     23.4     27.0   134800     21.1   034600     19.2       78       60   125000      4.5     10.0     11.8     30.0   071400      0.0      0.0      0.0     None      0.0     None      3.8     34.7     9.91      7.3     None     4.25   120000      6.8     None     None     None     None     None     None     None
467410 20141117   1012.4   1015.5   1014.8   220300   1010.3   145100     22.6     27.0   133700     19.6   233300     18.5       78       65   142200      4.0     10.0     10.9     10.0   224400      0.2      0.2      0.2   082000      0.2   082000      1.5     13.7     9.61      5.3     None     4.25   130000      8.6     None     None     None     None     None     None     None
467410 20141118   1015.1   1018.3   1016.7   203100   1013.2   024000     21.5     26.7   144400     18.3   031100     15.1       67       55   144400      3.7     10.0     10.6     10.0   024500      0.0      0.0      0.0     None      0.0     None      6.2     56.8    13.33      4.8     None     4.41   110000      5.9     None     None     None     None     None     None     None
467410 20141119   1015.7   1018.8   1017.6   085700   1013.7   143400     22.0     26.4   125000     18.7   052500     15.9       68       57   115500      2.7     10.0      8.2    360.0   215700      0.0      0.0      0.0     None      0.0     None      9.8     89.9    15.42      5.6     None     5.13   120000      1.9     None     None     None     None     None     None     None
467410 20141120   1014.4   1017.6   1015.9   090800   1012.8   143500     22.0     27.2   124600     18.1   063600     17.1       74       56   121400      2.6     20.0      7.2     10.0   194900      0.0      0.0      0.0     None      0.0     None     10.1     92.8    15.65      4.6     None     4.46   120000      0.5     None     None     None     None     None     None     None
467410 20141121   1013.2   1016.3   1015.4   084600   1011.0   155300     23.1     28.1   130100     20.1   060800     18.7       77       55   125200      3.0     30.0      9.9     10.0   131100      0.0      0.0      0.0     None      0.0     None      9.1     83.7    14.91      4.4     None     4.80   120000      2.3     None     None     None     None     None     None     None
467410 20141122   1012.4   1015.5   1014.1   084900   1010.2   142500     23.4     29.1   124200     19.4   055100     19.2       78       53   115900      2.4     20.0      6.8     30.0   073600      0.0      0.0      0.0     None      0.0     None      9.9     91.1    15.73      3.5     None     4.80   120000      0.9     None     None     None     None     None     None     None
467410 20141123   1013.4   1016.5   1015.1   092900   1011.7   154200     24.5     28.0   113700     22.0   062400     19.4       74       56   113000      1.4    320.0      6.0    310.0   160100      0.0      0.0      0.0     None      0.0     None     10.1     93.1    15.97      6.9     None     5.31   120000      1.4     None     None     None     None     None     None     None
467410 20141124   1012.4   1015.5   1014.2   081300   1010.7   150300     24.2     27.7   114000     21.4   062100     19.2       74       59   145300      1.6     30.0      6.3    300.0   123100      0.0      0.0      0.0     None      0.0     None     10.1     93.2    15.93      6.8     None     4.93   120000      1.1     None     None     None     None     None     None     None
467410 20141125   1010.2   1013.4   1012.1   072600   1008.2   151500     24.0     28.7   121500     20.1   061800     19.3       76       58   133400      2.2    350.0      7.8     20.0   191400      0.0      0.0      0.0     None      0.0     None      9.4     86.8    15.30      3.4     None     4.72   120000      0.3     None     None     None     None     None     None     None
467410 20141126   1010.2   1013.3   1011.7   090100   1008.5   144800     24.3     30.1   133800     20.6   054000     19.2       74       48   131400      2.9     10.0      8.4    350.0   140500      0.0      0.0      0.0     None      0.0     None      9.4     86.9    14.54      3.7     None     4.73   120000      2.8     None     None     None     None     None     None     None
467410 20141127   1011.6   1014.7   1013.1   083100   1009.4   144500     25.0     30.2   130700     21.7   045000     20.0       75       53   124400      2.7     10.0      8.0    320.0   161000      0.0      0.0      0.0     None      0.0     None      8.8     81.4    14.66      4.9     None     4.36   120000      2.5     None     None     None     None     None     None     None
467410 20141128   1011.9   1015.0   1013.9   090700   1009.9   152900     25.4     29.3   115000     22.7   060100     21.5       80       64   122000      2.2     30.0      7.4     10.0   174700      0.0      0.0      0.0     None      0.0     None      6.8     63.0    12.00      3.5     None     3.89   120000      5.4     None     None     None     None     None     None     None
467410 20141129   1011.1   1014.2   1013.1   090200   1009.2   144000     25.4     29.2   120100     23.2   053900     22.0       81       67   115700      1.8     10.0      6.3    330.0   172700      0.0      0.0      0.0     None      0.0     None      3.4     31.5    11.21      3.3     None     4.50   120000      6.0     None     None     None     None     None     None     None
467410 20141130   1010.3   1013.4   1011.9   085400   1008.0   145900     26.2     30.0   120000     23.4   040700     21.8       78       60   123200      2.2     20.0      7.2    320.0   142100      0.0      0.0      0.0     None      0.0     None      8.0     74.2    12.86      3.5     None     4.63   120000      2.9     None     None     None     None     None     None     None
467410 20141201   1011.2   1014.3   1014.0   231300   1009.0   134000     23.1     27.5   124300     17.6   235959     17.0       69       58   124100      5.0     10.0     15.1     20.0   055300      0.0      0.0      0.0     None      0.0     None      6.5     60.4    13.16      6.4     None     4.44   110000      8.0     None     None     None     None     None     None     None
467410 20141202   1015.4   1018.6   1017.9   094500   1013.4   000500     17.6     19.4   123400     15.6   063500     13.4       77       67   000900      3.3     20.0     10.7     20.0   023600      0.0      0.0      0.0     None      0.0     None      0.0      0.0     3.75      4.8     None     2.54   130000      8.9     None     None     None     None     None     None     None
467410 20141203   1014.3   1017.5   1016.5   084400   1012.3   143500     20.8     24.6   143100     17.8   011300     16.3       76       64   143000      1.7     10.0      6.0    340.0   163400      0.0      0.0      0.0     None      0.0     None      0.6      5.6     7.23      4.6     None     2.65   130000      8.9     None     None     None     None     None     None     None
467410 20141204   1015.2   1018.5   1017.9   222600   1013.0   024700     17.4     21.4   021200     13.7   235959     14.2       82       67   224700      5.2     10.0     18.4     20.0   055900      6.5      3.0      2.0   090700      2.5   090500      0.1      0.9     4.94      7.1     None     1.97   140000      9.3     None     None     None     None     None     None     None
467410 20141205   1017.2   1020.4   1019.0   084300   1015.2   154800     16.1     20.7   125800     12.7   061800     11.6       75       63   201300      3.3     20.0      8.4     40.0   050700      1.0      2.0      0.5   055500      1.0   055500      2.9     27.0    10.46      4.4     None     4.72   120000      7.5     None     None     None     None     None     None     None
467410 20141206   1016.2   1019.5   1018.2   084600   1014.2   134000     17.7     22.9   134000     12.5   062900     11.6       68       58   132300      2.5     30.0      8.0     40.0   075700      0.0      0.0      0.0     None      0.0     None      7.3     68.1    13.70      5.6     None     4.43   120000      2.9     None     None     None     None     None     None     None
467410 20141207   1015.6   1018.8   1017.4   091100   1013.8   143200     19.9     24.4   113700     17.0   042500     14.3       71       53   123400      2.5     30.0      8.4    360.0   165400      0.0      0.0      0.0     None      0.0     None      9.2     85.8    14.21      5.5     None     4.57   120000      1.1     None     None     None     None     None     None     None
467410 20141208   1014.9   1018.1   1016.6   092700   1012.6   151500     19.2     25.0   151400     16.0   063300     14.8       77       52   150100      3.9     20.0     11.8     20.0   172900      0.0      0.0      0.0     None      0.0     None      9.0     84.0    13.89      3.2     None     4.55   120000      2.3     None     None     None     None     None     None     None
467410 20141209   1015.9   1019.1   1017.4   090900   1014.3   143800     19.6     23.8   142800     15.6   022600     14.8       74       60   142700      2.2     30.0      8.0     30.0   053900      0.0      0.0      0.0     None      0.0     None      0.8      7.5     7.70      4.3     None     3.07   110000      6.8     None     None     None     None     None     None     None
467410 20141210   1014.8   1018.0   1016.7   000100   1012.6   145000     21.3     26.1   131300     18.5   033700     17.5       80       62   123200      3.5     20.0      9.0    350.0   134900      0.0      0.0      0.0     None      0.0     None      1.5     14.0    10.01      3.4     None     3.85   130000      8.1     None     None     None     None     None     None     None
467410 20141211   1014.2   1017.4   1016.4   214400   1012.2   143700     20.7     23.9   120700     17.4   225300     16.7       78       67   141800      4.4     20.0     10.2    360.0   041900      0.0      0.0      0.0     None      0.0     None      2.2     20.6     8.89      4.5     None     4.51   120000      8.9     None     None     None     None     None     None     None
467410 20141212   1018.2   1021.4   1020.6   210700   1015.7   023400     16.1     18.5   113000     14.0   204200     11.5       74       66   223000      5.8     20.0     13.6     30.0   185200      0.0      0.0      0.0     None      0.0     None      0.0      0.0     4.94      4.5     None     2.54   120000      9.4     None     None     None     None     None     None     None
467410 20141213   1019.7   1023.0   1021.4   090100   1017.3   143900     16.7     22.4   130900     14.0   010700      9.0       61       53   142300      3.8     20.0     10.0     20.0   023300      0.0      0.0      0.0     None      0.0     None      5.8     54.3    12.20      3.8     None     4.34   120000      6.8     None     None     None     None     None     None     None
467410 20141214   1019.0   1022.2   1021.1   081400   1016.7   143400     18.2     22.8   135300     14.6   043600     11.6       65       54   130200      3.0     20.0      9.3    330.0   142400      0.0      0.0      0.0     None      0.0     None      7.8     73.0    13.07      5.0     None     4.21   130000      6.1     None     None     None     None     None     None     None
467410 20141215   1016.9   1020.1   1018.6   083100   1014.2   142100     20.1     25.1   130900     17.3   061400     15.3       74       55   133100      3.4     20.0      8.1     20.0   195900      0.0      0.0      0.0     None      0.0     None      2.5     23.4    10.57      3.8     None     3.90   130000      8.1     None     None     None     None     None     None     None
467410 20141216   1018.4   1021.6   1021.3   215900   1015.8   152100     17.8     21.0   125200     14.3   235200     10.8       65       45   234700      6.8     20.0     18.6     20.0   120000      0.0      0.0      0.0     None      0.0     None      9.8     91.7    14.52      5.0     None     4.19   120000      2.3     None     None     None     None     None     None     None
467410 20141217   1021.2   1024.4   1023.0   092500   1019.3   143700     14.0     18.0   125400     10.8   230900      4.3       52       45   011500      4.8     20.0     15.3    360.0   015900      0.0      0.0      0.0     None      0.0     None      6.0     56.2    11.31      5.9     None     3.48   130000      4.1     None     None     None     None     None     None     None
467410 20141218   1021.5   1024.8   1023.7   085200   1019.4   154900     15.8     21.3   132100     11.0   000100      8.1       61       51   123300      2.1     30.0      7.7     30.0   000900      0.0      0.0      0.0     None      0.0     None      5.1     47.8    11.63      6.4     None     4.38   130000      6.4     None     None     None     None     None     None     None
467410 20141219   1019.2   1022.4   1021.3   000100   1017.6   165300     16.6     18.2   104900     15.7   051700     11.8       73       65   000300      3.5     20.0     11.7     10.0   154100     -9.8      0.7     -9.8   111500     -9.8   111500      0.0      0.0     3.67      5.1     None     1.58   120000      8.8     None     None     None     None     None     None     None
467410 20141220   1015.8   1019.0   1018.0   000600   1013.5   150300     17.5     22.1   151100     15.5   234100     12.4       73       55   152500      3.9     20.0     14.9     10.0   090100      0.5      0.5      0.5   010100      0.5   010100      2.7     25.3     8.59      6.6     None     2.93   130000      5.6     None     None     None     None     None     None     None
467410 20141221   1017.8   1021.0   1020.0   215800   1015.7   025300     17.1     21.8   130900     13.6   235200     11.5       70       58   133600      4.0     10.0     13.8    360.0   163000      0.0      0.0      0.0     None      0.0     None      6.6     61.8    12.15      4.7     None     3.47   130000      4.5     None     None     None     None     None     None     None
467410 20141222   1018.9   1022.2   1020.9   085400   1017.1   144700     15.4     21.2   142900     11.8   064200      8.0       62       48   145100      3.9     20.0     11.8     10.0   013600      0.0      0.0      0.0     None      0.0     None      9.2     86.2    14.10      5.0     None     4.10   120000      0.3     None     None     None     None     None     None     None
467410 20141223   1017.9   1021.1   1019.8   091400   1015.8   153800     17.6     22.0   144000     13.1   002400     10.8       64       58   145500      1.6     30.0      5.8     50.0   221600      0.0      0.0      0.0     None      0.0     None      0.2      1.9     7.01      3.0     None     2.10   110000      6.9     None     None     None     None     None     None     None
467410 20141224   1017.8   1020.9   1019.5   091000   1016.1   150100     19.8     25.6   134500     17.5   024600     14.2       71       48   140200      3.0     20.0      8.0     30.0   020700      0.0      0.0      0.0     None      0.0     None      0.5      4.7     9.36      4.3     None     3.74   130000      6.6     None     None     None     None     None     None     None
467410 20141225   1017.0   1020.2   1018.4   092300   1015.7   040000     18.0     20.0   120700     16.7   032400     13.9       77       68   131600      3.5     30.0     13.2     20.0   145800     -9.8      0.3     -9.8   162000     -9.8   162000      0.0      0.0     3.83      3.4     None     1.99   110000      7.5     None     None     None     None     None     None     None
467410 20141226   1016.9   1020.1   1019.1   090600   1015.1   153600     17.6     20.1   153900     15.8   053400     14.2       80       70   131200      3.4     30.0      8.1    360.0   133900     -9.8      0.1     -9.8   061800     -9.8   061800      0.3      2.8     6.17      3.8     None     3.28   130000      9.0     None     None     None     None     None     None     None
467410 20141227   1017.0   1020.2   1018.5   102900   1015.6   034300     17.7     21.1   121800     15.9   031900     14.2       80       69   120000      3.8     20.0     12.8     10.0   160800      0.0      0.0      0.0     None      0.0     None      0.8      7.5     7.26      4.4     None     3.63   120000      8.6     None     None     None     None     None     None     None
467410 20141228   1016.1   1019.3   1018.3   091300   1013.4   144400     16.7     20.7   133200     14.0   235000     13.6       83       74   142100      4.8     20.0     15.0     20.0   201100     -9.8      0.2     -9.8   051900     -9.8   051900      1.6     15.0     9.30      4.1     None     4.24   130000      7.5     None     None     None     None     None     None     None
467410 20141229   1014.9   1018.2   1017.4   085700   1012.1   145100     15.9     20.8   143700     13.2   020900      8.6       63       51   143700      5.3     20.0     14.2     20.0   033900      0.0      0.0      0.0     None      0.0     None      9.3     87.0    14.41      6.6     None     4.46   120000      0.5     None     None     None     None     None     None     None
467410 20141230   1015.4   1018.6   1017.6   084900   1013.6   145000     16.4     22.1   131400     11.5   065500      9.7       65       50   155100      2.6     20.0      7.2    340.0   161900      0.0      0.0      0.0     None      0.0     None      8.8     82.3    14.53      4.5     None     4.26   120000      1.5     None     None     None     None     None     None     None
467410 20141231   1017.1   1020.3   1019.3   092400   1015.1   024900     17.6     23.1   131800     14.0   052900     11.8       70       44   131800      2.6     30.0      8.9    320.0   143200      0.0      0.0      0.0     None      0.0     None      9.3     86.9    14.35      4.1     None     4.32   130000      2.5     None     None     None     None     None     None     None
