* MD (Multifield Daily Data Format)
* 以 '*' 字元開頭的文字為格式說明
* 以 '#' 字元開頭的文字為氣象資料欄位標題列9個字元一組
********************************************************************************
* 格式說明:
* 站碼(stno) 時間(yyyymmdd) 氣象資料欄位
* 1~6        8~15           第16個字元開始每個氣象要素(欄位)9個字元
* 時間為當地時間(Local Time)
* yyyy:西元年
* mm:月
* dd:日
********************************************************************************
* 欄位標題說明:
* 極值發生時間欄位格式為 hhmmss 6位字元  其中 hh:小時(00~23時) mm:分鐘(00~59分) ss:秒(00~59秒)
*
* CD11 平均雲量(10分量)
* EP01 20cm箱外蒸發量(mm)
* EP04 20cm箱內蒸發量(mm)
* EP05 A型蒸發量(mm)
* GR01 全天空日射量(MJ/㎡)
* GR02 最大小時全天空日射量(MJ/㎡)
* GR03 最大小時全天空日射量時間
* PP01 降水量(mm)
* PP02 降水時數(hour)
* PP03 最大十分鐘降水量(mm)
* PP04 最大十分鐘降水量起始時間
* PP05 最大六十分鐘降水量(mm)
* PP06 最大六十分鐘降水量起始時間
* PS01 平均測站氣壓(hPa)                
* PS02 平均海平面氣壓(hPa)
* PS03 最高測站氣壓(hPa)                  
* PS04 最高測站氣壓時間
* PS05 最低測站氣壓(hPa)
* PS06 最低測站氣壓時間
* PS07 最高海平面氣壓(hPa)
* PS08 最高海平面氣壓時間
* PS09 最低海平面氣壓(hPa)
* PS10 最低海平面氣壓時間
* RH01 平均相對溼度(%)
* RH02 最大相對溼度(%)
* RH03 最大相對溼度時間
* RH04 最小相對溼度(%)
* RH05 最小相對溼度時間
* SD01 雪深(cm)
* SS01 日照時數(hour)
* SS02 日照率(%)
* ST01 天空狀況
* ST02 地面狀況
* ST03 雷暴
* ST04 液態降水1
* ST05 液態降水2
* ST06 固態降水1
* ST07 固態降水2
* ST08 固態降水3
* ST09 視障1
* ST10 視障2
* ST11 光象1
* ST12 光象2
* TB01 黑球溫度(℃)
* TD01 平均露點溫度(℃)
* TD02 最高露點溫度(℃)
* TD03 最高露點溫度時間
* TD04 最低露點溫度(℃)
* TD05 最低露點溫度時間
* TG01 最低草溫(℃)
* TS01 地表溫度0cm(℃)
* TS02 地中溫度5cm(℃)
* TS03 地中溫度10cm(℃)
* TS04 地中溫度20cm(℃)
* TS05 地中溫度30cm(℃)
* TS06 地中溫度50cm(℃)
* TS07 地中溫度100cm(℃)
* TS08 地中溫度200cm(℃)
* TS09 地中溫度300cm(℃)
* TS10 地中溫度500cm(℃)
* TW01 平均溼球溫度(℃)
* TX01 平均氣溫(℃)
* TX02 絕對最高氣溫(℃)
* TX03 絕對最高氣溫時間
* TX04 絕對最低氣溫(℃)
* TX05 絕對最低氣溫時間
* TX10 氣溫日較差(℃)
* VP01 平均水氣壓(hPa)
* VP02 最大水氣壓(hPa)
* VP03 最大水氣壓時間
* VP04 最小水氣壓(hPa)
* VP05 最小水氣壓時間
* VS01 平均能見度(km)
* WD01 平均風風速(m/s)
* WD02 平均風風向(360 degree)
* WD03 平均風程(m/s)
* WD04 最大平均風風速(m/s)
* WD05 最大平均風風向(360 degree)
* WD06 最大平均風時間
* WD07 最大瞬間風風速(m/s)
* WD08 最大瞬間風風向(360 degree)
* WD09 最大瞬間風時間
* UV01 紫外線指數
********************************************************************************
* 特殊值:
* -999.1:儀器故障待修
* -9.6/-999.6:資料累計於後
* -9.5/-99.5/-999.5/-999.5/-9999.5/-9995:因故障而無資料
* -9.7/-99.7/-999.7/-999.7/-9999.7/-9997:因不明原因而無資料
* -9.8:雨跡(Trace)
* None:未觀測而無資料
********************************************************************************
# stno yyyymmdd     PS01     PS02     PS03     PS04     PS05     PS06     TX01     TX02     TX03     TX04     TX05     TD01     RH01     RH04     RH05     WD01     WD02     WD07     WD08     WD09     PP01     PP02     PP03     PP04     PP05     PP06     SS01     SS02     GR01     VS01     EP05     UV01     UV03     CD11     TS01     TS02     TS03     TS04     TS05     TS06     TS07
467410 20180101   1016.1   1019.3   1018.3   083700   1013.2   152500     18.6     25.2   141800     14.8   070700     12.3       67       47   150700      3.6    350.0      9.4    360.0   174900      0.0      0.0      0.0     None      0.0     None      9.1     85.0    15.71      6.3     None     5.03   130000      2.1     None     None     None     None     None     None     None
467410 20180102   1015.7   1018.9   1017.8   090000   1013.4   155200     19.4     24.9   134500     16.2   055100     14.7       75       56   124100      2.6    360.0      6.7     30.0   044600      0.0      0.0      0.0     None      0.0     None      9.2     85.9    15.64      4.6     None     4.88   130000      0.6     None     None     None     None     None     None     None
467410 20180103   1015.7   1018.9   1017.8   081300   1013.3   143100     20.0     25.0   134100     16.6   062300     15.8       78       57   140400      2.0    350.0      5.7    300.0   145200      0.0      0.0      0.0     None      0.0     None      8.3     77.4    14.12      4.3     None     5.26   130000      2.5     None     None     None     None     None     None     None
467410 20180104   1014.2   1017.4   1016.1   000100   1012.7   153400     19.4     23.7   123700     17.5   184400     16.0       81       63   123500      2.5    350.0      9.4    350.0   141900     16.0      7.9      1.0   170300      4.0   175600      0.4      3.7     7.25      2.3     None     4.48   120000      8.4     None     None     None     None     None     None     None
467410 20180105   1012.4   1015.5   1014.1   083400   1010.5   141500     19.2     22.6   131500     17.1   234900     16.7       86       77   154700      3.7    350.0      9.3    340.0   120700      4.0      9.0      0.5   002700      1.0   022400      0.1      0.9     7.66      3.2     None     3.75   130000      9.8     None     None     None     None     None     None     None
467410 20180106   1012.3   1015.5   1013.8   095400   1010.8   142200     18.0     19.8   122500     16.5   024600     16.3       90       84   145300      2.8    350.0      8.4    360.0   234800      5.5      8.6      1.0   081100      2.5   072100      0.0      0.0     4.65      2.5     None     2.53   130000     10.0     None     None     None     None     None     None     None
467410 20180107   1011.3   1014.5   1013.1   000100   1009.6   135600     20.4     25.1   145800     18.0   005100     17.2       82       68   145700      2.9    360.0      9.6     30.0   085000      1.0      2.5      0.5   001600      0.5   000100      2.5     23.3    10.15      9.4     None     4.43   120000      8.5     None     None     None     None     None     None     None
467410 20180108   1011.0   1014.2   1013.6   234000   1009.1   062700     21.9     28.2   110600     19.3   160800     18.0       79       64   110600      3.6     10.0     12.9    360.0   190200      5.0      2.7      2.0   155700      3.5   154600      1.4     13.0     6.27     12.6     None     3.93   110000      7.6     None     None     None     None     None     None     None
467410 20180109   1017.0   1020.2   1019.9   214400   1013.3   000100     13.3     20.2   000100     11.2   221100     11.7       90       75   000100      5.0    350.0     19.4    340.0   035500      3.0      7.1      1.0   091100      1.0   091100      0.0      0.0     1.18      7.0     None     1.36   130000      9.9     None     None     None     None     None     None     None
467410 20180110   1020.2   1023.5   1022.5   100300   1017.6   152700     13.0     17.8   154000     10.6   032600      6.0       63       50   145200      5.4    350.0     14.9    350.0   105200      0.5      0.5      0.5   082000      0.5   082000      4.3     39.9    12.28     10.6     None     4.84   130000      8.1     None     None     None     None     None     None     None
467410 20180111   1021.1   1024.4   1023.0   230900   1018.9   142400     12.9     17.1   161200     10.4   234600      4.4       56       47   011700      5.3    350.0     15.2    360.0   031800      0.0      0.0      0.0     None      0.0     None      1.5     13.9     8.40     13.3     None     2.57   130000      7.6     None     None     None     None     None     None     None
467410 20180112   1022.3   1025.6   1024.0   083100   1019.4   152200     12.3     18.3   144800      8.7   065000      3.6       56       42   144100      4.9    350.0     13.0    350.0   041400      0.0      0.0      0.0     None      0.0     None      9.8     90.8    17.43     12.3     None     5.01   130000      1.1     None     None     None     None     None     None     None
467410 20180113   1021.7   1025.0   1024.4   090300   1019.0   151200     13.3     19.4   130300      7.6   062300      5.5       60       43   130300      3.0    360.0      8.2    350.0   000700      0.0      0.0      0.0     None      0.0     None     10.0     92.6    17.21      9.6     None     5.35   130000      0.0     None     None     None     None     None     None     None
467410 20180114   1018.6   1021.9   1021.6   000100   1015.9   150800     15.7     21.2   140100     11.0   071100      9.2       67       41   125900      2.6     10.0      8.1    350.0   195900      0.0      0.0      0.0     None      0.0     None      9.9     91.6    17.61      6.8     None     5.76   130000      2.4     None     None     None     None     None     None     None
467410 20180115   1014.9   1018.1   1017.6   000100   1012.3   151900     17.4     23.1   143700     13.1   072400     13.2       78       52   122900      3.3    360.0      8.0    360.0   103700      0.0      0.0      0.0     None      0.0     None      9.2     85.0    19.44      4.5     None     5.80   130000      4.3     None     None     None     None     None     None     None
467410 20180116   1011.3   1014.4   1013.8   000100   1008.9   164100     19.9     25.0   142700     15.6   072500     13.8       69       48   162100      3.3    350.0      8.0    350.0   120700      0.0      0.0      0.0     None      0.0     None      4.7     43.4    13.56      3.1     None     4.72   130000      7.5     None     None     None     None     None     None     None
467410 20180117   1010.7   1013.8   1012.0   083500   1009.4   142600     22.1     26.5   150800     19.6   063600     15.6       67       54   153400      2.4    360.0      7.3    360.0   071900      0.0      0.0      0.0     None      0.0     None      0.7      6.5    10.19      4.4     None     4.16   120000      8.8     None     None     None     None     None     None     None
467410 20180118   1012.8   1015.9   1014.5   093100   1010.7   032600     21.2     25.3   140300     19.3   020200     17.1       77       65   134900      2.9    350.0      7.8    350.0   015800      0.0      0.0      0.0     None      0.0     None      0.9      8.3    10.96      3.3     None     4.30   120000      9.0     None     None     None     None     None     None     None
467410 20180119   1013.7   1016.9   1015.4   092600   1011.8   150000     20.9     24.7   125200     19.0   235800     17.1       79       67   142300      2.9    360.0      8.9    330.0   070900      0.0      0.0      0.0     None      0.0     None      1.0      9.2    10.71      2.3     None     5.50   130000      8.5     None     None     None     None     None     None     None
467410 20180120   1012.8   1016.0   1014.7   085700   1010.8   144700     20.9     26.5   134200     18.2   235400     16.6       77       60   142000      2.9    350.0      7.3    350.0   210000      0.0      0.0      0.0     None      0.0     None      7.6     69.8    15.37      2.3     None     4.96   130000      2.8     None     None     None     None     None     None     None
467410 20180121   1011.5   1014.7   1013.7   082800   1009.5   144800     20.4     25.1   142900     18.2   001200     17.1       82       65   141900      2.8    350.0      8.1    350.0   222100      0.0      0.0      0.0     None      0.0     None      1.2     11.0    10.47      1.8     None     4.25   120000      8.5     None     None     None     None     None     None     None
467410 20180122   1009.9   1013.1   1011.9   232200   1007.1   140300     20.4     25.9   114500     17.5   235200     16.6       79       59   123600      4.0    350.0     11.1    330.0   155800     -9.8      1.5     -9.8   045700     -9.8   045700      3.2     29.3    13.15      4.7     None     5.91   120000      9.0     None     None     None     None     None     None     None
467410 20180123   1011.6   1014.8   1012.9   090100   1009.3   140400     19.3     25.1   124800     16.0   065800     14.1       72       55   130700      3.1    350.0      9.1    300.0   142200      0.0      0.0      0.0     None      0.0     None      9.5     87.0    17.38      5.6     None     5.79   130000      3.0     None     None     None     None     None     None     None
467410 20180124   1011.8   1015.0   1013.9   093000   1009.3   144400     19.3     25.0   131600     15.5   063600     14.4       74       53   140000      3.3    350.0      8.3    350.0   235100      0.0      0.0      0.0     None      0.0     None      8.0     73.2    16.67      4.1     None     5.78   130000      4.3     None     None     None     None     None     None     None
467410 20180125   1012.1   1015.3   1014.1   092000   1010.0   141300     19.2     25.2   141200     15.9   055900     14.4       75       52   141100      4.1    350.0     10.6     10.0   183000      0.0      0.0      0.0     None      0.0     None      5.1     46.6    14.72      7.4     None     5.72   130000      5.9     None     None     None     None     None     None     None
467410 20180126   1012.8   1016.0   1014.3   090200   1010.8   141500     18.3     23.1   141700     15.2   235300     13.8       76       58   131400      5.6    350.0     15.3    350.0   054600      0.0      0.0      0.0     None      0.0     None      6.7     61.1    17.62      7.3     None     7.03   130000      6.1     None     None     None     None     None     None     None
467410 20180127   1013.2   1016.4   1015.6   095400   1011.6   154700     18.0     23.4   131800     14.8   021500     13.1       73       55   132900      3.6    350.0     10.1    360.0   021900      0.0      0.0      0.0     None      0.0     None      4.6     41.9    14.97     10.1     None     None     None      7.3     None     None     None     None     None     None     None
467410 20180128   1010.7   1013.9   1012.4   000100   1008.5   150200     18.6     24.3   140000     15.4   232600     15.3       82       63   135900      4.5    350.0     12.8    350.0   192300     -9.8      0.2     -9.8   222300     -9.8   222300      3.6     32.7    12.84      5.4     None     6.07   130000      8.0     None     None     None     None     None     None     None
467410 20180129   1013.5   1016.7   1016.3   223900   1010.3   023500     14.7     17.6   125800     12.1   235500     11.2       80       69   125800      5.1    350.0     14.6    350.0   015400      0.5      0.4      0.5   234200      0.5   225200      0.2      1.8     7.32      8.0     None     3.40   130000     10.0     None     None     None     None     None     None     None
467410 20180130   1015.7   1018.9   1017.8   064600   1013.4   154200     15.0     18.7   152300     11.7   015800     12.5       85       69   165900      3.5    350.0     10.7    350.0   065900      3.5      4.6      0.5   021700      2.0   012900      2.1     19.0    12.74      5.4     None     6.33   130000      8.9     None     None     None     None     None     None     None
467410 20180131   1014.8   1018.0   1016.6   095300   1012.2   150400     16.6     22.2   143300     12.9   235000     13.3       81       63   143200      4.4    350.0     15.2    360.0   195900      1.0      0.8      0.5   230700      1.0   230700      2.0     18.1    11.63      4.1     None     5.79   130000      7.5     None     None     None     None     None     None     None
467410 20180201   1016.3   1019.5   1018.7   225300   1014.0   151900     14.0     17.6   153600     11.1   064200     10.8       82       64   124800      4.9    350.0     13.0     10.0   063000      0.5      1.7      0.5   050900      0.5   041900      2.2     19.9    12.38      3.8     None     6.03   120000      9.3     None     None     None     None     None     None     None
467410 20180202   1018.3   1021.6   1020.3   221800   1016.4   142000     15.1     20.5   105300     12.3   235500     11.3       78       62   121900      5.1    350.0     15.7    350.0   170300      0.0      0.0      0.0     None      0.0     None      8.0     72.2    17.30      5.9     None     6.12   130000      5.4     None     None     None     None     None     None     None
467410 20180203   1019.5   1022.8   1021.2   091500   1017.6   153500     12.3     15.0   112200     10.2   235100      7.9       75       64   113000      5.9    350.0     14.4    360.0   030000      0.0      0.0      0.0     None      0.0     None      0.7      6.3     8.67      4.9     None     3.86   130000      9.4     None     None     None     None     None     None     None
467410 20180204   1020.1   1023.4   1021.6   225800   1018.4   143700     11.0     13.5   163500      9.2   043100      6.7       75       67   133500      4.7    350.0     12.2    350.0   202300      0.0      0.0      0.0     None      0.0     None      0.6      5.4     7.63     12.3     None     2.72   130000      7.8     None     None     None     None     None     None     None
467410 20180205   1020.5   1023.8   1022.5   090500   1018.3   152600      9.7     10.6   100800      9.2   053700      5.0       73       67   232100      6.2    350.0     15.1    350.0   160000      0.0      0.0      0.0     None      0.0     None      0.0      0.0     4.18     15.6     None     1.79   120000      8.9     None     None     None     None     None     None     None
467410 20180206   1017.9   1021.2   1021.1   003100   1015.2   163800     12.2     16.7   130300      8.3   063900      5.0       62       48   143600      4.2    350.0     13.4    360.0   000700     -9.8      0.5     -9.8   235600     -9.8   235600      5.0     44.9    15.31      8.3     None     5.34   120000      6.0     None     None     None     None     None     None     None
467410 20180207   1016.2   1019.5   1018.0   101100   1013.9   150800     12.3     14.7   132000      9.9   032400      8.9       80       70   000100      2.8    350.0      9.0    360.0   003100      0.5      2.3      0.5   010800      0.5   003600      0.0      0.0     5.65      5.5     None     2.85   130000      8.6     None     None     None     None     None     None     None
467410 20180208   1014.4   1017.6   1016.8   000600   1012.2   143100     13.8     16.0   122900     11.7   064300     12.3       91       77   145600      3.0    350.0     10.3    340.0   021500      3.5     10.2      0.5   012800      0.5   012800      0.1      0.9     6.82      3.4     None     4.51   130000     10.0     None     None     None     None     None     None     None
467410 20180209   1012.8   1016.0   1014.8   091100   1010.4   150400     16.4     21.1   142400     13.5   040400     13.7       84       68   144700      3.3    350.0      8.5    340.0   095500      0.0      0.0      0.0     None      0.0     None      1.9     17.0    12.26      3.4     None     None     None      7.4     None     None     None     None     None     None     None
467410 20180210   1013.4   1016.6   1015.5   232700   1010.7   141500     17.1     23.0   132600     14.8   013900     15.0       88       65   134000      4.2    350.0     11.4    350.0   060000      0.5      3.3      0.5   212000      0.5   203000      1.0      8.9    10.88      3.4     None     None     None      8.8     None     None     None     None     None     None     None
467410 20180211   1017.7   1021.0   1021.1   235700   1015.2   022700     14.7     19.3   143200     12.1   071300     11.5       82       65   143200      5.4    350.0     14.6    350.0   073900      0.5      0.9      0.5   052000      0.5   050500      2.5     22.2    11.98      4.7     None     5.64   140000      8.8     None     None     None     None     None     None     None
467410 20180212   1021.1   1024.3   1023.2   093600   1018.9   150700     15.1     20.4   142800     12.4   064400      9.5       70       56   142800      3.8    350.0     10.4    350.0   004500      0.0      0.0      0.0     None      0.0     None      3.2     28.4    13.71      6.4     None     5.22   130000      6.4     None     None     None     None     None     None     None
467410 20180213   1020.1   1023.3   1022.3   093000   1017.4   151800     16.1     21.8   132600     12.1   063200      8.8       63       44   151000      3.1    360.0     10.2    350.0   011300      0.0      0.0      0.0     None      0.0     None      9.8     86.9    19.75      7.8     None     6.54   130000      2.5     None     None     None     None     None     None     None
467410 20180214   1016.4   1019.6   1019.5   083000   1013.4   161600     19.2     25.9   125600     13.1   061600     13.2       71       45   112700      1.9    360.0      7.2    190.0   112900      0.0      0.0      0.0     None      0.0     None      9.7     85.9    20.54      4.8     None     7.38   130000      3.0     None     None     None     None     None     None     None
467410 20180215   1013.3   1016.4   1015.4   090100   1010.5   151200     23.4     30.6   121800     17.9   060500     15.9       64       39   115000      2.5     70.0      8.1    210.0   163400      0.0      0.0      0.0     None      0.0     None      8.5     75.1    20.03     22.5     None     8.05   120000      2.8     None     None     None     None     None     None     None
467410 20180216   1011.4   1014.5   1012.9   103000   1009.8   144100     23.2     28.4   124300     19.6   032800     18.0       73       56   101600      2.3    340.0      7.3    290.0   132300      0.0      0.0      0.0     None      0.0     None      2.4     21.2    12.05      6.1     None     6.50   130000      6.1     None     None     None     None     None     None     None
467410 20180217   1013.4   1016.5   1015.6   221200   1011.5   000100     19.9     24.7   131500     17.2   235959     16.2       80       61   131500      3.6    350.0      8.7    350.0   204000      0.0      0.0      0.0     None      0.0     None      4.2     37.0    14.77      4.0     None     5.29   140000      6.9     None     None     None     None     None     None     None
467410 20180218   1014.6   1017.8   1017.1   081000   1011.8   152700     21.1     28.4   145400     16.0   043800     15.9       74       44   134700      3.4    350.0      9.6    340.0   015700      0.0      0.0      0.0     None      0.0     None      8.5     74.7    19.77      4.7     None     7.34   130000      4.8     None     None     None     None     None     None     None
467410 20180219   1013.2   1016.3   1015.9   091300   1010.7   152400     23.4     29.2   133900     18.9   052300     16.5       67       43   133600      2.5    360.0      8.9    280.0   140400      0.0      0.0      0.0     None      0.0     None      7.8     68.4    20.16      6.7     None     7.73   130000      2.9     None     None     None     None     None     None     None
467410 20180220   1011.7   1014.8   1014.0   094800   1009.7   150400     22.0     27.8   125900     17.9   075200     16.7       73       54   125500      3.2    350.0      8.3    360.0   061100      0.0      0.0      0.0     None      0.0     None      8.8     77.1    19.43      5.9     None     7.93   130000      5.5     None     None     None     None     None     None     None
467410 20180221   1011.2   1014.3   1012.8   231200   1009.0   142700     20.4     25.7   144000     17.4   235100     15.8       75       56   143800      4.2    340.0     12.4    350.0   120700      0.5      0.8      0.5   234500      0.5   231000      5.1     44.6    16.81      4.6     None     6.39   130000      7.8     None     None     None     None     None     None     None
467410 20180222   1013.8   1017.0   1016.6   205200   1012.2   031400     16.7     21.1   113800     14.0   215500     14.7       88       71   115600      4.3    350.0     14.2    350.0   162300      5.5      5.4      1.5   211900      2.5   202900      0.6      5.2     6.80      5.1     None     4.88   120000      8.9     None     None     None     None     None     None     None
467410 20180223   1015.7   1018.8   1017.7   220600   1013.8   143100     18.2     24.6   134100     13.8   032600     14.6       81       57   135700      3.0    350.0     10.3    350.0   053200      0.0      0.0      0.0     None      0.0     None      6.3     54.9    18.50      3.8     None     7.57   130000      5.9     None     None     None     None     None     None     None
467410 20180224   1015.9   1019.1   1018.9   090700   1013.6   163200     20.0     26.3   162000     17.6   044400     16.1       79       55   162000      3.1    350.0      8.3    350.0   082800      0.0      0.0      0.0     None      0.0     None      2.7     23.5     9.23      3.7     None     4.03   120000      7.5     None     None     None     None     None     None     None
467410 20180225   1014.2   1017.4   1015.6   000100   1012.5   135600     20.6     26.8   124100     16.2   233300     16.2       77       59   134300      4.0    340.0     12.6    350.0   170100      0.0      0.0      0.0     None      0.0     None      8.7     75.5    19.82      4.4     None     6.91   130000      4.5     None     None     None     None     None     None     None
467410 20180226   1015.1   1018.3   1016.8   224800   1013.4   144600     18.8     25.0   135700     14.9   045900     14.1       75       55   132000      4.1    350.0     11.1    320.0   034500      0.0      0.0      0.0     None      0.0     None      6.2     53.7    18.39      5.1     None     7.69   130000      5.6     None     None     None     None     None     None     None
467410 20180227   1014.2   1017.3   1016.9   095100   1011.6   145200     20.3     25.5   140600     17.3   043700     15.4       74       55   150800      3.3    350.0      8.3     20.0   084800      0.0      0.0      0.0     None      0.0     None      7.2     62.2    19.37      4.9     None     7.08   130000      5.6     None     None     None     None     None     None     None
467410 20180228   1010.8   1013.9   1012.8   000100   1009.5   142600     22.3     28.6   130100     18.0   064200     17.5       75       53   135000      2.3    350.0      8.7    350.0   165200      0.0      0.0      0.0     None      0.0     None      3.7     31.9    16.18      3.0     None     5.90   130000      6.5     None     None     None     None     None     None     None
467410 20180301   1009.6   1012.8   1011.2   222500   1007.8   145800     23.1     29.5   135500     19.1   054900     18.2       75       46   125000      2.3    360.0      6.2    300.0   132600      0.0      0.0      0.0     None      0.0     None     10.5     90.4    22.19      5.3     None     7.57   130000      3.3     None     None     None     None     None     None     None
467410 20180302   1009.4   1012.5   1011.3   090100   1007.3   151800     24.3     29.1   114300     20.5   034300     19.3       75       55   114200      1.8    350.0      7.7    270.0   120600      0.0      0.0      0.0     None      0.0     None      8.8     75.7    19.91      6.6     None     7.45   120000      4.3     None     None     None     None     None     None     None
467410 20180303   1008.7   1011.8   1010.4   093900   1007.1   142500     25.6     30.7   141300     22.2   045900     20.7       75       58   141300      1.5    270.0      6.8    290.0   160500      0.0      0.0      0.0     None      0.0     None     10.0     85.8    21.61      8.1     None     8.61   130000      4.1     None     None     None     None     None     None     None
467410 20180304   1009.7   1012.8   1011.0   090900   1008.5   032600     26.4     30.2   102700     23.9   045800     22.4       79       65   123200      2.1    200.0      8.6    190.0   131500      0.0      0.0      0.0     None      0.0     None      5.6     48.0    18.13      6.6     None     7.70   130000      6.4     None     None     None     None     None     None     None
467410 20180305   1010.0   1013.1   1011.8   235100   1008.8   185800     27.1     31.2   121500     21.1   235800     22.9       79       61   134400      3.0    130.0     13.1    330.0   210300      0.0      0.0      0.0     None      0.0     None      8.6     73.5    20.54     10.5     None     8.99   120000      3.9     None     None     None     None     None     None     None
467410 20180306   1013.8   1017.0   1015.9   103800   1011.6   011000     21.1     25.2   142500     18.0   045500     16.7       76       61   151400      3.5    340.0      9.8    360.0   020600      0.0      0.0      0.0     None      0.0     None      1.0      8.5    13.90      5.3     None     6.70   130000      7.3     None     None     None     None     None     None     None
467410 20180307   1013.2   1016.4   1015.5   000100   1010.4   160100     21.5     27.5   142900     18.7   070700     16.8       75       58   142400      3.3    350.0     11.6    330.0   175300      0.0      0.0      0.0     None      0.0     None      2.9     24.7    15.35      5.0     None     6.20   120000      8.4     None     None     None     None     None     None     None
467410 20180308   1013.6   1016.9   1017.2   235200   1011.0   033000     16.4     19.4   002700     11.9   235300     13.7       84       70   122600      6.5    350.0     17.5    350.0   183300      1.5      4.1      1.0   233900      1.5   224900      0.0      0.0     4.40      9.5     None     2.91   130000      9.4     None     None     None     None     None     None     None
467410 20180309   1016.9   1020.2   1018.7   221700   1015.2   152500     15.3     20.9   142100     11.4   001800     10.1       72       54   152500      4.3    350.0     15.1    340.0   000400      1.0      0.7      0.5   000100      1.0   000100      3.3     28.0    18.61      6.4     None     8.11   120000      7.5     None     None     None     None     None     None     None
467410 20180310   1017.9   1021.2   1019.4   090300   1016.3   144700     17.7     24.0   132900     12.4   060000     10.5       65       40   131400      2.5    360.0      7.3    290.0   150100      0.0      0.0      0.0     None      0.0     None     10.8     91.5    24.21      7.1     None     8.27   130000      1.6     None     None     None     None     None     None     None
467410 20180311   1018.1   1021.2   1019.8   090600   1016.8   152300     19.3     24.5   123200     14.8   050200     12.9       68       45   125200      2.5    360.0      7.9    290.0   132700      0.0      0.0      0.0     None      0.0     None     11.0     93.0    24.63      8.9     None     8.45   130000      1.0     None     None     None     None     None     None     None
467410 20180312   1016.1   1019.3   1018.0   085500   1013.8   153900     20.3     25.3   125900     16.3   052200     14.1       70       43   133800      2.3    350.0      7.5    310.0   170600      0.0      0.0      0.0     None      0.0     None     10.8     91.1    22.36      6.5     None     7.26   130000      0.3     None     None     None     None     None     None     None
467410 20180313   1014.3   1017.5   1016.3   090000   1012.6   162500     21.7     26.9   123800     17.0   063100     14.1       64       38   121000      2.0    360.0      8.0    270.0   152100      0.0      0.0      0.0     None      0.0     None     10.5     88.4    21.88      4.9     None     7.04   130000      0.5     None     None     None     None     None     None     None
467410 20180314   1012.7   1015.9   1014.7   103100   1010.9   154300     23.1     28.1   131900     19.7   034400     13.4       56       36   141900      1.8    330.0      6.6    310.0   143400      0.0      0.0      0.0     None      0.0     None      3.2     26.9    14.96      5.9     None     6.38   130000      4.0     None     None     None     None     None     None     None
467410 20180315   1011.1   1014.2   1012.8   222700   1009.1   155200     23.0     28.4   124600     20.1   224000     17.0       71       49   151400      2.5    360.0     11.9    320.0   184300     14.0      5.7      2.0   174700      9.0   174300      2.1     17.6    13.14      4.0     None     5.69   120000      7.1     None     None     None     None     None     None     None
467410 20180316   1011.7   1014.8   1014.2   225400   1008.8   035500     23.1     28.3   130500     19.8   234500     18.8       78       57   130500      3.4    350.0     10.7    320.0   163400     -9.8      1.1     -9.8   005600     -9.8   004600      7.7     64.5    19.61      5.6     None     6.93   130000      5.4     None     None     None     None     None     None     None
467410 20180317   1014.3   1017.5   1015.7   081100   1012.4   155200     22.3     27.7   134200     18.6   045000     17.3       74       56   124900      3.6    350.0      9.2    300.0   141000      0.0      0.0      0.0     None      0.0     None      9.9     82.7    22.56      4.8     None     7.52   130000      2.1     None     None     None     None     None     None     None
467410 20180318   1013.2   1016.3   1014.9   000100   1011.3   150500     23.1     28.3   132800     19.9   043000     18.3       75       55   122200      2.7    360.0      8.2    280.0   163600      0.0      0.0      0.0     None      0.0     None      9.2     76.7    21.33      4.4     None     7.08   130000      1.6     None     None     None     None     None     None     None
467410 20180319   1009.5   1012.6   1012.6   000100   1006.5   143600     25.0     29.5   115200     20.9   040100     19.8       74       53   120000      2.2    170.0      8.8    180.0   171300      0.0      0.0      0.0     None      0.0     None      9.8     81.6    21.19      7.0     None     7.32   120000      2.5     None     None     None     None     None     None     None
467410 20180320   1008.4   1011.5   1011.2   225000   1006.7   033500     23.7     28.9   113400     19.3   234200     19.9       80       61   121000      3.2    350.0     14.6    340.0   231400      2.5      0.8      1.5   073200      2.0   064200      3.0     24.9    14.62      8.2     None     6.63   120000      8.1     None     None     None     None     None     None     None
467410 20180321   1011.7   1014.9   1013.7   223400   1010.0   145800     18.7     22.1   143100     15.7   233700     12.6       68       55   234600      6.4    350.0     16.8    350.0   115000      0.0      0.0      0.0     None      0.0     None      9.9     82.1    24.22     10.1     None     8.44   130000      2.1     None     None     None     None     None     None     None
467410 20180322   1012.9   1016.0   1014.3   224800   1011.0   145700     18.6     24.4   124600     13.6   061500     10.3       59       43   124600      3.1    350.0     12.4    350.0   010400      0.0      0.0      0.0     None      0.0     None     10.6     87.7    24.91     10.6     None     8.31   130000      0.0     None     None     None     None     None     None     None
467410 20180323   1015.3   1018.5   1017.0   231900   1013.9   025000     21.2     26.0   143800     16.0   045100     11.3       55       29   171900      2.5    360.0      8.9    300.0   151600      0.0      0.0      0.0     None      0.0     None     10.8     89.2    25.45      7.5     None     8.10   130000      0.3     None     None     None     None     None     None     None
467410 20180324   1016.6   1019.8   1018.7   083800   1014.4   152500     22.2     27.2   121600     18.2   060600     11.7       53       32   161000      2.3    290.0      7.8    260.0   131600      0.0      0.0      0.0     None      0.0     None     10.6     87.4    25.40      8.1     None     8.33   120000      1.1     None     None     None     None     None     None     None
467410 20180325   1016.5   1019.7   1018.4   081500   1014.7   152500     22.7     26.9   125800     19.1   061000     14.0       59       41   120800      1.9    360.0      8.1    330.0   181800      0.0      0.0      0.0     None      0.0     None     10.1     83.1    22.50      7.3     None     7.42   130000      2.0     None     None     None     None     None     None     None
467410 20180326   1014.7   1017.8   1017.0   084200   1012.1   152800     23.0     28.0   133400     19.8   060200     15.6       65       33   143000      2.4    350.0      9.5    360.0   153100      0.0      0.0      0.0     None      0.0     None     10.1     83.0    23.88      5.8     None     8.14   120000      0.1     None     None     None     None     None     None     None
467410 20180327   1012.4   1015.6   1014.4   080500   1010.6   142000     23.3     28.6   124300     20.1   034200     17.5       71       48   124200      3.0    360.0     11.4    350.0   134800      0.0      0.0      0.0     None      0.0     None      9.4     77.1    23.43      3.5     None     8.57   120000      1.1     None     None     None     None     None     None     None
467410 20180328   1011.2   1014.3   1012.5   080900   1009.0   155500     23.8     28.9   133800     20.0   061600     18.0       72       48   120100      3.0    350.0      9.4    300.0   125600      0.0      0.0      0.0     None      0.0     None     10.0     81.8    24.19      4.9     None     8.43   130000      0.9     None     None     None     None     None     None     None
467410 20180329   1011.0   1014.1   1012.5   100200   1009.6   161600     24.0     28.7   124500     21.1   054600     18.5       73       51   153400      2.7    360.0      8.5    300.0   142600      0.0      0.0      0.0     None      0.0     None      9.4     76.8    23.59      6.0     None     7.89   120000      2.5     None     None     None     None     None     None     None
467410 20180330   1011.2   1014.3   1013.0   093500   1009.7   152900     24.5     29.2   132800     20.8   055200     18.2       69       46   135400      2.0    290.0      8.3    240.0   141300      0.0      0.0      0.0     None      0.0     None     10.5     85.6    24.79      6.4     None     8.81   130000      0.6     None     None     None     None     None     None     None
467410 20180331   1010.5   1013.6   1012.1   090800   1008.7   155000     24.8     29.0   114800     21.8   053500     19.0       71       53   114300      2.7    100.0      9.3    170.0   130900      0.0      0.0      0.0     None      0.0     None      9.6     78.1    24.58      7.5     None     8.88   130000      3.8     None     None     None     None     None     None     None
467410 20180401   1010.5   1013.6   1012.4   095600   1009.0   151800     25.2     29.1   115300     22.7   061800     18.7       68       49   133700      2.0    260.0      7.9    260.0   150400      0.0      0.0      0.0     None      0.0     None      9.0     73.1    24.14      8.0     None     9.06   130000      5.0     None     None     None     None     None     None     None
467410 20180402   1010.8   1013.9   1012.2   091300   1009.4   145300     25.2     29.6   131400     22.8   062800     18.5       67       51   131300      2.0    290.0      8.1    280.0   144800      0.0      0.0      0.0     None      0.0     None      8.1     65.7    23.91      9.3     None     8.81   120000      4.5     None     None     None     None     None     None     None
467410 20180403   1011.3   1014.4   1013.0   095600   1010.1   032000     25.6     29.3   125400     23.7   062100     18.8       67       53   123000      2.1    300.0      8.4    260.0   140900      0.0      0.0      0.0     None      0.0     None      7.9     63.9    22.87      9.3     None     9.25   120000      3.9     None     None     None     None     None     None     None
467410 20180404   1010.3   1013.4   1012.0   092800   1008.5   160300     25.9     30.1   135700     23.2   034900     19.7       69       51   124200      2.5    360.0      9.9    320.0   150200      0.0      0.0      0.0     None      0.0     None      5.2     42.0    18.94      6.0     None     6.12   120000      7.0     None     None     None     None     None     None     None
467410 20180405   1009.6   1012.7   1011.0   082200   1007.9   165800     26.4     30.4   121900     23.9   021400     20.0       68       52   134000      1.9    260.0      8.0    280.0   130300      0.0      0.0      0.0     None      0.0     None      8.2     66.1    23.23      5.4     None     8.49   130000      6.5     None     None     None     None     None     None     None
467410 20180406   1010.9   1014.1   1015.6   230400   1007.9   025700     24.4     29.6   141800     17.9   233100     18.3       69       59   103900      4.7    350.0     18.0    350.0   234500      0.0      0.0      0.0     None      0.0     None      3.7     29.8    15.44     11.1     None     7.27   110000      7.8     None     None     None     None     None     None     None
467410 20180407   1017.6   1020.8   1019.4   091800   1015.1   032500     18.3     19.9   101400     17.2   223400      9.6       57       50   071300      5.1    350.0     20.6    350.0   021200      0.0      0.0      0.0     None      0.0     None      0.0      0.0     5.48     11.6     None     2.75   140000      9.0     None     None     None     None     None     None     None
467410 20180408   1016.8   1020.0   1018.7   000100   1015.2   165600     20.9     26.1   115900     16.2   054800     10.5       52       40   115000      2.7    360.0      9.4    310.0   164100      0.0      0.0      0.0     None      0.0     None      8.9     71.4    25.86     14.1     None     9.21   120000      5.4     None     None     None     None     None     None     None
467410 20180409   1015.3   1018.5   1017.4   000100   1013.5   151900     22.6     27.1   124000     18.9   045400     13.3       57       43   125500      2.1    360.0      7.5    300.0   165600      0.0      0.0      0.0     None      0.0     None     11.0     88.1    26.34     11.1     None     8.84   130000      4.0     None     None     None     None     None     None     None
467410 20180410   1012.5   1015.6   1014.6   083900   1010.5   155400     24.7     30.9   131900     20.0   021400     15.2       56       39   105000      1.6    220.0      6.9    220.0   143400      0.0      0.0      0.0     None      0.0     None      5.3     42.4    20.94     18.4     None     8.06   140000      3.9     None     None     None     None     None     None     None
467410 20180411   1009.8   1012.9   1011.7   082600   1007.5   164700     26.9     31.5   124100     23.4   040700     20.8       70       57   092700      2.1    230.0      7.8    250.0   140900      0.0      0.0      0.0     None      0.0     None     11.0     87.8    26.95     12.1     None     9.91   120000      2.6     None     None     None     None     None     None     None
467410 20180412   1009.3   1012.4   1011.0   224800   1007.4   153000     28.0     31.3   095700     25.8   055200     23.3       76       60   101400      2.2    150.0      7.8    190.0   110200     -9.8      1.0     -9.8   001000     -9.8   000500     10.4     82.8    26.67     17.8     None    10.92   130000      4.5     None     None     None     None     None     None     None
467410 20180413   1010.1   1013.1   1011.5   092800   1008.1   154400     28.0     31.5   121700     25.7   054400     23.8       78       63   121400      2.6    190.0      9.9    180.0   124600      0.0      0.0      0.0     None      0.0     None      9.9     78.7    24.86     17.0     None     9.14   130000      4.8     None     None     None     None     None     None     None
467410 20180414   1008.9   1012.0   1010.8   085200   1007.1   161800     28.1     32.2   105800     26.1   043000     23.5       77       59   105700      2.6    140.0      9.9    180.0   131900      0.0      0.0      0.0     None      0.0     None      7.9     62.7    23.34     13.8     None     9.45   120000      5.5     None     None     None     None     None     None     None
467410 20180415   1009.2   1012.4   1011.7   225800   1007.4   020200     25.7     30.7   113700     20.4   233900     20.7       75       57   130300      4.0    340.0     11.3    330.0   195500      0.0      0.0      0.0     None      0.0     None      5.8     46.0    19.78     10.4     None     8.49   130000      6.1     None     None     None     None     None     None     None
467410 20180416   1011.7   1014.8   1013.7   223000   1009.9   144700     23.5     29.2   120500     19.5   052600     17.5       70       55   120000      3.2    350.0      9.0    360.0   234600      0.0      0.0      0.0     None      0.0     None      9.3     73.6    24.40      6.8     None     8.27   120000      5.8     None     None     None     None     None     None     None
467410 20180417   1013.0   1016.1   1015.0   090700   1010.8   162300     22.4     28.0   151400     19.6   054700     17.3       74       55   151400      4.5    350.0     10.8    360.0   100900      0.5      0.9      0.5   060200      0.5   060200      6.9     54.5    21.88     12.0     None     8.88   130000      5.9     None     None     None     None     None     None     None
467410 20180418   1012.2   1015.4   1014.1   084900   1010.6   153700     23.5     28.9   125400     18.8   054500     16.9       67       49   115400      2.3    350.0      8.5    310.0   145000      0.0      0.0      0.0     None      0.0     None      7.5     59.1    23.73     10.0     None     9.50   120000      4.5     None     None     None     None     None     None     None
467410 20180419   1011.6   1014.7   1013.0   082400   1010.5   145500     25.7     29.7   122400     22.5   031500     18.5       65       53   122300      2.1    350.0      9.0    290.0   131900      0.0      0.0      0.0     None      0.0     None      9.2     72.4    24.86     10.6     None     9.31   130000      7.5     None     None     None     None     None     None     None
467410 20180420   1011.6   1014.7   1012.8   080900   1010.1   164800     25.8     29.4   101300     23.5   044900     18.4       64       52   095700      2.0    300.0      7.4    320.0   173100      0.0      0.0      0.0     None      0.0     None      4.5     35.4    16.06      9.9     None     5.89   120000      6.5     None     None     None     None     None     None     None
467410 20180421   1010.7   1013.8   1012.1   075100   1009.0   162700     26.7     31.1   122100     24.1   023000     20.0       67       53   151800      2.3    350.0      7.7    260.0   125600      0.0      0.0      0.0     None      0.0     None      6.9     54.1    22.21      7.1     None     8.62   130000      4.5     None     None     None     None     None     None     None
467410 20180422   1009.0   1012.0   1010.8   001000   1007.2   164100     28.1     32.3   105000     24.8   033400     21.2       67       53   104600      1.7    240.0      7.6    220.0   140300      0.0      0.0      0.0     None      0.0     None      9.1     71.3    25.89      6.9     None     9.75   120000      4.9     None     None     None     None     None     None     None
467410 20180423   1006.7   1009.8   1008.0   000100   1004.6   161600     28.6     32.5   120300     25.9   055500     22.8       71       59   093500      3.8    160.0     14.6    190.0   124400      0.0      0.0      0.0     None      0.0     None      9.9     77.4    26.03     12.5     None     8.95   130000      3.4     None     None     None     None     None     None     None
467410 20180424   1006.9   1010.0   1008.3   220900   1005.3   152400     27.1     30.4   120400     25.8   235300     23.3       80       67   122200      2.4    160.0      7.3    180.0   000800     -9.8      0.9     -9.8   162900     -9.8   162900      1.0      7.8    10.72     12.5     None     5.78   120000      8.3     None     None     None     None     None     None     None
467410 20180425   1008.6   1011.7   1010.2   094100   1006.9   030200     25.8     29.6   123400     24.2   062000     20.9       75       64   131900      1.9    350.0      5.3    350.0   044900     -9.8      0.5     -9.8   153000     -9.8   153000      0.3      2.3    10.99      7.1     None     7.40   130000      9.5     None     None     None     None     None     None     None
467410 20180426   1010.3   1013.4   1012.5   220600   1008.1   030700     26.2     30.9   114400     23.9   030300     19.6       67       53   114400      2.2    360.0      7.2    220.0   134800      0.0      0.0      0.0     None      0.0     None      7.2     56.0    23.71      6.5     None     9.57   130000      5.3     None     None     None     None     None     None     None
467410 20180427   1012.1   1015.2   1013.7   215900   1010.6   024300     26.9     31.2   131700     24.1   023500     20.2       67       52   131500      2.6    340.0      9.7    310.0   145000      0.0      0.0      0.0     None      0.0     None      8.1     62.9    23.29      8.4     None     8.64   130000      2.8     None     None     None     None     None     None     None
467410 20180428   1011.9   1015.0   1013.4   083000   1009.8   155000     27.1     31.3   132800     24.8   012100     21.0       70       55   132200      1.7    280.0      7.8    270.0   145700      0.0      0.0      0.0     None      0.0     None      4.8     37.2    19.68      7.6     None     8.11   130000      6.3     None     None     None     None     None     None     None
467410 20180429   1010.8   1013.9   1012.3   072900   1008.5   170100     27.3     30.9   130600     25.1   014900     21.2       70       54   130600      1.8    280.0      6.9    260.0   145900      0.0      0.0      0.0     None      0.0     None      9.9     76.7    25.81      8.9     None    10.21   120000      5.8     None     None     None     None     None     None     None
467410 20180430   1010.8   1013.9   1012.3   093600   1009.5   161100     27.9     31.7   121800     25.3   054100     21.8       70       56   113500      1.8    270.0      6.7    230.0   123100      0.0      0.0      0.0     None      0.0     None     10.6     82.0    25.86     11.3     None     9.86   120000      4.5     None     None     None     None     None     None     None
467410 20180501   1010.4   1013.5   1012.1   095200   1009.1   155100     28.1     31.3   120700     26.1   053600     23.3       75       63   120600      2.6    230.0      8.5    200.0   132400      0.0      0.0      0.0     None      0.0     None      8.4     64.9    24.54     12.1     None    10.51   120000      6.5     None     None     None     None     None     None     None
467410 20180502   1009.8   1012.9   1011.8   081100   1008.3   161500     28.7     32.2   132600     26.0   052200     23.0       72       58   123400      2.5    160.0      7.5    230.0   122400      0.0      0.0      0.0     None      0.0     None     11.9     91.8    27.68     13.8     None    11.12   120000      1.6     None     None     None     None     None     None     None
467410 20180503   1011.4   1014.5   1013.5   223900   1009.9   145100     28.5     32.8   114400     24.8   234400     21.7       67       54   160200      3.4    350.0     10.1    310.0   123700      0.0      0.0      0.0     None      0.0     None      8.0     61.6    24.34     12.3     None     9.85   130000      4.3     None     None     None     None     None     None     None
467410 20180504   1013.1   1016.2   1015.0   212700   1011.7   032400     27.2     31.6   120400     23.9   030600     20.2       66       53   120400      2.2    290.0      7.8    290.0   131400      0.0      0.0      0.0     None      0.0     None      7.7     59.2    25.19      8.3     None    10.32   130000      6.8     None     None     None     None     None     None     None
467410 20180505   1013.3   1016.4   1015.0   083700   1011.6   161700     28.0     32.4   133200     25.6   054100     21.3       68       49   135800      2.1    200.0      7.1    200.0   141800      0.0      0.0      0.0     None      0.0     None      8.9     68.3    24.82     11.0     None    10.07   120000      5.0     None     None     None     None     None     None     None
467410 20180506   1009.9   1012.9   1012.7   000100   1007.7   155500     28.9     33.2   105500     26.0   051900     22.8       70       53   103100      3.4    170.0     12.2    180.0   114600      0.0      0.0      0.0     None      0.0     None      8.6     65.9    25.71     15.9     None    11.67   120000      5.5     None     None     None     None     None     None     None
467410 20180507   1007.1   1010.2   1008.9   082800   1005.1   171100     29.3     33.2   133000     26.7   050300     23.5       72       52   134300      2.8    160.0      8.9    190.0   144100      0.0      0.0      0.0     None      0.0     None      3.3     25.3    19.06     15.5     None     9.71   140000      6.1     None     None     None     None     None     None     None
467410 20180508   1006.8   1009.9   1009.1   221800   1004.5   030100     27.2     31.5   133700     23.8   034900     23.8       82       71   004500      2.1    140.0     10.6    120.0   090400     32.0      4.2      9.5   034200     22.0   030600      2.5     19.1    14.91     16.9     None    10.91   130000      8.3     None     None     None     None     None     None     None
467410 20180509   1010.8   1013.9   1013.4   221700   1007.6   020600     25.7     28.2   141600     22.3   041800     22.8       84       72   155500      1.8    350.0      7.6     70.0   042800     51.4      3.6      6.5   021900     30.0   031000      0.2      1.5     9.86      7.9     None     4.48   120000      9.9     None     None     None     None     None     None     None
467410 20180510   1012.1   1015.2   1013.5   084000   1010.5   160600     26.6     30.5   131000     23.0   054800     21.3       74       60   153900      2.1    210.0      6.3    220.0   140700      0.0      0.0      0.0     None      0.0     None      9.2     70.2    25.61      6.4     None    10.11   130000      7.5     None     None     None     None     None     None     None
467410 20180511   1011.1   1014.2   1013.0   085100   1009.4   161400     26.9     30.4   134200     24.5   054900     21.0       71       52   134200      2.4    280.0      8.8    290.0   144300      0.0      0.0      0.0     None      0.0     None      9.8     74.6    27.78      9.8     None    10.09   120000      4.3     None     None     None     None     None     None     None
467410 20180512   1009.4   1012.5   1011.0   090600   1007.5   162500     27.1     30.3   132600     25.1   034300     22.1       74       64   142000      1.8    290.0      7.8    290.0   151400      0.0      0.0      0.0     None      0.0     None      5.6     42.6    18.34      9.3     None     7.55   140000      5.1     None     None     None     None     None     None     None
467410 20180513   1008.8   1011.9   1010.0   085800   1007.4   165300     27.9     30.9   124400     25.5   042700     22.1       71       56   142300      2.1    270.0      7.4    210.0   125200      0.0      0.0      0.0     None      0.0     None      9.6     72.9    25.71     12.8     None    10.29   120000      1.5     None     None     None     None     None     None     None
467410 20180514   1008.4   1011.4   1010.1   084400   1006.6   154300     28.4     32.4   111400     26.0   053000     22.8       72       54   111400      2.1    220.0      7.4    230.0   130000      0.0      0.0      0.0     None      0.0     None     10.3     78.2    25.75     10.8     None    10.43   120000      2.5     None     None     None     None     None     None     None
467410 20180515   1007.7   1010.8   1009.0   090700   1006.6   032800     29.3     32.9   122500     27.0   045900     24.2       75       56   115100      2.6    180.0      9.8    220.0   132800      0.0      0.0      0.0     None      0.0     None     11.0     83.4    28.16     13.1     None    10.92   130000      4.3     None     None     None     None     None     None     None
467410 20180516   1006.8   1009.9   1008.4   105200   1005.6   155600     29.5     33.2   130400     27.3   041600     25.1       78       64   125500      3.7    170.0     11.8    190.0   111900      0.0      0.0      0.0     None      0.0     None      9.8     74.2    25.48     16.9     None    10.50   130000      3.4     None     None     None     None     None     None     None
467410 20180517   1006.3   1009.4   1007.8   081200   1005.0   165600     29.2     32.8   113200     27.3   051600     24.4       76       61   101900      2.7    120.0      8.0    250.0   120300      0.0      0.0      0.0     None      0.0     None     11.3     85.4    28.33     20.6     None    10.66   130000      2.8     None     None     None     None     None     None     None
467410 20180518   1005.7   1008.8   1007.4   090800   1004.5   155700     29.1     32.4   133700     26.9   040400     23.1       71       57   133700      2.0    140.0      7.8    260.0   154500      0.0      0.0      0.0     None      0.0     None     11.5     86.9    27.95     20.3     None    10.60   120000      3.8     None     None     None     None     None     None     None
467410 20180519   1006.0   1009.1   1007.5   091000   1004.4   164000     29.3     32.5   122000     26.8   053200     23.2       70       58   101800      2.0    210.0      7.8    240.0   130700      0.0      0.0      0.0     None      0.0     None     12.0     90.5    28.65     13.3     None    10.83   120000      3.4     None     None     None     None     None     None     None
467410 20180520   1006.7   1009.7   1008.3   090400   1004.6   032400     29.7     32.6   131200     27.8   032200     23.1       68       57   121700      2.0    290.0      9.0    250.0   103300      0.5      0.9      0.5   081400      0.5   075000      8.2     61.8    25.88     12.9     None    10.28   130000      5.4     None     None     None     None     None     None     None
467410 20180521   1007.5   1010.5   1009.0   092200   1006.1   025500     29.8     33.1   134200     27.9   044300     22.5       65       56   134200      2.3    340.0      8.8    280.0   144500      0.0      0.0      0.0     None      0.0     None      5.3     39.9    15.95     11.4     None     7.53   140000      5.0     None     None     None     None     None     None     None
467410 20180522   1007.9   1010.9   1009.8   083200   1005.8   171000     30.2     34.0   133600     27.5   030900     22.3       63       46   133300      1.9    280.0      8.3    300.0   140800      0.0      0.0      0.0     None      0.0     None      8.8     66.2    24.57     13.0     None     9.76   130000      2.6     None     None     None     None     None     None     None
467410 20180523   1007.6   1010.6   1008.7   081700   1006.0   150100     29.9     33.3   115200     27.7   053000     22.6       66       51   131300      2.5    310.0      8.4    280.0   161300      0.0      0.0      0.0     None      0.0     None     10.8     81.1    27.61     14.3     None    10.22   120000      3.6     None     None     None     None     None     None     None
467410 20180524   1007.4   1010.5   1009.3   092100   1006.1   164100     29.9     33.3   130000     26.7   044700     22.4       65       50   135600      2.0    280.0      7.5    280.0   122700      0.0      0.0      0.0     None      0.0     None      8.1     60.8    23.50      9.9     None     8.75   130000      4.4     None     None     None     None     None     None     None
467410 20180525   1006.2   1009.2   1008.1   071000   1004.0   154400     30.1     33.6   110500     28.4   030800     23.2       67       53   113900      2.6    210.0      9.6    200.0   134500      0.0      0.0      0.0     None      0.0     None     11.5     86.2    30.27     13.1     None    10.85   120000      3.3     None     None     None     None     None     None     None
467410 20180526   1006.3   1009.4   1008.3   093100   1005.0   171400     29.8     33.1   142800     27.9   040200     23.2       68       49   134200      2.4    250.0      8.9    250.0   111000      0.0      0.0      0.0     None      0.0     None     11.1     83.2    27.78     16.9     None    10.76   120000      5.1     None     None     None     None     None     None     None
467410 20180527   1006.9   1010.0   1008.4   084800   1004.8   163700     29.9     33.6   121500     27.6   041200     24.2       72       57   121500      2.0    230.0      7.3    210.0   134600      0.0      0.0      0.0     None      0.0     None     11.8     88.3    28.42     21.9     None    10.98   130000      4.8     None     None     None     None     None     None     None
467410 20180528   1006.8   1009.8   1008.2   223300   1005.2   161800     30.5     34.2   123700     28.1   043800     24.6       71       56   123700      2.1    160.0      8.1    220.0   140800      0.0      0.0      0.0     None      0.0     None     10.7     80.0    27.52     17.5     None    10.89   120000      3.8     None     None     None     None     None     None     None
467410 20180529   1007.9   1010.9   1009.6   222800   1005.9   171800     30.6     34.0   123600     28.2   043500     24.7       71       57   123600      2.3    170.0      7.9    240.0   135700     -9.8      0.5     -9.8   061000     -9.8   061000     10.1     75.5    26.83     14.1     None    10.62   120000      4.3     None     None     None     None     None     None     None
467410 20180530   1008.1   1011.2   1009.7   230000   1006.2   154900     30.7     33.5   125200     28.6   051800     24.5       70       55   125200      2.9    180.0     10.1    170.0   144100      0.0      0.0      0.0     None      0.0     None     10.0     74.7    25.94     12.4     None    10.04   130000      2.9     None     None     None     None     None     None     None
467410 20180531   1007.6   1010.7   1009.1   000100   1006.1   165600     30.6     34.1   122400     28.3   041600     24.0       68       53   114900      2.7    220.0      8.6    230.0   144500      0.0      0.0      0.0     None      0.0     None     11.7     87.3    28.12     17.1     None    10.40   130000      3.9     None     None     None     None     None     None     None
467410 20180601   1007.3   1010.4   1009.1   225600   1005.6   150800     30.2     34.0   104100     26.6   235700     23.6       69       55   113200      3.5    350.0     10.2    290.0   131900      0.0      0.0      0.0     None      0.0     None      8.2     61.2    23.20     12.9     None     9.04   140000      4.9     None     None     None     None     None     None     None
467410 20180602   1007.4   1010.5   1008.7   001600   1005.9   155100     29.2     34.2   122500     25.6   040500     22.4       68       54   132800      2.6    360.0      9.2    280.0   144900      0.0      0.0      0.0     None      0.0     None     11.4     85.0    27.68      7.6     None    10.11   130000      3.5     None     None     None     None     None     None     None
467410 20180603   1006.0   1009.1   1007.9   000100   1003.6   163900     30.2     34.9   111400     26.4   035500     22.2       63       47   111400      2.6    350.0      9.8    310.0   151300      0.0      0.0      0.0     None      0.0     None     11.8     87.9    27.72      8.5     None     9.83   120000      4.5     None     None     None     None     None     None     None
467410 20180604   1006.2   1009.3   1008.1   220800   1004.6   151000     30.5     34.8   115500     28.3   050000     23.4       66       53   122300      2.0    110.0      9.0     90.0   181500      0.0      0.0      0.0     None      0.0     None     11.2     83.4    27.15     11.5     None    10.55   130000      4.1     None     None     None     None     None     None     None
467410 20180605   1006.7   1009.7   1008.2   214900   1005.2   155800     30.7     35.2   114900     28.2   054100     24.0       68       50   120800      2.7    210.0     10.0    240.0   150200      0.0      0.0      0.0     None      0.0     None     11.0     81.8    26.49     17.3     None    11.80   130000      5.3     None     None     None     None     None     None     None
467410 20180606   1005.9   1009.0   1007.3   000500   1004.1   161500     30.5     34.5   093900     26.2   191200     24.0       69       51   093000      1.9    230.0     11.9     50.0   185900     23.0      0.8     13.5   190200     23.0   185000     11.2     83.3    27.39     18.0     None    10.30   120000      7.1     None     None     None     None     None     None     None
467410 20180607   1004.4   1007.4   1005.9   000100   1002.2   152700     30.3     33.9   130100     27.7   034800     23.8       69       59   141700      2.1     40.0      9.6    340.0   155100      0.0      0.0      0.0     None      0.0     None      8.8     65.4    25.10     10.1     None     9.71   130000      5.6     None     None     None     None     None     None     None
467410 20180608   1000.8   1003.8   1003.8   000100    998.7   154200     30.2     33.4   134300     27.7   041800     23.6       68       57   153800      2.2    330.0      8.6    280.0   161100      0.0      0.0      0.0     None      0.0     None     10.4     77.2    25.79      9.4     None    11.55   130000      5.1     None     None     None     None     None     None     None
467410 20180609    998.2   1001.2    999.4   000100    996.0   150100     30.7     34.7   134400     28.4   005500     24.6       70       57   152000      1.9    280.0      8.0    260.0   161400      0.0      0.0      0.0     None      0.0     None      9.9     73.5    27.59     12.8     None    11.64   130000      5.0     None     None     None     None     None     None     None
467410 20180610    997.6   1000.6    998.8   000100    995.9   155900     30.8     34.2   102800     27.3   233700     24.6       70       56   102800      2.8    180.0      9.4    180.0   135500     11.0      0.7      5.0   232000     11.0   230700      9.3     69.0    24.14     13.0     None     8.13   140000      6.4     None     None     None     None     None     None     None
467410 20180611    998.5   1001.5   1001.6   230800    996.3   023700     29.2     32.5   152800     27.1   031700     25.0       79       65   141900      2.8    310.0      9.5    360.0   103800      3.0      0.8      2.0   065400      2.5   064600      4.6     34.1    15.87     10.0     None     7.10   130000      7.0     None     None     None     None     None     None     None
467410 20180612   1000.6   1003.6   1002.4   092100    999.3   155700     29.6     33.3   122800     27.4   045900     23.0       68       56   122800      2.3    350.0      8.0    190.0   133600      0.0      0.0      0.0     None      0.0     None     10.2     75.6    24.78      8.4     None     9.25   130000      5.5     None     None     None     None     None     None     None
467410 20180613    996.9    999.9    999.7   000200    994.8   161700     30.4     34.8   121500     27.2   052400     22.2       62       47   141000      3.1    290.0     10.2    290.0   135600      0.0      0.0      0.0     None      0.0     None      8.7     64.5    24.35      8.4     None     8.95   110000      6.3     None     None     None     None     None     None     None
467410 20180614    993.4    996.4    996.0   000100    991.5   201100     27.9     31.8   083000     25.3   211600     24.5       82       63   075500      3.9    100.0     14.0     70.0   204800     83.5      8.6     15.0   211200     45.0   203000      2.8     20.8    12.50     11.4     None     6.87   140000      8.9     None     None     None     None     None     None     None
467410 20180615    995.0    998.1    999.9   215700    990.7   025600     27.1     29.7   160200     25.0   081300     24.0       84       70   161900      4.3    340.0     14.2    360.0   081800     41.0      6.9      5.0   075600     20.0   071000      0.0      0.0     5.45      9.9     None     3.75   120000      8.5     None     None     None     None     None     None     None
467410 20180616   1000.8   1003.9   1002.7   221300    998.6   024800     27.5     32.3   105600     25.3   183700     23.8       81       65   131600      2.7    360.0     10.3    110.0   164900     16.5      4.5      5.0   144600      8.5   141300      1.2      8.9    13.32     11.0     None     7.27   120000      8.4     None     None     None     None     None     None     None
467410 20180617   1001.9   1005.0   1003.4   233300   1000.8   014100     26.8     30.1   105100     24.6   235600     24.0       85       71   104800      3.3    140.0     13.4    140.0   234200     36.0     10.8      4.0   173900     12.0   173800      0.0      0.0     8.43     12.4     None     3.64   110000      9.0     None     None     None     None     None     None     None
467410 20180618   1002.2   1005.3   1003.8   212600   1000.8   133800     26.6     29.3   112700     24.7   000100     24.6       89       79   135200      4.8    110.0     18.3    190.0   153000     36.5     11.3      5.0   062000      9.0   055800      0.0      0.0     5.34      9.9     None     3.55   110000      8.6     None     None     None     None     None     None     None
467410 20180619   1004.5   1007.6   1006.7   215900   1002.2   022200     25.2     26.6   103600     24.5   031800     23.7       91       88   000100      3.4    100.0     12.9    100.0   073100    117.0     20.5     14.0   001400     34.5   000100      0.0      0.0     1.89      7.0     None     2.36   120000     10.0     None     None     None     None     None     None     None
467410 20180620   1005.4   1008.5   1007.0   095400   1004.1   022900     25.4     28.6   160600     23.9   035800     24.0       92       82   171100      3.3    100.0     11.9    150.0   092200    147.5     14.4     12.0   091600     33.5   090400      0.4      3.0     5.36      5.4     None     3.41   150000      9.6     None     None     None     None     None     None     None
467410 20180621   1005.6   1008.7   1006.7   100800   1004.4   183900     26.6     29.7   105800     25.3   051800     24.6       89       81   201400      2.0    110.0      6.8    180.0   111300     23.0      5.3      6.5   110800      8.0   062600      0.2      1.5     6.30     11.3     None     4.64   110000      9.2     None     None     None     None     None     None     None
467410 20180622   1006.1   1009.2   1007.3   221700   1004.6   162900     27.9     31.0   110300     25.6   043900     24.9       84       72   110300      2.8    110.0     10.4    170.0   125700      7.5      1.0      3.0   014000      4.0   184200      4.5     33.3    17.57     12.1     None     7.70   110000      8.4     None     None     None     None     None     None     None
467410 20180623   1006.7   1009.7   1007.8   222500   1005.6   154600     28.6     32.1   141400     26.2   035400     24.6       79       65   140500      2.7    150.0      8.9    130.0   075600      0.5      0.1      0.5   071900      0.5   072100      5.0     37.0    18.80     12.6     None     9.11   110000      8.0     None     None     None     None     None     None     None
467410 20180624   1007.7   1010.8   1009.2   223200   1006.7   164700     29.1     31.8   140200     26.9   033500     24.5       76       66   142400      2.0    110.0      5.8    210.0   131900      0.0      0.0      0.0     None      0.0     None      3.0     22.2    20.19     13.4     None     7.31   130000      8.2     None     None     None     None     None     None     None
467410 20180625   1008.6   1011.6   1010.0   222500   1006.9   180300     29.6     33.4   115800     27.0   044400     24.0       72       57   115500      2.3    200.0      9.9    170.0   125600      0.0      0.0      0.0     None      0.0     None     10.5     77.8    27.47     15.5     None    11.60   120000      2.6     None     None     None     None     None     None     None
467410 20180626   1008.7   1011.8   1009.5   000100   1007.5   154100     30.0     33.3   113100     27.4   053900     23.6       69       60   123400      2.3    280.0      9.2    280.0   161600      0.0      0.0      0.0     None      0.0     None      9.0     66.7    24.37     21.5     None     9.49   130000      4.3     None     None     None     None     None     None     None
467410 20180627   1007.5   1010.5   1009.0   000200   1005.7   143900     29.2     33.2   132400     27.0   235400     23.6       72       61   134600      2.1    300.0      8.2    290.0   120300      1.0      0.8      0.5   152700      1.0   152500      4.7     34.8    16.92     19.8     None     8.43   140000      5.5     None     None     None     None     None     None     None
467410 20180628   1004.9   1008.0   1007.2   000100   1003.1   175100     29.4     33.0   121600     26.5   025400     23.8       72       61   114200      2.5    160.0      9.3    210.0   143300      0.0      0.0      0.0     None      0.0     None      9.6     71.1    25.25     20.0     None    11.63   130000      4.8     None     None     None     None     None     None     None
467410 20180629   1002.3   1005.3   1003.9   000100   1000.5   160700     29.6     33.1   124600     27.3   042700     23.9       72       56   124600      2.3    230.0      8.7    170.0   081700     -9.8      0.3     -9.8   095400     -9.8   095400     10.3     76.3    25.57     23.8     None    12.10   130000      4.4     None     None     None     None     None     None     None
467410 20180630   1002.4   1005.5   1003.8   205400   1000.9   153200     29.7     33.4   125400     26.7   044100     24.0       72       60   124200      2.0    270.0      8.0    230.0   133600      8.5      0.6      8.0   043300      8.5   043100      7.9     58.6    22.10     18.8     None    11.15   130000      7.1     None     None     None     None     None     None     None
467410 20180701   1002.5   1005.6   1004.0   220500   1000.7   160500     28.6     33.1   113800     25.9   063800     24.1       77       58   122700      2.5     80.0     14.2    230.0   160700      8.0      2.2      3.5   062800      7.0   055000      5.2     38.6    22.15     18.1     None    10.61   130000      7.8     None     None     None     None     None     None     None
467410 20180702   1002.3   1005.4   1003.6   220300   1001.0   031600     26.1     27.7   100200     25.1   035600     24.3       90       82   011300      2.3    110.0     11.7     50.0   074300     69.5      7.5     10.0   234400     21.0   030500      0.0      0.0     1.18     13.3     None     0.73   150000      9.5     None     None     None     None     None     None     None
467410 20180703   1002.3   1005.4   1003.3   080200   1000.9   165400     27.2     31.7   134000     24.6   042200     24.9       88       72   163900      2.7     80.0     10.4    140.0   171200     48.0      5.8      6.0   011700     14.0   003700      3.7     27.5    16.37     12.4     None     7.73   140000      8.8     None     None     None     None     None     None     None
467410 20180704   1002.0   1005.1   1003.5   081700   1000.5   162500     27.2     30.4   163200     24.5   051400     24.3       85       72   163000      2.5    100.0      8.3    190.0   050600     31.5      4.7     12.0   050300     15.0   050100      0.9      6.7    12.56     12.0     None     7.76   130000      8.6     None     None     None     None     None     None     None
467410 20180705   1002.0   1005.1   1003.7   105900   1000.9   042800     27.7     30.2   142900     24.9   093600     24.1       81       68   160500      2.3    110.0      8.0    100.0   091900     42.5      7.5     10.5   053200     14.5   044900      0.2      1.5    10.29     14.3     None     6.38   130000      9.2     None     None     None     None     None     None     None
467410 20180706   1002.0   1005.1   1003.7   083200   1000.6   015200     28.0     31.8   124900     24.7   061200     23.7       78       64   130000      2.8    100.0     10.1    240.0   155400     14.0      2.5      5.5   054900     11.0   054500      0.8      5.9    15.64     17.9     None     8.72   130000      8.6     None     None     None     None     None     None     None
467410 20180707   1002.7   1005.8   1004.3   204600   1001.4   142700     29.0     32.6   110300     26.8   215200     23.4       72       63   115700      3.4    160.0     11.3    170.0   151000     -9.8      0.3     -9.8   194500     -9.8   194500      4.4     32.7    20.83     18.6     None    10.39   130000      8.0     None     None     None     None     None     None     None
467410 20180708   1003.6   1006.6   1005.3   233400   1002.2   145100     29.4     35.0   142700     26.7   050500     23.1       70       52   095400      1.9    240.0      8.2    360.0   164300     14.0      1.2      6.0   154100     13.5   151000      9.0     67.0    25.46     16.5     None    10.70   130000      5.6     None     None     None     None     None     None     None
467410 20180709   1004.0   1007.0   1005.8   092700   1002.0   171100     30.5     35.2   131900     26.7   054900     23.6       68       53   114200      2.6    330.0     10.9    340.0   135900      0.0      0.0      0.0     None      0.0     None     11.6     86.4    27.50     18.1     None     9.96   120000      3.4     None     None     None     None     None     None     None
467410 20180710   1000.7   1003.7   1004.2   000100    998.1   235700     30.1     33.5   142600     28.0   032500     24.2       71       55   141400      3.3    340.0     13.5    350.0   175700      0.0      0.0      0.0     None      0.0     None      9.1     67.8    25.47     13.4     None    11.27   130000      5.2     None     None     None     None     None     None     None
467410 20180711    999.6   1002.6   1003.4   213500    996.3   050300     29.7     32.7   145500     27.5   051500     24.1       72       63   122300      4.1    170.0     11.4    170.0   135400      0.0      0.0      0.0     None      0.0     None      5.8     43.2    21.97     10.9     None    10.07   120000      7.0     None     None     None     None     None     None     None
467410 20180712   1003.5   1006.6   1005.5   231000   1002.1   030900     28.5     32.4   130600     25.3   191500     23.8       77       63   122800      1.8    360.0     12.6    140.0   134900     68.5      2.7     14.5   184800     52.5   181400      1.3      9.0    11.41     12.6     None     4.94   130000      7.4     None     None     None     None     None     None     None
467410 20180713   1004.0   1007.0   1004.9   210400   1002.6   141700     29.5     33.5   123600     26.0   060900     24.2       74       56   131400      2.7    350.0      9.7    110.0   055900      1.0      0.3      0.5   060300      1.0   060100      7.8     58.2    25.97     14.4     None    10.84   130000      5.8     None     None     None     None     None     None     None
467410 20180714   1003.7   1006.8   1004.6   000600   1002.0   153600     28.8     33.1   140700     23.7   171200     24.2       76       64   110500      2.0    360.0     11.5     70.0   164900     26.5      1.7     12.5   170300     26.0   165500      9.3     69.5    25.23     11.6     None     9.40   130000      4.1     None     None     None     None     None     None     None
467410 20180715   1003.2   1006.3   1004.6   000400   1002.2   163900     29.1     32.8   133500     26.6   051200     24.5       77       61   151100      1.8    280.0      7.2    290.0   172500      0.0      0.0      0.0     None      0.0     None      5.7     42.6    19.48      9.3     None    10.19   130000      7.3     None     None     None     None     None     None     None
467410 20180716   1001.0   1004.0   1002.8   000100    999.6   162800     30.0     34.2   121100     27.8   054500     24.3       72       53   121100      2.0    290.0      6.9    300.0   132300      0.0      0.0      0.0     None      0.0     None      7.3     54.6    22.50      8.9     None    10.76   120000      4.6     None     None     None     None     None     None     None
467410 20180717   1000.0   1003.0   1001.4   220700    998.3   155700     31.0     35.2   130900     28.5   044000     24.4       68       53   144100      1.9    260.0      8.1    240.0   131500      0.0      0.0      0.0     None      0.0     None     11.1     83.1    26.55     12.0     None    11.72   130000      4.6     None     None     None     None     None     None     None
467410 20180718   1001.8   1004.8   1003.5   234600   1000.4   155200     30.8     34.6   134300     28.7   033500     24.1       68       52   125100      2.3    280.0      8.1    240.0   143300      0.0      0.0      0.0     None      0.0     None     10.9     81.7    27.59     13.4     None    11.25   130000      3.8     None     None     None     None     None     None     None
467410 20180719   1003.3   1006.3   1004.7   205400   1001.8   151700     29.7     34.1   121500     26.0   190700     23.9       72       57   120300      2.2    250.0      8.1    260.0   150400     36.0      2.2     10.5   190100     34.5   182400      8.9     66.8    26.02     13.6     None    10.24   130000      5.0     None     None     None     None     None     None     None
467410 20180720   1001.5   1004.5   1003.4   000800    999.5   163200     28.5     32.3   121700     25.4   062200     24.8       81       64   145200      2.1    230.0      7.5    280.0   085400     21.0      6.3      3.5   204200     10.0   220900      7.8     58.6    24.47      9.1     None    11.16   130000      6.7     None     None     None     None     None     None     None
467410 20180721    998.5   1001.5   1001.1   000100    996.2   151800     28.9     33.4   143800     26.0   015300     24.0       75       61   130800      2.1     80.0     10.1     50.0   164900      0.5      0.5      0.5   012100      0.5   011000      9.8     73.7    27.18     15.5     None    10.86   130000      5.6     None     None     None     None     None     None     None
467410 20180722    999.2   1002.3   1001.8   220800    997.5   033300     29.2     32.8   125000     26.8   233800     24.0       74       64   114200      2.3    260.0      7.8    240.0   141100      2.0      0.2      2.0   233400      2.0   233000      4.4     33.1    19.52     12.0     None     9.19   120000      7.2     None     None     None     None     None     None     None
467410 20180723   1002.0   1005.0   1004.2   221600   1000.1   035700     29.8     33.7   123200     26.9   005600     24.6       74       58   123200      2.5    150.0      8.2    180.0   105100      0.0      0.0      0.0     None      0.0     None      5.9     44.4    20.79      9.9     None    10.46   130000      7.7     None     None     None     None     None     None     None
467410 20180724   1004.1   1007.2   1005.5   221500   1002.7   150000     29.4     33.3   132400     27.5   175000     25.0       78       63   132300      2.1    110.0      7.7    170.0   142100      1.0      1.2      0.5   171000      1.0   170500      2.3     17.3    14.73     12.4     None     9.91   140000      8.1     None     None     None     None     None     None     None
467410 20180725   1004.7   1007.8   1005.7   214400   1003.1   145200     29.1     33.8   135800     27.0   043900     24.0       75       61   093200      2.0     70.0      7.6    230.0   124100      3.5      0.5      2.0   170400      2.0   165500      6.3     47.6    18.42     12.8     None     8.87   130000      5.3     None     None     None     None     None     None     None
467410 20180726   1004.5   1007.5   1005.8   085200   1002.8   165600     30.1     33.6   122900     27.1   035600     24.2       71       62   100400      1.8    280.0      8.1    290.0   133200      0.0      0.0      0.0     None      0.0     None      8.1     61.2    22.26     15.5     None     8.81   130000      6.3     None     None     None     None     None     None     None
467410 20180727   1004.7   1007.7   1006.7   214900   1003.1   150800     29.0     33.0   125800     26.7   174600     24.4       76       65   121100      2.1    110.0      9.7    250.0   135300     -9.8      0.2     -9.8   170200     -9.8   170200      4.5     34.0    15.58     10.0     None     8.50   140000      6.3     None     None     None     None     None     None     None
467410 20180728   1004.3   1007.3   1006.2   000100   1002.5   172900     29.7     33.7   150500     26.8   024100     23.8       71       56   150400      2.3    260.0      9.3    280.0   134500     -9.8      0.3     -9.8   234800     -9.8   234800     10.0     75.7    25.96     14.0     None     9.78   130000      6.0     None     None     None     None     None     None     None
467410 20180729   1003.3   1006.4   1005.5   002200   1001.5   163100     29.8     33.8   122900     25.6   005800     24.2       73       56   134600      2.2    260.0      7.5    230.0   151700     14.0      2.3      4.5   010300     12.0   001000     11.2     84.9    27.25     18.3     None    10.87   130000      4.1     None     None     None     None     None     None     None
467410 20180730   1003.2   1006.3   1004.5   112500   1002.0   162400     30.2     33.4   130900     27.7   071800     24.7       73       58   130900      2.0    230.0      8.5    240.0   145200      4.5      0.9      2.5   070400      4.5   065500      7.3     55.4    22.17     16.3     None    10.09   120000      5.8     None     None     None     None     None     None     None
467410 20180731   1003.0   1006.0   1004.5   085400   1001.1   160400     30.5     33.5   120400     28.2   051300     24.8       72       59   120400      2.1    240.0      8.9    240.0   165500      0.0      0.0      0.0     None      0.0     None      9.5     72.2    25.27     18.8     None    11.01   130000      4.2     None     None     None     None     None     None     None
467410 20180801   1002.3   1005.3   1003.9   080600   1000.3   165200     30.7     33.8   123400     28.6   042900     24.9       72       61   123400      2.1    230.0      8.3    250.0   170400      0.0      0.0      0.0     None      0.0     None      8.0     60.9    22.00     12.5     None     9.58   130000      5.2     None     None     None     None     None     None     None
467410 20180802   1001.9   1005.0   1003.9   084100    999.9   164500     29.3     32.2   130100     26.2   091600     24.7       77       65   134400      1.8    190.0      8.2    170.0   061300     14.0      2.2      3.0   071500      6.5   075900      3.3     25.1    11.94     13.9     None     6.94   130000      7.1     None     None     None     None     None     None     None
467410 20180803   1002.2   1005.2   1003.4   225300   1000.7   023700     29.0     32.6   114100     26.3   005900     24.6       78       64   155800      2.3    100.0     11.1    230.0   131300     14.0      1.3      4.5   005000      7.0   000200      3.8     29.0    17.89     16.1     None     9.57   130000      7.1     None     None     None     None     None     None     None
467410 20180804   1003.1   1006.2   1004.7   230100   1001.6   145700     29.7     34.0   120300     27.1   184800     23.3       69       59   113200      2.1    240.0      7.8    230.0   135500      0.0      0.0      0.0     None      0.0     None      8.8     67.2    23.49     14.4     None    11.00   120000      6.8     None     None     None     None     None     None     None
467410 20180805   1003.8   1006.9   1005.1   225800   1002.2   145100     29.5     34.4   123300     25.8   170800     23.1       69       53   135000      2.3     70.0     14.1     80.0   161300      1.5      1.5      1.0   170200      1.0   170200      9.8     75.0    25.86     18.3     None    10.83   130000      5.2     None     None     None     None     None     None     None
467410 20180806   1003.1   1006.2   1004.8   000100   1000.6   160400     29.1     34.2   121700     24.5   170400     23.2       71       56   110600      2.3     60.0     16.9     80.0   164700     11.5      1.0      6.5   170000     11.5   165000      9.6     73.6    24.47     17.0     None     8.44   110000      4.3     None     None     None     None     None     None     None
467410 20180807   1002.3   1005.4   1003.5   061200   1000.2   161900     29.6     33.4   131700     27.4   055300     24.2       74       59   130300      2.0    250.0      7.8    250.0   144500      0.0      0.0      0.0     None      0.0     None      7.5     57.5    22.73     13.5     None     9.31   130000      5.2     None     None     None     None     None     None     None
467410 20180808   1002.6   1005.6   1004.3   222100   1001.0   173700     30.1     33.3   134400     26.9   234300     24.1       71       59   131200      2.2    280.0      8.1    290.0   140900      0.0      0.0      0.0     None      0.0     None      6.8     52.2    19.48     17.8     None     9.66   140000      5.2     None     None     None     None     None     None     None
467410 20180809   1003.0   1006.0   1004.4   002100   1001.3   155200     29.5     34.1   130800     25.4   010900     23.7       72       55   135000      1.9    280.0      7.3    140.0   002200      4.5      1.0      2.5   011500      4.5   004000      9.3     71.6    24.66     12.1     None    10.44   130000      5.8     None     None     None     None     None     None     None
467410 20180810   1001.7   1004.8   1003.8   000100    999.5   162000     29.2     33.5   125600     25.5   213600     23.9       74       59   125600      2.4    260.0     10.2     60.0   201400     19.5      1.4      8.0   201000     15.0   200100      7.2     55.5    21.51     13.3     None     8.12   140000      6.5     None     None     None     None     None     None     None
467410 20180811    998.6   1001.6   1001.2   000100    996.3   161900     29.6     33.6   142500     26.6   035700     24.0       72       59   103100      1.9    250.0      8.2    270.0   150200      0.0      0.0      0.0     None      0.0     None      8.9     68.7    23.39     13.4     None     7.22   140000      5.8     None     None     None     None     None     None     None
467410 20180812    995.3    998.3    997.6   000200    992.7   151100     30.2     34.4   122100     27.3   023800     23.6       69       51   122100      2.2    280.0      8.2    280.0   124700      0.5      0.3      0.5   233400      0.5   233000      9.1     70.3    24.68      9.4     None     9.45   130000      3.8     None     None     None     None     None     None     None
467410 20180813    997.2   1000.2    998.8   223900    995.4   015700     27.3     30.2   123200     25.6   060500     24.7       86       79   171400      3.1    100.0     12.2    140.0   151000     49.0      5.0     18.5   050100     31.0   042800      0.0      0.0     8.71     12.5     None     5.76   130000      8.6     None     None     None     None     None     None     None
467410 20180814    998.0   1001.0   1000.0   205800    996.9   040300     27.8     32.5   120700     25.1   212100     24.3       82       64   120200      3.5    100.0     12.1    190.0   122300     43.0      5.2      9.0   211600     32.5   204900      5.5     42.6    18.61     15.0     None     9.99   120000      7.8     None     None     None     None     None     None     None
467410 20180815   1000.1   1003.2   1001.2   092500    998.5   014200     26.6     28.8   143100     25.3   044600     24.9       90       82   155200      2.4    110.0      7.2    100.0   060600     65.5     13.7      8.0   073600     31.5   072900      0.0      0.0     4.64      6.4     None     3.40   140000      9.5     None     None     None     None     None     None     None
467410 20180816    999.5   1002.6   1001.5   075000    997.9   145100     28.2     33.2   134900     24.5   080100     24.7       82       65   134900      2.4    100.0      8.0    190.0   172300     17.5      1.3      6.0   074500     16.5   074000      3.5     27.2    16.36     11.1     None     9.35   140000      7.5     None     None     None     None     None     None     None
467410 20180817    998.8   1001.8   1000.4   220400    997.2   155500     28.6     31.6   151400     25.5   055500     24.5       79       66   150300      2.1    160.0      7.6    170.0   033600     12.0      2.4      4.0   053000     10.0   051800      3.0     23.4    17.75     12.8     None     6.46   140000      7.0     None     None     None     None     None     None     None
467410 20180818   1000.5   1003.6   1002.1   210200    999.5   011600     28.2     31.1   091300     26.5   234500     24.3       80       69   095200      2.4    140.0     10.2    240.0   103500      1.0      1.2      0.5   123700      1.0   120900      0.4      3.1    11.00     12.9     None     4.33   110000      8.2     None     None     None     None     None     None     None
467410 20180819   1002.0   1005.0   1003.2   212600   1000.8   024100     27.5     30.6   090100     26.3   012200     23.9       81       69   091800      2.5    140.0     10.0    180.0   125700      2.0      2.2      1.0   110800      1.5   110500      0.8      6.2    12.23     12.9     None     5.55   140000      8.6     None     None     None     None     None     None     None
467410 20180820   1001.0   1004.0   1002.3   093900    999.6   162800     28.3     32.6   125600     26.0   044400     24.2       79       63   113300      1.9    100.0      6.7    200.0   125800      0.5      1.8      0.5   161400      0.5   152400      6.0     46.9    19.41     15.6     None    10.47   130000      7.1     None     None     None     None     None     None     None
467410 20180821    998.5   1001.5   1000.4   000100    996.8   155800     28.0     32.2   120100     25.4   015000     24.6       82       64   113500      2.4    100.0      8.9    130.0   143800     22.5      4.7      4.5   164000      7.0   021900      4.3     33.7    18.66     15.1     None    10.00   130000      7.8     None     None     None     None     None     None     None
467410 20180822    996.3    999.3    998.2   000100    994.5   153800     27.3     30.6   103700     25.5   073400     24.4       85       70   105300      3.0     80.0     14.7    140.0   105700     21.5      5.8      5.5   123900     12.0   121500      1.0      7.9     9.32     12.0     None     5.99   110000      8.4     None     None     None     None     None     None     None
467410 20180823    995.2    998.2    998.7   221100    992.7   050900     25.0     27.6   015100     22.5   183700     23.8       93       80   015200      4.9     50.0     21.5    250.0   133500    373.0     21.8     19.0   095700     66.5   093800      0.0      0.0     0.75      4.8     None     0.65   100000      9.8     None     None     None     None     None     None     None
467410 20180824    998.0   1001.1    999.1   102900    996.4   024900     24.5     25.5   160900     22.9   002900     23.9       96       95   000400      2.6     80.0     15.6    230.0   014200    269.0     22.2     16.5   012800     41.5   053900      0.0      0.0     1.43      2.2     None     1.41   130000     10.0     None     None     None     None     None     None     None
467410 20180825    996.8    999.9    997.9   213900    995.2   144200     26.1     30.1   144700     24.2   044900     24.8       92       81   144600      2.9    130.0      7.9    170.0   153400     37.0      8.5      6.5   012400     12.5   011300      1.9     15.0    10.83      7.2     None     7.80   140000      9.1     None     None     None     None     None     None     None
467410 20180826    998.4   1001.4   1000.8   223700    996.5   023800     26.9     30.2   125000     24.9   074300     24.2       86       74   130400      3.5    110.0      9.6    100.0   053900     11.0      2.8      3.0   221500      8.5   215500      0.5      4.0    10.81      7.9     None     7.79   130000      8.6     None     None     None     None     None     None     None
467410 20180827   1002.1   1005.2   1004.7   231300    999.0   031600     25.5     27.5   132700     24.0   234900     24.2       92       85   155800      4.0    110.0     14.9    130.0   211700    100.0     15.7     10.5   081300     20.0   043700      0.1      0.8     6.34      5.5     None     4.62   140000      9.9     None     None     None     None     None     None     None
467410 20180828   1005.1   1008.2   1006.3   211500   1003.7   022200     24.4     25.2   223800     23.7   052200     23.2       93       91   220800      4.7    110.0     13.1    120.0   181000    121.5     19.7      8.5   171600     17.5   093900      0.0      0.0     1.68      5.9     None     2.10   140000      9.6     None     None     None     None     None     None     None
467410 20180829   1005.7   1008.8   1008.0   230200   1004.2   043900     24.5     25.4   125500     23.6   063400     23.3       93       90   002300      4.5    120.0     12.7    140.0   113300     81.5     21.8      5.5   205700     14.5   075500      0.0      0.0     3.93      6.8     None     2.88   130000     10.0     None     None     None     None     None     None     None
467410 20180830   1008.0   1011.1   1010.1   231800   1005.9   040500     25.3     26.3   190300     24.0   000100     23.7       91       82   191400      3.0    130.0     10.9    130.0   045500      7.5      8.1      0.5   000100      2.5   071200      0.0      0.0     4.85      9.9     None     2.19   110000      9.4     None     None     None     None     None     None     None
467410 20180831   1009.6   1012.7   1010.7   090200   1008.6   144200     27.1     29.7   114500     24.2   043800     23.8       82       69   100500      1.4    160.0      5.9    200.0   122500      0.5      2.6      0.5   010600      0.5   010600      0.0      0.0    10.93     14.6     None     5.11   130000      9.5     None     None     None     None     None     None     None
467410 20180901   1008.1   1011.2   1010.3   000600   1005.9   160600     28.4     31.3   124500     26.0   035100     23.9       77       65   105400      1.1    280.0      6.1    290.0   170000      0.0      0.0      0.0     None      0.0     None      3.6     28.7    15.76     14.6     None     6.77   130000      6.9     None     None     None     None     None     None     None
467410 20180902   1005.5   1008.5   1007.8   000100   1003.6   152500     28.7     32.1   105300     25.8   034300     23.4       74       61   100900      1.7    280.0      8.1    280.0   140600      0.0      0.0      0.0     None      0.0     None     10.5     84.0    26.00     17.9     None    10.48   130000      2.9     None     None     None     None     None     None     None
467410 20180903   1004.1   1007.2   1005.4   094500   1002.5   160800     28.9     32.5   110700     25.6   045400     23.4       73       59   110600      2.1     70.0      7.9    290.0   145300      0.0      0.0      0.0     None      0.0     None     10.9     87.3    25.54     19.9     None    10.62   130000      2.5     None     None     None     None     None     None     None
467410 20180904   1003.1   1006.2   1004.3   082900   1001.2   150900     28.9     31.9   130100     26.0   050100     24.5       78       64   112300      2.2    220.0      8.4    230.0   171000      6.0      3.5      1.5   043000      3.0   035500      7.2     57.8    22.14     12.0     None    10.19   120000      7.4     None     None     None     None     None     None     None
467410 20180905   1003.2   1006.3   1004.8   215600   1001.1   150500     29.8     32.8   122400     28.2   224400     24.5       74       61   122400      1.8    220.0      6.9    190.0   130400     -9.8      0.8     -9.8   174000     -9.8   170500      6.8     54.7    20.89     10.8     None     8.87   130000      6.7     None     None     None     None     None     None     None
467410 20180906   1003.6   1006.7   1005.2   232900   1002.0   145400     28.6     32.1   105100     26.6   191200     24.7       79       66   100100      1.7    120.0      8.5    350.0   171000      8.5      1.2      4.5   113700      8.5   112000      3.6     29.0    12.94      8.3     None     5.87   110000      7.8     None     None     None     None     None     None     None
467410 20180907   1004.3   1007.3   1006.1   213800   1002.1   152700     28.8     32.6   122200     26.4   183300     24.2       77       64   092200      1.9    220.0      7.8    220.0   134900      5.0      1.0      2.5   182400      5.0   181200      6.4     51.7    20.25     11.5     None     9.30   120000      7.2     None     None     None     None     None     None     None
467410 20180908   1005.5   1008.6   1006.9   212700   1003.9   140300     28.0     33.0   115500     26.1   202900     23.8       78       59   110200      1.9    350.0      8.9    300.0   151700      2.0      0.8      1.5   163600      2.0   163500      4.5     36.4    16.61     12.6     None     8.32   110000      8.1     None     None     None     None     None     None     None
467410 20180909   1006.1   1009.2   1007.9   215100   1004.5   143700     28.0     31.7   134400     26.0   013800     23.3       76       63   133600      3.0    340.0     12.3    340.0   145500      0.0      0.0      0.0     None      0.0     None      6.2     50.2    18.51     11.3     None     7.23   130000      6.8     None     None     None     None     None     None     None
467410 20180910   1005.4   1008.5   1007.3   081800   1003.7   154000     27.4     31.5   154400     24.7   052100     22.8       77       64   141800      2.9    350.0      9.4    350.0   071400      0.5      0.9      0.5   183400      0.5   180200      1.4     11.4    12.70      9.3     None     6.01   120000      8.5     None     None     None     None     None     None     None
467410 20180911   1005.7   1008.8   1007.5   214900   1003.9   025000     28.6     31.8   130600     26.3   011100     24.1       77       64   114300      2.2    290.0      6.5    280.0   164600      0.5      0.5      0.5   020500      0.5   020100      3.9     31.7    16.29     10.8     None     9.27   110000      7.9     None     None     None     None     None     None     None
467410 20180912   1006.6   1009.7   1007.9   212500   1005.0   154600     29.3     33.6   123100     27.1   053500     24.6       76       60   122100      2.4    300.0      8.7    290.0   141600     -9.8      0.2     -9.8   195500     -9.8   195500      6.6     53.8    19.90      7.6     None    12.44   130000      7.5     None     None     None     None     None     None     None
467410 20180913   1006.5   1009.6   1007.9   093700   1005.1   162200     29.5     33.6   130200     27.1   043000     24.7       76       62   130100      2.0    340.0      8.4    330.0   162200      0.0      0.0      0.0     None      0.0     None      7.6     62.0    20.97      8.4     None    11.45   130000      4.6     None     None     None     None     None     None     None
467410 20180914   1004.1   1007.2   1006.5   000100   1001.3   235600     30.1     34.0   124500     27.8   054800     24.5       73       53   124500      2.5    300.0      8.8    290.0   143600      0.0      0.0      0.0     None      0.0     None      8.1     66.2    22.75     10.5     None    12.53   130000      5.2     None     None     None     None     None     None     None
467410 20180915    998.3   1001.3   1001.5   001500    995.7   145000     28.6     30.3   145100     27.5   083400     24.1       76       69   135300      1.2    360.0      5.3    350.0   154600      0.5      0.8      0.5   081300      0.5   080500      0.1      0.8     4.83      8.6     None     3.04   150000      8.2     None     None     None     None     None     None     None
467410 20180916   1003.8   1006.8   1009.1   230300    998.2   014000     29.8     33.6   134900     26.7   031900     23.8       71       55   135900      2.9    130.0     11.2    110.0   085800      1.0      0.8      0.5   015600      1.0   013600      0.8      6.6    12.52     13.3     None     7.50   110000      8.8     None     None     None     None     None     None     None
467410 20180917   1010.1   1013.1   1013.1   221900   1008.4   015600     29.6     33.0   132700     26.4   055500     25.0       77       62   115400      2.6    280.0      7.9    290.0   131900      2.0      1.7      0.5   053800      1.5   052000      6.6     54.3    19.14     11.3     None    11.99   120000      6.6     None     None     None     None     None     None     None
467410 20180918   1011.0   1014.1   1012.8   000100   1008.7   152900     29.8     33.7   111600     27.4   053900     24.9       76       60   111500      3.1    330.0     13.1    330.0   135900      0.0      0.0      0.0     None      0.0     None      8.0     65.9    19.16     11.1     None     8.98   110000      5.1     None     None     None     None     None     None     None
467410 20180919   1009.5   1012.5   1011.0   000100   1007.6   160100     29.4     32.3   115400     27.2   051800     24.1       74       61   122900      2.0    190.0      7.7    240.0   150400      0.0      0.0      0.0     None      0.0     None      8.8     72.6    23.18     11.0     None    11.75   130000      4.1     None     None     None     None     None     None     None
467410 20180920   1008.2   1011.3   1009.7   214100   1006.6   155400     30.0     33.2   123200     28.2   055100     23.1       67       56   131700      2.1    290.0      8.0    290.0   144600      0.0      0.0      0.0     None      0.0     None      9.4     77.7    23.05     12.5     None    11.84   130000      3.5     None     None     None     None     None     None     None
467410 20180921   1009.3   1012.4   1011.6   212500   1007.5   153800     30.0     33.4   120400     27.4   050100     22.7       66       53   120400      2.1    290.0      8.6    310.0   124700      0.0      0.0      0.0     None      0.0     None     10.3     85.3    23.32     13.5     None    12.09   120000      2.2     None     None     None     None     None     None     None
467410 20180922   1011.0   1014.0   1012.6   221000   1009.3   144300     30.3     33.8   124800     27.8   040800     23.1       66       54   110800      2.9    330.0     11.6    320.0   155200      0.0      0.0      0.0     None      0.0     None      9.6     79.7    21.22     10.8     None     9.24   140000      5.2     None     None     None     None     None     None     None
467410 20180923   1010.0   1013.0   1012.0   000100   1007.5   154200     29.8     33.2   120900     26.7   235800     24.1       72       61   121800      2.5    310.0      9.6    280.0   122800      2.5      0.3      2.5   234500      2.5   233900      8.9     74.0    21.41     10.3     None    10.28   130000      5.0     None     None     None     None     None     None     None
467410 20180924   1005.9   1008.9   1009.4   000100   1003.5   153000     29.2     32.7   124700     26.7   000100     23.7       73       59   110400      3.6    340.0     12.7    340.0   140200      0.0      0.0      0.0     None      0.0     None      7.9     65.8    20.86      8.3     None    11.23   130000      5.1     None     None     None     None     None     None     None
467410 20180925   1003.7   1006.8   1005.0   000800   1001.7   153600     28.8     32.9   121000     25.5   061400     22.8       70       57   163300      2.3    360.0      6.9    350.0   173800      2.5      0.5      2.5   204500      2.5   200800      8.8     73.5    22.59      9.3     None    11.17   120000      4.4     None     None     None     None     None     None     None
467410 20180926   1003.5   1006.6   1004.9   084500   1001.4   150600     27.8     32.2   120400     25.2   062100     21.9       71       56   115500      4.1    340.0     13.4    340.0   172600      0.0      0.0      0.0     None      0.0     None     10.0     83.6    22.52      9.3     None    10.41   120000      3.1     None     None     None     None     None     None     None
467410 20180927   1003.7   1006.7   1005.1   080500   1001.8   143300     27.9     32.8   133700     25.0   045100     21.7       70       55   132000      4.4    350.0     14.2    350.0   170800      0.0      0.0      0.0     None      0.0     None      9.2     77.1    21.44      9.5     None     9.94   120000      3.5     None     None     None     None     None     None     None
467410 20180928   1003.1   1006.1   1004.7   000100   1001.0   151600     27.4     31.4   144100     24.9   052700     21.7       72       60   112100      5.1    350.0     13.7    360.0   224800      0.0      0.0      0.0     None      0.0     None      7.7     64.6    18.65     11.8     None     8.43   110000      4.0     None     None     None     None     None     None     None
467410 20180929   1002.3   1005.4   1005.0   212600   1000.4   135700     27.1     30.9   140200     24.5   053900     18.8       60       52   113100      6.0    340.0     21.0    350.0   073700      0.0      0.0      0.0     None      0.0     None     11.1     93.4    23.80     11.9     None    11.16   120000      3.1     None     None     None     None     None     None     None
467410 20180930   1006.4   1009.5   1009.1   232500   1004.1   025100     27.1     32.2   122400     24.3   060500     18.7       60       49   122000      3.4    340.0     10.1    340.0   055200      0.0      0.0      0.0     None      0.0     None      4.3     36.2    17.26     10.3     None     9.23   130000      5.0     None     None     None     None     None     None     None
467410 20181001   1009.5   1012.6   1011.2   213000   1008.4   024500     27.8     31.7   110600     25.3   001100     20.3       64       51   112100      1.8    220.0      8.8    240.0   144600      0.0      0.0      0.0     None      0.0     None      7.5     63.3    19.55      9.1     None    10.55   120000      5.5     None     None     None     None     None     None     None
467410 20181002   1010.4   1013.5   1011.9   214600   1008.6   144000     26.8     31.0   140800     23.5   233500     19.7       66       50   152400      2.9    340.0      9.8    310.0   162900      0.0      0.0      0.0     None      0.0     None      7.8     66.0    18.57      8.1     None     6.76   140000      4.6     None     None     None     None     None     None     None
467410 20181003   1009.7   1012.8   1011.8   090000   1007.7   150500     25.7     30.9   132200     21.4   060600     18.2       64       50   132200      3.5    340.0     11.3    330.0   163500      0.0      0.0      0.0     None      0.0     None      8.6     72.9    19.23     10.8     None     8.22   130000      4.0     None     None     None     None     None     None     None
467410 20181004   1006.8   1009.9   1009.7   000100   1004.6   152400     24.8     28.9   124200     22.2   044200     18.3       68       53   115500      6.0    350.0     17.7    340.0   160400      0.0      0.0      0.0     None      0.0     None      9.1     77.3    21.67     12.6     None     9.93   120000      3.1     None     None     None     None     None     None     None
467410 20181005   1006.7   1009.8   1009.6   211600   1004.7   032100     25.9     29.9   114700     22.8   055200     18.3       63       52   114200      4.5    340.0     13.7    340.0   025800      0.0      0.0      0.0     None      0.0     None     11.0     93.6    23.02     11.0     None    10.55   120000      0.5     None     None     None     None     None     None     None
467410 20181006   1009.9   1013.0   1011.6   223800   1008.6   012800     27.4     30.7   151700     24.5   060100     20.5       66       56   142700      2.3    350.0      7.8    310.0   120900      0.0      0.0      0.0     None      0.0     None      9.3     79.3    20.85     10.0     None     9.81   120000      4.8     None     None     None     None     None     None     None
467410 20181007   1010.6   1013.7   1012.3   081800   1008.7   145100     27.2     31.6   131700     24.3   055400     21.6       72       59   110000      2.7    340.0      7.3    290.0   134400      0.0      0.0      0.0     None      0.0     None      9.3     79.4    20.50      6.1     None     8.56   120000      2.8     None     None     None     None     None     None     None
467410 20181008   1010.2   1013.3   1011.8   080000   1008.2   150400     27.2     31.5   120100     23.8   031800     21.8       73       59   120000      2.2    350.0      6.8    290.0   125800      0.0      0.0      0.0     None      0.0     None      9.7     83.0    19.74      7.6     None     8.34   120000      2.6     None     None     None     None     None     None     None
467410 20181009   1009.7   1012.8   1011.0   212200   1007.8   150000     27.1     30.7   105700     24.4   061600     22.1       74       61   152200      1.7    160.0      7.1    230.0   130800      0.0      0.0      0.0     None      0.0     None     10.5     90.0    20.65      8.0     None     8.14   130000      2.9     None     None     None     None     None     None     None
467410 20181010   1010.2   1013.3   1011.9   213700   1008.5   142500     27.6     31.3   122100     25.4   235500     21.9       72       57   164000      2.1    340.0      9.0    360.0   190800      0.0      0.0      0.0     None      0.0     None      5.7     49.0    17.67      8.0     None     9.09   120000      4.8     None     None     None     None     None     None     None
467410 20181011   1012.0   1015.1   1013.7   221100   1009.9   141300     25.8     30.6   143200     22.7   232800     20.1       71       57   143700      4.0    340.0     10.2    350.0   174300      0.0      0.0      0.0     None      0.0     None      4.6     39.6    16.57      8.5     None     7.46   110000      8.2     None     None     None     None     None     None     None
467410 20181012   1013.7   1016.8   1015.3   095900   1012.3   153000     23.8     26.6   144700     21.9   235100     19.5       77       71   144700      3.1    350.0      8.0    340.0   220000      0.0      0.0      0.0     None      0.0     None      0.5      4.3     8.87      9.5     None     5.70   130000      9.0     None     None     None     None     None     None     None
467410 20181013   1013.2   1016.3   1015.0   092800   1011.5   152300     25.2     30.3   124200     20.9   054000     20.1       74       60   113100      2.7    350.0      8.4    260.0   154000      0.0      0.0      0.0     None      0.0     None      8.5     73.4    20.00     12.4     None     8.77   130000      4.9     None     None     None     None     None     None     None
467410 20181014   1011.6   1014.7   1013.3   080700   1010.1   151800     27.0     30.7   133500     24.3   024400     21.3       72       58   141000      2.2    340.0      8.9    270.0   151600      0.0      0.0      0.0     None      0.0     None      9.9     85.7    20.92     11.4     None     9.88   120000      5.2     None     None     None     None     None     None     None
467410 20181015   1010.9   1013.9   1012.4   084700   1009.1   135900     26.6     31.6   114600     23.8   063200     22.0       76       57   120800      2.6    340.0      7.2    280.0   140100      0.0      0.0      0.0     None      0.0     None      8.6     74.6    19.91      7.5     None     9.39   120000      3.8     None     None     None     None     None     None     None
467410 20181016   1009.5   1012.6   1011.4   000100   1007.6   140700     26.5     31.0   125600     24.2   050800     21.8       76       60   102300      3.7    340.0     11.1    320.0   175900      0.0      0.0      0.0     None      0.0     None     10.3     89.5    20.80      9.3     None     9.88   120000      2.8     None     None     None     None     None     None     None
467410 20181017   1008.7   1011.8   1010.3   220700   1006.7   132000     25.4     30.8   133500     22.5   234300     20.5       75       58   133000      3.2    340.0     11.7    300.0   151200      0.0      0.0      0.0     None      0.0     None      4.1     35.7    16.18      6.8     None     9.28   120000      6.6     None     None     None     None     None     None     None
467410 20181018   1010.5   1013.6   1012.2   204600   1008.7   025900     25.9     30.2   134500     22.0   043400     20.2       71       59   145300      2.1    350.0      7.8    360.0   010200      0.0      0.0      0.0     None      0.0     None      2.3     20.1    14.12      8.0     None     7.14   120000      8.2     None     None     None     None     None     None     None
467410 20181019   1013.6   1016.7   1015.7   220900   1011.7   003400     25.7     29.4   154900     22.4   235300     20.0       71       61   145900      2.6    340.0      7.7    340.0   223400      0.0      0.0      0.0     None      0.0     None      2.2     19.2    12.30      6.8     None     6.69   130000      7.4     None     None     None     None     None     None     None
467410 20181020   1015.0   1018.1   1017.2   084200   1012.8   150800     25.1     30.9   125100     21.3   032900     19.2       70       55   125000      2.4    350.0      7.2    290.0   141900      0.0      0.0      0.0     None      0.0     None      8.1     70.9    19.13      8.3     None     8.19   130000      2.4     None     None     None     None     None     None     None
467410 20181021   1013.9   1017.0   1016.0   090600   1012.1   145900     25.4     30.3   123300     21.3   051300     19.5       70       55   123300      2.2    350.0      7.1    280.0   164100      0.0      0.0      0.0     None      0.0     None      9.7     85.0    20.06      9.0     None     8.74   120000      0.3     None     None     None     None     None     None     None
467410 20181022   1012.7   1015.8   1014.6   092400   1010.5   152800     25.9     29.7   125200     23.0   062100     20.0       70       52   154700      1.9    360.0      9.0    350.0   195100      0.0      0.0      0.0     None      0.0     None     10.2     89.6    20.36      7.1     None     9.41   120000      2.0     None     None     None     None     None     None     None
467410 20181023   1013.0   1016.1   1014.7   085700   1011.3   152300     26.1     30.3   114600     23.7   061000     20.7       72       56   114500      3.3    350.0      9.9    290.0   132000      0.0      0.0      0.0     None      0.0     None      8.9     78.3    17.67      6.8     None     8.35   120000      3.2     None     None     None     None     None     None     None
467410 20181024   1013.0   1016.1   1014.7   091400   1011.3   142600     26.0     30.1   114900     22.7   052300     20.8       74       61   141500      2.4    350.0      7.2    350.0   033500      0.0      0.0      0.0     None      0.0     None      5.3     46.7    15.79      6.1     None     7.07   120000      5.2     None     None     None     None     None     None     None
467410 20181025   1013.3   1016.4   1015.0   091500   1011.8   160100     26.2     30.3   115900     23.2   043700     21.1       74       60   115000      2.0    340.0      7.5    270.0   145300      0.0      0.0      0.0     None      0.0     None      8.2     72.4    17.77      6.5     None     8.31   130000      1.8     None     None     None     None     None     None     None
467410 20181026   1012.6   1015.7   1014.6   085900   1010.4   153300     26.3     30.9   124900     23.9   063800     20.9       73       55   122600      2.6    340.0      9.4    320.0   171700      0.0      0.0      0.0     None      0.0     None      8.6     76.1    18.16      5.3     None     7.87   130000      2.2     None     None     None     None     None     None     None
467410 20181027   1013.0   1016.1   1014.5   090500   1011.4   134000     24.6     30.1   124000     20.2   234500     17.5       65       50   135800      4.4    350.0     13.4    350.0   163900      0.0      0.0      0.0     None      0.0     None      9.0     79.7    17.98      6.1     None     7.62   120000      1.3     None     None     None     None     None     None     None
467410 20181028   1011.9   1015.0   1014.4   075100   1009.5   142400     22.8     28.7   140500     19.5   045500     13.4       56       44   131600      3.6    340.0     10.6    360.0   171500      0.0      0.0      0.0     None      0.0     None      9.4     83.4    19.55      9.8     None     8.10   120000      0.6     None     None     None     None     None     None     None
467410 20181029   1009.6   1012.8   1011.2   000100   1007.3   140200     23.2     28.7   140700     18.4   053700     13.6       55       44   133400      3.2    350.0     11.0    310.0   161900      0.0      0.0      0.0     None      0.0     None     10.1     89.8    19.28     11.1     None     7.48   120000      0.4     None     None     None     None     None     None     None
467410 20181030   1008.7   1011.8   1010.4   233100   1007.1   140600     24.2     29.8   130700     19.4   054700     16.0       61       45   133400      2.5    340.0      8.3    350.0   193300      0.0      0.0      0.0     None      0.0     None      7.0     62.3    15.69      8.1     None     7.02   110000      4.9     None     None     None     None     None     None     None
467410 20181031   1009.5   1012.6   1011.2   084400   1008.3   163200     23.1     26.4   113900     21.0   235600     18.4       75       64   113900      3.5    340.0     12.4    350.0   163300      0.5      1.5      0.5   154100      0.5   145100      0.9      8.0     5.90      8.0     None     6.34   110000      8.7     None     None     None     None     None     None     None
467410 20181101   1009.5   1012.7   1011.0   215000   1007.9   035200     21.4     23.6   130800     20.0   050800     17.4       78       70   145800      4.4    340.0      9.9    350.0   032900      0.0      0.0      0.0     None      0.0     None      0.0      0.0     5.19     10.5     None     3.27   130000      9.5     None     None     None     None     None     None     None
467410 20181102   1011.0   1014.1   1013.1   205600   1007.7   022000     22.5     26.3   120700     20.0   023400     19.3       83       70   120600      2.7    350.0      8.8    320.0   081400      1.0      0.6      1.0   074800      1.0   074500      0.4      3.6     7.24      6.4     None     6.21   120000      7.5     None     None     None     None     None     None     None
467410 20181103   1012.5   1015.7   1013.9   090100   1011.0   140700     24.9     30.8   125600     21.1   074500     21.1       80       59   130200      2.6    340.0      7.3    290.0   150400      0.0      0.0      0.0     None      0.0     None      8.7     78.0    18.79      5.6     None     8.43   120000      2.4     None     None     None     None     None     None     None
467410 20181104   1012.9   1016.0   1014.9   090300   1010.8   153400     25.1     29.6   133300     22.9   042500     21.5       81       65   133300      2.4    340.0      6.9    270.0   153200      0.0      0.0      0.0     None      0.0     None      5.7     51.2    14.21      4.5     None     7.62   120000      6.3     None     None     None     None     None     None     None
467410 20181105   1013.2   1016.3   1014.9   085200   1011.2   155700     25.6     30.6   122100     22.3   052900     21.5       79       60   121500      2.5    340.0      8.7    290.0   140000      0.0      0.0      0.0     None      0.0     None      9.4     84.5    17.99      4.6     None     7.77   120000      2.6     None     None     None     None     None     None     None
467410 20181106   1014.1   1017.2   1015.7   084900   1012.6   152200     25.9     30.0   125400     23.5   043300     21.6       78       62   132400      1.7    290.0      6.5    290.0   145400      0.0      0.0      0.0     None      0.0     None      7.2     64.8    15.95      5.2     None     7.43   130000      3.4     None     None     None     None     None     None     None
467410 20181107   1014.2   1017.3   1016.3   085700   1012.4   153300     25.7     30.6   131600     22.5   051600     21.6       79       60   131600      2.0    350.0      7.2    320.0   133100      0.0      0.0      0.0     None      0.0     None      8.1     73.1    16.76      3.3     None     7.86   120000      2.8     None     None     None     None     None     None     None
467410 20181108   1013.4   1016.5   1014.9   090500   1011.6   141000     26.2     31.3   133700     22.8   030400     21.4       76       55   130100      2.2    310.0      7.7    300.0   140700      0.0      0.0      0.0     None      0.0     None      9.0     81.3    17.80      4.5     None     7.65   120000      3.8     None     None     None     None     None     None     None
467410 20181109   1013.8   1016.9   1015.2   085000   1012.1   143600     25.8     31.1   133300     23.3   232600     21.4       77       53   135200      2.8    350.0      9.1    310.0   145600      0.0      0.0      0.0     None      0.0     None      7.5     67.9    16.38      3.0     None     7.49   120000      4.0     None     None     None     None     None     None     None
467410 20181110   1014.8   1017.9   1016.6   085800   1013.0   144700     25.1     29.3   130700     22.5   051600     20.6       76       59   124300      2.3    340.0      8.2    350.0   001400      0.0      0.0      0.0     None      0.0     None      4.1     37.2    14.38      5.4     None     7.67   120000      7.2     None     None     None     None     None     None     None
467410 20181111   1013.7   1016.8   1016.0   092300   1011.5   171700     25.5     29.3   121600     23.3   043500     21.2       77       63   114300      2.2    290.0      8.0    280.0   144000      0.0      0.0      0.0     None      0.0     None      7.8     70.8    15.42      5.3     None     6.01   120000      3.1     None     None     None     None     None     None     None
467410 20181112   1011.3   1014.4   1013.7   073400   1009.0   154900     25.1     29.4   112000     22.8   025000     20.5       76       56   115900      2.3    350.0      7.9    320.0   150100      0.0      0.0      0.0     None      0.0     None      1.8     16.4    11.24      4.5     None     6.35   120000      7.6     None     None     None     None     None     None     None
467410 20181113   1010.5   1013.6   1012.2   092700   1008.3   143400     24.5     29.9   124900     21.2   061800     19.6       75       53   123100      3.6    340.0     10.4    270.0   140300      0.0      0.0      0.0     None      0.0     None      9.9     90.1    17.94      5.3     None     7.96   120000      1.8     None     None     None     None     None     None     None
467410 20181114   1012.3   1015.4   1014.3   232100   1010.3   145200     24.3     29.6   130900     20.2   054300     19.0       73       56   135000      2.8    350.0      8.0    290.0   144400      0.0      0.0      0.0     None      0.0     None      9.7     88.4    16.90      6.4     None     7.57   120000      3.2     None     None     None     None     None     None     None
467410 20181115   1013.3   1016.4   1015.2   090900   1011.2   142500     24.7     29.3   125300     20.9   035900     19.3       73       56   125300      2.0    360.0      6.4    270.0   155000      0.0      0.0      0.0     None      0.0     None      9.8     89.4    16.44      5.9     None     7.09   120000      1.4     None     None     None     None     None     None     None
467410 20181116   1012.7   1015.8   1014.6   085100   1010.5   151600     25.8     29.5   143300     23.4   025100     20.7       74       58   142700      2.1    340.0      7.4    320.0   131500      0.0      0.0      0.0     None      0.0     None      1.1     10.1    11.17      5.3     None     5.77   130000      8.3     None     None     None     None     None     None     None
467410 20181117   1012.7   1015.8   1014.4   090000   1011.1   135900     25.4     29.1   145400     23.2   221200     20.7       76       60   145200      3.1    340.0      8.0    360.0   135300      0.0      0.0      0.0     None      0.0     None      4.5     41.2    13.22      3.9     None     6.14   130000      5.5     None     None     None     None     None     None     None
467410 20181118   1013.0   1016.1   1014.7   091100   1010.9   145400     25.7     30.3   141900     22.7   032900     21.0       76       61   141900      2.8    350.0      7.9    330.0   004900      0.0      0.0      0.0     None      0.0     None      7.4     67.8    14.28      6.6     None     6.08   120000      5.9     None     None     None     None     None     None     None
467410 20181119   1013.4   1016.5   1015.3   220800   1011.5   135900     24.6     30.4   132600     21.1   234700     19.4       74       51   125100      4.4    340.0     12.3    340.0   075300      0.0      0.0      0.0     None      0.0     None      4.9     44.9    14.95      7.9     None     7.69   120000      6.7     None     None     None     None     None     None     None
467410 20181120   1014.1   1017.3   1016.0   091600   1012.2   152100     23.7     27.7   112400     19.9   040900     18.8       74       63   112000      2.7    320.0      8.1    290.0   160200      0.0      0.0      0.0     None      0.0     None      6.0     55.1    14.43      7.3     None     6.34   110000      5.0     None     None     None     None     None     None     None
467410 20181121   1013.2   1016.3   1014.7   234300   1010.9   151400     24.9     31.0   114100     21.9   055800     19.8       74       51   115500      2.6    350.0      8.0    280.0   141400      0.0      0.0      0.0     None      0.0     None      8.6     79.1    15.88      6.9     None     7.35   120000      3.1     None     None     None     None     None     None     None
467410 20181122   1014.6   1017.8   1016.5   214000   1012.5   145000     22.8     27.3   140300     19.5   233400     17.4       72       55   145200      4.6    340.0     13.7    350.0   060300      0.0      0.0      0.0     None      0.0     None      8.0     73.6    15.73      9.1     None     7.16   120000      2.7     None     None     None     None     None     None     None
467410 20181123   1015.5   1018.7   1017.7   092200   1013.4   152500     21.9     26.8   141300     19.3   055300     16.5       72       56   140500      3.4    340.0     10.1    350.0   165800      0.0      0.0      0.0     None      0.0     None      8.3     76.5    14.41     11.6     None     6.47   120000      5.0     None     None     None     None     None     None     None
467410 20181124   1015.4   1018.6   1016.8   082100   1013.3   151700     22.7     27.4   130600     19.0   014000     17.7       74       57   132900      2.4    350.0      7.5    350.0   191000      0.0      0.0      0.0     None      0.0     None      8.6     79.3    15.78      8.1     None     6.65   120000      5.2     None     None     None     None     None     None     None
467410 20181125   1014.5   1017.6   1016.0   000100   1012.2   151600     23.4     28.3   114100     19.5   215600     18.0       72       52   121700      2.4    350.0     14.9    360.0   210300      0.0      0.0      0.0     None      0.0     None      3.6     33.3    11.26     10.6     None     6.11   120000      8.2     None     None     None     None     None     None     None
467410 20181126   1015.2   1018.4   1017.2   093300   1013.6   045500     20.8     22.6   105300     19.9   034000     17.1       79       68   110800      3.8    350.0     12.8    350.0   112200      0.0      0.0      0.0     None      0.0     None      0.0      0.0     2.47     12.0     None     2.10   130000      9.3     None     None     None     None     None     None     None
467410 20181127   1014.9   1018.1   1016.4   092000   1013.4   135300     23.0     27.4   130100     20.4   053400     18.4       76       60   132600      3.2    350.0      7.1    350.0   174600      0.0      0.0      0.0     None      0.0     None      2.0     18.5    11.08      5.5     None     7.11   130000      7.8     None     None     None     None     None     None     None
467410 20181128   1015.5   1018.7   1017.1   212700   1013.8   133100     21.9     24.3   122100     19.8   064400     18.3       80       73   134600      3.2    340.0      9.2    350.0   044900      0.0      0.0      0.0     None      0.0     None      0.0      0.0     6.60      8.1     None     4.23   130000      9.5     None     None     None     None     None     None     None
467410 20181129   1017.1   1020.2   1018.8   090100   1015.6   030700     22.3     26.8   140700     19.7   061100     17.2       73       60   141700      3.0    350.0      8.4    360.0   003300      0.0      0.0      0.0     None      0.0     None      2.3     21.3    10.59      7.0     None     4.89   140000      5.6     None     None     None     None     None     None     None
467410 20181130   1017.0   1020.2   1018.8   090000   1015.2   152600     23.5     27.6   124600     20.3   031000     18.3       74       54   115800      1.8    340.0      6.5    230.0   135200      0.0      0.0      0.0     None      0.0     None      7.8     72.4    15.10      6.1     None     6.98   120000      3.7     None     None     None     None     None     None     None
467410 20181201   1015.3   1018.4   1017.4   000100   1013.0   145500     23.4     28.4   143500     20.7   064700     19.3       78       55   143500      2.7    360.0      8.3    310.0   112000      0.0      0.0      0.0     None      0.0     None      9.8     91.0    16.18      5.8     None     6.71   120000      1.7     None     None     None     None     None     None     None
467410 20181202   1013.8   1016.9   1015.2   084500   1011.8   140100     23.3     27.9   115900     20.1   042000     19.4       80       57   124600      2.1    360.0      6.9    290.0   143200      0.0      0.0      0.0     None      0.0     None     10.0     93.0    15.83      4.1     None     6.30   120000      1.1     None     None     None     None     None     None     None
467410 20181203   1013.8   1017.0   1015.8   091900   1011.8   141300     24.0     30.5   131600     20.5   062100     18.8       74       43   133000      2.6    360.0      6.8    290.0   145600      0.0      0.0      0.0     None      0.0     None      9.9     92.1    16.03      5.3     None     7.12   120000      0.2     None     None     None     None     None     None     None
467410 20181204   1013.4   1016.5   1015.6   084600   1011.4   143400     25.7     30.5   142200     21.6   053400     18.6       65       50   110800      3.2    360.0     10.6    340.0   115700      0.0      0.0      0.0     None      0.0     None      9.7     90.3    15.91     16.8     None     6.92   120000      4.5     None     None     None     None     None     None     None
467410 20181205   1012.2   1015.3   1014.3   093900   1010.1   150400     25.2     30.2   135900     22.4   070700     20.0       74       54   125600      3.3    350.0      8.9    340.0   174100      0.0      0.0      0.0     None      0.0     None      5.0     46.6    13.67      5.4     None     6.15   120000      7.0     None     None     None     None     None     None     None
467410 20181206   1012.4   1015.5   1014.0   094100   1010.5   143500     25.0     30.0   115100     22.8   060800     21.2       80       62   115100      2.7    350.0      8.9    360.0   201500      0.0      0.0      0.0     None      0.0     None      7.7     71.8    13.93      3.9     None     5.69   120000      3.4     None     None     None     None     None     None     None
467410 20181207   1014.4   1017.6   1016.6   215700   1012.4   140800     23.0     27.7   133300     20.2   234200     18.8       77       63   135600      4.5    350.0     11.4    350.0   184000      0.0      0.0      0.0     None      0.0     None      6.5     60.6    14.07      9.3     None     6.29   120000      5.8     None     None     None     None     None     None     None
467410 20181208   1016.0   1019.1   1017.6   093200   1014.3   145900     21.4     25.8   130200     18.6   055100     16.5       74       59   132100      4.4    340.0     11.3    350.0   061300      0.0      0.0      0.0     None      0.0     None      6.7     62.5    13.59     12.1     None     7.22   120000      7.2     None     None     None     None     None     None     None
467410 20181209   1015.6   1018.7   1017.5   084500   1013.0   152800     21.4     26.1   140100     18.9   072500     16.7       75       61   135800      4.2    340.0     10.1    330.0   011200      0.0      0.0      0.0     None      0.0     None      4.8     44.8    13.58     12.5     None     7.03   120000      6.5     None     None     None     None     None     None     None
467410 20181210   1014.0   1017.1   1016.0   090700   1011.7   151400     21.7     26.8   115300     18.7   025700     18.1       80       64   115200      3.4    350.0      9.8    320.0   140400      0.0      0.0      0.0     None      0.0     None      4.3     40.2    13.49      6.4     None     7.05   120000      7.9     None     None     None     None     None     None     None
467410 20181211   1014.0   1017.1   1015.7   092200   1011.8   142600     22.3     26.5   115300     19.2   235000     19.2       83       69   144900      4.0    340.0     12.4    350.0   180300      0.0      0.0      0.0     None      0.0     None      4.7     43.9    13.00      4.9     None     6.11   120000      7.4     None     None     None     None     None     None     None
467410 20181212   1017.8   1021.0   1019.7   200500   1015.5   000100     19.1     21.8   124700     16.9   233500     15.1       78       69   124600      4.3    350.0     11.7    340.0   010300      0.0      0.0      0.0     None      0.0     None      0.2      1.9     7.62     11.0     None     4.72   120000      8.8     None     None     None     None     None     None     None
467410 20181213   1019.4   1022.6   1021.0   092700   1017.8   141000     20.0     25.8   125000     15.9   061700     14.9       73       58   130900      3.4    340.0      9.2    350.0   165000      0.0      0.0      0.0     None      0.0     None      8.4     78.6    14.54      6.1     None     6.49   130000      3.2     None     None     None     None     None     None     None
467410 20181214   1019.7   1022.9   1021.4   081100   1017.6   143200     21.0     26.0   133700     17.8   034400     16.1       74       60   114600      3.2    340.0     10.2    340.0   175900      0.0      0.0      0.0     None      0.0     None      9.5     88.9    15.30      6.4     None     6.62   120000      2.1     None     None     None     None     None     None     None
467410 20181215   1018.6   1021.7   1020.6   090200   1016.2   152700     21.5     26.0   124100     17.6   060700     16.8       75       59   124100      2.8    340.0      7.9    300.0   124700      0.0      0.0      0.0     None      0.0     None      8.3     77.7    15.19      5.8     None     6.55   130000      1.3     None     None     None     None     None     None     None
467410 20181216   1016.8   1020.0   1019.1   084000   1014.0   145400     22.1     27.5   121600     19.4   233400     18.4       80       63   121600      3.7    350.0     11.9    350.0   175400      0.0      0.0      0.0     None      0.0     None      7.2     67.4    14.27      7.5     None     6.71   130000      2.8     None     None     None     None     None     None     None
467410 20181217   1017.1   1020.2   1019.0   095200   1015.2   025200     19.3     24.0   133500     16.0   235100     12.5       66       46   131000      4.6    340.0     11.8    350.0   084300      0.0      0.0      0.0     None      0.0     None      6.6     61.8    13.52      9.8     None     6.75   130000      2.5     None     None     None     None     None     None     None
467410 20181218   1018.0   1021.2   1019.6   084100   1015.8   144000     19.9     24.9   141100     15.4   063900     11.1       57       50   141100      1.9    360.0      6.5    300.0   153000      0.0      0.0      0.0     None      0.0     None      9.5     89.0    15.20      8.6     None     6.20   130000      1.8     None     None     None     None     None     None     None
467410 20181219   1017.2   1020.3   1019.7   090200   1015.0   150400     21.1     25.1   121800     18.5   053300     13.8       63       52   135100      1.9    360.0      6.9    340.0   125400      0.0      0.0      0.0     None      0.0     None      9.2     86.2    14.12      9.3     None     6.35   130000      1.3     None     None     None     None     None     None     None
467410 20181220   1014.2   1017.4   1016.8   000100   1011.5   151500     22.7     28.3   133100     18.1   050200     12.1       54       29   133100      1.8    360.0      6.4    350.0   115900      0.0      0.0      0.0     None      0.0     None     10.2     95.5    15.90     14.0     None     6.63   120000      0.8     None     None     None     None     None     None     None
467410 20181221   1013.8   1016.9   1015.5   082800   1011.9   140700     22.4     27.2   123000     19.8   070700     15.5       66       46   113600      3.1    360.0      9.0    290.0   151100      0.0      0.0      0.0     None      0.0     None      9.2     86.2    14.61      7.5     None     6.39   120000      3.1     None     None     None     None     None     None     None
467410 20181222   1013.5   1016.7   1015.4   091900   1011.6   144100     22.8     27.6   150700     19.8   024200     19.7       83       64   123600      3.6    350.0      9.5     20.0   081400      0.0      0.0      0.0     None      0.0     None      6.1     57.1    13.88      2.1     None     6.70   120000      5.5     None     None     None     None     None     None     None
467410 20181223   1013.0   1016.1   1014.4   083600   1011.2   141400     22.7     26.9   134400     19.7   231800     19.9       85       73   114500      3.7    350.0      9.4    350.0   170500      0.0      0.0      0.0     None      0.0     None      1.5     14.0     9.91      3.9     None     5.66   120000      8.9     None     None     None     None     None     None     None
467410 20181224   1012.5   1015.6   1014.7   083900   1010.4   142700     20.7     25.0   142200     18.4   073100     16.9       79       64   134600      4.3    340.0     10.6    350.0   045300      0.0      0.0      0.0     None      0.0     None      3.9     36.5    12.12     10.0     None     6.54   130000      7.4     None     None     None     None     None     None     None
467410 20181225   1010.7   1013.8   1012.4   084400   1008.6   150800     22.2     27.5   124600     19.0   055000     17.9       77       60   112700      3.6    350.0     10.1     10.0   194400      0.0      0.0      0.0     None      0.0     None      8.3     77.7    15.51      7.0     None     7.38   130000      5.0     None     None     None     None     None     None     None
467410 20181226   1009.5   1012.6   1011.3   092700   1007.0   135700     22.3     27.4   122400     20.0   042600     19.2       83       65   122400      4.8    340.0     10.8    320.0   144200      0.0      0.0      0.0     None      0.0     None      6.1     57.1    13.47      6.4     None     7.91   130000      5.3     None     None     None     None     None     None     None
467410 20181227   1011.7   1014.9   1014.3   223800   1009.4   135600     20.8     25.1   132300     17.5   233900     16.4       76       61   124500      6.0    340.0     14.5    350.0   083700      0.0      0.0      0.0     None      0.0     None      8.4     78.6    15.59     11.8     None     7.82   120000      4.4     None     None     None     None     None     None     None
467410 20181228   1016.0   1019.1   1018.4   215600   1013.5   015000     18.5     23.4   134700     16.1   234200     12.8       70       57   130200      4.6    340.0     11.3    360.0   014700      0.0      0.0      0.0     None      0.0     None      5.7     53.3    13.36     11.0     None     6.12   130000      6.8     None     None     None     None     None     None     None
467410 20181229   1020.0   1023.2   1022.2   201800   1017.7   025800     16.8     21.8   132100     14.0   065300     11.0       69       55   131500      4.7    340.0     10.9    350.0   072100      0.0      0.0      0.0     None      0.0     None      8.7     81.4    15.45     10.3     None     7.32   130000      4.5     None     None     None     None     None     None     None
467410 20181230   1019.9   1023.2   1021.4   085500   1017.6   134900     18.1     23.4   144200     13.4   050800     12.4       70       51   144100      3.2    340.0      9.7    300.0   170700      0.0      0.0      0.0     None      0.0     None      7.9     73.9    15.61     13.3     None     7.33   130000      5.5     None     None     None     None     None     None     None
467410 20181231   1020.7   1023.9   1022.5   091100   1018.7   140300     18.6     21.7   133100     16.8   062800     13.9       74       64   130000      4.5    340.0     10.8    360.0   111300      0.0      0.0      0.0     None      0.0     None      0.6      5.6     9.35     12.8     None     6.34   120000      8.9     None     None     None     None     None     None     None
