* MD (Multifield Daily Data Format)
* 以 '*' 字元開頭的文字為格式說明
* 以 '#' 字元開頭的文字為氣象資料欄位標題列9個字元一組
********************************************************************************
* 格式說明:
* 站碼(stno) 時間(yyyymmdd) 氣象資料欄位
* 1~6        8~15           第16個字元開始每個氣象要素(欄位)9個字元
* 時間為當地時間(Local Time)
* yyyy:西元年
* mm:月
* dd:日
********************************************************************************
* 欄位標題說明:
* 極值發生時間欄位格式為 hhmmss 6位字元  其中 hh:小時(00~23時) mm:分鐘(00~59分) ss:秒(00~59秒)
*
* CD11 平均雲量(10分量)
* EP01 20cm箱外蒸發量(mm)
* EP04 20cm箱內蒸發量(mm)
* EP05 A型蒸發量(mm)
* GR01 全天空日射量(MJ/㎡)
* GR02 最大小時全天空日射量(MJ/㎡)
* GR03 最大小時全天空日射量時間
* PP01 降水量(mm)
* PP02 降水時數(hour)
* PP03 最大十分鐘降水量(mm)
* PP04 最大十分鐘降水量起始時間
* PP05 最大六十分鐘降水量(mm)
* PP06 最大六十分鐘降水量起始時間
* PS01 平均測站氣壓(hPa)                
* PS02 平均海平面氣壓(hPa)
* PS03 最高測站氣壓(hPa)                  
* PS04 最高測站氣壓時間
* PS05 最低測站氣壓(hPa)
* PS06 最低測站氣壓時間
* PS07 最高海平面氣壓(hPa)
* PS08 最高海平面氣壓時間
* PS09 最低海平面氣壓(hPa)
* PS10 最低海平面氣壓時間
* RH01 平均相對溼度(%)
* RH02 最大相對溼度(%)
* RH03 最大相對溼度時間
* RH04 最小相對溼度(%)
* RH05 最小相對溼度時間
* SD01 雪深(cm)
* SS01 日照時數(hour)
* SS02 日照率(%)
* ST01 天空狀況
* ST02 地面狀況
* ST03 雷暴
* ST04 液態降水1
* ST05 液態降水2
* ST06 固態降水1
* ST07 固態降水2
* ST08 固態降水3
* ST09 視障1
* ST10 視障2
* ST11 光象1
* ST12 光象2
* TB01 黑球溫度(℃)
* TD01 平均露點溫度(℃)
* TD02 最高露點溫度(℃)
* TD03 最高露點溫度時間
* TD04 最低露點溫度(℃)
* TD05 最低露點溫度時間
* TG01 最低草溫(℃)
* TS01 地表溫度0cm(℃)
* TS02 地中溫度5cm(℃)
* TS03 地中溫度10cm(℃)
* TS04 地中溫度20cm(℃)
* TS05 地中溫度30cm(℃)
* TS06 地中溫度50cm(℃)
* TS07 地中溫度100cm(℃)
* TS08 地中溫度200cm(℃)
* TS09 地中溫度300cm(℃)
* TS10 地中溫度500cm(℃)
* TW01 平均溼球溫度(℃)
* TX01 平均氣溫(℃)
* TX02 絕對最高氣溫(℃)
* TX03 絕對最高氣溫時間
* TX04 絕對最低氣溫(℃)
* TX05 絕對最低氣溫時間
* TX10 氣溫日較差(℃)
* VP01 平均水氣壓(hPa)
* VP02 最大水氣壓(hPa)
* VP03 最大水氣壓時間
* VP04 最小水氣壓(hPa)
* VP05 最小水氣壓時間
* VS01 平均能見度(km)
* WD01 平均風風速(m/s)
* WD02 平均風風向(360 degree)
* WD03 平均風程(m/s)
* WD04 最大平均風風速(m/s)
* WD05 最大平均風風向(360 degree)
* WD06 最大平均風時間
* WD07 最大瞬間風風速(m/s)
* WD08 最大瞬間風風向(360 degree)
* WD09 最大瞬間風時間
* UV01 紫外線指數
********************************************************************************
* 特殊值:
* -999.1:儀器故障待修
* -9.6/-999.6:資料累計於後
* -9.5/-99.5/-999.5/-999.5/-9999.5/-9995:因故障而無資料
* -9.7/-99.7/-999.7/-999.7/-9999.7/-9997:因不明原因而無資料
* -9.8:雨跡(Trace)
* None:未觀測而無資料
********************************************************************************
# stno yyyymmdd     PS01     PS02     PS03     PS04     PS05     PS06     TX01     TX02     TX03     TX04     TX05     TD01     RH01     RH04     RH05     WD01     WD02     WD07     WD08     WD09     PP01     PP02     PP03     PP04     PP05     PP06     SS01     SS02     GR01     VS01     EP05     UV01     UV03     CD11     TS01     TS02     TS03     TS04     TS05     TS06     TS07
467410 20130101   1016.3   1019.5   1018.5   091900   1014.3   145000     15.9     20.1   130300     11.4   010300      8.7       63       49   141600      3.4     30.0      9.1    360.0   135200      0.0      0.0      0.0     None      0.0     None      2.0     18.7    11.66      5.0     None     4.84   120000      8.0     None     None     None     None     None     None     None
467410 20130102   1015.9   1019.1   1017.5   095900   1014.0   153000     18.5     22.7   160500     15.0   031500     13.2       72       57   120900      4.2     20.0     12.8     20.0   135200      0.0      0.0      0.0     None      0.0     None      3.4     31.7    11.95      3.8     None     5.38   120000      8.0     None     None     None     None     None     None     None
467410 20130103   1017.6   1020.8   1018.9   091400   1016.2   145800     16.8     19.2   132100     14.5   235300     13.1       79       72   115200      4.9     20.0     12.8     20.0   164400      1.0      1.0      0.5   004300      0.5   004300      0.1      0.9     7.83      5.5     None     4.14   130000      9.5     None     None     None     None     None     None     None
467410 20130104   1015.1   1018.3   1018.0   000100   1012.4   152600     16.8     21.2   142500     13.5   043400     12.4       76       59   135400      4.5     20.0     11.5     30.0   012800      0.0      0.0      0.0     None      0.0     None      7.2     67.1    15.11      5.5     None     5.55   120000      7.9     None     None     None     None     None     None     None
467410 20130105   1013.0   1016.2   1014.5   080400   1010.9   142000     17.8     22.2   130700     15.7   225000     14.1       79       64   125600      5.3     20.0     13.9     40.0   145900      0.0      0.0      0.0     None      0.0     None      8.0     74.6    16.95      5.5     None     6.22   120000      4.5     None     None     None     None     None     None     None
467410 20130106   1013.3   1016.4   1015.2   085800   1011.1   143100     18.5     24.7   133400     15.1   045100     14.8       80       60   120900      4.3     20.0     10.5     20.0   193000      0.0      0.0      0.0     None      0.0     None      9.1     84.7    17.08      4.0     None     6.07   130000      3.5     None     None     None     None     None     None     None
467410 20130107   1012.7   1015.8   1015.0   090700   1010.2   152100     19.8     24.8   135600     17.5   011100     15.9       78       62   134200      4.2     20.0     11.4     10.0   033100      0.0      0.0      0.0     None      0.0     None      5.6     52.1    15.66      3.5     None     6.04   130000      8.5     None     None     None     None     None     None     None
467410 20130108   1012.6   1015.8   1014.7   090300   1010.5   151800     18.8     21.3   154300     17.2   232600     15.5       81       73   154300      4.6     20.0     12.0     30.0   024500      0.0      0.0      0.0     None      0.0     None      0.0      0.0     7.05      3.9     None     3.19   140000      9.1     None     None     None     None     None     None     None
467410 20130109   1014.0   1017.2   1015.4   225500   1012.0   145200     16.1     18.2   145300     13.9   221000     12.8       81       71   144300      5.3     20.0     13.0     20.0   174400      3.0      2.1      0.3   214000      1.6   213000      0.0      0.0     5.08      4.8     None     2.30   120000      9.8     None     None     None     None     None     None     None
467410 20130110   1015.3   1018.5   1017.2   085100   1013.8   145500     16.2     19.9   150400     14.2   235600     11.9       76       62   140900      5.0     20.0     11.9     20.0   081400      0.5      0.1      0.5   033000      0.5   033000      0.2      1.9     8.61      5.3     None     3.82   130000      8.3     None     None     None     None     None     None     None
467410 20130111   1015.8   1019.1   1017.8   083400   1014.3   151100     16.5     20.0   145600     13.0   064300     12.6       78       63   113300      4.1     20.0     11.4     20.0   195300      0.0      0.0      0.0     None      0.0     None      0.8      7.4     8.47      4.3     None     3.62   110000      6.9     None     None     None     None     None     None     None
467410 20130112   1012.8   1016.0   1016.4   001400   1010.5   181900     18.7     22.2   132200     16.2   000100     15.4       82       68   134600      4.8     20.0     11.9     10.0   003900      0.0      0.0      0.0     None      0.0     None      0.2      1.9    10.51      2.5     None     4.09   130000      9.6     None     None     None     None     None     None     None
467410 20130113   1008.9   1012.1   1010.8   000200   1006.3   142600     17.5     21.4   143100     15.0   235200     14.6       83       71   104100      5.8     20.0     19.4     20.0   180100      3.0      1.5      2.0   032200      2.5   031200      1.4     13.0     8.68      5.3     None     4.27   140000      6.3     None     None     None     None     None     None     None
467410 20130114   1014.2   1017.4   1016.8   232900   1009.9   000100     15.9     21.2   150100     13.1   234300      9.3       66       49   143700      5.1     20.0     17.9     10.0   020400      0.0      0.0      0.0     None      0.0     None      9.5     87.9    18.39      8.9     None     5.95   130000      0.6     None     None     None     None     None     None     None
467410 20130115   1017.3   1020.5   1019.0   075200   1015.2   143000     16.6     21.9   120700     12.6   054200     11.2       71       55   120200      2.1     20.0      7.5    320.0   143000      0.0      0.0      0.0     None      0.0     None      9.2     85.0    17.72      2.9     None     5.48   130000      0.3     None     None     None     None     None     None     None
467410 20130116   1018.0   1021.2   1019.7   084600   1015.6   134400     17.3     22.9   134600     14.4   020500     13.2       78       44   132800      3.6     30.0      8.9    320.0   141100      0.0      0.0      0.0     None      0.0     None      8.4     77.5    17.08      2.0     None     5.35   120000      2.8     None     None     None     None     None     None     None
467410 20130117   1019.7   1023.0   1021.4   235400   1017.8   135600     15.6     21.0   133000     12.0   231300     10.6       73       54   132800      5.3     20.0     17.1     20.0   163300      0.0      0.0      0.0     None      0.0     None      8.4     77.5    16.51      1.7     None     5.37   130000      1.0     None     None     None     None     None     None     None
467410 20130118   1021.5   1024.8   1024.2   091700   1019.2   144500     14.4     19.7   143800     11.0   053300      7.0       62       47   134200      4.3     20.0     12.3     30.0   000500      0.0      0.0      0.0     None      0.0     None      8.7     80.1    16.90      6.3     None     5.27   130000      0.9     None     None     None     None     None     None     None
467410 20130119   1019.6   1022.8   1021.8   092400   1016.9   150000     16.0     21.3   140500     11.6   053500     10.2       70       50   121400      2.6     30.0      7.1     20.0   230600      0.0      0.0      0.0     None      0.0     None      9.0     82.8    16.64      3.8     None     5.01   130000      1.4     None     None     None     None     None     None     None
467410 20130120   1018.6   1021.8   1021.4   090300   1016.1   150200     17.9     23.7   141200     14.4   055800     12.6       72       43   141200      3.1     30.0      8.1     30.0   011000      0.0      0.0      0.0     None      0.0     None      6.5     59.7    16.06      2.7     None     5.34   130000      4.3     None     None     None     None     None     None     None
467410 20130121   1017.0   1020.2   1018.8   091600   1015.2   151900     20.2     24.9   121700     16.2   065200     13.6       67       47   143400      1.6    350.0      6.0     20.0   151000      0.0      0.0      0.0     None      0.0     None      2.6     23.9    12.85      3.4     None     4.87   130000      5.0     None     None     None     None     None     None     None
467410 20130122   1015.7   1018.9   1018.1   090000   1013.7   145500     20.2     25.6   133300     17.1   234400     15.1       73       53   131700      2.7     20.0      9.3    360.0   155800      0.0      0.0      0.0     None      0.0     None      0.9      8.3    11.84      1.6     None     4.09   130000      7.8     None     None     None     None     None     None     None
467410 20130123   1015.0   1018.2   1017.5   090800   1012.6   154100     18.4     23.5   141200     16.1   235500     14.5       78       62   132500      4.2     20.0     10.1     30.0   070500      0.0      0.0      0.0     None      0.0     None      5.1     46.7    15.81      2.7     None     6.16   130000      6.5     None     None     None     None     None     None     None
467410 20130124   1014.0   1017.2   1015.8   092900   1012.4   142500     18.3     21.6   103300     15.9   053400     13.8       75       66   102300      3.1     20.0      8.2     20.0   180000      0.0      0.0      0.0     None      0.0     None      1.6     14.6     8.44      2.0     None     3.86   110000      7.3     None     None     None     None     None     None     None
467410 20130125   1014.2   1017.4   1015.6   094100   1012.6   143300     17.1     20.9   123700     14.4   230600     12.0       73       56   141800      5.2     20.0     14.3     30.0   035000      0.0      0.0      0.0     None      0.0     None      1.5     13.7    11.75      1.9     None     4.91   130000      6.9     None     None     None     None     None     None     None
467410 20130126   1015.0   1018.2   1016.9   093600   1012.8   150200     16.1     20.9   132500     13.5   045500     11.7       76       56   154500      4.7     20.0     10.8     10.0   075700      0.0      0.0      0.0     None      0.0     None      6.4     58.4    15.66      2.6     None     5.55   130000      1.5     None     None     None     None     None     None     None
467410 20130127   1016.6   1019.8   1018.4   203800   1014.8   144000     17.1     22.3   141800     14.7   005900     10.9       68       50   141700      4.3     20.0     11.5     20.0   150700      0.0      0.0      0.0     None      0.0     None      6.8     61.9    16.59      4.3     None     5.58   130000      5.6     None     None     None     None     None     None     None
467410 20130128   1018.0   1021.2   1019.8   090700   1016.9   142600     16.9     22.4   134100     12.7   063300     10.0       65       48   114600      3.1     20.0      7.4     30.0   035500      0.0      0.0      0.0     None      0.0     None      9.0     81.8    18.40      5.6     None     5.52   130000      2.4     None     None     None     None     None     None     None
467410 20130129   1018.7   1021.9   1020.2   094600   1017.2   144700     18.6     24.5   132400     14.3   062700     11.6       66       42   125100      2.9     20.0      8.7    350.0   142300      0.0      0.0      0.0     None      0.0     None      9.5     86.3    18.31      6.0     None     5.61   130000      0.6     None     None     None     None     None     None     None
467410 20130130   1019.3   1022.5   1021.3   090000   1017.5   153300     18.9     26.1   144500     13.8   050600     11.6       65       33   140300      2.6     30.0      8.7    340.0   164200      0.0      0.0      0.0     None      0.0     None      9.6     87.1    18.81      3.7     None     5.61   130000      0.8     None     None     None     None     None     None     None
467410 20130131   1018.6   1021.8   1020.5   090800   1016.6   145000     19.8     26.3   134000     15.0   064700     12.3       63       34   133000      2.5     30.0      8.0    310.0   150600      0.0      0.0      0.0     None      0.0     None      9.8     88.7    19.25      3.3     None     5.46   130000      0.9     None     None     None     None     None     None     None
467410 20130201   1016.9   1020.1   1018.8   100500   1015.2   152900     21.8     27.2   143900     17.1   043800     12.1       55       39   124400      2.3     20.0      8.5    360.0   123900      0.0      0.0      0.0     None      0.0     None      8.4     75.9    16.95      3.6     None     5.72   130000      3.6     None     None     None     None     None     None     None
467410 20130202   1016.5   1019.6   1018.1   094100   1014.6   150800     22.4     27.1   141400     19.4   225900     15.6       66       53   145800      2.6     20.0      8.2     30.0   092100      0.0      0.0      0.0     None      0.0     None      5.6     50.6    16.07      3.9     None     6.54   130000      6.5     None     None     None     None     None     None     None
467410 20130203   1016.2   1019.3   1019.5   093700   1013.1   155300     20.8     27.1   155300     18.7   094100     17.2       80       61   155300      3.1     30.0      9.3     20.0   181700      1.5      1.4      1.0   100000      1.4   091000      2.1     18.9    11.83      2.4     None     7.12   120000      8.0     None     None     None     None     None     None     None
467410 20130204   1015.5   1018.6   1017.0   073600   1013.5   144400     23.3     28.9   133400     18.9   000700     18.5       75       58   135000      2.1     30.0      7.3    290.0   150800      0.0      0.0      0.0     None      0.0     None      6.9     62.1    16.58      3.0     None     6.42   130000      7.5     None     None     None     None     None     None     None
467410 20130205   1014.8   1018.0   1017.1   092300   1013.2   145400     22.7     25.3   143700     20.1   092800     17.9       75       61   204100      3.0     20.0     10.0    360.0   160300      0.0      0.0      0.0     None      0.0     None      0.4      3.6     9.86      3.3     None     5.20   130000      6.8     None     None     None     None     None     None     None
467410 20130206   1013.3   1016.4   1015.0   083200   1011.4   144900     22.5     27.9   112700     19.2   235900     17.4       73       53   112600      3.1     20.0     10.1    340.0   152300      0.0      0.0      0.0     None      0.0     None      7.7     69.1    19.16      3.4     None     6.30   130000      4.3     None     None     None     None     None     None     None
467410 20130207   1011.8   1015.0   1013.4   075600   1009.5   150900     21.1     27.5   121400     18.1   233800     16.2       75       50   121400      4.2     20.0     12.7     20.0   172500      0.0      0.0      0.0     None      0.0     None      7.6     68.1    18.51      2.7     None     6.09   120000      5.4     None     None     None     None     None     None     None
467410 20130208   1014.8   1018.0   1017.5   213300   1012.5   021000     18.5     24.0   140500     14.9   235959     12.7       70       52   140400      5.1     20.0     12.8     40.0   080900      0.0      0.0      0.0     None      0.0     None      5.3     47.4    16.46      6.5     None     6.46   130000      8.1     None     None     None     None     None     None     None
467410 20130209   1017.2   1020.4   1018.6   085000   1015.4   154300     16.9     23.3   125400     13.5   051500     11.6       71       53   125400      4.4     20.0     11.3     30.0   151500      0.0      0.0      0.0     None      0.0     None      9.5     84.8    20.06      7.9     None     6.65   130000      2.4     None     None     None     None     None     None     None
467410 20130210   1016.3   1019.5   1018.0   091800   1014.2   152400     17.1     22.0   142600     14.3   052300     12.5       75       59   141500      4.4     20.0     11.7     20.0   085800      0.0      0.0      0.0     None      0.0     None      7.6     67.7    19.44      5.1     None     7.12   130000      3.4     None     None     None     None     None     None     None
467410 20130211   1016.1   1019.3   1018.2   091400   1014.4   150800     17.8     22.3   145600     15.2   014300     13.4       76       60   145200      4.1     20.0      9.9     20.0   230300      0.0      0.0      0.0     None      0.0     None      5.8     51.6    16.17      3.3     None     7.45   130000      4.4     None     None     None     None     None     None     None
467410 20130212   1015.7   1018.8   1017.5   092000   1014.0   144500     19.1     26.0   124200     15.9   025600     14.1       74       52   121900      4.5     20.0     11.5     10.0   164200      0.0      0.0      0.0     None      0.0     None      8.8     78.2    20.19      3.8     None     7.52   130000      4.1     None     None     None     None     None     None     None
467410 20130213   1015.3   1018.5   1017.2   084400   1013.7   152200     18.8     24.1   134500     15.1   051700     12.9       69       53   124800      4.2     20.0     10.9     10.0   042200      0.0      0.0      0.0     None      0.0     None      2.4     21.3    16.60      5.8     None     6.78   120000      7.8     None     None     None     None     None     None     None
467410 20130214   1013.7   1016.8   1015.6   075700   1011.6   154100     21.2     26.4   135800     16.9   064200     15.4       70       52   123500      3.1     30.0      8.9    350.0   133700      0.0      0.0      0.0     None      0.0     None      7.8     69.0    19.20      2.3     None     7.47   130000      5.1     None     None     None     None     None     None     None
467410 20130215   1013.2   1016.4   1014.7   093700   1011.1   150300     22.0     28.2   124400     15.8   235700     15.5       67       49   121600      4.2     20.0     13.0    350.0   230000      0.0      0.0      0.0     None      0.0     None      9.6     84.8    21.50      4.2     None     7.74   130000      3.0     None     None     None     None     None     None     None
467410 20130216   1014.7   1017.9   1016.8   090300   1012.8   153200     19.3     26.4   135600     15.7   001500     13.1       68       49   134200      3.9     20.0     11.7     20.0   001300      0.0      0.0      0.0     None      0.0     None      8.5     75.0    19.83      4.0     None     7.54   130000      3.3     None     None     None     None     None     None     None
467410 20130217   1012.5   1015.6   1014.5   000100   1010.3   145200     20.8     25.9   131700     17.0   055900     15.5       72       54   131600      2.3     30.0      7.1     30.0   070500      0.0      0.0      0.0     None      0.0     None      8.5     74.8    19.90      3.3     None     7.64   130000      3.1     None     None     None     None     None     None     None
467410 20130218   1010.5   1013.6   1012.2   092400   1008.3   153800     24.3     28.0   141400     20.0   054800     18.5       70       55   104500      2.4     50.0     10.5    220.0   164500      0.0      0.0      0.0     None      0.0     None      9.9     87.0    20.72      6.3     None     7.41   130000      3.0     None     None     None     None     None     None     None
467410 20130219   1011.7   1014.8   1014.8   235500   1009.6   043200     22.2     27.5   130900     14.9   230500     17.6       76       60   134600      3.8     20.0     14.5     40.0   221200      0.0      0.0      0.0     None      0.0     None      8.6     75.4    20.19      4.8     None     7.97   120000      5.1     None     None     None     None     None     None     None
467410 20130220   1015.5   1018.7   1017.5   231200   1013.3   145800     17.8     24.1   142500     14.6   030500     12.6       72       55   142300      4.9     20.0     13.0     30.0   010000      0.0      0.0      0.0     None      0.0     None      4.8     42.0    16.80      8.3     None     6.58   140000      5.0     None     None     None     None     None     None     None
467410 20130221   1016.2   1019.4   1018.5   092100   1013.7   153800     18.2     23.9   133100     15.3   044800     14.5       80       60   133000      4.6     20.0     10.2     20.0   224100      0.0      0.0      0.0     None      0.0     None      6.6     57.7    18.84      2.8     None     8.01   130000      4.0     None     None     None     None     None     None     None
467410 20130222   1017.2   1020.4   1019.0   224900   1015.5   141400     18.0     24.0   131400     15.0   073800     14.1       79       57   124800      5.3     20.0     13.4     20.0   181500      0.0      0.0      0.0     None      0.0     None      7.1     62.0    19.69      3.9     None     8.44   130000      5.8     None     None     None     None     None     None     None
467410 20130223   1018.1   1021.3   1020.1   093800   1015.7   143400     18.7     25.0   142000     15.7   020300     13.7       74       53   135400      4.2     20.0     12.7     20.0   001500      0.0      0.0      0.0     None      0.0     None      8.2     71.4    20.30      4.1     None     7.63   130000      2.5     None     None     None     None     None     None     None
467410 20130224   1017.7   1020.9   1019.3   100700   1015.6   150200     18.5     22.3   123500     16.1   233300     15.0       81       68   133600      2.5    330.0      7.8    320.0   160000      0.0      0.0      0.0     None      0.0     None      5.1     44.3    17.01      2.5     None     7.18   130000      4.0     None     None     None     None     None     None     None
467410 20130225   1016.3   1019.5   1018.5   000200   1014.2   154900     20.3     26.5   143400     15.9   014100     15.9       77       54   122400      2.2     30.0      7.2     20.0   021200      0.0      0.0      0.0     None      0.0     None      8.5     73.8    20.10      1.9     None     7.80   120000      3.4     None     None     None     None     None     None     None
467410 20130226   1013.5   1016.6   1015.8   100400   1011.7   152900     22.8     26.7   154400     18.3   022000     16.8       70       55   144600      1.7     30.0      6.3     30.0   115600      0.0      0.0      0.0     None      0.0     None      0.2      1.7    12.29      2.3     None     5.48   120000      8.4     None     None     None     None     None     None     None
467410 20130227   1010.9   1014.0   1012.8   090700   1009.0   152600     23.1     29.4   125300     18.4   235300     17.5       72       51   121100      3.5     20.0     10.6    360.0   143200      0.0      0.0      0.0     None      0.0     None      7.4     64.0    18.73      4.3     None     7.17   130000      4.6     None     None     None     None     None     None     None
467410 20130228   1011.0   1014.2   1012.5   090100   1009.5   150800     20.8     26.2   130400     17.5   043400     17.2       81       64   130000      2.7     40.0      8.3     40.0   002800      0.0      0.0      0.0     None      0.0     None      8.1     69.9    20.13      2.3     None     7.75   130000      5.0     None     None     None     None     None     None     None
467410 20130301   1011.8   1015.0   1013.6   233300   1009.6   140000     23.8     30.0   125800     19.1   023100     18.6       74       45   125700      2.2     40.0      8.1    260.0   133100      0.0      0.0      0.0     None      0.0     None      5.1     43.9    17.92      2.7     None     8.01   130000      6.4     None     None     None     None     None     None     None
467410 20130302   1016.2   1019.4   1018.7   224300   1013.1   005600     17.3     23.5   000100     14.6   215600     12.9       76       67   100600      5.2     30.0     12.2     20.0   083100      0.0      0.0      0.0     None      0.0     None      0.7      6.0    10.37      5.8     None     4.99   120000      9.6     None     None     None     None     None     None     None
467410 20130303   1018.1   1021.4   1020.1   091200   1016.5   141300     14.5     17.1   143200     13.4   223100     10.4       76       69   162900      4.8     30.0     10.9     20.0   185000      0.0      0.0      0.0     None      0.0     None      0.5      4.3     7.77      4.5     None     4.82   140000      9.0     None     None     None     None     None     None     None
467410 20130304   1018.2   1021.5   1019.9   093100   1016.6   143500     17.1     23.3   140200     13.2   012100      8.8       59       42   102700      3.3     20.0      9.7     40.0   025100      0.0      0.0      0.0     None      0.0     None      2.0     17.1    15.31      7.0     None     6.77   130000      5.8     None     None     None     None     None     None     None
467410 20130305   1019.0   1022.2   1020.6   091900   1017.3   151800     19.0     24.1   132100     15.2   030300     12.5       67       54   130700      2.1     20.0      9.4    330.0   154200      0.0      0.0      0.0     None      0.0     None      9.1     77.8    22.72      4.6     None     7.61   130000      1.8     None     None     None     None     None     None     None
467410 20130306   1017.7   1020.9   1019.9   085600   1015.5   150900     20.0     25.2   124300     16.7   041200     12.9       65       39   140000      2.2     10.0      8.3    320.0   145600      0.0      0.0      0.0     None      0.0     None     10.2     87.0    24.06      5.2     None     7.93   130000      0.1     None     None     None     None     None     None     None
467410 20130307   1016.1   1019.2   1018.1   092700   1013.6   152600     20.6     25.8   140200     16.4   034300     12.3       61       31   122500      2.5     50.0      8.6    360.0   140600      0.0      0.0      0.0     None      0.0     None     10.7     91.1    24.79      4.4     None     8.29   130000      0.0     None     None     None     None     None     None     None
467410 20130308   1014.1   1017.3   1016.2   090000   1011.9   152400     21.9     26.5   125400     17.9   062600     13.1       58       39   133600      1.9    290.0      6.8    280.0   121300      0.0      0.0      0.0     None      0.0     None     10.0     85.0    23.43      4.4     None     7.74   130000      0.3     None     None     None     None     None     None     None
467410 20130309   1012.3   1015.4   1013.8   000100   1010.5   151000     23.3     27.1   123600     19.5   055500     15.8       63       51   113900      1.4    280.0      8.8    240.0   115100      0.0      0.0      0.0     None      0.0     None     10.3     87.4    23.91      6.0     None     7.61   130000      0.5     None     None     None     None     None     None     None
467410 20130310   1012.0   1015.1   1014.0   233100   1009.7   144900     24.1     28.8   135800     20.2   055300     17.5       68       50   143500      2.8     30.0     11.4     30.0   235900      0.0      0.0      0.0     None      0.0     None     10.3     87.2    23.59      9.5     None     8.16   130000      1.6     None     None     None     None     None     None     None
467410 20130311   1013.3   1016.5   1015.2   091300   1011.4   155700     22.0     27.0   133100     18.6   061600     16.4       71       55   130100      4.8     30.0     12.5     30.0   013700      0.0      0.0      0.0     None      0.0     None      9.9     83.7    23.93      3.8     None     8.22   130000      2.6     None     None     None     None     None     None     None
467410 20130312   1012.2   1015.3   1014.6   085900   1009.5   154700     23.2     29.8   135600     18.7   013800     17.2       70       50   131400      3.2     10.0      8.9     30.0   082400      0.0      0.0      0.0     None      0.0     None      8.8     74.2    23.17      4.4     None     8.32   130000      3.0     None     None     None     None     None     None     None
467410 20130313   1011.3   1014.4   1013.0   234400   1009.8   191200     24.7     29.6   105600     21.8   035300     19.8       75       58   104800      2.9     40.0     12.4     10.0   231600      0.0      0.0      0.0     None      0.0     None      5.5     46.3    16.95      4.0     None     7.02   130000      6.1     None     None     None     None     None     None     None
467410 20130314   1015.3   1018.5   1018.2   232200   1012.8   034700     19.9     24.1   150300     16.9   061900     14.0       70       56   150300      4.4     30.0     12.7     30.0   002400      0.0      0.0      0.0     None      0.0     None      0.3      2.5    10.99      5.8     None     4.26   130000      9.6     None     None     None     None     None     None     None
467410 20130315   1017.2   1020.4   1019.1   093600   1015.5   154700     20.7     25.8   125900     17.2   050700     14.3       67       53   122400      3.1     20.0      9.7    340.0   140600      0.0      0.0      0.0     None      0.0     None      6.5     54.5    19.48      3.8     None     6.43   130000      3.6     None     None     None     None     None     None     None
467410 20130316   1015.8   1019.0   1018.2   082200   1013.8   154700     21.9     26.6   132700     17.6   033000     16.9       74       56   105700      3.1     40.0     10.7    350.0   135700      0.0      0.0      0.0     None      0.0     None      9.3     77.9    22.98      2.8     None     7.48   120000      0.8     None     None     None     None     None     None     None
467410 20130317   1010.8   1014.0   1015.0   000900   1007.2   154600     24.0     29.2   122200     19.7   042800     18.8       74       51   121500      1.9     40.0      8.0    220.0   133400      0.0      0.0      0.0     None      0.0     None      9.4     78.5    21.89      3.6     None     6.47   130000      0.8     None     None     None     None     None     None     None
467410 20130318   1007.9   1011.0   1009.2   213500   1006.3   031900     25.3     28.8   113600     23.8   233400     21.1       78       63   103900      2.0    310.0      8.1    310.0   121600      0.5      0.4      0.5   060300      0.5   060300      3.3     27.5    16.54      8.9     None     6.52   120000      6.0     None     None     None     None     None     None     None
467410 20130319   1009.4   1012.5   1011.3   213600   1007.5   153000     25.0     28.0   105300     23.1   042900     21.1       79       65   111000      2.2    220.0      8.8    270.0   124900      0.0      0.0      0.0     None      0.0     None      5.1     42.5    17.52      8.0     None     5.44   120000      4.4     None     None     None     None     None     None     None
467410 20130320   1010.1   1013.2   1012.1   093700   1007.4   044200     25.5     29.3   112000     22.6   053500     20.9       77       57   100400      2.2    180.0      7.5    320.0   144500      0.0      0.0      0.0     None      0.0     None      7.4     61.5    20.94      8.0     None     7.59   130000      2.9     None     None     None     None     None     None     None
467410 20130321   1011.1   1014.2   1013.3   092600   1009.3   142900     22.4     25.2   115500     20.5   062700     18.5       79       64   115300      3.6     30.0     10.7     10.0   114000      0.0      0.0      0.0     None      0.0     None      0.8      6.6     9.42      3.4     None     4.46   110000      7.4     None     None     None     None     None     None     None
467410 20130322   1010.3   1013.4   1012.3   084600   1008.7   155000     24.9     31.6   140100     20.0   025600     19.4       73       49   125700      2.5     40.0      7.5     30.0   073500      0.0      0.0      0.0     None      0.0     None      9.2     76.1    24.14      4.9     None     8.16   130000      2.4     None     None     None     None     None     None     None
467410 20130323   1008.7   1011.8   1010.5   074100   1006.6   153800     26.6     31.8   121000     23.3   060900     21.1       72       54   113800      1.7    330.0      8.0    270.0   122600      0.0      0.0      0.0     None      0.0     None     10.0     82.6    24.41      8.0     None     8.49   120000      3.8     None     None     None     None     None     None     None
467410 20130324   1007.5   1010.6   1009.9   085400   1005.0   042600     25.9     30.2   122300     23.6   061700     21.3       76       60   171800      2.5     20.0      8.0     30.0   234200      0.0      0.0      0.0     None      0.0     None      3.1     25.6    16.67      7.5     None     7.84   130000      6.8     None     None     None     None     None     None     None
467410 20130325   1009.7   1012.8   1011.8   215800   1007.2   033100     23.5     29.0   130000     19.5   064500     17.2       69       48   124700      3.9     30.0      9.7     20.0   012700      0.0      0.0      0.0     None      0.0     None      5.7     46.9    19.98      5.3     None     6.21   120000      6.3     None     None     None     None     None     None     None
467410 20130326   1009.6   1012.8   1011.4   235900   1007.5   153000     23.3     28.3   123400     19.0   224000     17.3       69       57   123400      3.0     30.0     12.9     50.0   224600      0.0      0.0      0.0     None      0.0     None      7.0     57.5    21.06      4.5     None     6.51   130000      8.8     None     None     None     None     None     None     None
467410 20130327   1009.2   1012.4   1011.7   001600   1006.6   041900     23.8     28.7   135500     19.4   003400     18.4       72       56   134700      4.0     30.0     12.4     40.0   010800      2.5      2.0      1.0   004700      1.5   003000     10.5     86.1    24.84      9.9     None     8.08   130000      3.5     None     None     None     None     None     None     None
467410 20130328   1010.0   1013.1   1012.8   234800   1007.1   150700     24.3     31.8   130900     20.8   061500     18.4       70       48   130900      3.1     30.0     13.3     50.0   195000      1.0      0.5      0.5   233600      1.0   233000      8.2     67.1    20.91      4.5     None     5.80   130000      5.6     None     None     None     None     None     None     None
467410 20130329   1010.0   1013.1   1012.7   001600   1008.0   024300     24.0     29.3   130100     20.2   234800     18.2       70       55   122400      3.8     20.0     11.5     30.0   215400      0.5      0.1      0.5   000100      0.5   000100      6.8     55.5    20.37      8.4     None     6.96   130000      8.1     None     None     None     None     None     None     None
467410 20130330   1010.4   1013.5   1012.0   225600   1008.1   175000     23.0     27.6   130700     18.8   043500     17.6       72       58   130000      3.3     20.0     11.6     30.0   232700      0.0      0.0      0.0     None      0.0     None      7.4     60.3    22.18      4.0     None     7.37   130000      5.0     None     None     None     None     None     None     None
467410 20130331   1011.3   1014.4   1012.8   074100   1009.8   150200     22.6     26.8   141100     20.5   064300     18.8       79       64   151000      3.9     30.0     10.3     30.0   005500      1.0      1.5      0.5   054800      0.5   054800      0.6      4.9    10.64      5.4     None     4.07   150000      8.6     None     None     None     None     None     None     None
467410 20130401   1011.4   1014.5   1013.3   100900   1009.3   151000     23.6     29.2   145400     20.2   041800     19.0       76       56   145300      3.4     30.0      9.9     40.0   122000     -9.8      0.1     -9.8   050500     -9.8   050500      4.4     35.7    17.70      5.6     None     6.92   140000      3.9     None     None     None     None     None     None     None
467410 20130402   1010.1   1013.2   1012.2   000100   1007.6   143500     24.8     29.4   135900     21.4   044600     19.4       73       56   135900      3.6     30.0     12.3    360.0   163000      0.0      0.0      0.0     None      0.0     None      8.0     64.9    22.55      2.5     None     6.84   120000      4.5     None     None     None     None     None     None     None
467410 20130403   1008.8   1012.0   1011.0   085100   1006.7   143200     22.9     27.7   144300     20.5   065300     18.8       78       64   145100      2.7     20.0      9.2     50.0   010400     11.5      1.9      4.5   063100     10.0   063100      2.3     18.6    13.69      3.0     None     5.39   120000      9.1     None     None     None     None     None     None     None
467410 20130404   1005.7   1008.8   1008.5   012100   1003.2   163800     23.8     29.8   125200     20.3   034600     20.4       82       60   123600      2.7     40.0     11.7    330.0   012300      1.2      1.0      0.5   020500      1.0   020500      3.7     29.9    17.73      3.3     None     6.87   120000      8.6     None     None     None     None     None     None     None
467410 20130405   1002.8   1005.9   1005.7   105700   1000.0   162100     24.4     26.4   083400     22.8   134500     22.4       89       73   170400      3.0    170.0     18.2    240.0   235000     67.5     10.2     15.5   184000     24.0   182700      0.2      1.6     4.49      6.3     None     1.33   150000      9.9     None     None     None     None     None     None     None
467410 20130406   1002.8   1005.9   1007.3   220100    999.6   013800     22.3     25.7   121900     17.7   230300     19.4       84       65   234200      4.1     20.0     18.8     30.0   212300     10.0      1.9      5.5   000100      9.5   000100      0.0      0.0     4.33      7.8     None     2.16   130000      7.3     None     None     None     None     None     None     None
467410 20130407   1009.1   1012.2   1011.4   225600   1006.3   031900     18.8     22.2   133500     15.7   065700     10.7       60       52   061100      3.5     30.0     15.5     30.0   000300      0.0      0.0      0.0     None      0.0     None      0.2      1.6    11.45      8.3     None     4.42   110000      8.5     None     None     None     None     None     None     None
467410 20130408   1010.6   1013.7   1012.4   074400   1008.6   140300     22.2     27.0   130600     18.5   053800     16.2       69       53   130600      2.2     40.0      8.2     40.0   080100      0.0      0.0      0.0     None      0.0     None      6.6     52.9    19.46      4.1     None     5.10   120000      4.9     None     None     None     None     None     None     None
467410 20130409   1011.7   1014.9   1013.7   201000   1010.0   141600     22.1     28.2   125800     19.7   194900     18.1       79       56   125800      3.5     30.0     14.9     40.0   173400      9.5      3.6      3.0   193000      7.0   193000      1.8     14.4    12.62      2.9     None     4.33   120000      7.5     None     None     None     None     None     None     None
467410 20130410   1012.6   1015.8   1014.2   094200   1010.9   141600     20.9     24.2   114000     18.7   062100     16.1       75       62   150700      4.2     30.0     11.1     20.0   015200      0.0      0.0      0.0     None      0.0     None      2.4     19.2    17.14      4.5     None     5.86   120000      7.6     None     None     None     None     None     None     None
467410 20130411   1013.0   1016.1   1014.3   221500   1011.5   165000     21.1     24.3   132400     19.0   024000     15.9       72       63   092000      3.0     20.0     10.6     50.0   135200      0.0      0.0      0.0     None      0.0     None      0.0      0.0    11.28      4.5     None     3.79   120000      9.1     None     None     None     None     None     None     None
467410 20130412   1014.4   1017.6   1016.1   090400   1013.0   160700     19.8     22.8   140800     18.5   062900     16.3       81       67   140800      3.7     30.0     10.4     30.0   114400      0.0      0.0      0.0     None      0.0     None      0.8      6.4     9.89      2.6     None     4.51   140000      8.8     None     None     None     None     None     None     None
467410 20130413   1013.0   1016.2   1014.8   094500   1011.6   162200     21.7     24.2   113600     18.8   000100     17.4       77       70   094500      1.6     30.0      7.1    340.0   140600      0.0      0.0      0.0     None      0.0     None      0.0      0.0     8.33      5.1     None     3.48   120000      7.8     None     None     None     None     None     None     None
467410 20130414   1010.1   1013.2   1012.7   000100   1008.2   224300     22.2     25.0   130400     21.2   010600     18.4       79       73   123600      2.3     30.0      7.6     30.0   173200      0.0      0.0      0.0     None      0.0     None      0.9      7.1     8.70      5.3     None     3.28   130000      7.0     None     None     None     None     None     None     None
467410 20130415   1008.3   1011.4   1009.8   083300   1006.5   151300     24.2     28.7   132600     20.2   022600     18.9       73       58   132600      1.5    320.0      6.4    320.0   134800      0.0      0.0      0.0     None      0.0     None      5.1     40.4    19.98      7.3     None     6.74   140000      4.9     None     None     None     None     None     None     None
467410 20130416   1006.7   1009.8   1008.1   000100   1004.6   153100     25.7     29.0   121200     23.2   033300     20.3       73       59   100200      1.9    210.0      9.9    210.0   142200      0.0      0.0      0.0     None      0.0     None      4.6     36.4    16.48      5.0     None     4.70   130000      5.5     None     None     None     None     None     None     None
467410 20130417   1006.4   1009.5   1007.8   091200   1005.4   145600     26.5     30.7   124700     23.7   035000     20.8       71       56   121500      1.7    310.0      7.2    310.0   135600      0.0      0.0      0.0     None      0.0     None      2.7     21.3    16.82      5.6     None     6.71   130000      6.0     None     None     None     None     None     None     None
467410 20130418   1006.8   1009.9   1008.5   073500   1005.4   162300     26.8     30.0   130000     25.4   031500     22.1       76       63   124600      1.4    260.0      6.0    280.0   132600     -9.8      0.5     -9.8   075200     -9.8   075200      2.5     19.7    16.16      7.4     None     7.60   130000      7.1     None     None     None     None     None     None     None
467410 20130419   1007.5   1010.6   1009.5   215200   1005.8   032800     25.4     27.1   094100     23.6   235500     22.6       84       71   092200      2.0     30.0      5.6    340.0   171800      1.0      3.9      0.5   110100      0.5   101100      0.0      0.0     6.49      5.0     None     2.74   140000      7.4     None     None     None     None     None     None     None
467410 20130420   1008.4   1011.5   1010.6   222500   1006.9   153100     26.7     31.6   120400     22.9   012000     21.8       75       56   120300      1.4     40.0      7.4    310.0   143100      0.0      0.0      0.0     None      0.0     None      6.8     53.4    22.78      4.9     None    11.98   130000      6.5     None     None     None     None     None     None     None
467410 20130421   1010.9   1014.1   1013.5   222100   1009.0   030200     22.9     27.0   000100     19.6   232800     18.6       77       68   140600      3.4     30.0      8.6     30.0   102400     -9.8      0.3     -9.8   011200     -9.8   011000      1.0      7.8    16.04      4.4     None     6.84   130000      8.9     None     None     None     None     None     None     None
467410 20130422   1012.7   1015.9   1014.4   080600   1010.6   151900     23.1     28.2   122900     18.6   043100     17.4       71       58   142600      2.2     30.0      6.2     30.0   033000      0.0      0.0      0.0     None      0.0     None      4.3     33.7    20.24      3.9     None     8.56   120000      7.8     None     None     None     None     None     None     None
467410 20130423   1011.7   1014.8   1013.8   082600   1009.4   152700     26.0     30.9   135700     22.5   025900     19.7       69       45   143700      2.1     40.0      7.9    220.0   144600      0.0      0.0      0.0     None      0.0     None      7.0     54.7    22.84      6.3     None     9.09   120000      5.9     None     None     None     None     None     None     None
467410 20130424   1009.8   1012.9   1011.8   094300   1007.4   165400     27.1     30.3   111600     25.0   042600     22.3       76       61   092700      2.4     30.0      7.6    330.0   184800      0.0      0.0      0.0     None      0.0     None     10.7     83.5    26.04     10.1     None     9.58   120000      4.6     None     None     None     None     None     None     None
467410 20130425   1008.7   1011.8   1009.8   064600   1006.7   165100     26.0     30.2   093200     23.3   234300     20.8       74       58   093200      3.3     30.0     11.1     30.0   143100      0.0      0.0      0.0     None      0.0     None      4.8     37.4    20.80      6.3     None    10.35   120000      5.1     None     None     None     None     None     None     None
467410 20130426   1009.7   1012.8   1011.6   210500   1008.3   154700     23.9     27.0   123200     21.8   214600     20.4       81       67   150600      2.4     10.0      7.4    210.0   172500      7.0      6.5      2.5   023800      3.5   015300      0.2      1.6     8.23      4.5     None     3.86   110000      9.5     None     None     None     None     None     None     None
467410 20130427   1010.7   1013.8   1012.2   104500   1009.0   033100     22.5     23.7   073200     21.4   113100     20.3       87       77   092400      0.9     60.0      5.1     20.0   083400      4.0      4.1      0.5   110200      1.0   103900      0.0      0.0     3.42      2.1     None     1.73   140000      9.3     None     None     None     None     None     None     None
467410 20130428   1010.6   1013.7   1012.2   091800   1008.8   154400     25.3     30.0   144000     21.5   052800     20.3       75       59   132700      2.5     40.0      8.6    340.0   154000      0.0      0.0      0.0     None      0.0     None      8.8     68.3    25.11      6.4     None     8.50   130000      5.4     None     None     None     None     None     None     None
467410 20130429   1009.9   1013.0   1011.6   084000   1008.0   155200     26.8     31.4   124300     23.2   051600     20.6       70       52   120600      1.7    340.0      9.0    330.0   140100      0.0      0.0      0.0     None      0.0     None     10.6     82.1    25.46      7.6     None     8.59   130000      2.6     None     None     None     None     None     None     None
467410 20130430   1007.2   1010.2   1009.4   000100   1005.1   152400     27.5     31.3   112200     24.5   060400     22.6       75       60   101100      2.4    220.0      9.6    220.0   112300      0.0      0.0      0.0     None      0.0     None     10.0     77.3    27.32      9.9     None    11.45   130000      4.1     None     None     None     None     None     None     None
467410 20130501   1005.3   1008.4   1007.1   214000   1002.7   030800     24.9     27.8   100500     22.0   185700     20.6       77       64   142500      3.1    190.0     10.6    360.0   142800      5.5      0.4      5.0   040700      5.5   033000      3.9     30.1    17.00     11.6     None     7.35   130000      6.6     None     None     None     None     None     None     None
467410 20130502   1007.6   1010.7   1008.8   092600   1006.1   031900     22.7     23.9   070200     21.5   231500     19.6       83       70   025300      1.3    200.0      6.5    210.0   000500      5.5      8.4      0.5   081900      1.5   221700      0.0      0.0     4.02      8.0     None     1.70   130000      9.1     None     None     None     None     None     None     None
467410 20130503   1008.6   1011.7   1010.4   212600   1007.0   034000     23.4     25.9   111200     21.5   001300     20.7       85       76   115400      1.6     10.0      6.8     40.0   161300      1.0      0.9      0.5   061000      0.5   061000      0.0      0.0     8.53      4.1     None     3.07   110000      8.1     None     None     None     None     None     None     None
467410 20130504   1010.7   1013.8   1012.8   215300   1008.8   042400     24.9     29.1   111000     22.1   014100     20.7       78       62   115100      2.2     30.0      7.3     20.0   180200      0.0      0.0      0.0     None      0.0     None      0.6      4.6    15.57      3.8     None     6.59   130000      9.0     None     None     None     None     None     None     None
467410 20130505   1011.3   1014.4   1013.1   092600   1009.7   163700     26.0     30.2   133500     23.1   052200     21.8       78       62   133500      2.8     20.0      7.1    340.0   152000      0.0      0.0      0.0     None      0.0     None      1.7     13.1    18.20      7.1     None     6.97   130000      8.1     None     None     None     None     None     None     None
467410 20130506   1010.2   1013.3   1011.8   084000   1008.3   153600     26.1     29.5   131000     24.3   031500     22.2       80       67   131000      2.7     20.0      8.2    330.0   144200      0.0      0.0      0.0     None      0.0     None      3.7     28.4    19.55      4.8     None     9.91   130000      7.1     None     None     None     None     None     None     None
467410 20130507   1009.4   1012.5   1010.9   080900   1007.8   165300     25.9     29.1   134400     23.8   015300     22.0       80       68   151200      2.4     30.0      8.3    330.0   164000      0.0      0.0      0.0     None      0.0     None      0.7      5.4    14.82      1.9     None     5.58   140000      9.0     None     None     None     None     None     None     None
467410 20130508   1009.1   1012.2   1010.5   083900   1008.0   161900     26.8     30.8   113800     24.4   023200     22.2       77       61   132700      1.8    350.0      7.3    270.0   134200     -9.8      0.2     -9.8   053000     -9.8   053000      2.4     18.4    20.26      6.3     None     8.87   120000      8.3     None     None     None     None     None     None     None
467410 20130509   1008.3   1011.4   1009.9   090800   1006.3   155100     27.8     31.9   110400     25.4   055000     22.3       73       58   104500      1.4    250.0      6.8    290.0   134100      0.0      0.0      0.0     None      0.0     None      3.1     23.7    19.93      4.4     None     9.69   130000      8.6     None     None     None     None     None     None     None
467410 20130510   1005.8   1008.9   1008.3   000100   1003.5   163500     28.7     32.1   123300     26.4   043300     23.2       72       64   232400      2.5    220.0      9.6    230.0   105900      0.0      0.0      0.0     None      0.0     None     10.8     82.4    27.80      9.4     None    11.72   120000      5.5     None     None     None     None     None     None     None
467410 20130511   1004.7   1007.7   1006.9   220900   1003.2   163500     28.3     31.6   103700     26.7   202900     22.7       72       60   110600      1.9    300.0      9.5    270.0   120000      0.0      0.0      0.0     None      0.0     None      6.4     48.7    21.81     15.6     None    10.77   120000      5.3     None     None     None     None     None     None     None
467410 20130512   1006.1   1009.2   1007.8   104900   1004.7   034800     26.3     27.4   085500     25.0   110600     23.6       85       74   000100      1.7    200.0      7.5    190.0   100100     10.0      4.9      2.0   114100      5.5   105100      0.0      0.0     5.06      9.5     None     3.08   150000      9.8     None     None     None     None     None     None     None
467410 20130513   1005.6   1008.6   1006.5   221500   1004.1   163500     27.8     31.8   154600     25.1   045000     23.8       79       64   154400      2.3    330.0      7.8    230.0   103300      2.0      0.5      1.5   114500      2.0   114500      8.7     66.1    23.96     13.0     None     9.49   130000      5.8     None     None     None     None     None     None     None
467410 20130514   1005.3   1008.4   1006.4   095700   1003.9   162400     27.9     31.1   110300     25.7   045900     23.9       80       66   105200      2.2    250.0      7.6    270.0   133600      0.0      0.0      0.0     None      0.0     None      6.2     47.0    22.72     12.4     None     8.88   120000      4.5     None     None     None     None     None     None     None
467410 20130515   1004.9   1008.0   1006.1   111700   1003.3   161500     28.8     32.5   103500     26.1   030300     23.6       74       61   093800      3.5    210.0     10.4    210.0   145700      0.0      0.0      0.0     None      0.0     None      6.7     50.8    23.87     14.3     None    11.17   120000      5.0     None     None     None     None     None     None     None
467410 20130516   1005.4   1008.5   1006.7   104700   1003.5   035700     27.1     29.0   142100     25.5   084000     24.5       86       79   000500      3.1    150.0      9.5    160.0   153400     12.5      2.2      3.5   082800     11.0   075100      0.5      3.8     8.54     12.8     None     7.11   140000      7.8     None     None     None     None     None     None     None
467410 20130517   1005.8   1008.9   1007.0   220200   1004.3   155200     26.9     29.9   145000     24.3   034700     24.4       87       72   145100      1.9    170.0     14.9    210.0   033800     96.5      5.2     17.0   065300     69.0   060700      0.7      5.3     9.59     10.9     None     5.90   140000      7.9     None     None     None     None     None     None     None
467410 20130518   1005.3   1008.4   1006.6   122700   1004.0   171200     26.5     27.5   090600     25.2   124900     25.0       92       85   174300      2.0    150.0      7.5    170.0   114600     67.5      5.6     12.5   110800     38.0   110100      0.3      2.3     4.76      9.8     None     2.28   100000      9.6     None     None     None     None     None     None     None
467410 20130519   1004.1   1007.2   1005.2   112800   1002.9   171600     26.5     28.7   100400     24.2   121000     24.4       88       81   153100      2.6    110.0     12.5    320.0   110700     24.5      4.4      5.0   115400     12.0   111200      0.1      0.8     7.15      7.6     None     2.89   150000      9.0     None     None     None     None     None     None     None
467410 20130520   1004.0   1007.1   1005.6   095100   1002.5   154900     27.8     31.2   131500     25.6   204800     25.0       85       76   105500      2.6    210.0     11.3    220.0   150500     29.0      4.1      6.0   194000     15.0   194000      3.1     23.4    17.79      9.4     None     9.08   120000      8.9     None     None     None     None     None     None     None
467410 20130521   1005.5   1008.5   1008.2   194300   1003.3   022200     27.0     30.2   094900     25.2   014600     24.4       86       68   102100      2.6    170.0      8.5    170.0   035700     15.0      5.0      7.0   014000     12.0   012100      1.4     10.5    11.12      9.3     None     5.61   100000      9.0     None     None     None     None     None     None     None
467410 20130522   1005.6   1008.7   1007.0   223300   1004.2   034800     27.1     31.8   104900     24.5   125400     23.9       83       68   083500      3.6    160.0     20.7    200.0   124200      9.5      1.9      5.0   124400      7.5   124000      3.1     23.3    13.25     10.8     None     8.89   120000      8.3     None     None     None     None     None     None     None
467410 20130523   1007.1   1010.2   1008.6   220400   1005.8   165800     28.1     31.6   130800     25.7   044100     23.6       77       62   143700      1.8    140.0      6.4    270.0   122700      0.5      0.3      0.5   083100      0.5   083100      4.0     30.1    19.55     13.3     None    10.71   130000      7.8     None     None     None     None     None     None     None
467410 20130524   1007.2   1010.3   1008.8   083200   1005.3   162100     28.6     33.2   134100     26.4   234300     23.5       74       59   125000      2.5     20.0      8.7    360.0   153900      0.0      0.0      0.0     None      0.0     None      9.0     67.6    26.69     13.4     None     9.82   130000      3.8     None     None     None     None     None     None     None
467410 20130525   1007.5   1010.6   1008.7   213100   1006.3   160000     28.1     32.1   125800     25.9   035400     23.4       76       60   131300      1.4    300.0      7.2    310.0   134900      0.0      0.0      0.0     None      0.0     None      7.7     57.7    24.74      9.3     None    10.09   130000      5.6     None     None     None     None     None     None     None
467410 20130526   1007.0   1010.1   1007.9   000100   1006.1   161100     27.9     30.8   102700     26.1   051800     23.3       76       67   100400      2.2    160.0      7.4    240.0   120500      0.0      0.0      0.0     None      0.0     None      5.0     37.5    16.67     11.0     None     7.78   110000      4.5     None     None     None     None     None     None     None
467410 20130527   1006.5   1009.6   1007.6   202100   1005.2   155400     29.3     33.3   121000     25.9   045400     23.6       72       57   143300      3.0    220.0      8.1    220.0   131900      0.0      0.0      0.0     None      0.0     None     10.4     77.9    28.35     16.5     None    11.40   130000      4.3     None     None     None     None     None     None     None
467410 20130528   1008.2   1011.2   1010.3   224300   1006.2   025600     29.0     32.5   085800     25.9   094800     24.2       76       61   170600      1.8    190.0     11.8    250.0   092600      7.0      1.4      5.5   093900      6.5   093700      3.8     28.4    14.75     13.1     None     5.20   120000      6.8     None     None     None     None     None     None     None
467410 20130529   1009.1   1012.1   1010.8   100700   1007.6   163100     30.0     33.2   154300     27.5   043800     24.5       73       60   160000      2.0    280.0      7.5    250.0   134900      0.0      0.0      0.0     None      0.0     None     11.2     83.7    29.78     17.0     None    11.03   120000      4.6     None     None     None     None     None     None     None
467410 20130530   1008.5   1011.6   1010.1   000100   1006.9   155400     29.7     32.9   100600     27.2   052700     24.3       73       61   095100      1.9    250.0      8.5    270.0   124000      0.0      0.0      0.0     None      0.0     None      9.1     68.0    26.36     11.9     None     9.86   120000      5.6     None     None     None     None     None     None     None
467410 20130531   1007.1   1010.1   1008.5   000200   1005.7   154400     29.9     33.4   124300     27.0   053000     24.2       72       58   135500      1.8    260.0      6.9    260.0   140200      0.0      0.0      0.0     None      0.0     None     11.6     86.6    28.76     14.5     None     9.68   130000      3.0     None     None     None     None     None     None     None
467410 20130601   1005.4   1008.5   1007.1   085200   1003.8   163400     29.7     32.8   140600     27.5   052200     24.2       73       59   140400      2.2    270.0      7.9    280.0   112500      0.0      0.0      0.0     None      0.0     None     11.6     86.5    29.76     20.6     None    10.26   120000      2.3     None     None     None     None     None     None     None
467410 20130602   1004.0   1007.1   1005.9   095000   1002.3   160100     29.4     32.5   123700     26.8   051300     23.7       72       54   130600      1.9    250.0      7.0    220.0   100500      0.0      0.0      0.0     None      0.0     None     11.8     87.9    30.56     13.9     None    10.16   130000      2.6     None     None     None     None     None     None     None
467410 20130603   1004.9   1008.0   1006.9   224000   1003.4   020600     30.1     33.6   112200     27.4   051200     24.7       73       57   104700      1.8    240.0      7.5    220.0   141800      0.0      0.0      0.0     None      0.0     None     12.3     91.6    27.95     14.3     None     9.66   120000      6.0     None     None     None     None     None     None     None
467410 20130604   1007.6   1010.6   1009.0   220000   1006.2   152500     29.8     33.3   153000     27.4   235200     24.1       72       57   130500      2.3    260.0      8.0    260.0   125400      0.0      0.0      0.0     None      0.0     None      7.5     55.8    26.43      6.3     None     9.15   130000      6.0     None     None     None     None     None     None     None
467410 20130605   1008.7   1011.7   1009.7   094200   1007.0   155600     29.3     33.0   143300     27.0   040000     23.7       72       60   132400      2.2     10.0      9.2     30.0   160000      0.0      0.0      0.0     None      0.0     None      2.1     15.6    16.94      5.5     None     5.87   120000      5.8     None     None     None     None     None     None     None
467410 20130606   1007.7   1010.8   1009.4   000200   1006.4   155400     29.8     33.7   144300     26.8   041000     23.1       68       51   142300      1.7     30.0      7.2    250.0   100800      0.0      0.0      0.0     None      0.0     None     10.2     75.8    26.69      6.0     None     8.65   120000      4.4     None     None     None     None     None     None     None
467410 20130607   1004.8   1007.8   1006.9   000100   1002.9   155200     30.0     33.8   105400     27.0   033900     23.6       69       54   110600      1.9    260.0      8.5    270.0   135700      0.0      0.0      0.0     None      0.0     None     10.3     76.5    26.31     10.5     None     8.70   120000      2.9     None     None     None     None     None     None     None
467410 20130608   1001.8   1004.8   1003.3   000100    999.6   160700     29.8     33.3   123400     27.4   041100     24.0       72       52   144900      2.4    240.0      8.0    210.0   101900      0.5      0.2      0.5   102000      0.5   102000     10.6     78.7    26.29     16.1     None     9.71   130000      4.1     None     None     None     None     None     None     None
467410 20130609   1000.7   1003.7   1001.9   103600    999.1   160600     30.3     33.8   134300     27.5   043200     24.9       73       60   142900      2.5    270.0      7.4    280.0   122000      0.0      0.0      0.0     None      0.0     None      9.6     71.3    27.56     14.0     None     9.83   130000      4.1     None     None     None     None     None     None     None
467410 20130610   1001.0   1004.1   1003.1   224400    999.5   151400     29.3     32.9   114900     25.8   035400     25.4       80       67   115600      1.7    280.0      7.2    300.0   024800     48.0      2.5     12.0   025800     36.5   024500      3.6     26.7    17.12     16.3     None     7.62   120000      5.3     None     None     None     None     None     None     None
467410 20130611   1001.8   1004.8   1003.8   233800   1000.3   152100     30.1     33.2   105400     27.9   031800     24.9       74       62   105000      1.9    260.0      9.5    240.0   143900      0.0      0.0      0.0     None      0.0     None     10.7     79.4    28.13     14.9     None     9.21   130000      5.9     None     None     None     None     None     None     None
467410 20130612   1002.8   1005.8   1004.9   215800   1001.3   132800     29.8     34.0   133900     26.5   221000     24.1       72       55   133900      3.3    200.0     13.0    210.0   105600     -9.8      0.1     -9.8   212700     -9.8   212700      4.4     32.6    19.20     13.0     None     6.02   140000      6.8     None     None     None     None     None     None     None
467410 20130613   1002.9   1005.9   1004.4   000100   1001.4   160900     27.6     32.2   130300     25.4   014800     25.0       86       67   134200      3.1     30.0      8.4     30.0   120400     11.0      6.0      2.5   163500      6.0   162600      0.9      6.7    13.25      6.4     None     7.92   130000      8.6     None     None     None     None     None     None     None
467410 20130614   1003.7   1006.8   1005.6   215500   1002.2   024400     28.2     32.8   133600     26.3   005800     25.0       83       64   133200      1.8     30.0      8.9     30.0   185100      5.5      1.6      3.5   144000      5.0   144000      1.5     11.1    13.53      6.6     None     7.90   130000      9.0     None     None     None     None     None     None     None
467410 20130615   1005.6   1008.6   1007.3   214600   1004.2   020300     29.2     33.1   123800     26.8   033700     25.0       79       60   123800      1.7     10.0      7.9    290.0   150100      0.0      0.0      0.0     None      0.0     None      0.6      4.4    13.95      6.8     None     6.93   130000      5.5     None     None     None     None     None     None     None
467410 20130616   1005.4   1008.5   1006.8   000500   1004.0   165400     29.3     32.3   115300     27.0   051200     24.9       78       67   104900      1.7    330.0      6.3    320.0   112500      0.0      0.0      0.0     None      0.0     None      0.6      4.4    15.43      7.3     None     7.13   120000      7.4     None     None     None     None     None     None     None
467410 20130617   1002.8   1005.8   1005.6   000100   1000.7   160400     29.8     33.0   145700     27.3   052900     24.4       73       63   133000      1.6    340.0      7.5    320.0   155300      0.0      0.0      0.0     None      0.0     None      5.3     39.3    18.82      7.1     None     4.90   130000      6.8     None     None     None     None     None     None     None
467410 20130618   1000.3   1003.3   1001.9   000100    998.1   164800     29.9     33.1   151600     27.4   052900     24.0       71       60   161400      1.7    320.0      7.5    320.0   152500      0.0      0.0      0.0     None      0.0     None      9.3     68.9    27.00     10.1     None     8.19   130000      3.4     None     None     None     None     None     None     None
467410 20130619    999.2   1002.3   1000.7   215200    997.5   163100     29.9     33.3   131100     27.3   052500     23.9       71       52   152600      2.4    320.0      8.2    320.0   115300      0.0      0.0      0.0     None      0.0     None      8.8     65.2    25.17     12.3     None     8.96   130000      5.0     None     None     None     None     None     None     None
467410 20130620   1001.1   1004.1   1003.0   225200    999.5   012700     30.1     33.2   113400     27.8   041800     24.7       73       59   113100      2.1    200.0      6.8    260.0   134800      0.0      0.0      0.0     None      0.0     None      5.4     40.0    23.24     19.4     None     8.62   130000      6.4     None     None     None     None     None     None     None
467410 20130621   1003.3   1006.3   1005.4   221900   1001.7   025200     30.1     33.6   091800     28.4   050600     23.9       70       58   091500      2.6    180.0     13.3    180.0   155500      0.0      0.0      0.0     None      0.0     None      2.0     14.8    14.70     15.5     None     4.89   100000      8.3     None     None     None     None     None     None     None
467410 20130622   1004.5   1007.6   1007.1   225400   1002.3   161900     30.5     35.2   134500     26.8   053500     24.3       70       54   134300      2.7    190.0      9.7    210.0   144600     -9.8      0.2     -9.8   025500     -9.8   025500      2.8     20.7    19.54     11.1     None     8.34   130000      7.5     None     None     None     None     None     None     None
467410 20130623   1006.1   1009.2   1008.4   220000   1004.4   164700     29.3     32.8   123600     25.3   221900     24.0       74       61   123200      5.2    200.0     15.4    210.0   132100      6.5      1.3      2.0   221500      4.5   215000      9.9     73.3    26.04     16.3     None     9.79   120000      5.3     None     None     None     None     None     None     None
467410 20130624   1007.7   1010.8   1008.6   085700   1006.7   034500     26.4     31.2   132900     24.1   053100     23.9       86       70   133200      3.0    130.0     13.9    250.0   151200    115.0      9.3     17.0   045500     59.0   043300      0.5      3.7     9.97      8.6     None     8.02   120000      9.1     None     None     None     None     None     None     None
467410 20130625   1007.4   1010.5   1008.9   095000   1006.3   164700     27.8     30.9   151300     25.2   085600     24.8       84       72   015400      3.0    140.0     15.2    260.0   110800     47.0      5.0      7.5   094800     27.5   094600      0.4      3.0     7.99      7.3     None     3.96   150000      7.6     None     None     None     None     None     None     None
467410 20130626   1006.5   1009.6   1007.8   095700   1004.9   175400     29.8     33.0   120200     27.2   052200     25.2       77       61   110800      2.8    200.0      8.1    270.0   120600      0.0      0.0      0.0     None      0.0     None     10.3     76.3    26.92      7.0     None     9.61   130000      4.4     None     None     None     None     None     None     None
467410 20130627   1005.5   1008.6   1006.6   070500   1004.1   155800     30.0     32.9   125800     28.2   045700     25.1       76       62   161100      2.5    260.0      8.8    230.0   132000      0.0      0.0      0.0     None      0.0     None     11.7     86.7    29.33      9.3     None    10.17   130000      3.4     None     None     None     None     None     None     None
467410 20130628   1005.1   1008.1   1006.3   223900   1003.9   155600     29.9     33.1   130600     27.7   051800     25.0       75       61   131500      2.0    250.0      7.7    240.0   134200      0.0      0.0      0.0     None      0.0     None     10.8     80.0    28.87     10.0     None    10.36   130000      2.4     None     None     None     None     None     None     None
467410 20130629   1006.7   1009.7   1008.3   214100   1005.2   025300     29.9     33.3   134000     27.5   033200     25.0       75       62   134000      1.9    200.0      7.8    280.0   112800      0.0      0.0      0.0     None      0.0     None     11.2     83.0    28.18     10.4     None     9.73   120000      2.5     None     None     None     None     None     None     None
467410 20130630   1006.7   1009.7   1008.2   081800   1005.6   183700     30.3     34.2   112500     28.0   051900     25.2       74       60   102500      2.3    340.0      9.2    360.0   170200      0.0      0.0      0.0     None      0.0     None      8.4     62.3    23.89      9.8     None     7.48   110000      4.3     None     None     None     None     None     None     None
467410 20130701   1006.0   1009.1   1008.2   215700   1004.0   152100     31.3     35.7   150500     28.1   045200     24.4       67       53   105300      2.2     30.0     12.2    190.0   161300      0.0      0.0      0.0     None      0.0     None      9.0     66.8    26.76      9.0     None     9.17   130000      5.0     None     None     None     None     None     None     None
467410 20130702   1007.6   1010.7   1009.7   210700   1006.2   154100     30.4     34.4   115200     26.9   200400     24.3       70       58   104300      2.9    210.0     13.8    190.0   154900      0.0      0.0      0.0     None      0.0     None      8.4     62.3    25.10     10.8     None     9.19   120000      5.4     None     None     None     None     None     None     None
467410 20130703   1007.8   1010.9   1008.8   000100   1006.2   155600     29.6     33.6   123300     26.9   193900     23.8       71       56   123300      2.3    100.0      9.8    240.0   133000      0.0      0.0      0.0     None      0.0     None     10.3     76.5    27.41     17.5     None     8.78   130000      5.1     None     None     None     None     None     None     None
467410 20130704   1005.9   1008.9   1007.3   000100   1004.3   153400     30.1     34.0   111000     27.1   033400     24.1       71       59   114700      2.6    200.0     10.8    250.0   124400      0.0      0.0      0.0     None      0.0     None     11.4     84.7    27.48     16.9     None     8.33   130000      5.3     None     None     None     None     None     None     None
467410 20130705   1006.3   1009.4   1008.3   221400   1005.0   035400     30.2     33.6   125400     28.2   054000     24.5       72       57   143400      3.3    150.0     10.9    190.0   133800      0.0      0.0      0.0     None      0.0     None      9.2     68.3    26.19     20.0     None     9.56   130000      3.3     None     None     None     None     None     None     None
467410 20130706   1007.7   1010.8   1009.7   224100   1006.3   035900     30.0     33.5   114900     27.3   041200     24.4       72       60   115500      3.5    200.0     14.2    230.0   151800      0.0      0.0      0.0     None      0.0     None      9.1     67.6    26.32     23.8     None     9.50   130000      5.9     None     None     None     None     None     None     None
467410 20130707   1009.0   1012.1   1010.4   215700   1007.4   152300     29.9     33.4   122100     27.3   052000     24.2       72       57   090300      3.5    200.0     11.9    220.0   112600      0.0      0.0      0.0     None      0.0     None     10.1     75.1    28.05     15.8     None     9.87   120000      5.5     None     None     None     None     None     None     None
467410 20130708   1009.1   1012.2   1010.5   081800   1007.4   155100     29.6     33.6   100100     26.8   031700     22.7       67       54   095400      2.5    100.0     11.1    200.0   143900      0.0      0.0      0.0     None      0.0     None      9.7     72.2    26.64     21.3     None     8.93   130000      5.4     None     None     None     None     None     None     None
467410 20130709   1007.3   1010.4   1008.8   000100   1005.4   140400     27.7     33.8   111600     22.5   154500     23.2       77       54   114900      2.3     20.0     13.6    130.0   151700     38.0      4.3     17.5   151600     32.0   145800      5.0     37.2    13.81     15.3     None     7.00   110000      5.9     None     None     None     None     None     None     None
467410 20130710   1005.9   1009.0   1007.3   220600   1004.0   161800     28.1     32.6   114600     24.7   050600     22.9       74       58   113900      1.8    100.0      9.7    320.0   153900      0.4      0.1      0.4   184300      0.4   184300      8.3     61.8    22.70     13.6     None     6.25   120000      4.1     None     None     None     None     None     None     None
467410 20130711   1005.1   1008.2   1006.8   000100   1003.2   170500     29.3     33.0   123500     26.3   050200     23.8       73       60   144700      3.2     20.0     11.7    360.0   140800      0.0      0.0      0.0     None      0.0     None      8.3     61.9    22.80     11.1     None     6.82   140000      3.1     None     None     None     None     None     None     None
467410 20130712    998.8   1001.8   1004.1   000100    993.9   235900     29.2     31.7   103100     27.7   045500     24.4       75       62   101000      5.6    360.0     19.0    340.0   232000      0.0      0.0      0.0     None      0.0     None      4.2     31.3    16.15     12.1     None     7.16   130000      7.5     None     None     None     None     None     None     None
467410 20130713    996.9    999.9   1002.6   235600    992.4   031900     28.6     29.6   150100     27.5   044100     25.9       85       77   003400      6.8    220.0     20.2    330.0   034900     14.0      8.3      1.5   092900      3.5   053100      0.0      0.0     2.88      7.4     None     1.17   130000      8.0     None     None     None     None     None     None     None
467410 20130714   1006.1   1009.2   1008.6   214100   1002.6   000100     26.6     29.9   130900     24.4   100400     23.9       85       73   162800      4.4    160.0     17.5    210.0   020300     48.5      4.5     13.0   074300     26.0   072400      0.2      1.5    10.97      9.8     None     6.71   120000      9.1     None     None     None     None     None     None     None
467410 20130715   1007.4   1010.4   1009.0   082900   1004.9   163400     29.1     32.9   113800     26.1   032700     23.3       71       57   120100      3.4    200.0     12.3    220.0   153400      0.0      0.0      0.0     None      0.0     None      8.9     66.5    26.02     20.0     None     9.67   120000      5.9     None     None     None     None     None     None     None
467410 20130716   1006.5   1009.6   1007.8   215100   1004.7   155300     29.4     33.9   134400     24.4   191500     23.2       70       52   134400      2.4     40.0     11.3    110.0   190400      7.5      0.7      5.0   191300      7.5   191200      8.0     59.9    24.50     15.6     None     8.30   130000      7.0     None     None     None     None     None     None     None
467410 20130717   1004.4   1007.5   1006.9   000100   1002.6   184300     29.2     33.9   121800     26.6   053000     24.1       75       56   121700      1.8     10.0      8.0     40.0   171300     15.5      1.0     14.0   135000     15.5   134000      6.6     49.4    19.65      9.6     None     6.62   130000      6.0     None     None     None     None     None     None     None
467410 20130718   1003.8   1006.9   1005.8   225700   1002.3   150300     28.0     29.9   154500     26.6   115700     23.5       77       61   093500      1.5    100.0      6.6    140.0   125400      4.5      3.8      1.0   115600      2.5   110600      0.0      0.0     7.82     13.0     None     3.12   150000      9.0     None     None     None     None     None     None     None
467410 20130719   1005.8   1008.9   1008.9   215200   1003.1   023800     29.1     32.1   114400     26.1   032000     22.8       70       49   100600      2.4    330.0      8.4    210.0   114900      0.0      0.0      0.0     None      0.0     None      0.8      6.0    14.84     13.5     None     5.35   130000      8.9     None     None     None     None     None     None     None
467410 20130720   1006.7   1009.8   1008.3   000100   1004.6   170000     29.5     32.4   121000     26.6   061700     24.2       74       60   121000      2.0    360.0      6.5    330.0   144600      0.0      0.0      0.0     None      0.0     None      2.5     18.8    16.83     12.0     None     5.79   130000      7.4     None     None     None     None     None     None     None
467410 20130721   1005.6   1008.6   1007.8   000100   1003.8   161500     29.6     33.2   135800     27.4   052500     24.3       73       59   135400      2.4    330.0      7.1    330.0   141500      0.0      0.0      0.0     None      0.0     None      1.0      7.5    14.60      6.6     None     5.28   140000      7.3     None     None     None     None     None     None     None
467410 20130722   1006.5   1009.5   1008.7   213100   1004.6   152600     30.0     34.0   123500     27.4   035100     24.6       73       60   114900      2.2     20.0      8.8    330.0   135200      0.0      0.0      0.0     None      0.0     None      8.2     61.7    23.87      9.5     None     7.02   130000      4.9     None     None     None     None     None     None     None
467410 20130723   1007.5   1010.5   1009.1   224700   1006.0   164000     30.1     33.6   103400     27.8   235959     24.0       70       57   131500      2.1     50.0      7.6    260.0   112200      0.0      0.0      0.0     None      0.0     None     11.2     84.4    29.01     14.4     None     8.69   130000      2.4     None     None     None     None     None     None     None
467410 20130724   1007.0   1010.0   1008.7   000100   1005.3   154000     29.8     33.4   121600     27.0   045100     24.0       71       60   121500      3.3    210.0     13.4    210.0   153100      0.0      0.0      0.0     None      0.0     None      9.5     71.6    27.68     15.6     None     9.87   130000      3.8     None     None     None     None     None     None     None
467410 20130725   1006.0   1009.0   1007.5   213900   1004.9   145900     28.4     32.7   130200     25.6   202600     24.3       79       57   115300      3.1    140.0     10.0    210.0   182400      5.5      2.2      1.5   182200      3.5   181000      6.2     46.8    20.90     19.3     None    10.16   130000      6.8     None     None     None     None     None     None     None
467410 20130726   1006.5   1009.6   1008.3   233300   1005.6   131900     29.0     33.2   135500     25.9   000100     23.5       73       54   132900      3.2    140.0     10.0    200.0   111300      0.0      0.0      0.0     None      0.0     None      9.5     71.8    28.09     16.9     None     9.65   120000      5.8     None     None     None     None     None     None     None
467410 20130727   1007.0   1010.1   1009.0   220900   1005.7   161600     29.9     33.5   111200     27.4   051800     23.6       70       54   111400      2.9    200.0      8.6    210.0   160100      0.0      0.0      0.0     None      0.0     None      9.5     71.9    27.12     12.4     None     9.38   120000      5.6     None     None     None     None     None     None     None
467410 20130728   1007.5   1010.6   1009.0   224200   1006.3   155700     29.6     33.8   132300     27.3   053400     23.8       71       55   132300      2.4    140.0      8.3    260.0   150900      0.0      0.0      0.0     None      0.0     None      9.6     72.7    27.23     18.1     None     9.16   130000      3.0     None     None     None     None     None     None     None
467410 20130729   1006.2   1009.2   1008.5   000100   1004.7   164800     29.9     33.9   111600     27.2   024400     24.3       72       61   102100      1.9     30.0      7.7     30.0   083600      0.0      0.0      0.0     None      0.0     None      7.9     59.9    20.16     15.6     None     6.78   120000      4.8     None     None     None     None     None     None     None
467410 20130730   1004.6   1007.6   1006.1   000100   1002.3   152100     30.1     34.2   110100     27.9   054100     24.2       71       55   104700      2.1    210.0      9.8    220.0   145200      0.0      0.0      0.0     None      0.0     None      7.6     57.7    21.70     16.5     None     8.08   120000      4.3     None     None     None     None     None     None     None
467410 20130731   1003.7   1006.7   1004.6   080300   1002.0   145900     29.3     34.6   121000     25.2   175000     23.4       71       55   120500      1.8    110.0     10.5     30.0   171600     15.0      1.7     11.5   165100     14.5   161800      6.3     47.9    19.13     17.9     None     6.57   120000      4.8     None     None     None     None     None     None     None
467410 20130801   1002.8   1005.9   1004.2   000100   1000.3   160600     28.5     31.8   112900     26.1   040800     23.9       76       63   112800      2.0     30.0      9.4    350.0   152400      0.5      1.0      0.5   181100      0.5   174000      1.7     12.9    12.44      9.4     None     5.49   110000      7.5     None     None     None     None     None     None     None
467410 20130802   1006.9   1009.9   1011.3   221100   1002.7   025300     29.0     32.2   092500     26.7   124400     24.1       75       60   090200      1.8    160.0     11.8    220.0   113300      3.5      0.9      2.0   122000      3.5   122000      2.6     19.8    13.28     15.5     None     4.40   100000      6.1     None     None     None     None     None     None     None
467410 20130803   1010.5   1013.5   1011.8   213000   1009.0   155000     30.0     33.2   130300     27.0   054000     25.1       76       62   095400      2.0    240.0      8.1    260.0   120000      0.0      0.0      0.0     None      0.0     None      9.8     74.8    26.91     11.9     None     8.92   120000      4.5     None     None     None     None     None     None     None
467410 20130804   1009.2   1012.2   1011.2   000100   1007.5   152000     30.2     33.9   102700     27.9   033600     24.8       73       60   102500      1.8    310.0      8.6    310.0   133300      0.0      0.0      0.0     None      0.0     None      9.0     68.8    24.81     13.6     None     8.31   120000      3.1     None     None     None     None     None     None     None
467410 20130805   1007.2   1010.3   1008.8   081100   1005.6   171400     30.0     33.4   124400     27.1   054600     24.8       74       62   122600      2.2    240.0      7.6    230.0   163000      0.0      0.0      0.0     None      0.0     None     10.4     79.6    26.48     11.8     None     9.27   130000      2.9     None     None     None     None     None     None     None
467410 20130806   1007.4   1010.4   1009.5   214200   1005.5   022000     30.8     34.4   142000     27.6   052900     24.4       69       58   121000      3.3    190.0     12.2    180.0   155500      0.0      0.0      0.0     None      0.0     None      9.8     75.1    24.91     17.0     None     8.24   130000      4.1     None     None     None     None     None     None     None
467410 20130807   1008.8   1011.9   1009.8   084100   1007.1   152600     30.2     33.1   103600     28.3   052000     24.6       72       65   094600      2.7    250.0      9.6    240.0   140200      0.0      0.0      0.0     None      0.0     None      8.9     68.3    24.40     21.3     None     9.64   130000      3.8     None     None     None     None     None     None     None
467410 20130808   1008.0   1011.1   1009.3   000600   1006.8   163700     30.3     34.1   112000     27.5   052600     24.4       71       53   113200      2.0    300.0      8.9    320.0   145300      0.0      0.0      0.0     None      0.0     None     11.4     87.6    28.58     16.4     None     9.48   130000      2.5     None     None     None     None     None     None     None
467410 20130809   1006.5   1009.5   1007.6   220000   1004.7   174100     30.5     33.6   104400     28.1   053000     24.5       71       57   133700      2.1    250.0      9.6    240.0   161400      0.0      0.0      0.0     None      0.0     None     10.8     83.1    27.46     20.0     None     8.49   120000      2.4     None     None     None     None     None     None     None
467410 20130810   1006.9   1009.9   1008.8   211300   1005.0   162200     30.1     34.5   113700     25.5   201200     24.5       73       49   120600      2.0    280.0      9.9    300.0   134100     37.5      2.2     11.0   200600     29.5   193500     10.3     79.4    27.82     15.4     None     8.94   130000      5.0     None     None     None     None     None     None     None
467410 20130811   1006.2   1009.3   1008.0   003600   1004.0   162000     30.7     34.6   121600     27.0   024500     24.2       69       55   112900      2.7    360.0     10.8    350.0   131100      0.0      0.0      0.0     None      0.0     None     10.2     78.7    26.32     11.8     None     7.27   120000      3.3     None     None     None     None     None     None     None
467410 20130812   1004.0   1007.0   1006.3   093700   1001.9   171100     30.4     33.1   104900     27.9   063000     24.7       72       56   213500      2.1     20.0      7.2     60.0   075600      0.0      0.0      0.0     None      0.0     None      3.1     24.0    14.18     10.0     None     5.97   110000      5.1     None     None     None     None     None     None     None
467410 20130813   1002.9   1005.9   1004.8   224700   1001.5   171200     30.0     33.5   130200     27.3   235900     25.4       76       65   003800      1.5    360.0      7.0    170.0   235300      5.0      0.7      4.0   143300      4.5   142000      1.0      7.7    12.35      8.6     None     6.32   140000      6.5     None     None     None     None     None     None     None
467410 20130814   1004.9   1008.0   1007.4   221000   1002.6   032200     28.3     33.5   103200     26.3   212900     24.4       80       58   105300      3.6    170.0     16.6    180.0   132500      0.5      1.3      0.5   182400      0.5   173400      1.7     13.2    15.01     11.9     None     7.88   120000      6.6     None     None     None     None     None     None     None
467410 20130815   1005.0   1008.1   1006.9   000100   1003.6   175600     27.4     31.0   141800     25.0   034500     24.2       83       70   141800      3.0    140.0     11.2    210.0   101600      8.0      1.7      4.5   031700      6.0   023300      1.3     10.1    14.86     11.3     None     5.87   130000      8.1     None     None     None     None     None     None     None
467410 20130816   1001.6   1004.6   1003.8   000100    999.2   160300     28.1     31.3   153400     25.7   200700     24.6       82       69   151800      1.7     90.0      7.2    250.0   163700      6.0      2.0      2.5   183600      4.5   181500      4.7     36.5    15.49      9.6     None     5.80   120000      6.6     None     None     None     None     None     None     None
467410 20130817   1000.6   1003.7   1001.9   222100    999.0   164200     29.3     33.4   140600     26.1   013800     24.2       75       59   153900      2.0    340.0      9.5    330.0   135600      0.0      0.0      0.0     None      0.0     None      9.1     70.9    25.57     14.3     None     9.54   120000      5.3     None     None     None     None     None     None     None
467410 20130818   1000.5   1003.5   1002.2   090200    998.8   151500     30.1     33.7   140500     27.0   053000     24.2       71       55   132100      1.9    350.0      9.3    300.0   153400      0.0      0.0      0.0     None      0.0     None     10.4     81.1    26.91     14.8     None     9.47   120000      4.5     None     None     None     None     None     None     None
467410 20130819    999.1   1002.1   1000.7   092000    997.0   161800     30.3     33.7   122400     27.7   062200     24.7       72       59   134900      2.2    310.0      8.6    310.0   134300      0.0      0.0      0.0     None      0.0     None     10.4     81.2    26.64     13.8     None     9.65   130000      4.4     None     None     None     None     None     None     None
467410 20130820    995.8    998.8    999.0   000100    993.0   233300     28.2     29.9   102200     25.7   123500     25.5       85       77   000100      3.6     20.0     14.8    350.0   120500      9.0      3.4      1.5   115500      4.0   115400      0.0      0.0     5.75      9.4     None     2.33   140000      8.1     None     None     None     None     None     None     None
467410 20130821    989.5    992.5    993.0   000100    986.9   161300     27.8     31.7   121900     26.0   213300     25.4       87       70   121800      4.4     20.0     21.9    290.0   204600     69.0     10.2      5.5   204800     20.0   203100      0.7      5.5    10.71      7.5     None     6.61   130000      8.3     None     None     None     None     None     None     None
467410 20130822    995.0    998.0   1001.2   230700    989.3   030900     27.5     29.6   152700     25.1   120800     26.2       93       84   080900      6.5    210.0     20.6    260.0   103100     91.0     12.6     13.0   174100     16.5   102700      0.0      0.0     2.88      3.5     None     1.56   120000     10.0     None     None     None     None     None     None     None
467410 20130823   1002.9   1006.0   1005.1   222100   1000.3   020800     26.1     27.6   131000     24.9   141600     24.7       92       85   135000      4.3    160.0     13.8    210.0   063500     50.0     10.9      7.0   044500     16.0   134800      0.0      0.0     6.76      8.9     None     4.91   130000      9.5     None     None     None     None     None     None     None
467410 20130824   1005.2   1008.3   1007.1   221900   1003.7   034900     28.8     31.8   132200     25.8   000100     24.8       80       70   133500      4.3    170.0     12.1    180.0   084800      0.0      0.0      0.0     None      0.0     None     10.1     79.5    25.56     14.0     None     9.42   130000      5.4     None     None     None     None     None     None     None
467410 20130825   1005.8   1008.8   1006.6   214300   1004.0   153300     29.0     33.4   123100     26.1   054900     24.3       76       61   115500      1.6    320.0      7.3    280.0   134600     -9.8      0.2     -9.8   174200     -9.8   174200      8.2     64.7    24.12     15.5     None     9.83   130000      3.9     None     None     None     None     None     None     None
467410 20130826   1004.2   1007.3   1006.0   000100   1002.0   165500     29.5     33.0   131100     26.3   050300     24.4       75       61   095600      1.5    300.0      7.7    280.0   134600      0.0      0.0      0.0     None      0.0     None     10.0     79.0    24.89     11.4     None     8.50   130000      3.5     None     None     None     None     None     None     None
467410 20130827   1003.1   1006.1   1004.3   000200   1001.5   161100     30.0     33.9   123000     27.4   054600     24.8       74       57   133100      3.4    330.0     11.9    330.0   145100      0.0      0.0      0.0     None      0.0     None      9.5     75.2    25.66     11.3     None     8.37   130000      3.6     None     None     None     None     None     None     None
467410 20130828   1000.3   1003.4   1002.9   000100    998.3   154700     28.3     31.5   112000     25.5   234900     25.3       84       71   091800      2.8    330.0      8.5    170.0   231800     25.0      5.5      4.0   224000      9.0   224000      0.6      4.8     9.67      9.4     None     5.26   120000      9.3     None     None     None     None     None     None     None
467410 20130829   1001.6   1004.7   1004.7   214900    996.8   033300     26.0     28.1   174200     23.4   181800     24.5       92       82   225100      4.6    300.0     19.7    330.0   050100    214.0     18.9     13.0   151100     45.0   142400      0.0      0.0     0.00      5.5     None     0.38   120000      9.5     None     None     None     None     None     None     None
467410 20130830   1003.5   1006.6   1005.1   221200   1001.7   150800     25.7     27.9   144800     24.2   003700     24.8       94       90   081600      3.8    220.0     15.4    240.0   104700    155.5     15.5     13.0   025500     34.5   075000      0.0      0.0     1.66      6.4     None     1.56   150000      9.4     None     None     None     None     None     None     None
467410 20130831   1004.9   1008.0   1007.0   221500   1002.3   023900     25.0     26.6   102600     24.0   051100     24.2       95       90   110400      2.5    170.0     22.5    220.0   102900    132.0     19.3     13.0   123900     29.5   142800      0.0      0.0     1.48      5.1     None     1.34   140000      9.9     None     None     None     None     None     None     None
467410 20130901   1007.2   1010.3   1009.3   212000   1005.1   021200     25.3     28.3   145300     23.6   080400     22.3       84       71   143400      3.0     20.0     10.1     20.0   153400      0.0      0.0      0.0     None      0.0     None      2.9     23.2    12.50      7.8     None     4.47   150000      6.8     None     None     None     None     None     None     None
467410 20130902   1007.7   1010.8   1008.9   085200   1006.1   144300     27.2     32.0   135000     23.4   060300     21.6       72       52   135200      2.8     30.0      8.4    320.0   161600      0.0      0.0      0.0     None      0.0     None      7.4     59.2    23.51      4.9     None     6.80   130000      5.1     None     None     None     None     None     None     None
467410 20130903   1006.4   1009.5   1007.6   230500   1004.8   144900     28.0     32.9   133400     24.6   052500     21.2       68       40   121000      3.1     20.0      9.5    340.0   160400      0.0      0.0      0.0     None      0.0     None      8.7     69.7    24.09      4.1     None     7.07   130000      1.1     None     None     None     None     None     None     None
467410 20130904   1007.1   1010.2   1008.6   221800   1006.2   024500     27.8     30.8   113300     25.7   050800     22.3       72       62   185500      2.4    140.0      9.4    260.0   134200      0.0      0.0      0.0     None      0.0     None      7.1     57.0    22.12      4.0     None     6.52   120000      4.1     None     None     None     None     None     None     None
467410 20130905   1008.4   1011.5   1010.6   222900   1006.9   025000     28.5     32.2   121900     25.2   060300     21.5       67       51   121900      1.8    330.0      8.4    350.0   133800      0.0      0.0      0.0     None      0.0     None      9.6     77.2    25.14      4.5     None     7.38   130000      2.5     None     None     None     None     None     None     None
467410 20130906   1010.1   1013.2   1011.2   212200   1008.7   162100     29.2     33.0   124700     26.9   045200     22.0       65       50   124700      1.5    330.0      7.3    300.0   164000      0.0      0.0      0.0     None      0.0     None      9.3     74.9    24.30      6.0     None     7.60   130000      2.5     None     None     None     None     None     None     None
467410 20130907   1010.1   1013.2   1011.4   213400   1008.7   144400     29.3     32.9   124400     26.8   055600     23.3       70       48   162700      1.3    290.0      5.8    300.0   130500      0.0      0.0      0.0     None      0.0     None      8.7     70.2    24.07      5.0     None     7.76   120000      6.3     None     None     None     None     None     None     None
467410 20130908   1010.0   1013.0   1011.0   082900   1008.5   152100     29.4     32.8   133500     27.2   055100     23.2       70       54   144300      2.1    160.0      6.8    270.0   135600      0.0      0.0      0.0     None      0.0     None      9.3     75.2    24.24      8.4     None     7.92   130000      1.6     None     None     None     None     None     None     None
467410 20130909   1009.0   1012.1   1010.9   000100   1007.1   150600     29.6     33.8   102000     27.1   043400     24.2       73       56   101900      1.8    190.0      7.3    330.0   144200      0.0      0.0      0.0     None      0.0     None      9.8     79.4    25.20      6.4     None     7.58   120000      3.5     None     None     None     None     None     None     None
467410 20130910   1007.8   1010.8   1009.1   000100   1006.3   152900     29.5     32.5   124900     27.4   052900     24.3       74       63   152600      1.9    320.0      7.7    300.0   135000      0.0      0.0      0.0     None      0.0     None      8.4     68.2    23.66      4.9     None     7.48   120000      5.0     None     None     None     None     None     None     None
467410 20130911   1008.1   1011.1   1009.5   222000   1006.6   162700     29.8     33.3   132000     27.1   062600     24.3       73       57   131900      1.6    310.0      7.4    320.0   121600      0.0      0.0      0.0     None      0.0     None      7.4     60.2    22.61      7.8     None     7.94   130000      3.1     None     None     None     None     None     None     None
467410 20130912   1008.5   1011.6   1010.4   205700   1007.5   030700     29.1     32.0   105500     27.3   063900     24.6       77       65   100300      1.7    250.0      7.4    230.0   122600     -9.8      0.3     -9.8   120800     -9.8   120800      2.7     22.0    13.87      7.0     None     5.48   110000      7.4     None     None     None     None     None     None     None
467410 20130913   1006.7   1009.8   1008.6   001500   1004.6   152200     29.2     32.7   104600     26.8   044500     23.7       73       57   110900      1.8    110.0      7.7    260.0   122200      0.0      0.0      0.0     None      0.0     None      8.4     68.6    25.48      9.3     None     8.77   130000      5.6     None     None     None     None     None     None     None
467410 20130914   1003.6   1006.7   1006.0   000100   1001.4   153900     29.4     32.5   140800     26.9   054300     23.9       73       65   084000      1.5    110.0      7.5    270.0   110700      0.0      0.0      0.0     None      0.0     None      8.6     70.3    23.56      8.8     None     7.14   130000      4.5     None     None     None     None     None     None     None
467410 20130915   1002.7   1005.8   1004.3   205500   1000.5   152300     28.7     33.1   120600     25.2   175400     24.2       77       62   120100      1.9    170.0     11.3    360.0   165300     43.5      2.0     17.5   165500     40.5   164400      8.0     65.5    22.51      8.5     None     7.85   130000      5.1     None     None     None     None     None     None     None
467410 20130916   1004.0   1007.1   1005.1   095300   1002.4   150400     28.8     33.4   111400     26.4   185900     24.4       78       57   105700      2.3    130.0      9.1    140.0   170300      0.2      0.9      0.1   180100      0.2   180100      8.2     67.3    23.37      9.9     None     8.28   130000      4.9     None     None     None     None     None     None     None
467410 20130917   1004.9   1008.0   1006.2   223000   1003.6   145800     28.9     32.6   115700     26.5   033200     23.2       73       51   141300      2.1    260.0      7.8    280.0   150600      0.0      0.0      0.0     None      0.0     None      8.1     66.6    21.33      7.3     None     7.19   130000      3.5     None     None     None     None     None     None     None
467410 20130918   1004.6   1007.7   1006.0   081400   1002.9   160500     29.1     32.8   112000     26.1   045000     23.4       72       58   111700      2.2    330.0      9.0    310.0   132300      0.0      0.0      0.0     None      0.0     None      9.7     79.9    22.03      8.0     None     6.58   120000      1.5     None     None     None     None     None     None     None
467410 20130919   1003.2   1006.2   1004.8   014200   1001.3   151000     29.6     33.2   105900     26.8   055900     23.8       72       54   090600      1.7    250.0      7.0     30.0   042400      0.0      0.0      0.0     None      0.0     None     10.2     84.2    25.12      6.8     None     7.45   120000      3.9     None     None     None     None     None     None     None
467410 20130920    997.7   1000.7   1002.6   000100    992.9   234900     29.3     33.0   151300     26.8   065600     24.3       75       62   145500      2.5     10.0      8.3     10.0   183700      0.0      0.0      0.0     None      0.0     None      2.0     16.5    15.51      6.8     None     6.11   120000      5.5     None     None     None     None     None     None     None
467410 20130921    987.1    990.1    993.0   000100    982.7   144100     27.8     29.1   141500     26.9   054200     24.3       81       75   180300      2.7     20.0      9.5     20.0   170600      1.5      2.0      0.5   220800      1.5   214800      0.0      0.0     4.14      8.8     None     1.86   120000      8.5     None     None     None     None     None     None     None
467410 20130922    995.4    998.4   1000.7   230900    988.3   001000     27.7     30.5   132700     25.5   040500     23.9       80       65   132300      4.0    170.0     18.0    170.0   093000     12.5      4.5      2.0   043500      7.0   042700      0.0      0.0     6.03     11.0     None     2.54   130000      8.9     None     None     None     None     None     None     None
467410 20130923   1002.9   1006.0   1004.9   204900   1000.4   000100     28.6     32.6   125300     26.3   054300     24.0       76       60   132700      2.1     30.0     10.0    210.0   094900      1.0      0.9      0.5   205200      1.0   203000      2.1     17.5    14.71      9.0     None     7.61   130000      7.1     None     None     None     None     None     None     None
467410 20130924   1004.8   1007.9   1006.2   221500   1003.4   152300     27.9     30.4   144100     26.1   051500     24.6       82       67   154800      2.2    260.0      7.2    260.0   133100      0.0      0.0      0.0     None      0.0     None      2.1     17.5    13.52      5.5     None     4.44   130000      8.3     None     None     None     None     None     None     None
467410 20130925   1006.4   1009.5   1008.7   213900   1005.2   032300     27.8     30.3   124400     26.1   044900     24.0       80       70   125400      2.5    140.0      7.1    270.0   140600      1.5      1.4      0.5   192000      1.0   192000      4.6     38.4    15.57      7.6     None     6.19   130000      5.6     None     None     None     None     None     None     None
467410 20130926   1008.0   1011.1   1009.5   210100   1006.5   161200     28.0     31.9   140700     25.5   233400     22.8       73       63   140600      2.0     30.0      7.4     30.0   200300      0.0      0.0      0.0     None      0.0     None      3.3     27.6    15.55      7.5     None     5.13   140000      5.8     None     None     None     None     None     None     None
467410 20130927   1007.6   1010.7   1009.0   084300   1005.7   152000     27.4     31.6   140300     24.4   043100     21.6       71       62   152900      2.1     30.0      8.4    320.0   154200      0.0      0.0      0.0     None      0.0     None      4.4     36.9    17.38      7.1     None     4.47   120000      5.5     None     None     None     None     None     None     None
467410 20130928   1005.7   1008.7   1007.5   000100   1003.8   145000     28.2     32.0   145100     25.5   031300     22.7       73       55   140900      1.5    330.0      6.4    330.0   171200      0.0      0.0      0.0     None      0.0     None      7.4     62.1    20.03      7.6     None     6.23   130000      3.6     None     None     None     None     None     None     None
467410 20130929   1005.4   1008.4   1006.9   211800   1004.2   023700     28.9     32.4   132400     26.3   045100     23.6       74       61   125700      1.9    340.0      8.1    320.0   141900      0.0      0.0      0.0     None      0.0     None      7.8     65.6    21.21      7.9     None   -99.95   100000      3.9     None     None     None     None     None     None     None
467410 20130930   1006.7   1009.8   1008.4   212100   1005.5   041000     29.0     32.5   100800     27.0   060400     24.3       76       61   100700      1.6    330.0      7.5    330.0   132200      0.0      0.0      0.0     None      0.0     None      4.6     38.8    16.31      5.8     None   -99.95   100000      4.1     None     None     None     None     None     None     None
467410 20131001   1007.9   1011.0   1009.2   084200   1006.1   144000     29.0     32.6   143000     26.7   233000     24.0       75       62   110000      2.6     20.0      8.4    330.0   152400      0.0      0.0      0.0     None      0.0     None      4.3     36.3    16.26      5.9     None   -99.95   100000      5.4     None     None     None     None     None     None     None
467410 20131002   1007.7   1010.8   1008.9   213200   1005.8   141500     27.1     31.7   124300     23.8   235200     21.4       72       59   151900      3.7     20.0     12.6     30.0   202700      0.0      0.0      0.0     None      0.0     None      3.5     29.6    13.86      4.0     None   -99.95   100000      5.5     None     None     None     None     None     None     None
467410 20131003   1007.5   1010.6   1009.2   090600   1006.2   142800     25.8     30.5   124400     23.0   032100     17.3       60       49   144600      3.6     20.0     11.1     20.0   200100      0.0      0.0      0.0     None      0.0     None      9.0     76.3    22.50      6.9     None     7.51   120000      2.6     None     None     None     None     None     None     None
467410 20131004   1006.4   1009.4   1008.1   073200   1004.0   143600     25.6     31.2   143200     22.0   041900     18.2       64       47   141900      3.3     20.0     12.7     10.0   192200      0.0      0.0      0.0     None      0.0     None      7.7     65.4    20.74      8.0     None     6.99   120000      3.3     None     None     None     None     None     None     None
467410 20131005   1003.6   1006.7   1006.1   000100   1001.5   143100     26.0     30.1   135300     22.7   040600     20.9       74       63   110500      4.7     20.0     17.1     10.0   235400      0.0      0.0      0.0     None      0.0     None      6.3     53.6    18.45      5.4     None     5.63   110000      2.3     None     None     None     None     None     None     None
467410 20131006    999.8   1002.8   1002.1   000100    998.0   150700     26.5     28.4   131800     24.5   042700     21.8       75       69   170300      7.4     10.0     21.7     20.0   102600      0.0      0.0      0.0     None      0.0     None      0.5      4.3     8.58      8.0     None     3.95   130000      6.1     None     None     None     None     None     None     None
467410 20131007   1000.8   1003.8   1003.3   220200    998.6   024400     27.5     31.9   120800     24.7   061400     22.4       74       60   100000      1.6    230.0      8.2    260.0   161200      0.0      0.0      0.0     None      0.0     None     10.3     88.0    21.94      7.6     None     7.46   120000      2.0     None     None     None     None     None     None     None
467410 20131008   1005.0   1008.0   1007.4   212200   1003.3   000100     28.1     32.3   125500     25.4   060300     22.5       72       51   131600      2.1    210.0      7.2    200.0   140600      0.0      0.0      0.0     None      0.0     None      9.8     83.9    21.25      5.3     None     7.38   120000      1.6     None     None     None     None     None     None     None
467410 20131009   1008.1   1011.2   1009.7   205300   1006.5   033200     28.3     32.7   135700     25.9   060500     22.9       73       57   135700      2.4     30.0      8.1    330.0   133300      0.0      0.0      0.0     None      0.0     None      7.7     66.0    19.69      4.6     None     6.56   130000      4.0     None     None     None     None     None     None     None
467410 20131010   1008.6   1011.7   1010.5   081200   1006.7   143600     28.2     33.3   131500     25.1   050300     23.6       77       57   130700      2.3     20.0     10.4    330.0   143000      0.0      0.0      0.0     None      0.0     None      8.3     71.3    19.89      4.6     None     6.01   120000      5.1     None     None     None     None     None     None     None
467410 20131011   1006.7   1009.7   1008.5   000100   1005.0   150300     28.4     32.3   134800     25.9   060800     23.5       75       63   142800      2.3     20.0      9.4    300.0   120900      0.0      0.0      0.0     None      0.0     None      5.7     49.0    15.43      4.3     None     4.14   120000      4.0     None     None     None     None     None     None     None
467410 20131012   1005.8   1008.8   1007.0   205700   1004.5   134900     28.0     31.4   133700     25.3   061100     23.5       77       63   133600      1.6    190.0      6.3    270.0   140100      0.0      0.0      0.0     None      0.0     None      6.2     53.5    17.10      3.8     None     5.21   110000      4.6     None     None     None     None     None     None     None
467410 20131013   1007.1   1010.2   1008.7   215300   1005.6   140900     28.1     31.0   124100     26.2   063400     23.0       74       64   121900      1.7    330.0      6.6    310.0   134900      0.0      0.0      0.0     None      0.0     None      4.0     34.5    15.27      4.9     None     6.20   130000      4.1     None     None     None     None     None     None     None
467410 20131014   1007.9   1010.9   1009.4   203600   1006.4   142100     27.8     32.0   102000     25.6   055400     22.7       74       57   101100      2.4    310.0      9.2    320.0   150800      0.0      0.0      0.0     None      0.0     None      9.2     79.6    20.23      6.8     None     6.39   130000      2.8     None     None     None     None     None     None     None
467410 20131015   1009.0   1012.0   1011.7   223800   1007.1   143200     27.0     32.4   131800     24.3   235800     20.8       70       53   131900      3.1     20.0     11.4    320.0   135400      0.0      0.0      0.0     None      0.0     None      6.6     57.2    18.72      6.0     None     6.41   130000      4.3     None     None     None     None     None     None     None
467410 20131016   1013.4   1016.5   1016.3   220700   1011.0   005100     24.7     30.0   131200     20.4   235500     15.9       59       42   131500      4.1     20.0     13.2    360.0   135500      0.0      0.0      0.0     None      0.0     None      8.2     71.2    18.82      5.6     None     6.02   120000      1.5     None     None     None     None     None     None     None
467410 20131017   1014.9   1018.0   1016.8   090600   1013.2   154700     24.5     29.6   125600     20.2   034100     16.7       63       51   111500      2.5     20.0      9.2    300.0   145200      0.0      0.0      0.0     None      0.0     None      8.7     75.7    20.19      9.8     None     6.58   120000      3.0     None     None     None     None     None     None     None
467410 20131018   1013.8   1017.0   1015.5   082100   1012.0   143300     25.7     30.1   142200     21.6   044800     18.9       67       52   093700      2.4     30.0      7.6     20.0   204200      0.0      0.0      0.0     None      0.0     None      9.6     83.7    20.00      8.4     None     6.36   120000      2.8     None     None     None     None     None     None     None
467410 20131019   1012.8   1015.9   1014.4   081800   1011.0   150300     26.1     30.5   122300     23.0   041300     19.8       69       50   151600      2.5     20.0     10.0     20.0   174800      0.0      0.0      0.0     None      0.0     None      8.2     71.6    19.28      6.0     None     5.77   130000      4.0     None     None     None     None     None     None     None
467410 20131020   1010.7   1013.8   1012.7   083500   1008.3   150900     25.5     30.9   112900     22.6   064700     19.6       70       54   141200      3.6     10.0     11.4     30.0   162600      0.0      0.0      0.0     None      0.0     None      8.4     73.5    18.69      7.4     None     5.39   120000      0.8     None     None     None     None     None     None     None
467410 20131021   1009.7   1012.8   1011.3   215100   1007.7   140500     24.8     30.1   140900     21.8   052100     18.5       68       54   135100      3.6     30.0      9.8    360.0   153500      0.0      0.0      0.0     None      0.0     None      3.4     29.8    14.32      5.1     None     5.24   120000      3.3     None     None     None     None     None     None     None
467410 20131022   1010.1   1013.2   1011.7   093400   1008.5   143700     23.3     28.4   132900     20.7   235500     16.7       67       47   132300      4.3     20.0     12.7     30.0   161800      0.0      0.0      0.0     None      0.0     None      2.5     22.0    12.73      3.6     None     3.90   140000      5.3     None     None     None     None     None     None     None
467410 20131023   1008.2   1011.3   1010.4   090300   1006.2   144200     23.3     28.7   125700     20.2   014500     17.0       68       54   125500      4.3     20.0     15.1     20.0   173500      0.0      0.0      0.0     None      0.0     None      5.9     51.9    17.37      5.0     None     5.88   120000      0.9     None     None     None     None     None     None     None
467410 20131024   1006.8   1009.9   1008.6   081300   1004.3   141800     23.0     28.1   131800     20.5   004500     16.6       68       54   131500      5.5     20.0     14.2     10.0   152100      0.0      0.0      0.0     None      0.0     None      9.2     81.1    19.22      5.6     None     5.58   120000      2.3     None     None     None     None     None     None     None
467410 20131025   1009.2   1012.3   1011.7   214300   1007.0   023400     22.5     28.3   134700     19.3   235900     14.4       60       51   134300      4.0     20.0     11.0    330.0   143700      0.0      0.0      0.0     None      0.0     None      5.1     45.0    15.63      4.6     None     4.56   130000      6.0     None     None     None     None     None     None     None
467410 20131026   1013.1   1016.2   1015.1   213400   1011.1   004200     21.8     28.2   130600     18.2   035100     14.0       62       47   133800      3.9     10.0     10.7    350.0   141300      0.0      0.0      0.0     None      0.0     None      8.0     70.7    18.45      5.0     None     5.04   120000      1.5     None     None     None     None     None     None     None
467410 20131027   1014.6   1017.7   1016.3   090800   1013.2   150700     22.4     27.4   124600     17.5   055000     15.1       64       48   125700      1.9     30.0      6.6    320.0   161500      0.0      0.0      0.0     None      0.0     None      9.6     85.0    18.91      4.6     None     4.98   130000      2.3     None     None     None     None     None     None     None
467410 20131028   1015.2   1018.4   1017.0   081900   1013.5   135500     23.7     28.4   133600     19.9   063200     16.3       64       42   133500      1.7     30.0      6.7    350.0   174100      0.0      0.0      0.0     None      0.0     None     10.1     89.6    19.40      5.6     None     5.49   130000      0.0     None     None     None     None     None     None     None
467410 20131029   1014.7   1017.8   1016.8   083200   1013.0   143800     24.2     28.6   125700     20.5   054000     17.3       66       45   100900      2.2    100.0      8.4    310.0   155300      0.0      0.0      0.0     None      0.0     None      9.9     88.0    18.94      5.0     None     5.41   120000      0.5     None     None     None     None     None     None     None
467410 20131030   1013.0   1016.1   1014.6   083000   1011.0   150900     25.2     29.8   131100     21.5   062000     18.4       67       46   111400      1.7    320.0      7.3    320.0   131500      0.0      0.0      0.0     None      0.0     None      9.2     81.9    17.95      4.9     None     5.20   120000      0.8     None     None     None     None     None     None     None
467410 20131031   1011.3   1014.4   1013.4   083300   1009.1   154000     25.4     29.4   125400     22.6   063000     19.3       70       53   113200      2.9     20.0     10.4     10.0   170800      0.0      0.0      0.0     None      0.0     None      7.2     64.2    15.41      4.9     None     4.26   120000      4.3     None     None     None     None     None     None     None
467410 20131101   1009.6   1012.7   1011.2   085700   1007.6   151600     25.4     30.5   133400     22.2   041800     21.2       78       63   104100      2.7     20.0      8.3     10.0   171300      0.0      0.0      0.0     None      0.0     None      2.3     20.5    11.86      5.6     None     4.16   130000      7.6     None     None     None     None     None     None     None
467410 20131102   1010.6   1013.7   1012.4   092700   1009.0   030800     25.7     29.3   135400     24.2   065100     22.8       84       67   123700      2.6     30.0      7.5     10.0   013600      1.5      0.3      1.5   172400      1.5   172400      1.0      8.9    10.59      3.5     None     5.27   120000      8.6     None     None     None     None     None     None     None
467410 20131103   1011.4   1014.5   1012.9   221400   1009.5   145400     26.1     30.4   124700     23.8   234100     22.5       81       67   124400      3.4     20.0      8.3     20.0   195300      0.0      0.0      0.0     None      0.0     None      2.5     22.4    13.84      3.8     None     5.19   130000      7.5     None     None     None     None     None     None     None
467410 20131104   1013.3   1016.4   1015.1   220600   1011.6   142800     25.5     30.3   134800     23.1   235600     20.8       76       62   135200      3.1     20.0      7.1     30.0   171100      0.0      0.0      0.0     None      0.0     None      1.9     17.1    13.37      5.5     None     5.44   120000      7.4     None     None     None     None     None     None     None
467410 20131105   1014.2   1017.3   1016.2   092800   1012.5   151200     25.1     29.5   134200     22.3   054600     20.2       75       64   134100      2.5     30.0      6.0     40.0   055200      0.0      0.0      0.0     None      0.0     None      2.1     18.9    13.85      4.1     None     4.76   120000      6.5     None     None     None     None     None     None     None
467410 20131106   1014.6   1017.7   1016.3   090300   1012.6   145800     25.0     29.0   133400     22.4   024100     20.9       78       66   141600      3.2     20.0      9.2     50.0   191400      0.0      0.0      0.0     None      0.0     None      0.4      3.6    10.38      3.4     None     3.50   130000      8.5     None     None     None     None     None     None     None
467410 20131107   1013.6   1016.7   1015.4   082400   1011.5   145300     25.4     30.1   123400     22.6   045800     21.5       79       62   123300      2.2     20.0      6.9     50.0   050700      0.0      0.0      0.0     None      0.0     None      5.0     45.1    14.83      2.6     None     4.90   130000      5.0     None     None     None     None     None     None     None
467410 20131108   1013.3   1016.4   1015.4   085200   1011.4   154900     25.9     30.4   120000     23.3   053100     21.3       76       57   121400      2.1     10.0      7.6    320.0   143400      0.0      0.0      0.0     None      0.0     None      8.7     78.6    17.76      3.0     None     5.68   120000      1.0     None     None     None     None     None     None     None
467410 20131109   1012.8   1015.9   1014.5   084500   1011.6   140800     25.4     29.0   115400     22.8   045900     21.7       80       66   135100      2.3     20.0      6.3    320.0   125300      0.0      0.0      0.0     None      0.0     None      0.1      0.9    11.57      3.4     None     4.42   120000      7.3     None     None     None     None     None     None     None
467410 20131110   1013.0   1016.1   1015.2   080500   1011.2   144900     26.2     30.1   133200     23.9   052300     22.8       82       66   132200      2.0     20.0      5.7     30.0   002500      0.0      0.0      0.0     None      0.0     None      0.2      1.8    10.12      2.6     None     4.43   120000      7.1     None     None     None     None     None     None     None
467410 20131111   1011.6   1014.7   1013.4   093300   1010.0   155200     26.0     29.3   095700     22.5   235959     22.0       79       64   095700      1.8     10.0      7.3    360.0   174700      0.0      0.0      0.0     None      0.0     None      1.1     10.0    10.63      3.9     None     3.61   110000      8.9     None     None     None     None     None     None     None
467410 20131112   1010.6   1013.7   1012.2   082700   1008.9   145300     24.0     29.1   113900     21.5   054800     19.2       75       60   115500      2.7     20.0      8.4    360.0   164400      0.0      0.0      0.0     None      0.0     None      4.1     37.3    14.57      8.3     None     5.70   120000      5.0     None     None     None     None     None     None     None
467410 20131113   1010.4   1013.5   1011.7   083500   1008.6   150400     24.4     29.5   123600     21.6   235700     19.8       76       61   123500      3.6     20.0     10.0     20.0   192000      0.0      0.0      0.0     None      0.0     None      6.7     61.0    15.83      6.9     None     5.65   120000      5.8     None     None     None     None     None     None     None
467410 20131114   1012.3   1015.4   1014.1   220000   1010.4   022300     23.6     28.4   131400     20.4   045800     19.1       76       63   131400      3.4     20.0     10.3     20.0   193200      0.0      0.0      0.0     None      0.0     None      3.3     30.1    12.09      7.0     None     4.18   140000      4.8     None     None     None     None     None     None     None
467410 20131115   1013.3   1016.4   1015.1   085500   1011.2   143500     24.1     29.5   133900     21.1   234100     19.4       75       59   134300      3.9     20.0      9.8     20.0   192400      0.0      0.0      0.0     None      0.0     None      5.1     46.5    15.61      3.8     None     5.07   120000      4.5     None     None     None     None     None     None     None
467410 20131116   1013.3   1016.4   1015.5   083200   1010.6   151400     22.9     28.2   124000     19.4   235500     17.9       74       60   124000      4.1     20.0      9.6     20.0   101000      0.0      0.0      0.0     None      0.0     None      8.4     76.8    16.72      2.6     None     5.25   120000      3.1     None     None     None     None     None     None     None
467410 20131117   1013.6   1016.8   1015.6   220000   1011.5   141800     21.3     27.6   141100     18.3   060200     13.0       61       42   235959      3.9     20.0     12.1     20.0   181600      0.0      0.0      0.0     None      0.0     None      6.2     56.7    15.10      4.6     None     4.52   120000      1.9     None     None     None     None     None     None     None
467410 20131118   1016.1   1019.3   1018.6   224500   1014.2   145600     20.3     26.0   124300     16.8   234800      8.3       46       37   013400      3.7     20.0     10.1     20.0   183200      0.0      0.0      0.0     None      0.0     None      8.2     75.1    16.19      7.3     None     4.32   120000      4.1     None     None     None     None     None     None     None
467410 20131119   1017.4   1020.6   1019.1   090800   1015.9   151900     19.4     24.7   134200     15.6   030000      9.6       53       42   120800      2.9     30.0      8.2     20.0   004800      0.0      0.0      0.0     None      0.0     None      1.9     17.4    12.54      6.6     None     3.51   120000      7.1     None     None     None     None     None     None     None
467410 20131120   1016.2   1019.4   1017.9   090000   1014.5   153400     20.5     24.0   120500     17.8   035700     12.7       61       49   124400      1.8     30.0      5.6    340.0   153800      0.1      0.1      0.1   220100      0.1   220100      0.1      0.9     8.00      4.4     None     2.82   120000      6.8     None     None     None     None     None     None     None
467410 20131121   1015.0   1018.1   1016.8   092400   1013.3   145400     22.1     26.4   133200     19.6   051300     14.8       64       47   133800      2.4     30.0      6.0    320.0   144200     -9.8      0.1     -9.8   020500     -9.8   020500      0.8      7.4     9.68      3.1     None     2.99   130000      9.1     None     None     None     None     None     None     None
467410 20131122   1015.1   1018.3   1017.4   074500   1013.2   140700     21.0     23.4   143500     19.4   063600     16.9       78       66   145300      2.6     20.0      7.2     40.0   081000     -9.8      0.8     -9.8   072000     -9.8   064000      0.0      0.0     5.09      3.6     None     2.12   120000      8.1     None     None     None     None     None     None     None
467410 20131123   1013.9   1017.1   1016.0   084000   1012.0   152500     22.8     27.7   140900     18.7   051300     17.2       72       50   145200      1.8     30.0      6.3    330.0   152000      0.0      0.0      0.0     None      0.0     None      9.6     88.5    16.84      3.3     None     4.39   120000      1.1     None     None     None     None     None     None     None
467410 20131124   1010.7   1013.8   1013.3   082900   1008.6   152300     23.5     29.1   123400     19.2   054500     18.0       73       47   103500      2.1     30.0      8.1     30.0   235500      0.0      0.0      0.0     None      0.0     None      7.7     71.0    14.86      3.2     None     4.55   120000      5.0     None     None     None     None     None     None     None
467410 20131125   1009.8   1013.0   1012.1   221400   1008.1   024600     21.1     24.0   114200     18.0   235800     16.0       73       62   143100      5.3     20.0     18.4     20.0   081100      4.5      1.4      2.0   005500      4.0   005500      6.8     62.8    15.55      6.4     None     5.25   120000      4.4     None     None     None     None     None     None     None
467410 20131126   1012.8   1016.0   1014.9   222800   1011.0   145900     21.2     24.6   122600     17.0   021000     15.5       70       57   121200      1.8     30.0      5.5    280.0   112300      0.0      0.0      0.0     None      0.0     None      4.3     39.8    12.64      4.9     None     4.04   110000      5.3     None     None     None     None     None     None     None
467410 20131127   1014.0   1017.1   1016.1   233800   1011.8   145700     21.6     26.2   133700     18.2   235200     15.6       70       53   151700      4.6     20.0     13.1    360.0   213100      0.0      0.0      0.0     None      0.0     None      8.9     82.4    16.10      4.8     None     4.32   120000      1.4     None     None     None     None     None     None     None
467410 20131128   1017.6   1020.8   1020.2   212800   1014.9   143800     16.4     18.3   000100     14.8   200100      9.9       66       49   235500      5.9     20.0     15.4     30.0   073900      0.0      0.0      0.0     None      0.0     None      0.4      3.7     6.74      7.4     None     2.35   120000      8.9     None     None     None     None     None     None     None
467410 20131129   1018.9   1022.1   1021.1   082900   1016.1   142100     15.9     21.3   132300     12.4   234500      5.4       50       38   132300      5.0     20.0     15.2     10.0   054100      0.0      0.0      0.0     None      0.0     None      9.4     87.2    17.74     11.0     None     4.63   120000      0.3     None     None     None     None     None     None     None
467410 20131130   1017.5   1020.7   1019.5   083700   1015.1   143400     17.0     21.9   140900     11.3   061300      9.4       62       47   111100      1.9     30.0      6.6    320.0   145900      0.0      0.0      0.0     None      0.0     None      9.8     90.9    16.94      7.4     None     4.62   120000      0.3     None     None     None     None     None     None     None
467410 20131201   1017.0   1020.2   1018.8   085800   1015.3   142200     18.6     24.3   135700     14.9   052500     10.9       63       40   134000      3.2     30.0      9.6     20.0   170100      0.0      0.0      0.0     None      0.0     None      9.4     87.3    16.73      6.1     None     4.82   120000      0.1     None     None     None     None     None     None     None
467410 20131202   1015.9   1019.1   1017.6   092300   1013.8   140300     18.8     25.0   140000     13.8   062500     11.7       65       37   144400      2.0     30.0      6.0     50.0   000100      0.0      0.0      0.0     None      0.0     None      9.2     85.5    16.60      5.3     None     4.60   120000      0.0     None     None     None     None     None     None     None
467410 20131203   1015.2   1018.4   1017.3   093200   1013.5   152200     19.5     24.0   115700     16.2   062800     12.1       63       45   151200      2.1     30.0      6.7    330.0   132100      0.0      0.0      0.0     None      0.0     None      9.5     88.4    16.01      3.3     None     4.31   120000      0.0     None     None     None     None     None     None     None
467410 20131204   1014.2   1017.4   1015.9   090100   1012.0   141600     19.1     23.9   131400     15.4   053400     11.6       63       37   125400      2.4     30.0     10.1     30.0   173900      0.0      0.0      0.0     None      0.0     None      9.5     88.4    15.61      3.9     None     3.82   120000      0.0     None     None     None     None     None     None     None
467410 20131205   1013.1   1016.3   1015.3   085700   1011.7   141300     19.4     24.6   124300     14.8   045100      9.2       54       28   143100      1.9     30.0      7.5    340.0   152500      0.0      0.0      0.0     None      0.0     None      9.2     85.7    16.04      5.9     None     3.86   130000      0.0     None     None     None     None     None     None     None
467410 20131206   1011.9   1015.1   1013.2   084400   1010.1   145700     20.7     25.7   140600     16.5   052300     10.7       53       38   103500      2.9     10.0     10.2     30.0   111900      0.0      0.0      0.0     None      0.0     None      7.6     70.8    15.06      5.9     None     4.65   120000      5.1     None     None     None     None     None     None     None
467410 20131207   1012.5   1015.6   1013.9   082500   1010.7   143400     21.8     27.1   141700     18.1   061800     15.1       67       43   111100      2.3     20.0      7.9    320.0   151900      0.0      0.0      0.0     None      0.0     None      5.4     50.4    14.27      4.5     None     4.17   120000      6.9     None     None     None     None     None     None     None
467410 20131208   1011.7   1014.9   1014.1   084700   1010.1   135700     22.4     27.5   130800     19.6   032000     17.6       75       52   130700      1.7     30.0      6.1    260.0   140300      0.0      0.0      0.0     None      0.0     None      2.2     20.5    10.80      3.4     None     3.97   130000      6.8     None     None     None     None     None     None     None
467410 20131209   1009.5   1012.6   1011.9   091900   1007.3   150300     22.8     27.5   132600     19.8   235900     17.5       73       50   160900      4.7     20.0     14.7     30.0   211100      0.0      0.0      0.0     None      0.0     None      7.7     71.9    14.43      3.8     None     4.45   120000      5.0     None     None     None     None     None     None     None
467410 20131210   1010.3   1013.5   1012.6   225500   1008.4   142600     19.5     23.9   122500     17.4   075100     12.9       66       54   144800      3.8     20.0      9.5     10.0   010500      0.0      0.0      0.0     None      0.0     None      1.4     13.1    10.40      3.3     None     3.80   120000      8.6     None     None     None     None     None     None     None
467410 20131211   1013.3   1016.5   1015.1   092300   1011.2   152100     17.9     20.6   141600     16.1   234500     11.4       66       60   145300      4.0     20.0     11.4     10.0   051000      0.0      0.0      0.0     None      0.0     None      0.6      5.6     7.01      3.3     None     2.67   130000      9.5     None     None     None     None     None     None     None
467410 20131212   1013.5   1016.7   1015.0   085800   1011.2   150300     19.0     24.0   144900     15.6   034000     12.3       65       54   144900      2.8     30.0      7.8     30.0   215400      0.0      0.0      0.0     None      0.0     None      2.5     23.4     9.72      4.3     None     3.56   130000      8.6     None     None     None     None     None     None     None
467410 20131213   1014.0   1017.2   1015.8   090100   1012.0   143100     21.0     24.9   140800     19.0   055600     15.5       71       58   120300      4.1     20.0     12.9     10.0   093100      0.0      0.0      0.0     None      0.0     None      1.4     13.1    11.23      3.2     None     3.82   120000      8.5     None     None     None     None     None     None     None
467410 20131214   1014.9   1018.1   1016.6   083600   1013.5   143000     20.4     24.6   134800     18.2   035800     16.9       81       67   110800      3.5     20.0      9.7    350.0   054600      1.0      3.1      0.5   191000      1.0   191000      0.9      8.4     7.72      3.8     None     3.71   120000      8.9     None     None     None     None     None     None     None
467410 20131215   1013.3   1016.4   1015.8   083300   1011.2   141000     21.4     26.5   141000     19.5   040600     18.7       85       65   140800      2.5     20.0      8.4     30.0   103400      0.0      0.0      0.0     None      0.0     None      1.6     15.0     9.74      3.9     None     4.70   120000      8.1     None     None     None     None     None     None     None
467410 20131216   1009.7   1012.9   1012.4   000100   1007.8   132200     21.5     27.1   122700     17.3   225900     18.5       84       65   121200      3.3     20.0     16.1     20.0   225500      9.5      2.6      6.0   214600      9.0   210300      2.8     26.2    10.54      5.0     None     4.78   120000      8.1     None     None     None     None     None     None     None
467410 20131217   1008.4   1011.6   1012.2   225500   1006.2   140100     16.9     18.5   112400     15.2   230300     14.9       89       84   084600      5.8     30.0     21.8     30.0   213700      8.5      4.6      2.0   224100      4.0   221200      0.0      0.0     2.97      6.9     None     1.71   110000      9.5     None     None     None     None     None     None     None
467410 20131218   1012.1   1015.3   1015.2   234600   1010.2   041500     16.5     19.5   115600     14.3   233700     12.2       76       63   115400      5.5     20.0     16.0     20.0   092300      2.0      1.7      0.5   001600      1.0   000500      4.9     45.9    13.99      9.8     None     4.96   120000      8.1     None     None     None     None     None     None     None
467410 20131219   1016.0   1019.2   1017.9   220700   1014.3   045000     14.5     16.3   150300     13.1   233400      9.8       74       65   122400      6.4     30.0     16.9     20.0   105700      0.0      0.0      0.0     None      0.0     None      0.2      1.9     5.75      6.1     None     2.16   130000      9.6     None     None     None     None     None     None     None
467410 20131220   1017.6   1020.8   1019.2   102900   1016.1   025600     15.1     18.9   141300     12.3   013500     11.3       78       64   132300      3.9     20.0      9.6     20.0   143100      0.1      0.3      0.1   171000      0.1   171000      0.9      8.4    10.17      4.3     None     4.02   120000      8.9     None     None     None     None     None     None     None
467410 20131221   1018.5   1021.8   1019.8   101200   1017.4   134500     15.3     18.1   114100     13.2   053800     11.4       78       69   114100      4.7     20.0     11.8     30.0   160100     -9.8      0.3     -9.8   202000     -9.8   202000      2.5     23.4     8.92      3.8     None     3.23   110000      8.8     None     None     None     None     None     None     None
467410 20131222   1018.4   1021.6   1020.8   093200   1016.3   142600     15.8     20.3   131600     12.8   051300     10.9       73       60   124500      4.3     20.0     11.6     20.0   051500      0.0      0.0      0.0     None      0.0     None      3.3     30.9    12.65      5.1     None     4.48   130000      8.0     None     None     None     None     None     None     None
467410 20131223   1016.6   1019.8   1018.2   090000   1014.1   144100     17.6     23.5   133900     14.1   055300     13.0       75       54   141800      4.1     20.0     11.6     20.0   172200      0.0      0.0      0.0     None      0.0     None      7.8     73.0    15.31      4.9     None     4.61   120000      5.4     None     None     None     None     None     None     None
467410 20131224   1016.5   1019.7   1018.6   084300   1014.4   145400     16.8     20.6   133200     14.7   060600     13.0       79       66   133100      4.8     30.0     11.0     60.0   055800      0.0      0.0      0.0     None      0.0     None      3.8     35.6    11.68      6.1     None     3.72   120000      6.6     None     None     None     None     None     None     None
467410 20131225   1014.9   1018.1   1017.3   074800   1012.7   151300     17.5     22.1   114900     14.9   061700     13.8       79       66   114800      4.4     30.0     12.4     30.0   145900      0.0      0.0      0.0     None      0.0     None      2.2     20.6    11.09      4.0     None     4.23   120000      7.5     None     None     None     None     None     None     None
467410 20131226   1013.7   1016.9   1016.4   231200   1010.5   142500     16.4     20.9   120600     14.1   234300     11.8       75       60   224300      6.4     30.0     18.3     30.0   192300      0.0      0.0      0.0     None      0.0     None      2.6     24.3    11.66      5.3     None     4.43   120000      9.0     None     None     None     None     None     None     None
467410 20131227   1016.9   1020.2   1018.8   092000   1014.5   142500     12.7     16.3   142400      9.7   235400      5.2       60       49   142400      6.5     30.0     16.1     20.0   090900      0.0      0.0      0.0     None      0.0     None      7.0     65.5    13.94      3.1     None     3.35   130000      2.6     None     None     None     None     None     None     None
467410 20131228   1016.9   1020.2   1019.0   085400   1014.5   144800     13.1     17.4   135700      9.2   051300      7.6       70       57   142900      3.8     40.0     10.3     10.0   191900      0.0      0.0      0.0     None      0.0     None      0.1      0.9     7.83      5.0     None     2.38   120000      7.0     None     None     None     None     None     None     None
467410 20131229   1017.2   1020.5   1019.1   092800   1015.0   150700     14.2     18.6   134100     11.6   065900      9.3       73       57   150300      4.3     30.0      9.8     40.0   011100      0.0      0.0      0.0     None      0.0     None      5.5     51.4    12.90      3.9     None     4.10   130000      3.8     None     None     None     None     None     None     None
467410 20131230   1016.9   1020.2   1018.9   091300   1014.7   152100     16.0     22.1   143200     12.1   035300     11.2       74       54   142400      3.8     30.0      8.8     30.0   190300      0.0      0.0      0.0     None      0.0     None      6.8     63.6    14.44      3.1     None     4.42   130000      3.3     None     None     None     None     None     None     None
467410 20131231   1015.8   1019.0   1017.9   093100   1013.5   143200     17.2     22.9   135800     14.0   064900     12.2       73       55   123600      3.8     30.0      9.8     30.0   193300      0.0      0.0      0.0     None      0.0     None      8.2     76.6    15.35      3.3     None     4.31   130000      3.8     None     None     None     None     None     None     None
