* MD (Multifield Daily Data Format)
* 以 '*' 字元開頭的文字為格式說明
* 以 '#' 字元開頭的文字為氣象資料欄位標題列9個字元一組
********************************************************************************
* 格式說明:
* 站碼(stno) 時間(yyyymmdd) 氣象資料欄位
* 1~6        8~15           第16個字元開始每個氣象要素(欄位)9個字元
* 時間為當地時間(Local Time)
* yyyy:西元年
* mm:月
* dd:日
********************************************************************************
* 欄位標題說明:
* 極值發生時間欄位格式為 hhmmss 6位字元  其中 hh:小時(00~23時) mm:分鐘(00~59分) ss:秒(00~59秒)
*
* CD11 平均雲量(10分量)
* EP01 20cm箱外蒸發量(mm)
* EP04 20cm箱內蒸發量(mm)
* EP05 A型蒸發量(mm)
* GR01 全天空日射量(MJ/㎡)
* GR02 最大小時全天空日射量(MJ/㎡)
* GR03 最大小時全天空日射量時間
* PP01 降水量(mm)
* PP02 降水時數(hour)
* PP03 最大十分鐘降水量(mm)
* PP04 最大十分鐘降水量起始時間
* PP05 最大六十分鐘降水量(mm)
* PP06 最大六十分鐘降水量起始時間
* PS01 平均測站氣壓(hPa)                
* PS02 平均海平面氣壓(hPa)
* PS03 最高測站氣壓(hPa)                  
* PS04 最高測站氣壓時間
* PS05 最低測站氣壓(hPa)
* PS06 最低測站氣壓時間
* PS07 最高海平面氣壓(hPa)
* PS08 最高海平面氣壓時間
* PS09 最低海平面氣壓(hPa)
* PS10 最低海平面氣壓時間
* RH01 平均相對溼度(%)
* RH02 最大相對溼度(%)
* RH03 最大相對溼度時間
* RH04 最小相對溼度(%)
* RH05 最小相對溼度時間
* SD01 雪深(cm)
* SS01 日照時數(hour)
* SS02 日照率(%)
* ST01 天空狀況
* ST02 地面狀況
* ST03 雷暴
* ST04 液態降水1
* ST05 液態降水2
* ST06 固態降水1
* ST07 固態降水2
* ST08 固態降水3
* ST09 視障1
* ST10 視障2
* ST11 光象1
* ST12 光象2
* TB01 黑球溫度(℃)
* TD01 平均露點溫度(℃)
* TD02 最高露點溫度(℃)
* TD03 最高露點溫度時間
* TD04 最低露點溫度(℃)
* TD05 最低露點溫度時間
* TG01 最低草溫(℃)
* TS01 地表溫度0cm(℃)
* TS02 地中溫度5cm(℃)
* TS03 地中溫度10cm(℃)
* TS04 地中溫度20cm(℃)
* TS05 地中溫度30cm(℃)
* TS06 地中溫度50cm(℃)
* TS07 地中溫度100cm(℃)
* TS08 地中溫度200cm(℃)
* TS09 地中溫度300cm(℃)
* TS10 地中溫度500cm(℃)
* TW01 平均溼球溫度(℃)
* TX01 平均氣溫(℃)
* TX02 絕對最高氣溫(℃)
* TX03 絕對最高氣溫時間
* TX04 絕對最低氣溫(℃)
* TX05 絕對最低氣溫時間
* TX10 氣溫日較差(℃)
* VP01 平均水氣壓(hPa)
* VP02 最大水氣壓(hPa)
* VP03 最大水氣壓時間
* VP04 最小水氣壓(hPa)
* VP05 最小水氣壓時間
* VS01 平均能見度(km)
* WD01 平均風風速(m/s)
* WD02 平均風風向(360 degree)
* WD03 平均風程(m/s)
* WD04 最大平均風風速(m/s)
* WD05 最大平均風風向(360 degree)
* WD06 最大平均風時間
* WD07 最大瞬間風風速(m/s)
* WD08 最大瞬間風風向(360 degree)
* WD09 最大瞬間風時間
* UV01 紫外線指數
********************************************************************************
* 特殊值:
* -999.1:儀器故障待修
* -9.6/-999.6:資料累計於後
* -9.5/-99.5/-999.5/-999.5/-9999.5/-9995:因故障而無資料
* -9.7/-99.7/-999.7/-999.7/-9999.7/-9997:因不明原因而無資料
* -9.8:雨跡(Trace)
* None:未觀測而無資料
********************************************************************************
# stno yyyymmdd     PS01     PS02     PS03     PS04     PS05     PS06     TX01     TX02     TX03     TX04     TX05     TD01     RH01     RH04     RH05     WD01     WD02     WD07     WD08     WD09     PP01     PP02     PP03     PP04     PP05     PP06     SS01     SS02     GR01     VS01     EP05     UV01     UV03     CD11     TS01     TS02     TS03     TS04     TS05     TS06     TS07
467410 20190101   1020.1   1023.3   1022.4   094800   1017.6   143700     18.9     23.6   150600     16.4   052800     14.6       76       60   150500      3.7    350.0      9.2    350.0   165100      0.0      0.0      0.0     None      0.0     None      0.4      3.7     9.36     12.0     None     5.75   120000      8.9     None     None     None     None     None     None     None
467410 20190102   1019.9   1023.1   1021.8   084800   1017.8   142400     19.4     22.8   143400     17.2   050100     15.9       81       68   145200      3.2    350.0      8.2    360.0   201200      0.0      0.0      0.0     None      0.0     None      0.0      0.0     7.78     10.3     None     4.58   130000      9.7     None     None     None     None     None     None     None
467410 20190103   1020.0   1023.2   1022.3   092300   1017.8   144400     20.6     25.6   153800     18.1   050900     17.3       82       64   144400      3.8    350.0      9.2    330.0   151600      0.0      0.0      0.0     None      0.0     None      5.2     48.5    13.30      5.6     None     7.16   130000      5.9     None     None     None     None     None     None     None
467410 20190104   1019.4   1022.6   1021.5   090700   1017.5   143200     21.2     26.1   135600     18.6   035900     18.2       83       67   135000      2.2    350.0      7.6    330.0   171900      0.0      0.0      0.0     None      0.0     None      4.5     42.0    12.58      3.9     None     6.66   130000      5.8     None     None     None     None     None     None     None
467410 20190105   1017.1   1020.2   1018.8   000100   1015.2   143700     22.9     28.9   135200     19.2   035300     18.9       79       59   123000      2.6    360.0      7.3    330.0   221600      0.0      0.0      0.0     None      0.0     None      7.2     67.1    14.21      3.1     None     7.26   120000      2.6     None     None     None     None     None     None     None
467410 20190106   1017.0   1020.2   1018.6   090700   1015.3   151700     21.3     25.2   134000     19.0   235500     17.5       80       65   134000      4.1    350.0     11.3    350.0   054400      0.0      0.0      0.0     None      0.0     None      4.1     38.2    11.89      6.4     None     6.57   120000      5.0     None     None     None     None     None     None     None
467410 20190107   1017.1   1020.3   1018.9   085200   1015.3   142000     21.1     27.5   130500     18.1   042800     17.3       79       61   130500      3.4    350.0      8.7    350.0   202800      0.0      0.0      0.0     None      0.0     None      7.6     70.7    15.02      6.9     None     6.95   130000      4.6     None     None     None     None     None     None     None
467410 20190108   1016.9   1020.1   1018.7   091000   1013.9   151100     21.8     26.7   153100     19.4   031800     18.0       79       62   153000      3.7    350.0      9.4     10.0   083700      0.0      0.0      0.0     None      0.0     None      6.0     55.8    13.95      5.1     None     7.32   130000      6.2     None     None     None     None     None     None     None
467410 20190109   1017.9   1021.0   1019.9   091700   1015.6   144700     21.5     26.6   132800     18.4   065800     17.3       78       61   132700      3.5    340.0      8.8    310.0   133200      0.0      0.0      0.0     None      0.0     None      9.0     83.6    15.85      5.9     None     7.05   130000      2.2     None     None     None     None     None     None     None
467410 20190110   1016.8   1020.0   1018.6   085400   1015.2   144000     21.4     26.6   114800     19.0   225100     18.0       81       66   114500      3.2    350.0      8.3    350.0   024300      0.0      0.0      0.0     None      0.0     None      3.9     36.2    13.25      3.4     None     6.84   130000      7.3     None     None     None     None     None     None     None
467410 20190111   1015.5   1018.6   1017.2   084800   1013.0   140800     22.1     27.9   124100     19.1   000100     18.6       81       63   122900      2.6    360.0      7.7    320.0   182000      0.0      0.0      0.0     None      0.0     None      8.3     77.0    14.78      2.8     None     7.09   130000      2.2     None     None     None     None     None     None     None
467410 20190112   1014.8   1017.9   1016.1   075300   1013.3   150400     22.8     27.5   115300     19.8   223300     18.6       78       63   114300      3.1    330.0      8.6    310.0   135100      0.0      0.0      0.0     None      0.0     None      9.5     88.0    16.00      4.1     None     7.43   130000      3.4     None     None     None     None     None     None     None
467410 20190113   1014.9   1018.1   1016.8   090400   1012.9   143700     21.0     26.4   131300     18.5   235300     17.1       79       63   125800      4.1    350.0     10.0    350.0   084200      0.0      0.0      0.0     None      0.0     None      7.1     65.7    15.05      6.4     None     7.35   130000      5.3     None     None     None     None     None     None     None
467410 20190114   1014.4   1017.6   1016.2   084000   1012.2   150800     21.0     27.1   121600     18.0   070300     16.4       76       61   114500      3.3    350.0      8.3    350.0   031400      0.0      0.0      0.0     None      0.0     None      8.4     77.7    15.40      4.8     None     6.89   120000      3.2     None     None     None     None     None     None     None
467410 20190115   1014.8   1018.0   1016.5   084100   1012.7   143700     20.9     26.8   120500     18.1   053700     17.1       79       61   134400      3.4    350.0     10.3    340.0   172900     -9.8      0.2     -9.8   234800     -9.8   234800      5.3     49.0    13.52      2.7     None     6.20   120000      7.2     None     None     None     None     None     None     None
467410 20190116   1015.2   1018.4   1016.6   091400   1013.4   141300     18.4     20.8   131700     17.2   070900     16.2       87       77   131700      4.4    350.0     11.5    330.0   160300     -9.8      2.5     -9.8   005000     -9.8   005000      0.0      0.0     6.41      3.5     None     5.34   130000      9.9     None     None     None     None     None     None     None
467410 20190117   1017.0   1020.2   1018.8   232100   1015.0   030500     17.4     21.0   152200     15.1   230200     14.3       83       68   152200      5.2    340.0     13.3    340.0   112200      0.0      0.0      0.0     None      0.0     None      5.9     54.4    14.16      4.1     None     7.68   130000      5.1     None     None     None     None     None     None     None
467410 20190118   1018.1   1021.3   1020.1   083900   1015.7   144300     18.0     23.3   151600     14.8   054200     14.1       79       60   133300      2.7    340.0      7.6    330.0   171300      0.0      0.0      0.0     None      0.0     None      8.7     80.1    17.09      6.0     None     7.59   130000      1.7     None     None     None     None     None     None     None
467410 20190119   1016.9   1020.1   1018.8   003200   1014.9   145400     19.7     23.2   132300     16.0   025900     15.0       76       58   140200      2.7    340.0      9.7    310.0   142200      0.0      0.0      0.0     None      0.0     None      0.2      1.8     8.90      3.1     None     4.95   130000      9.0     None     None     None     None     None     None     None
467410 20190120   1015.6   1018.8   1017.5   090800   1013.8   151500     20.5     24.4   153600     17.8   225300     16.4       78       61   152600      3.1    350.0     10.5    320.0   145500      0.0      0.0      0.0     None      0.0     None      1.4     12.9     8.53      3.1     None     4.07   140000      9.0     None     None     None     None     None     None     None
467410 20190121   1016.5   1019.7   1018.5   095300   1014.8   034200     16.5     19.9   142700     14.8   082300     13.8       84       72   144900      5.3    340.0     12.9    340.0   162200     -9.8      0.5     -9.8   073600     -9.8   073600      1.8     16.5     7.22      3.5     None     4.64   120000      8.3     None     None     None     None     None     None     None
467410 20190122   1016.9   1020.1   1018.4   100400   1015.2   145900     16.1     19.6   145100     13.4   234000     12.0       77       64   142000      5.4    340.0     13.1    330.0   151500      0.0      0.0      0.0     None      0.0     None      6.9     63.3    15.56      5.3     None     6.18   130000      5.8     None     None     None     None     None     None     None
467410 20190123   1016.4   1019.7   1018.2   092800   1014.9   152600     16.5     22.4   132100     11.9   054300     11.5       73       53   123900      3.7    350.0      8.9    340.0   203400      0.0      0.0      0.0     None      0.0     None      7.0     64.1    15.10      6.0     None     7.12   130000      3.5     None     None     None     None     None     None     None
467410 20190124   1016.6   1019.8   1018.0   090300   1014.8   152500     18.2     24.8   132000     14.2   065800     13.3       74       50   131200      3.1    350.0      8.0    270.0   140900      0.0      0.0      0.0     None      0.0     None     10.0     91.4    17.05      4.1     None     7.17   130000      0.4     None     None     None     None     None     None     None
467410 20190125   1017.3   1020.5   1018.9   085300   1015.2   143900     18.5     25.2   132700     14.5   064700     14.1       77       51   144800      3.7    350.0      9.7    350.0   190900      0.0      0.0      0.0     None      0.0     None      9.3     84.9    18.01      3.7     None     6.99   130000      1.5     None     None     None     None     None     None     None
467410 20190126   1018.8   1022.0   1020.2   100300   1017.2   142900     16.6     21.7   124800     14.5   063600     11.1       71       52   121000      4.7    350.0     11.9    340.0   152500      0.0      0.0      0.0     None      0.0     None      3.0     27.4    12.72      3.8     None     5.80   120000      6.4     None     None     None     None     None     None     None
467410 20190127   1019.7   1023.0   1022.2   091000   1018.0   152300     16.9     22.2   151000     14.4   000200      9.7       63       49   142700      3.7    350.0     10.4    350.0   020700      0.0      0.0      0.0     None      0.0     None      3.5     31.9    12.80      9.0     None     5.56   130000      6.8     None     None     None     None     None     None     None
467410 20190128   1018.2   1021.4   1020.4   093800   1016.3   150800     18.3     24.7   140600     14.1   062500     12.0       68       49   130600      2.5    350.0      6.1    360.0   204300      0.0      0.0      0.0     None      0.0     None     10.0     90.9    18.13      7.9     None     7.41   130000      1.5     None     None     None     None     None     None     None
467410 20190129   1018.3   1021.5   1019.9   090100   1016.4   143800     18.9     25.7   130400     14.9   073100     13.5       73       39   130000      2.9    360.0      7.5    280.0   141800      0.0      0.0      0.0     None      0.0     None      8.9     80.8    17.82      3.6     None     7.61   130000      1.4     None     None     None     None     None     None     None
467410 20190130   1017.8   1021.0   1020.7   090500   1015.5   150900     20.3     27.0   130600     14.6   055900     15.5       76       48   130100      2.5    360.0      8.1    350.0   133500      0.0      0.0      0.0     None      0.0     None      6.9     62.6    16.66      3.8     None     7.79   130000      5.4     None     None     None     None     None     None     None
467410 20190131   1015.7   1018.8   1017.7   101600   1013.7   152900     23.4     28.1   132700     20.5   040800     16.0       64       51   100600      3.0    340.0     10.7    350.0   210900      0.0      0.0      0.0     None      0.0     None      6.4     58.0    15.34      9.1     None     7.25   130000      4.9     None     None     None     None     None     None     None
467410 20190201   1017.9   1021.1   1020.2   095900   1016.3   031800     18.7     22.3   150900     15.7   062100     13.7       73       60   152900      4.3    340.0     12.7    340.0   110500      0.0      0.0      0.0     None      0.0     None      3.0     27.1    14.24      8.8     None     7.01   130000      7.8     None     None     None     None     None     None     None
467410 20190202   1016.0   1019.2   1018.3   000200   1013.5   144800     20.3     26.3   124500     16.3   041500     15.6       75       57   124400      2.5    360.0      7.2    270.0   151700      0.0      0.0      0.0     None      0.0     None      8.7     78.5    17.78      6.0     None     8.16   130000      2.1     None     None     None     None     None     None     None
467410 20190203   1014.8   1018.0   1016.2   090900   1013.5   040500     23.3     29.8   120700     18.9   041200     18.9       77       52   105200      2.4    160.0     11.8    140.0   103200     -9.8      0.9     -9.8   152000     -9.8   152000      5.5     49.6    13.07      7.9     None     7.79   120000      5.0     None     None     None     None     None     None     None
467410 20190204   1015.2   1018.4   1017.1   092500   1013.6   154300     22.8     26.8   102600     19.4   224100     19.2       80       65   133300      2.8    350.0      8.7    350.0   223600      0.0      0.0      0.0     None      0.0     None      3.7     33.3    11.32      7.4     None     8.47   130000      8.0     None     None     None     None     None     None     None
467410 20190205   1014.0   1017.2   1016.3   094000   1011.3   150500     21.1     26.4   150300     18.7   045400     17.0       78       59   152400      3.5    350.0     10.1    340.0   042000      0.0      0.0      0.0     None      0.0     None      1.4     12.6     9.95      5.0     None     8.26   130000      7.8     None     None     None     None     None     None     None
467410 20190206   1012.2   1015.3   1014.2   000100   1010.3   151000     22.3     27.1   130600     18.4   053600     18.2       78       61   130600      2.1    360.0      6.6    290.0   135400      0.0      0.0      0.0     None      0.0     None      9.6     86.1    18.91      4.9     None     8.63   130000      0.8     None     None     None     None     None     None     None
467410 20190207   1012.5   1015.7   1015.1   090600   1009.9   151600     24.2     31.0   132800     19.8   062500     18.2       72       36   135600      2.3    360.0      8.3    250.0   162800      0.0      0.0      0.0     None      0.0     None     10.6     94.9    19.78     10.0     None     9.12   130000      0.0     None     None     None     None     None     None     None
467410 20190208   1013.5   1016.7   1015.0   092000   1011.3   145700     21.5     27.2   133700     18.7   064500     17.1       77       54   132300      4.3    350.0     10.7    350.0   184000      0.0      0.0      0.0     None      0.0     None      9.3     83.2    18.94      7.0     None     8.62   130000      1.5     None     None     None     None     None     None     None
467410 20190209   1015.6   1018.8   1018.1   222300   1013.5   044300     21.9     28.3   134300     18.3   062900     16.4       71       53   124900      3.6    340.0     11.1    350.0   181900      0.0      0.0      0.0     None      0.0     None     10.2     91.1    18.47     10.5     None     7.86   130000      0.0     None     None     None     None     None     None     None
467410 20190210   1018.4   1021.6   1020.6   222100   1016.7   024700     21.1     27.4   131400     16.9   053200     16.3       75       54   135100      4.2    340.0     10.8    340.0   043500      0.0      0.0      0.0     None      0.0     None      9.9     88.2    19.29     10.9     None     8.73   130000      2.2     None     None     None     None     None     None     None
467410 20190211   1020.2   1023.4   1021.4   100300   1018.8   151200     20.6     25.8   125300     17.8   235800     15.8       74       57   130400      4.8    340.0     12.2    340.0   065000      0.0      0.0      0.0     None      0.0     None      8.7     77.4    19.01     10.6     None     9.15   130000      5.3     None     None     None     None     None     None     None
467410 20190212   1020.2   1023.4   1021.8   084600   1018.4   153700     21.2     26.9   130100     17.0   030800     16.9       77       60   121500      3.7    350.0      9.7    310.0   141000      0.0      0.0      0.0     None      0.0     None      9.6     85.3    19.59     10.3     None     9.63   130000      4.2     None     None     None     None     None     None     None
467410 20190213   1018.3   1021.4   1020.4   000600   1015.4   155000     23.3     29.2   121600     19.7   041100     18.3       75       54   123000      3.6    340.0      9.9    310.0   132900      0.0      0.0      0.0     None      0.0     None     10.2     90.4    20.35      6.5     None     9.55   130000      2.2     None     None     None     None     None     None     None
467410 20190214   1017.7   1020.9   1019.4   092100   1015.8   140600     22.8     28.8   124000     19.8   063800     18.0       75       56   123800      3.8    340.0     10.1    310.0   151700      0.0      0.0      0.0     None      0.0     None      9.3     82.3    19.26      8.0     None     9.17   120000      3.6     None     None     None     None     None     None     None
467410 20190215   1017.0   1020.2   1019.3   092400   1014.8   150400     23.0     28.1   142900     18.8   064300     18.3       75       58   122600      2.8    340.0      8.3    340.0   035400      0.0      0.0      0.0     None      0.0     None      8.4     74.2    18.40      6.6     None     8.78   120000      2.6     None     None     None     None     None     None     None
467410 20190216   1015.6   1018.7   1017.9   083200   1013.6   155800     22.7     28.6   131300     19.6   235900     18.3       77       55   122600      3.3    350.0     10.8    340.0   170700      0.0      0.0      0.0     None      0.0     None      6.9     60.9    16.83      4.8     None     7.98   120000      5.8     None     None     None     None     None     None     None
467410 20190217   1015.2   1018.4   1016.8   084200   1013.1   143900     20.8     25.7   141300     18.2   061900     16.5       77       61   140500      4.7    340.0     11.6    330.0   182300      0.0      0.0      0.0     None      0.0     None      9.3     81.9    18.79      9.6     None     9.42   120000      6.7     None     None     None     None     None     None     None
467410 20190218   1013.3   1016.5   1015.5   000100   1010.4   152600     23.4     28.1   150000     18.4   044900     18.3       74       57   123300      3.3    340.0     10.1    340.0   013000      0.0      0.0      0.0     None      0.0     None      8.6     75.6    20.13      9.3     None     9.20   120000      5.8     None     None     None     None     None     None     None
467410 20190219   1015.3   1018.4   1017.6   211100   1013.4   040100     25.7     30.8   121200     21.6   041500     20.6       74       52   105800      2.1    220.0      6.7    170.0   003300      0.0      0.0      0.0     None      0.0     None      3.5     30.7    14.27     12.5     None     8.51   130000      7.6     None     None     None     None     None     None     None
467410 20190220   1016.9   1020.0   1018.9   091900   1015.3   145300     25.3     29.4   114700     22.9   235000     20.9       77       60   131200      2.4    190.0     10.0    180.0   135800      0.0      0.0      0.0     None      0.0     None      8.4     73.6    19.56      9.1     None    10.38   130000      3.6     None     None     None     None     None     None     None
467410 20190221   1015.2   1018.3   1017.6   000100   1013.2   160700     23.5     27.8   131000     19.8   224100     19.8       80       64   131000      2.7    360.0      8.7    360.0   215700      0.0      0.0      0.0     None      0.0     None      4.8     42.0    14.20      5.5     None     7.36   130000      5.8     None     None     None     None     None     None     None
467410 20190222   1013.8   1017.0   1015.4   091700   1011.9   141700     21.4     26.9   114100     18.2   233500     17.7       80       64   115400      4.4    350.0     11.9    310.0   152400      0.0      0.0      0.0     None      0.0     None      9.0     78.5    20.21      4.9     None    10.25   130000      2.7     None     None     None     None     None     None     None
467410 20190223   1013.4   1016.5   1015.1   000200   1010.7   143800     19.9     24.5   122200     16.7   054900     14.7       73       59   143100      4.1    350.0     12.9    330.0   031500      0.0      0.0      0.0     None      0.0     None      6.7     58.4    17.54      6.9     None    10.03   130000      4.5     None     None     None     None     None     None     None
467410 20190224   1012.6   1015.8   1014.3   094300   1011.1   144500     18.7     20.5   140900     17.0   055800     15.2       80       70   101900      3.8    350.0     10.9    350.0   170800      1.0      1.9      0.5   122200      0.5   113200      0.4      3.5     6.10      8.6     None     4.77   130000      8.6     None     None     None     None     None     None     None
467410 20190225   1013.6   1016.8   1015.6   233600   1011.5   150300     20.3     26.0   152500     17.1   021000     16.1       78       58   152400      4.2    340.0     11.1    350.0   102600      0.5      3.6      0.5   020800      0.5   011800      8.5     73.8    19.24      5.4     None     9.33   130000      4.6     None     None     None     None     None     None     None
467410 20190226   1014.4   1017.6   1016.3   083000   1012.8   152500     21.4     26.5   151700     17.6   065500     16.6       75       58   151100      2.8    320.0      8.6    350.0   000500      0.0      0.0      0.0     None      0.0     None      9.1     78.8    19.78      5.0     None     9.58   130000      2.8     None     None     None     None     None     None     None
467410 20190227   1012.9   1016.0   1015.1   080400   1010.1   150300     22.3     27.9   131700     18.2   062200     17.6       75       58   131700      3.5    350.0      9.5    340.0   064300      0.0      0.0      0.0     None      0.0     None      9.1     78.7    20.25      4.3     None    10.02   130000      1.8     None     None     None     None     None     None     None
467410 20190228   1012.3   1015.4   1014.1   224600   1010.3   150100     23.4     28.7   120200     20.3   231700     18.1       73       58   120000      3.7    340.0     10.3    350.0   231000      0.0      0.0      0.0     None      0.0     None      8.9     76.8    20.02      4.8     None     9.76   130000      2.5     None     None     None     None     None     None     None
467410 20190301   1013.7   1016.8   1015.2   095500   1012.5   150100     21.7     26.8   112500     19.0   054800     17.5       77       62   112500      3.9    340.0     10.7    300.0   160000      0.0      0.0      0.0     None      0.0     None      9.9     85.3    21.02      5.8     None    11.31   130000      3.2     None     None     None     None     None     None     None
467410 20190302   1010.6   1013.7   1013.7   000100   1008.5   154600     23.5     28.4   123200     19.9   002600     19.0       76       59   133500      2.1    360.0      7.6    210.0   142500      0.0      0.0      0.0     None      0.0     None      8.5     73.1    20.36      5.1     None    10.85   130000      3.4     None     None     None     None     None     None     None
467410 20190303   1008.4   1011.5   1010.6   235200   1006.3   051100     23.4     28.9   102900     20.8   135900     18.0       72       55   111300      3.2    350.0     13.6    350.0   135800      1.0      0.5      1.0   124900      1.0   124600      3.3     28.3    11.11     14.9     None     6.52   110000      6.4     None     None     None     None     None     None     None
467410 20190304   1011.7   1014.9   1013.4   102300   1009.3   033600     21.9     27.6   122500     17.7   063700     16.6       73       53   122400      3.2    350.0      9.7    340.0   043500      0.0      0.0      0.0     None      0.0     None     10.6     90.8    22.97      9.6     None    11.43   130000      2.1     None     None     None     None     None     None     None
467410 20190305   1010.6   1013.7   1012.8   000800   1007.7   152800     22.9     28.2   175900     18.3   221500     17.4       72       52   175500      2.7    340.0     11.7    360.0   204500     -9.8      0.4     -9.8   220100     -9.8   220100      1.2     10.3    10.27      5.9     None     6.40   110000      8.1     None     None     None     None     None     None     None
467410 20190306   1011.0   1014.2   1014.4   213700   1008.8   140000     22.4     29.1   115600     18.8   032800     18.0       77       56   140100      4.0    350.0     12.2    300.0   140300      5.5      1.8      2.5   213700      4.0   213600      7.2     61.4    18.54      9.4     None    10.71   130000      6.2     None     None     None     None     None     None     None
467410 20190307   1013.2   1016.4   1015.3   234500   1011.6   041200     16.9     20.3   004600     14.4   235600     15.5       91       83   004600      4.3    350.0     10.7     10.0   112500      5.5      7.0      1.0   171600      2.5   171600      0.0      0.0     1.71      4.0     None     1.95   120000     10.0     None     None     None     None     None     None     None
467410 20190308   1013.6   1016.8   1016.4   101900   1011.7   151600     17.0     22.8   153200     13.8   025100     15.6       91       77   151300      3.1    350.0      9.2    360.0   052800      6.0      8.7      1.0   090400      1.5   090400      1.8     15.3     8.47      4.2     None     7.93   140000      8.9     None     None     None     None     None     None     None
467410 20190309   1009.2   1012.4   1012.5   005900   1006.5   152900     20.9     25.3   113500     18.1   021400     18.8       88       68   113200      1.6    360.0      8.8    300.0   120400     16.0      4.9      3.0   150400      5.5   130500      0.7      5.9     7.18      3.8     None     6.28   110000      8.9     None     None     None     None     None     None     None
467410 20190310   1009.8   1013.0   1012.1   212200   1008.1   023900     21.6     26.2   115800     19.0   042700     18.6       83       65   115700      2.7    320.0     14.1    340.0   024600      9.5      7.1      3.0   024500      4.5   020200      2.3     19.5    11.18     11.8     None     9.20   120000      8.4     None     None     None     None     None     None     None
467410 20190311   1010.9   1014.0   1012.9   082900   1009.2   024900     19.3     22.7   115900     17.8   235500     16.5       85       70   130800      2.7    350.0      6.7    280.0   113000      9.0      4.6      1.5   041400      5.5   035000      0.9      7.6     6.97      5.3     None     8.57   120000      9.0     None     None     None     None     None     None     None
467410 20190312   1012.9   1016.1   1015.1   234700   1011.3   144600     21.6     26.5   114000     16.6   051500     15.5       69       52   133600      1.7    350.0      7.6    190.0   152600      0.0      0.0      0.0     None      0.0     None     11.0     92.8    23.05      6.1     None    11.44   130000      1.3     None     None     None     None     None     None     None
467410 20190313   1015.4   1018.6   1016.9   222800   1014.0   034300     23.0     26.9   120700     20.7   062400     17.8       73       59   125100      1.9    350.0      7.4    280.0   143500      1.0      2.2      0.5   061100      0.5   061100      4.4     37.0    16.00      5.3     None     8.85   130000      7.4     None     None     None     None     None     None     None
467410 20190314   1015.8   1018.9   1017.6   090500   1013.2   165600     23.1     27.5   140000     20.1   235800     17.7       72       58   142700      3.2    310.0     11.9    340.0   232100      0.0      0.0      0.0     None      0.0     None      7.2     60.5    18.27      4.6     None     8.59   130000      4.2     None     None     None     None     None     None     None
467410 20190315   1016.3   1019.5   1017.9   090500   1014.3   152600     19.8     22.4   113300     17.7   224900     15.0       74       62   125000      4.6    350.0     14.4    340.0   132700      1.0      1.3      0.5   222200      1.0   221000      0.7      5.9    10.48      5.9     None     5.84   110000      9.5     None     None     None     None     None     None     None
467410 20190316   1016.0   1019.1   1017.4   230100   1014.3   142700     22.1     25.7   103300     17.5   004900     16.2       70       52   142400      2.3    210.0      8.7    170.0   104900      0.0      0.0      0.0     None      0.0     None      1.4     11.7    13.78      9.0     None     8.26   110000      8.4     None     None     None     None     None     None     None
467410 20190317   1016.0   1019.2   1017.8   085400   1013.7   160300     23.0     27.1   134700     20.6   062600     17.4       71       56   115500      2.6    350.0      8.9    350.0   194800      0.0      0.0      0.0     None      0.0     None     10.0     83.6    20.30      4.8     None     8.61   130000      4.4     None     None     None     None     None     None     None
467410 20190318   1013.7   1016.8   1016.0   000100   1011.4   154000     23.2     28.7   135300     19.6   060000     18.4       75       56   134900      2.8    350.0      7.0    360.0   063800      0.0      0.0      0.0     None      0.0     None      6.5     54.2    18.10      4.5     None     9.13   130000      3.8     None     None     None     None     None     None     None
467410 20190319   1012.2   1015.3   1014.1   092300   1010.2   152500     24.7     30.7   132000     21.0   062900     19.1       72       53   124200      2.6    350.0      8.4    340.0   075200      0.0      0.0      0.0     None      0.0     None      9.7     80.7    20.33      4.3     None     8.51   120000      0.0     None     None     None     None     None     None     None
467410 20190320   1011.0   1014.1   1013.1   093500   1008.7   151000     25.3     29.3   153600     22.0   034700     20.4       74       62   151400      2.6    150.0     11.6    170.0   154900      0.0      0.0      0.0     None      0.0     None      9.4     78.1    20.34      6.2     None     9.63   130000      2.1     None     None     None     None     None     None     None
467410 20190321   1009.7   1012.8   1011.2   000100   1007.8   152800     25.8     29.4   095200     23.3   054200     21.3       76       63   095200      2.0    230.0      7.8    240.0   140900      0.0      0.0      0.0     None      0.0     None     11.0     91.2    24.71     13.0     None    11.59   130000      1.5     None     None     None     None     None     None     None
467410 20190322   1010.7   1013.8   1013.0   231400   1008.9   152400     25.5     30.6   120700     21.6   235959     20.2       73       55   120100      2.9    340.0     10.1    340.0   213800      0.0      0.0      0.0     None      0.0     None     10.4     86.1    23.50      9.3     None    11.47   130000      3.8     None     None     None     None     None     None     None
467410 20190323   1014.1   1017.3   1015.9   214100   1011.7   021900     19.3     21.6   000100     16.6   235900     16.3       83       77   222100      4.3    350.0     10.6    360.0   212800     19.5      4.0      7.0   075400     11.5   105000      0.0      0.0     4.54      5.5     None     4.02   150000      9.7     None     None     None     None     None     None     None
467410 20190324   1014.9   1018.1   1016.5   095100   1013.5   155300     18.4     19.8   160100     16.0   034400     16.0       86       79   015100      2.0    360.0      8.2    320.0   000900      0.5      0.2      0.5   032000      0.5   031500      0.0      0.0     2.52      6.1     None     1.86   120000      9.2     None     None     None     None     None     None     None
467410 20190325   1013.5   1016.7   1015.1   092800   1012.0   153500     22.3     27.4   130200     18.3   043000     18.2       78       61   130200      2.5    340.0      7.8    310.0   172100      0.0      0.0      0.0     None      0.0     None      4.7     38.7    17.02      3.8     None     8.80   130000      5.8     None     None     None     None     None     None     None
467410 20190326   1015.7   1018.8   1017.5   094500   1014.0   020400     22.8     28.7   143500     19.2   053100     18.0       75       57   133900      3.8    350.0      8.7    330.0   035100      0.0      0.0      0.0     None      0.0     None     10.8     88.7    24.08      7.2     None    11.33   120000      1.2     None     None     None     None     None     None     None
467410 20190327   1014.5   1017.6   1017.1   072200   1012.1   162200     24.9     30.0   131400     21.0   002100     19.3       72       53   120600      2.0    350.0      6.6    350.0   011900      0.0      0.0      0.0     None      0.0     None     10.1     82.8    21.64      4.5     None     8.76   130000      2.6     None     None     None     None     None     None     None
467410 20190328   1009.9   1013.0   1012.4   000100   1007.1   154100     25.9     29.7   105500     22.9   063000     21.3       76       62   112200      2.3    200.0      8.2    210.0   125500      0.0      0.0      0.0     None      0.0     None     10.2     83.5    21.48      9.9     None    10.16   130000      1.6     None     None     None     None     None     None     None
467410 20190329   1008.2   1011.3   1011.4   234800   1006.6   033200     25.7     29.8   123900     20.7   235959     21.2       77       61   123800      2.3    220.0     11.9    360.0   234100      0.0      0.0      0.0     None      0.0     None      9.6     78.4    23.65     15.9     None    12.73   130000      3.9     None     None     None     None     None     None     None
467410 20190330   1010.8   1013.9   1013.1   220500   1008.9   144400     24.6     29.0   105900     20.3   003900     19.4       74       59   145700      3.0    350.0     13.9    350.0   003900      0.0      0.0      0.0     None      0.0     None      6.7     54.6    18.82     10.0     None     8.01   120000      8.4     None     None     None     None     None     None     None
467410 20190331   1014.0   1017.1   1016.7   221900   1012.1   151100     24.5     29.8   111400     20.8   232300     18.6       70       55   133200      3.2    340.0      9.9    270.0   134600      0.0      0.0      0.0     None      0.0     None      8.6     70.0    22.49      8.1     None    10.78   130000      5.1     None     None     None     None     None     None     None
467410 20190401   1016.1   1019.2   1017.6   084900   1014.6   152200     20.7     23.6   113400     19.0   051200     15.8       74       66   112500      4.4    340.0     10.1    350.0   130800      0.0      0.0      0.0     None      0.0     None      0.6      4.9    11.26      8.1     None     8.76   120000      8.2     None     None     None     None     None     None     None
467410 20190402   1014.9   1018.1   1017.3   081900   1012.4   150400     23.1     29.1   143600     18.7   013700     17.6       72       54   143400      2.6    340.0      8.1    290.0   155900      0.0      0.0      0.0     None      0.0     None      7.2     58.4    20.60      8.6     None     9.04   120000      5.1     None     None     None     None     None     None     None
467410 20190403   1013.8   1017.0   1016.4   084500   1011.2   153000     23.2     28.8   132800     20.5   062700     18.5       75       56   134100      4.8    350.0     14.1    350.0   171200      0.0      0.0      0.0     None      0.0     None      7.8     63.1    21.41      6.8     None     9.81   130000      3.4     None     None     None     None     None     None     None
467410 20190404   1012.8   1016.0   1014.5   084600   1010.5   152700     23.6     28.4   140400     20.6   050500     19.0       76       62   140100      3.6    350.0      8.7    320.0   183100      0.0      0.0      0.0     None      0.0     None      6.9     55.7    19.59      4.2     None     7.86   140000      5.7     None     None     None     None     None     None     None
467410 20190405   1010.4   1013.5   1012.8   000100   1008.2   152400     24.1     28.3   141100     21.0   044500     19.3       75       58   145100      3.3    350.0     10.6    360.0   135000      0.0      0.0      0.0     None      0.0     None      7.7     62.1    21.58      3.5     None     9.83   130000      3.9     None     None     None     None     None     None     None
467410 20190406   1010.6   1013.7   1012.1   090300   1008.8   160600     24.9     28.1   111800     22.2   035000     19.5       72       61   111800      1.8    270.0      7.8    250.0   133000      0.0      0.0      0.0     None      0.0     None      8.6     69.2    22.44      7.6     None    10.73   120000      4.5     None     None     None     None     None     None     None
467410 20190407   1010.2   1013.3   1011.8   075800   1008.6   153600     26.0     29.9   134500     22.8   061700     20.2       71       57   134500      2.0    310.0      8.7    280.0   132600      0.0      0.0      0.0     None      0.0     None      9.8     78.7    23.88      7.5     None    10.41   120000      1.8     None     None     None     None     None     None     None
467410 20190408   1010.1   1013.2   1011.5   102100   1008.8   034700     26.3     29.8   130600     23.4   050500     21.0       73       60   122600      1.8    200.0      7.6    210.0   131600      0.0      0.0      0.0     None      0.0     None      9.4     75.4    22.11      8.6     None     8.90   120000      3.2     None     None     None     None     None     None     None
467410 20190409   1009.1   1012.2   1010.9   000100   1007.2   152500     27.2     32.0   121200     23.9   055100     21.9       73       57   121000      3.1    160.0     10.9    170.0   133300      0.0      0.0      0.0     None      0.0     None     10.8     86.5    24.93     11.1     None    10.98   130000      1.2     None     None     None     None     None     None     None
467410 20190410   1008.9   1012.0   1010.4   094900   1006.8   164500     26.9     30.1   125400     25.0   061900     22.3       77       63   115600      1.9    230.0      7.3    250.0   122300      0.0      0.0      0.0     None      0.0     None     10.3     82.3    24.60     12.5     None    10.91   130000      2.1     None     None     None     None     None     None     None
467410 20190411   1008.5   1011.5   1010.3   222300   1006.7   145700     26.3     30.6   133300     22.9   224400     21.4       75       61   105100      3.1    180.0     10.9    360.0   192600      0.0      0.0      0.0     None      0.0     None     10.7     85.4    25.37      9.0     None    11.87   120000      1.8     None     None     None     None     None     None     None
467410 20190412   1011.2   1014.3   1014.1   215900   1009.3   021800     24.3     29.6   112000     20.9   054800     19.1       73       61   110500      3.6    340.0     10.9    310.0   154600      0.0      0.0      0.0     None      0.0     None      5.6     44.6    18.53      9.8     None     8.33   110000      5.4     None     None     None     None     None     None     None
467410 20190413   1011.7   1014.8   1013.6   091200   1010.0   024300     25.3     30.8   135500     21.7   060500     19.9       73       54   141000      3.1    350.0      9.4    360.0   174600      0.0      0.0      0.0     None      0.0     None      4.1     32.6    20.28      7.1     None     9.04   120000      8.2     None     None     None     None     None     None     None
467410 20190414   1010.7   1013.8   1012.0   094300   1009.0   163000     26.2     31.7   130800     22.6   060600     21.3       75       58   130700      3.7    340.0     10.2    320.0   173000      0.0      0.0      0.0     None      0.0     None      7.6     60.3    20.82      8.0     None     9.15   130000      4.8     None     None     None     None     None     None     None
467410 20190415   1010.7   1013.8   1012.4   212100   1009.0   162600     24.2     28.9   141800     21.6   054700     19.6       76       59   150400      2.8    340.0      7.4    360.0   010000      0.0      0.0      0.0     None      0.0     None      1.0      7.9    11.26      6.0     None     8.02   130000      8.5     None     None     None     None     None     None     None
467410 20190416   1009.7   1012.8   1011.8   080300   1007.8   155000     22.8     25.5   143100     20.6   074100     20.7       88       80   150500      2.6    350.0      8.4    350.0   051300      6.5      5.4      1.0   072000      3.5   071100      0.4      3.2     8.37      2.6     None     4.84   130000      9.2     None     None     None     None     None     None     None
467410 20190417   1008.8   1011.9   1010.4   092000   1007.2   153400     24.6     29.9   123000     21.2   025400     20.2       77       60   123000      3.4    340.0     10.0    340.0   064100      0.0      0.0      0.0     None      0.0     None      8.3     65.5    23.91      7.4     None    11.81   120000      3.9     None     None     None     None     None     None     None
467410 20190418   1008.7   1011.7   1010.4   090800   1007.3   171300     26.7     31.2   131700     23.2   054600     20.3       69       52   135800      1.5    360.0      6.8    220.0   141000      0.0      0.0      0.0     None      0.0     None      8.8     69.4    23.47     12.6     None    11.94   130000      4.2     None     None     None     None     None     None     None
467410 20190419   1007.5   1010.6   1009.5   214400   1004.7   155900     25.2     31.5   120600     22.0   041500     21.3       80       58   122800      3.0    100.0     18.3    250.0   145800     68.5      4.9     16.0   040500     49.5   035600      3.4     26.8    14.50     12.5     None     9.79   110000      7.8     None     None     None     None     None     None     None
467410 20190420   1006.3   1009.4   1008.1   000700   1004.2   160300     27.5     32.9   122800     22.8   021900     20.9       69       48   125100      1.9    220.0      6.3    230.0   143100      0.0      0.0      0.0     None      0.0     None      4.3     33.8    18.91     16.5     None     9.71   110000      7.2     None     None     None     None     None     None     None
467410 20190421   1007.0   1010.1   1008.8   094300   1004.9   034700     26.4     30.5   123900     24.3   081100     22.1       77       65   130700      1.9    110.0     10.7    190.0   172000     13.0      2.5      4.5   094400      7.0   070600      1.1      8.6    11.07     11.4     None     7.64   120000      8.2     None     None     None     None     None     None     None
467410 20190422   1007.6   1010.6   1010.1   210400   1005.7   154100     27.7     31.3   120500     25.1   055400     22.7       74       61   122000      2.0    210.0      7.7    280.0   210300      0.0      0.0      0.0     None      0.0     None      8.7     68.1    23.00     15.0     None    10.64   130000      5.2     None     None     None     None     None     None     None
467410 20190423   1008.0   1011.1   1009.7   081800   1004.9   021300     28.2     31.4   123400     25.7   054600     22.4       71       60   122300      2.2    260.0      7.2    220.0   145000      0.0      0.0      0.0     None      0.0     None      9.5     74.3    22.83     18.3     None    10.25   130000      2.1     None     None     None     None     None     None     None
467410 20190424   1007.8   1010.9   1009.9   105200   1006.4   025800     28.0     31.6   120300     26.1   043100     22.1       70       60   115400      1.8    240.0      7.4    210.0   150100      0.0      0.0      0.0     None      0.0     None     10.2     79.6    25.08     16.4     None    12.46   120000      3.1     None     None     None     None     None     None     None
467410 20190425   1007.5   1010.5   1008.9   103900   1005.8   032700     28.4     31.5   133000     25.4   044900     21.2       66       54   150000      1.8    290.0      6.9    250.0   150900      0.0      0.0      0.0     None      0.0     None     10.3     80.3    26.77     13.3     None    13.15   130000      3.2     None     None     None     None     None     None     None
467410 20190426   1008.7   1011.8   1011.2   213900   1006.5   023500     28.5     32.1   103400     26.0   060400     21.3       65       55   103400      2.2    260.0      6.8    240.0   160100      0.0      0.0      0.0     None      0.0     None      6.3     49.0    19.43      8.9     None     9.43   130000      6.2     None     None     None     None     None     None     None
467410 20190427   1010.0   1013.1   1011.8   223300   1008.0   151800     27.6     31.7   112900     24.9   221800     21.7       70       58   111000      2.7    350.0      9.2    360.0   191900      0.0      0.0      0.0     None      0.0     None      3.2     24.9    14.24      4.5     None     7.40   110000      7.1     None     None     None     None     None     None     None
467410 20190428   1010.3   1013.4   1012.2   080200   1008.7   163700     27.6     31.4   104700     24.5   014200     21.5       70       53   120000      2.1    320.0      7.3    280.0   122200      0.0      0.0      0.0     None      0.0     None      4.4     34.1    19.40      8.5     None    10.66   120000      6.8     None     None     None     None     None     None     None
467410 20190429   1008.5   1011.6   1010.5   091400   1006.0   162200     28.8     32.6   134600     25.7   044900     22.0       67       51   133200      1.9    230.0      7.2    220.0   134900      0.0      0.0      0.0     None      0.0     None     10.0     77.5    23.86     12.1     None    11.59   120000      2.6     None     None     None     None     None     None     None
467410 20190430   1006.1   1009.2   1007.7   000100   1003.9   154400     28.7     32.0   114800     27.0   032100     22.4       69       55   112200      2.8    140.0      8.2    250.0   125900      0.0      0.0      0.0     None      0.0     None      9.6     74.2    24.73     15.3     None    12.19   120000      4.6     None     None     None     None     None     None     None
467410 20190501   1006.0   1009.1   1008.3   222800   1004.5   153500     26.1     30.3   133700     23.4   225400     20.8       73       63   135500      2.8    340.0      8.7    350.0   175000     27.0      1.6     14.0   013100     26.0   010500      1.3     10.0    12.79     12.1     None     6.77   140000      9.0     None     None     None     None     None     None     None
467410 20190502   1008.7   1011.8   1010.8   204400   1006.2   023200     23.9     27.8   124500     20.5   193900     19.2       75       62   121800      2.5    350.0     11.1    350.0   161300     20.5      4.4      5.0   192100     14.0   192100      0.0      0.0     7.10      6.6     None     5.67   130000      9.7     None     None     None     None     None     None     None
467410 20190503   1010.4   1013.5   1012.0   103900   1008.3   035600     23.0     25.1   115900     21.3   001800     19.7       82       72   113700      1.9    350.0      7.0    340.0   121100      0.5      1.8      0.5   163300      0.5   163300      0.3      2.3     8.23      5.3     None     5.79   110000      9.5     None     None     None     None     None     None     None
467410 20190504   1010.6   1013.7   1011.8   084900   1009.2   163200     24.4     27.2   120800     21.4   025100     19.9       77       67   154800      1.6    100.0      6.1    230.0   131400      2.0      1.4      1.0   021200      2.0   014700      0.3      2.3    11.85      9.3     None     6.38   110000      8.8     None     None     None     None     None     None     None
467410 20190505   1008.0   1011.1   1010.6   000100   1005.4   144100     25.0     28.6   100700     23.3   054000     20.1       74       62   112100      1.4    280.0      5.2    330.0   124400      2.0      3.3      0.5   173000      1.0   180600      0.8      6.1    11.82      7.8     None     5.53   100000      9.4     None     None     None     None     None     None     None
467410 20190506   1006.1   1009.2   1007.6   103100   1004.7   162600     22.9     24.5   135000     21.0   225600     20.5       86       78   003700      2.4    350.0      7.2    360.0   052700     19.0     16.1      1.5   083800      6.5   083100      0.0      0.0     5.49      3.4     None     4.98   120000     10.0     None     None     None     None     None     None     None
467410 20190507   1006.6   1009.7   1008.7   223800   1004.8   021200     21.7     24.7   151000     20.2   232500     19.5       87       76   152700      2.9    350.0      8.3    350.0   174700      0.5      1.8      0.5   213300      0.5   212000      0.0      0.0     8.67      4.3     None     6.62   130000      9.7     None     None     None     None     None     None     None
467410 20190508   1006.5   1009.6   1008.2   000100   1004.4   163000     23.6     26.8   125600     20.2   002900     19.7       79       70   125600      2.3    340.0      7.4    360.0   090800      0.0      0.0      0.0     None      0.0     None      0.2      1.5    11.39      6.1     None     7.58   120000      9.5     None     None     None     None     None     None     None
467410 20190509   1005.3   1008.4   1006.9   000100   1003.4   150700     25.4     30.4   135200     22.5   052900     20.9       76       59   134300      2.2    360.0      7.4    360.0   222700      0.0      0.0      0.0     None      0.0     None      0.9      6.9    13.51      3.8     None     9.26   140000      9.5     None     None     None     None     None     None     None
467410 20190510   1006.3   1009.4   1008.0   230200   1005.1   160200     26.2     30.0   135700     23.2   050600     21.8       77       64   164600      3.2    350.0      8.9    340.0   220800      4.0      1.4      1.5   043700      4.0   043400      6.6     50.3    19.94      9.4     None     8.65   140000      6.8     None     None     None     None     None     None     None
467410 20190511   1008.0   1011.1   1009.9   081300   1005.8   152600     27.2     32.2   131800     23.1   051000     21.7       72       57   131700      2.6    350.0      9.2    310.0   173400      0.0      0.0      0.0     None      0.0     None     11.0     83.8    26.50      6.3     None    11.48   130000      2.0     None     None     None     None     None     None     None
467410 20190512   1008.2   1011.3   1009.6   205600   1006.6   154800     27.5     32.4   120900     24.4   053900     22.2       73       56   120900      2.3    360.0      7.7    280.0   144000      0.0      0.0      0.0     None      0.0     None     10.2     77.6    26.66      6.3     None    11.01   130000      2.5     None     None     None     None     None     None     None
467410 20190513   1007.7   1010.8   1009.3   094600   1005.9   164400     29.1     32.7   131600     25.6   044000     22.1       67       55   145600      1.8    280.0      7.5    290.0   151600      0.0      0.0      0.0     None      0.0     None     11.4     86.6    27.03     13.3     None    12.77   120000      2.1     None     None     None     None     None     None     None
467410 20190514   1007.1   1010.2   1008.5   084700   1005.5   164200     29.6     33.9   125600     26.7   051800     22.6       66       53   132300      1.5    280.0      6.2    310.0   164800      0.0      0.0      0.0     None      0.0     None     11.6     88.0    27.50     13.0     None    13.49   130000      2.2     None     None     None     None     None     None     None
467410 20190515   1007.3   1010.3   1008.8   091100   1005.8   172300     29.1     32.1   150500     27.6   050600     23.5       72       62   143900      1.9    220.0      7.3    220.0   120000      0.0      0.0      0.0     None      0.0     None      7.1     53.8    18.75     17.1     None     9.11   150000      5.8     None     None     None     None     None     None     None
467410 20190516   1005.9   1008.9   1007.8   091400   1003.8   163300     29.4     33.1   114600     27.1   060400     23.9       73       60   120800      1.8    240.0      7.1    240.0   124900      0.0      0.0      0.0     None      0.0     None      6.4     48.4    22.93     15.1     None    13.28   120000      6.4     None     None     None     None     None     None     None
467410 20190517   1004.6   1007.6   1006.2   083800   1003.1   155200     29.5     31.6   123800     27.6   051500     23.7       71       66   123600      2.2    200.0      8.6    190.0   142000     -9.8      0.4     -9.8   062400     -9.8   062400      4.0     30.2    18.79     12.6     None    10.28   130000      7.8     None     None     None     None     None     None     None
467410 20190518   1004.4   1007.4   1006.5   223600   1002.8   031200     29.2     31.9   143600     27.4   190800     24.8       77       68   132700      3.6    220.0     10.2    210.0   134900     21.0      1.1     11.5   193700     21.0   190100      4.0     30.2    20.06     13.9     None    11.40   120000      8.3     None     None     None     None     None     None     None
467410 20190519   1006.1   1009.2   1007.4   222200   1004.8   023300     29.6     32.3   133900     27.4   052500     24.9       76       68   142600      2.2    160.0      9.5    240.0   131200      0.0      0.0      0.0     None      0.0     None      7.1     53.6    21.32     11.6     None    11.35   130000      6.8     None     None     None     None     None     None     None
467410 20190520   1005.6   1008.7   1007.2   214000   1004.3   142500     27.4     31.4   120100     23.6   170200     24.0       82       71   120100      2.6    240.0     21.2    320.0   151800     61.5      2.8     15.5   153800     44.0   153800      2.1     15.8    11.74      9.0     None    10.01   120000      8.6     None     None     None     None     None     None     None
467410 20190521   1006.8   1009.9   1008.6   213700   1005.5   162300     26.6     29.5   154900     24.3   044500     22.2       77       63   151400      1.6    140.0      5.8    290.0   133400      0.0      0.0      0.0     None      0.0     None      1.0      7.5    12.49      5.9     None     6.46   130000      8.6     None     None     None     None     None     None     None
467410 20190522   1007.3   1010.4   1008.6   214400   1006.0   160400     27.2     31.4   131400     24.9   043600     21.1       70       55   131300      1.9    270.0      6.3    300.0   135500      0.0      0.0      0.0     None      0.0     None      5.3     39.9    19.98     12.3     None    10.46   120000      8.1     None     None     None     None     None     None     None
467410 20190523   1008.4   1011.5   1010.0   214400   1007.0   160900     26.4     29.6   133800     23.2   065000     21.7       76       65   160900      2.3    340.0      7.6    360.0   074500     -9.8      0.9     -9.8   054300     -9.8   054300      1.6     12.0    15.06      6.8     None     8.46   130000      8.7     None     None     None     None     None     None     None
467410 20190524   1009.2   1012.3   1010.2   081900   1007.8   155400     27.4     31.1   130600     25.3   002500     21.9       72       62   105800      1.8    360.0      7.3    240.0   142500      0.0      0.0      0.0     None      0.0     None      1.4     10.5    13.35      6.9     None     6.02   100000      8.6     None     None     None     None     None     None     None
467410 20190525   1008.2   1011.3   1009.5   000100   1006.6   153200     28.0     31.0   115600     25.5   042400     22.5       72       62   101700      1.9    280.0      8.3    290.0   145100      0.0      0.0      0.0     None      0.0     None      4.3     32.2    16.41     10.9     None     9.10   120000      7.9     None     None     None     None     None     None     None
467410 20190526   1007.1   1010.1   1008.6   083800   1005.3   153000     28.8     33.4   134900     25.7   041000     22.5       69       54   142200      1.3     60.0      6.0    220.0   170500      0.0      0.0      0.0     None      0.0     None      4.7     35.2    20.25      9.5     None    10.94   120000      7.5     None     None     None     None     None     None     None
467410 20190527   1006.9   1010.0   1008.1   101700   1005.4   162500     28.2     30.1   164400     24.7   114400     23.5       76       70   000100      1.5    140.0      9.1    170.0   063400      9.5      0.9      5.0   113300      9.0   111600      1.6     12.0    10.27     13.0     None     7.43   150000      7.9     None     None     None     None     None     None     None
467410 20190528   1006.9   1010.0   1008.5   222000   1005.2   155800     28.3     30.6   124500     25.6   232400     23.5       76       67   133500      2.3    350.0      8.0    350.0   223700      0.0      0.0      0.0     None      0.0     None      4.8     35.9    14.76     15.0     None     7.73   130000      7.2     None     None     None     None     None     None     None
467410 20190529   1007.1   1010.2   1008.9   221200   1005.6   155100     26.8     31.6   132600     24.1   053500     21.9       75       62   144800      2.8    340.0      7.6    350.0   175500      0.0      0.0      0.0     None      0.0     None      3.7     27.7    20.81      5.3     None    12.96   130000      7.9     None     None     None     None     None     None     None
467410 20190530   1007.5   1010.6   1008.6   091700   1005.7   150900     27.8     32.0   111700     23.7   053200     21.4       69       60   111400      2.3    350.0      7.3    320.0   141300      0.0      0.0      0.0     None      0.0     None     10.6     79.2    27.61     11.3     None    13.28   130000      6.2     None     None     None     None     None     None     None
467410 20190531   1006.6   1009.7   1007.9   000100   1004.9   164100     29.0     32.8   120600     26.6   050300     23.1       71       57   120600      1.8    230.0      7.6    220.0   143500      0.5      0.1      0.5   162400      0.5   162400     10.1     75.4    26.14     16.8     None    13.30   130000      5.2     None     None     None     None     None     None     None
467410 20190601   1006.1   1009.2   1007.5   215900   1004.3   151200     28.9     32.2   134600     26.0   035200     24.1       76       63   134600      2.7    170.0      9.4    180.0   152200      2.5      1.0      1.0   033600      1.5   031600      5.3     39.5    20.72     17.4     None    11.26   140000      7.2     None     None     None     None     None     None     None
467410 20190602   1005.9   1009.0   1007.5   224100   1004.2   162700     29.6     33.0   121100     27.2   075800     24.0       72       58   134100      2.2    130.0      6.8    210.0   122400      2.0      0.7      1.0   075000      2.0   073000      8.2     61.1    24.29     22.4     None    14.28   130000      4.6     None     None     None     None     None     None     None
467410 20190603   1006.3   1009.3   1007.5   222000   1005.1   163900     30.1     33.6   153500     27.9   042200     23.3       67       50   151100      2.0    210.0      6.6    280.0   113700      0.0      0.0      0.0     None      0.0     None      5.3     39.5    18.08     20.4     None     8.08   150000      6.4     None     None     None     None     None     None     None
467410 20190604   1007.3   1010.4   1009.3   095100   1005.8   021300     27.8     30.6   083600     25.2   094200     23.5       77       68   083300      1.6    100.0      9.4    160.0   092800     19.5      3.6     10.5   093100     13.5   092900      1.8     13.4     7.75     13.5     None     9.74   130000      7.8     None     None     None     None     None     None     None
467410 20190605   1008.2   1011.3   1010.0   221200   1006.8   014200     29.8     33.7   144200     26.2   051200     23.1       68       57   135500      1.6    210.0      5.6    190.0   113600      0.0      0.0      0.0     None      0.0     None      9.2     68.4    24.62     18.1     None    10.85   120000      5.4     None     None     None     None     None     None     None
467410 20190606   1008.7   1011.7   1009.7   101100   1007.3   024900     30.6     34.1   105000     27.6   051000     24.5       70       57   104900      3.5    130.0     11.5    170.0   121000      0.0      0.0      0.0     None      0.0     None     12.0     89.2    28.81     21.6     None    14.26   120000      3.4     None     None     None     None     None     None     None
467410 20190607   1008.5   1011.5   1009.8   085500   1006.9   155400     30.5     33.6   121400     28.3   045400     24.7       71       61   100700      2.8    160.0      9.2    190.0   115600      0.0      0.0      0.0     None      0.0     None     11.1     82.5    27.32     21.9     None    13.89   130000      3.8     None     None     None     None     None     None     None
467410 20190608   1006.7   1009.8   1008.2   000100   1005.1   235400     30.3     33.5   141200     28.1   040100     24.2       70       58   140700      2.2    220.0      8.4    230.0   145400      0.0      0.0      0.0     None      0.0     None     10.9     81.0    26.06     19.0     None    12.54   130000      6.4     None     None     None     None     None     None     None
467410 20190609   1004.9   1007.9   1006.5   071600   1003.2   173200     30.0     34.2   133500     27.6   041300     24.1       71       58   112200      2.1    100.0      8.5    180.0   115300      1.5      1.0      1.0   115600      1.0   110600      7.8     57.9    19.96     16.9     None    11.51   140000      7.1     None     None     None     None     None     None     None
467410 20190610   1003.1   1006.2   1004.3   222100   1002.0   133600     28.2     33.7   105000     24.5   145200     23.7       77       59   101700      2.5    100.0     16.5    220.0   144400     17.5      3.7      6.0   144000      9.5   135200      3.8     28.2    13.15     17.5     None    10.61   110000      8.0     None     None     None     None     None     None     None
467410 20190611   1003.1   1006.2   1004.7   223300   1001.8   035800     26.7     28.6   140500     25.2   100500     24.0       85       78   002300      2.5    100.0      9.3    110.0   074000    114.0      5.8     18.0   105800     51.5   102600      0.1      0.7     4.26     15.6     None     5.23   140000      9.2     None     None     None     None     None     None     None
467410 20190612   1004.0   1007.1   1005.6   081100   1002.7   022500     27.2     30.5   143700     24.6   061000     24.2       84       74   145800      2.2    100.0      8.5    100.0   094000     36.0      8.7     10.0   081100     14.5   080400      0.0      0.0     8.26     18.4     None     6.74   120000      9.1     None     None     None     None     None     None     None
467410 20190613   1001.8   1004.8   1003.8   000100   1000.1   154700     28.4     33.1   131400     26.1   232200     24.7       81       64   132300      2.4    110.0     10.6    150.0   141800     17.5      4.6      4.5   141600      5.5   141600      2.6     19.3    15.32     14.1     None    11.63   130000      8.5     None     None     None     None     None     None     None
467410 20190614    999.5   1002.5   1001.5   213500    997.9   144900     27.8     30.9   131900     26.1   064200     24.6       83       73   135400      2.2    120.0     13.1    180.0   030800     24.5      3.2      5.5   063500      7.5   063900      1.5     11.1    11.91      9.5     None     5.91   110000      8.1     None     None     None     None     None     None     None
467410 20190615   1002.5   1005.5   1004.7   222300   1000.5   024500     28.6     33.1   133700     25.1   062000     22.6       71       57   133700      2.1    340.0      7.7    280.0   140100      0.0      0.0      0.0     None      0.0     None      7.2     53.3    22.79      9.4     None     7.35   130000      7.0     None     None     None     None     None     None     None
467410 20190616   1004.9   1008.0   1007.5   215600   1003.0   024700     29.1     32.5   104200     26.6   050300     23.0       70       57   102900      1.6    220.0      6.8    180.0   130700      0.0      0.0      0.0     None      0.0     None      4.9     36.3    19.31     12.1     None     6.85   110000      7.8     None     None     None     None     None     None     None
467410 20190617   1007.2   1010.2   1009.4   222700   1006.0   152600     30.2     33.7   121200     26.7   051400     24.0       70       59   123400      2.7    160.0     10.1    190.0   134400      0.0      0.0      0.0     None      0.0     None      6.7     49.6    22.25     19.4     None    11.63   130000      7.2     None     None     None     None     None     None     None
467410 20190618   1007.5   1010.6   1008.5   000100   1006.6   155100     31.2     34.6   105900     28.1   055200     24.0       66       54   164900      2.6    160.0      7.3    170.0   110300      0.0      0.0      0.0     None      0.0     None      7.8     57.8    24.10     17.6     None     9.90   120000      6.3     None     None     None     None     None     None     None
467410 20190619   1006.4   1009.4   1007.8   093000   1004.4   165400     30.9     33.9   142600     28.6   041600     24.1       68       59   122800      2.3    260.0      7.4    180.0   105900      0.0      0.0      0.0     None      0.0     None     12.6     93.3    27.49     23.1     None    10.93   130000      5.2     None     None     None     None     None     None     None
467410 20190620   1005.3   1008.3   1006.5   092200   1004.1   152400     30.7     34.0   130200     28.6   050200     24.3       69       57   123200      1.9    250.0      8.0    240.0   154000      0.0      0.0      0.0     None      0.0     None     10.7     79.2    26.19     23.8     None    11.37   130000      5.1     None     None     None     None     None     None     None
467410 20190621   1004.6   1007.6   1005.7   063400   1003.4   164300     30.7     34.0   112600     28.2   050400     24.4       70       56   115600      2.4    160.0      8.6    240.0   131500      0.0      0.0      0.0     None      0.0     None     11.8     87.4    27.18     23.1     None    11.66   120000      5.0     None     None     None     None     None     None     None
467410 20190622   1003.4   1006.4   1004.7   091800   1002.0   162200     30.8     34.4   122000     28.6   051400     24.1       68       53   131600      2.2    210.0      6.6    260.0   133500      0.0      0.0      0.0     None      0.0     None      7.5     55.5    21.71     21.9     None    10.38   130000      7.3     None     None     None     None     None     None     None
467410 20190623   1003.9   1006.9   1005.6   213800   1002.1   030200     28.8     32.6   110500     25.8   175500     24.3       77       63   111900      2.0    100.0      9.9    160.0   114000     16.0      1.7     10.5   162700     13.0   162300      1.2      8.9    11.75     15.5     None     7.23   110000      7.5     None     None     None     None     None     None     None
467410 20190624   1005.6   1008.7   1007.3   222100   1004.0   032700     28.8     31.4   153600     26.1   084000     24.1       76       65   173800      1.4     70.0      7.0     50.0   073600      5.0      2.2      2.5   072400      4.0   072400      0.3      2.2     7.55     12.1     None     5.86   130000      9.2     None     None     None     None     None     None     None
467410 20190625   1005.7   1008.8   1008.5   102500   1004.6   173000     28.1     31.0   091900     25.0   102400     23.2       75       57   170600      1.7    110.0     12.2    190.0   100600     15.5      2.7      5.5   101700     11.5   095000      0.8      5.9     8.61     17.0     None     4.63   140000      8.8     None     None     None     None     None     None     None
467410 20190626   1002.8   1005.9   1004.9   000100   1000.8   172400     27.2     29.4   151000     25.3   081900     23.3       80       73   055300      2.4    110.0     11.8    180.0   063200      1.5      3.9      0.5   084700      1.0   082900      0.9      6.7     8.94     13.4     None     6.49   120000      9.4     None     None     None     None     None     None     None
467410 20190627   1001.1   1004.2   1002.2   113400    999.7   162700     28.1     32.9   105600     26.2   014300     24.1       79       65   105600      2.5    140.0     12.8    170.0   111800      0.5      0.9      0.5   114800      0.5   113800      1.3      9.6    12.48     16.1     None     8.05   110000      8.5     None     None     None     None     None     None     None
467410 20190628   1001.2   1004.2   1002.3   220700    999.7   144000     30.2     33.9   112100     27.0   021200     24.7       73       59   105600      3.1    160.0      8.8    200.0   164900      0.0      0.0      0.0     None      0.0     None     11.5     85.2    27.91     14.8     None    11.08   130000      5.0     None     None     None     None     None     None     None
467410 20190629   1000.9   1003.9   1002.1   220900    999.6   034500     30.0     32.9   124900     28.0   054100     24.8       74       63   115400      2.5    110.0      8.0    240.0   104900      0.0      0.0      0.0     None      0.0     None      6.9     51.1    19.93     12.9     None     9.51   120000      6.9     None     None     None     None     None     None     None
467410 20190630   1001.0   1004.0   1002.6   213900    999.5   153600     30.8     33.7   120200     28.1   043400     24.7       70       60   121800      3.3    160.0     12.6    170.0   124000      0.0      0.0      0.0     None      0.0     None     11.8     87.5    27.92     21.3     None    11.31   130000      3.5     None     None     None     None     None     None     None
467410 20190701    999.8   1002.8   1002.3   000100    997.6   160400     31.5     34.8   112300     28.6   050400     24.5       67       56   110300      3.7    330.0     12.8    310.0   145200      0.0      0.0      0.0     None      0.0     None      8.8     65.3    22.71     20.6     None     9.82   140000      7.0     None     None     None     None     None     None     None
467410 20190702   1001.9   1004.9   1005.3   231500    998.7   015800     28.1     30.5   000800     25.9   220600     24.5       81       67   000100      4.4    130.0     14.6    140.0   121900     19.5      4.6      4.5   212400     15.0   212400      0.9      6.7    11.61     12.8     None     6.40   130000      9.5     None     None     None     None     None     None     None
467410 20190703   1006.7   1009.8   1009.0   202500   1003.9   005700     26.2     30.3   130300     24.7   193400     23.9       87       83   140400      3.4     90.0     14.2    180.0   093100    129.5     11.8     20.0   065900     55.5   062000      0.0      0.0     3.96      7.6     None     5.90   130000      9.9     None     None     None     None     None     None     None
467410 20190704   1007.2   1010.3   1008.7   140500   1005.3   170800     28.6     32.9   093800     24.5   051400     24.5       79       62   100600      3.0    130.0     10.9    170.0   104400     11.0      2.4      7.0   140400      9.5   140200      4.0     29.7    15.86     14.6     None     7.15   100000      8.5     None     None     None     None     None     None     None
467410 20190705   1004.6   1007.6   1006.7   094800   1002.4   175000     28.0     31.1   154300     25.7   050000     24.1       80       67   170200      2.4    130.0     11.8    140.0   094300     44.5      3.6     10.5   094800     20.0   094300      2.0     14.9     8.88     10.6     None     3.63   150000      8.1     None     None     None     None     None     None     None
467410 20190706   1002.8   1005.9   1004.3   230300   1001.2   164200     29.4     33.3   130200     27.4   023600     24.3       74       62   110600      2.7    100.0     13.4    200.0   144800      6.0      1.6      3.5   145100      3.5   145000      4.8     35.7    19.80     15.0     None    10.63   130000      8.0     None     None     None     None     None     None     None
467410 20190707   1004.5   1007.6   1006.6   221900   1003.0   035900     28.8     33.1   140300     27.0   070700     24.6       78       66   115800      2.9    100.0      7.8    110.0   182000      4.0      1.4      2.0   065800      2.0   065800      3.1     23.1    16.45     11.9     None     9.54   120000      8.2     None     None     None     None     None     None     None
467410 20190708   1005.6   1008.7   1006.8   093800   1004.4   165300     28.5     32.0   124900     26.2   015900     24.8       80       69   133900      2.5    130.0      7.4    170.0   013100     11.5      1.9      4.0   064300      6.0   063200      3.6     26.8    15.03     10.4     None    10.25   120000      8.5     None     None     None     None     None     None     None
467410 20190709   1003.6   1006.7   1005.7   100900   1002.0   162600     27.6     29.6   145700     25.6   065400     24.6       84       77   154400      2.5    100.0      9.7    160.0   123800     61.0      5.4     16.5   064600     22.5   092800      1.5     11.2     9.76     10.0     None     5.31   150000      9.2     None     None     None     None     None     None     None
467410 20190710   1004.0   1007.0   1007.2   223000   1002.1   033100     28.1     32.1   102400     25.3   200700     25.3       85       74   104900      3.2    150.0     13.3    190.0   114000    128.0      6.9     17.5   184000     61.0   180300      2.8     20.9    15.71      7.6     None     7.54   140000      9.4     None     None     None     None     None     None     None
467410 20190711   1007.6   1010.7   1009.6   223400   1005.4   031400     27.4     30.8   083500     25.0   005300     24.1       82       72   175600      3.0    100.0     10.1    170.0   095300     24.5      3.6     10.0   101300     15.5   093200      3.3     24.6     8.88     12.9     None     3.65   150000      8.6     None     None     None     None     None     None     None
467410 20190712   1007.2   1010.2   1009.4   010100   1004.9   160600     29.5     33.2   125800     25.3   014700     24.7       76       62   112100      2.8    190.0     10.4    170.0   150000      6.0      1.1      4.0   010900      5.5   010500     11.6     86.5    27.83     16.8     None    11.80   130000      4.5     None     None     None     None     None     None     None
467410 20190713   1005.0   1008.0   1007.0   000100   1003.0   154700     30.0     33.3   142600     27.4   044700     25.0       75       63   140900      2.4    150.0      7.8    180.0   104700      3.0      1.1      1.5   104500      2.5   103900      8.2     61.2    21.98     12.8     None    11.85   130000      5.7     None     None     None     None     None     None     None
467410 20190714   1003.4   1006.4   1004.6   000100   1002.0   155200     30.2     33.7   130300     27.5   081600     24.6       72       61   154500      2.3    230.0      7.2    230.0   135600      0.5      0.2      0.5   080200      0.5   080100      9.3     69.5    24.03     14.4     None    11.13   120000      5.2     None     None     None     None     None     None     None
467410 20190715   1003.0   1006.0   1004.5   223400   1001.8   155400     30.8     34.0   134000     28.3   054700     24.6       70       59   134000      1.9    280.0      8.5    290.0   154000      0.0      0.0      0.0     None      0.0     None     10.1     75.5    24.49     12.6     None     9.78   140000      6.8     None     None     None     None     None     None     None
467410 20190716   1001.8   1004.8   1003.8   060900    999.9   160700     30.8     34.0   132800     28.9   055300     24.7       70       58   135100      3.2    320.0     10.7    290.0   141000      0.0      0.0      0.0     None      0.0     None      8.0     59.9    22.24     10.8     None     8.56   140000      6.0     None     None     None     None     None     None     None
467410 20190717    995.5    998.5   1000.2   000100    992.0   171800     30.9     35.4   145500     28.7   062200     25.1       72       56   145500      2.4    340.0      7.4    280.0   103500      0.0      0.0      0.0     None      0.0     None     10.3     77.1    26.22      9.6     None    10.77   130000      3.8     None     None     None     None     None     None     None
467410 20190718    993.9    996.9    995.6   204400    992.5   051500     30.1     34.5   094200     27.7   215600     24.9       75       59   094100      2.9    100.0     11.9    170.0   114700     11.0      1.2      6.0   161000     11.0   160700      5.0     37.5    16.94     11.0     None     8.33   130000      7.0     None     None     None     None     None     None     None
467410 20190719    998.3   1001.4   1003.7   224700    993.3   034000     27.8     30.9   134800     25.2   201300     24.4       82       72   133100      3.1     90.0     13.3    190.0   162700     60.5      8.4     19.5   161900     51.5   160500      0.5      3.8     5.67     11.3     None     2.98   130000      9.5     None     None     None     None     None     None     None
467410 20190720   1004.6   1007.7   1006.5   223000   1002.3   015900     26.2     27.9   223200     25.3   143400     23.8       87       78   223200      2.7    100.0      8.7    180.0   014500     24.0     13.8      1.5   080500      4.5   072600      0.0      0.0     1.96     12.3     None     1.34   100000      9.5     None     None     None     None     None     None     None
467410 20190721   1005.5   1008.6   1007.7   094900   1004.1   051500     27.6     31.0   144400     25.0   083700     24.0       81       70   151700      2.5    110.0      9.9    200.0   080600      8.0      3.6      5.5   082600      7.5   080500      1.4     10.5    12.24     23.3     None     8.00   130000      8.8     None     None     None     None     None     None     None
467410 20190722   1004.9   1007.9   1006.3   222800   1003.7   154300     28.6     31.1   101700     27.2   054200     23.4       73       66   101300      3.3    140.0     10.3    180.0   113200      0.0      0.0      0.0     None      0.0     None      3.4     25.6    15.17     24.6     None     6.99   140000      7.5     None     None     None     None     None     None     None
467410 20190723   1004.7   1007.7   1005.9   000100   1003.4   155900     29.4     32.9   121700     27.1   014800     23.8       72       62   111400      2.8    160.0     10.1    190.0   120900      0.0      0.0      0.0     None      0.0     None      8.6     64.8    24.90     23.8     None    12.47   130000      4.5     None     None     None     None     None     None     None
467410 20190724   1005.5   1008.6   1007.0   213000   1004.1   040800     30.0     33.2   113700     27.0   051700     24.2       71       61   114800      2.5    100.0      8.3    260.0   143300      0.0      0.0      0.0     None      0.0     None     10.6     79.9    26.68     18.1     None    11.68   120000      5.2     None     None     None     None     None     None     None
467410 20190725   1006.3   1009.3   1007.4   085500   1004.8   162700     30.3     33.5   123000     27.9   055800     24.3       71       58   133000      2.1    230.0      7.8    250.0   153200      0.0      0.0      0.0     None      0.0     None     10.5     79.3    25.98     18.5     None    11.31   130000      5.5     None     None     None     None     None     None     None
467410 20190726   1004.6   1007.6   1006.0   065200   1002.8   162000     30.3     33.6   123500     26.8   053500     24.9       73       62   123500      2.1    220.0      7.2    230.0   135100     18.0      1.0      5.5   052200     17.5   045300      6.7     50.6    21.61     16.8     None    10.92   120000      6.5     None     None     None     None     None     None     None
467410 20190727   1004.4   1007.5   1006.1   215100   1002.9   143700     29.3     32.8   134800     27.4   082700     24.0       73       59   130200      2.0     90.0      8.8    200.0   125400      1.5      1.2      1.0   082100      1.5   080600      5.5     41.6    20.04     23.1     None    11.35   130000      6.8     None     None     None     None     None     None     None
467410 20190728   1005.5   1008.5   1007.0   215300   1003.6   020800     29.1     33.5   122300     27.0   174800     23.8       73       61   121500      1.9    100.0      8.9     30.0   163100      1.0      1.1      0.5   150000      1.0   141700      3.9     29.5    16.89     18.8     None     9.59   120000      6.2     None     None     None     None     None     None     None
467410 20190729   1005.5   1008.5   1006.7   215900   1004.0   163200     30.7     35.2   121200     27.1   033300     23.9       68       52   115900      2.3    350.0      7.8    340.0   100600      0.0      0.0      0.0     None      0.0     None      9.6     72.8    23.84     18.1     None    10.10   120000      5.0     None     None     None     None     None     None     None
467410 20190730   1004.9   1007.9  -9999.5     None  -9999.5     None     30.6     35.2   125300     27.8   192900     23.8       67       54   124400      2.1     70.0      8.8    280.0   140100     -9.8      0.3     -9.8   171000     -9.8   171000      8.6     65.3    23.25     14.8     None     9.48   130000      4.8     None     None     None     None     None     None     None
467410 20190731   1003.8   1006.8   1005.5   220500   1002.1   161400     30.3     34.1   102100     27.9   020500     24.0       69       61   101800      2.4    360.0      8.8    240.0   150000      0.0      0.0      0.0     None      0.0     None      7.6     57.8    21.75     14.3     None    10.25   130000      6.2     None     None     None     None     None     None     None
467410 20190801   1004.4   1007.5   1005.8   194500   1003.0   151800     28.6     31.9   145000     24.1   165200     24.0       77       67   153100      1.8    360.0     13.8    170.0   161600     47.0      4.4     15.0   164500     38.5   160500      0.2      1.5     6.59      8.7     None     4.22   150000      8.8     None     None     None     None     None     None     None
467410 20190802   1002.8   1005.9   1004.6   000100   1001.2   134600     27.6     33.2   121000     24.5   150100     23.8       81       60   125600      1.9    360.0     21.5    180.0   144500     56.5      4.2     23.0   144400     48.5   143100      3.9     29.7    14.41     11.0     None     8.34   120000      8.3     None     None     None     None     None     None     None
467410 20190803   1000.5   1003.5   1002.5   000100    999.0   182500     29.2     33.5   131900     25.5   052600     23.8       73       58   131900      2.4    270.0      9.4    280.0   154700      0.0      0.0      0.0     None      0.0     None      8.6     65.6    24.60     15.0     None    11.30   130000      7.1     None     None     None     None     None     None     None
467410 20190804    999.4   1002.5   1000.3   000100    998.5   180100     30.2     34.6   140600     27.4   051800     24.6       72       59   140500      2.2    100.0      8.1    300.0   163500      0.0      0.0      0.0     None      0.0     None      8.3     63.4    23.21     13.4     None    10.52   130000      4.8     None     None     None     None     None     None     None
467410 20190805    999.5   1002.5   1001.0   212800    998.1   150900     30.0     34.5   124800     27.4   193000     24.6       73       56   124800      1.9    110.0      8.3    100.0   175700      1.5      2.4      0.5   180100      1.0   174000      7.9     60.4    24.52     12.1     None    11.15   130000      6.0     None     None     None     None     None     None     None
467410 20190806    998.9   1001.9   1000.3   061000    997.4   161200     29.6     33.6   140400     27.0   201600     24.5       75       58   125400      2.1    280.0      9.3    280.0   171000     13.5      1.2      5.0   180700     13.0   172200      4.7     36.0    19.77     17.5     None    10.24   120000      6.0     None     None     None     None     None     None     None
467410 20190807    995.8    998.8    998.5   000100    993.7   162100     29.7     33.3   140900     26.8   032600     24.7       75       63   103000      2.6    100.0      8.7    310.0   145600      0.0      0.0      0.0     None      0.0     None      6.7     51.4    19.68     10.3     None     8.44   130000      8.3     None     None     None     None     None     None     None
467410 20190808    991.1    994.1    994.1   000100    988.6   235959     29.8     33.7   133700     27.8   161200     24.7       74       62   133700      3.0    340.0     12.7    330.0   233200      1.0      0.5      1.0   160900      1.0   160200      4.1     31.5    13.09     12.8     None     5.60   130000      8.2     None     None     None     None     None     None     None
467410 20190809    990.2    993.2    993.6   220900    986.9   033800     29.9     33.1   121700     27.9   050100     25.1       76       61   131400      5.1    340.0     16.9    300.0   091000      0.5      0.4      0.5   193000      0.5   193000      1.2      9.2    11.90     13.5     None    11.00   120000      9.2     None     None     None     None     None     None     None
467410 20190810    996.2    999.2    999.5   235700    992.8   000700     30.3     32.3   125700     29.7   234000     25.8       77       71   120200      5.3    200.0     17.5    210.0   025800      0.0      0.0      0.0     None      0.0     None      0.5      3.9    10.63      6.3     None     8.10   130000      9.5     None     None     None     None     None     None     None
467410 20190811    999.4   1002.4   1000.4   100800    998.4   034400     30.4     32.9   142200     29.1   031700     25.9       77       68   142200      4.3    200.0     12.1    230.0   122200      1.5      0.3      1.0   030100      1.0   030100      6.6     50.9    23.56     11.0     None    10.09   130000      7.7     None     None     None     None     None     None     None
467410 20190812   1000.3   1003.3   1001.6   104100    998.9   025400     29.6     33.6   133400     26.3   194400     25.2       77       63   133400      2.4    220.0     10.1    200.0   192900     31.0      2.3     12.5   192300     17.5   190600      1.8     13.9    12.90     11.5     None     9.50   130000      8.8     None     None     None     None     None     None     None
467410 20190813   1000.5   1003.6   1003.7   104400    997.9   151900     26.3     29.1   163400     23.8   115300     24.1       87       78   223800      2.3     90.0     12.6    210.0   041600    221.5     13.9     17.5   032200     64.0   024200      1.7     13.2     4.23      6.5     None     2.33   150000      8.9     None     None     None     None     None     None     None
467410 20190814   1000.7   1003.8   1002.0   085200    998.5   161900     28.4     32.4   131700     25.3   031600     25.1       83       71   104600      2.7    170.0      9.0    200.0   135500     19.0      5.1      7.0   224100      9.0   224100      6.8     52.7    19.80     12.1     None    10.62   130000      6.9     None     None     None     None     None     None     None
467410 20190815   1000.1   1003.1   1001.5   222000    998.3   162400     29.7     31.6   120100     27.0   002200     25.8       80       72   105800      4.2    200.0     14.2    200.0   092000      3.5      0.7      2.5   231000      2.5   231000      3.0     23.3    15.79     10.8     None     7.14   120000      8.5     None     None     None     None     None     None     None
467410 20190816   1002.1   1005.1   1004.6   235300   1000.1   034300     27.7     29.5   080200     25.6   091900     25.0       86       78   025400      2.7    200.0     14.6    210.0   051500     28.0      3.2      7.0   084700     12.5   081500      0.0      0.0     3.92     12.1     None     2.53   120000      9.0     None     None     None     None     None     None     None
467410 20190817   1004.3   1007.4   1006.0   092500   1002.8   032400     26.7     29.3   162500     25.0   095300     24.2       86       80   140300      2.6    100.0      8.6    140.0   092400     50.0      6.4     12.0   092900     15.5   092500      0.9      7.0     9.19     10.5     None     4.63   130000      9.0     None     None     None     None     None     None     None
467410 20190818   1004.3   1007.4   1005.8   085700   1002.8   144800     25.6     27.1   150100     24.9   175400     23.8       90       88   004000      2.5     90.0      7.2    100.0   141200    103.0     14.4     11.0   030100     23.5   025600      0.0      0.0     3.21      9.8     None     2.58   140000      9.5     None     None     None     None     None     None     None
467410 20190819   1003.1   1006.2   1004.4   085200   1001.4   162500     26.0     27.4   173700     24.7   075800     23.8       88       79   180300      2.4    100.0      7.8    190.0   065000     22.5      3.6      4.0   072900     14.5   065900      0.0      0.0     3.86     11.1     None     2.44   120000      9.9     None     None     None     None     None     None     None
467410 20190820   1002.7   1005.8   1003.6   211800   1001.5   151000     26.9     30.1   104300     25.3   031100     23.8       83       74   123900      1.8    100.0      7.1    170.0   153500      1.0      2.3      0.5   022800      1.0   022300      0.4      3.1    11.13     16.1     None     5.00   110000      9.4     None     None     None     None     None     None     None
467410 20190821   1002.6   1005.7   1004.5   214000   1000.9   145300     27.5     31.2   151400     25.1   053400     24.4       83       73   134500      2.1    110.0      7.2     80.0   035300      1.5      1.7      1.0   052900      1.0   043600      0.8      6.3    10.99     13.9     None     6.76   130000      8.8     None     None     None     None     None     None     None
467410 20190822   1003.6   1006.6   1005.1   213800   1002.2   150900     29.7     33.3   133200     26.8   054100     24.5       74       63   132900      2.2    270.0      7.5    300.0   140700      0.0      0.0      0.0     None      0.0     None      6.5     51.0    19.27     14.9     None     8.83   140000      6.8     None     None     None     None     None     None     None
467410 20190823   1002.0   1005.0   1004.8   001200    999.7   225900     30.2     33.7   140500     27.6   055000     24.8       73       61   113900      2.4    350.0      8.4    280.0   131200      0.0      0.0      0.0     None      0.0     None      8.1     63.7    23.02     10.1     None    10.65   130000      5.7     None     None     None     None     None     None     None
467410 20190824    992.4    995.5   1000.0   000100    982.7   150300     28.0     29.7   124200     24.7   231500     24.9       83       76   153100      4.8    340.0     25.2    130.0   181200     35.0      4.9      6.0   225300     16.0   224200      0.0      0.0     3.75      6.3     None     3.78   130000      8.6     None     None     None     None     None     None     None
467410 20190825   1003.2   1006.3   1006.9   213800    997.5   004800     26.8     29.8   130700     24.9   144600     24.4       87       79   140800      5.4    120.0     20.4    140.0   004800     60.5     10.8      5.5   144500     18.0   152400      0.3      2.4     6.85     10.8     None     6.94   130000      8.9     None     None     None     None     None     None     None
467410 20190826   1006.9   1009.9   1009.1   213300   1005.2   031700     29.7     32.5   122200     27.3   014800     24.6       74       64   143800      3.5    150.0     11.7    170.0   094300      0.0      0.0      0.0     None      0.0     None     10.7     84.6    25.82     18.6     None    10.88   130000      3.6     None     None     None     None     None     None     None
467410 20190827   1005.9   1008.9   1008.1   000100   1004.3   172600     29.7     32.9   124300     27.7   053200     24.6       74       64   101700      2.9    340.0     10.5    330.0   171800      0.0      0.0      0.0     None      0.0     None      7.6     60.2    19.15     11.9     None     8.06   130000      5.1     None     None     None     None     None     None     None
467410 20190828   1003.7   1006.7   1005.3   000100   1001.7   134200     30.3     34.3   132100     27.3   053900     24.5       72       57   163300      2.1    350.0      6.5    280.0   123600      0.0      0.0      0.0     None      0.0     None     11.0     87.2    25.59     10.1     None    10.84   130000      2.8     None     None     None     None     None     None     None
467410 20190829   1004.8   1007.9   1007.0   214400   1003.3   033300     29.6     32.9   122100     27.4   205700     24.8       76       64   143800      2.1    180.0      7.5    180.0   155900      5.0      0.8      3.5   204000      5.0   200600      1.6     12.7    12.36     12.5     None     8.84   130000      7.8     None     None     None     None     None     None     None
467410 20190830   1006.2   1009.2   1007.5   221400   1005.0   144500     27.6     30.7   135700     25.5   165400     24.2       82       74   083200      1.6     70.0      8.0     60.0   153500     54.5      5.2     19.5   154800     37.5   154600      0.8      6.4     7.94     15.6     None     6.24   140000      8.3     None     None     None     None     None     None     None
467410 20190831   1004.9   1008.0   1006.7   000100   1003.1   164700     29.0     33.1   132700     25.2   055500     24.1       75       63   132000      1.3    260.0      5.8    230.0   122600      0.5      0.4      0.5   151800      0.5   143500      7.3     58.2    19.76     12.5     None     9.13   130000      4.1     None     None     None     None     None     None     None
467410 20190901   1005.4   1008.4   1007.1   230800   1004.1   030300     29.6     33.9   131700     26.4   173500     24.2       73       59   131200      1.7    130.0     18.1     30.0   172600      0.0      0.0      0.0     None      0.0     None      5.1     40.7    17.93     13.4     None     9.65   130000      6.3     None     None     None     None     None     None     None
467410 20190902   1005.9   1008.9   1007.5   091000   1003.4   160600     30.2     33.8   103300     27.1   030700     24.2       71       57   123400      1.8    280.0      8.2    290.0   153600      0.0      0.0      0.0     None      0.0     None     10.7     85.6    25.97     14.6     None    10.74   130000      3.2     None     None     None     None     None     None     None
467410 20190903   1003.7   1006.7   1005.7   000600   1001.8   143300     29.0     33.0   115200     26.1   185100     24.1       75       59   133800      2.0    110.0      7.8    230.0   143100      7.5      2.1      1.5   171700      5.5   170200      6.6     52.9    20.07      9.8     None     9.61   130000      7.2     None     None     None     None     None     None     None
467410 20190904   1002.8   1005.9   1005.1   100300   1001.3   150000     27.5     31.1   152400     25.0   085800     24.0       82       71   155000      1.5     70.0      6.4    310.0   171400     82.0      3.7     14.0   080900     60.0   074500      2.5     20.1     9.18     13.9     None     6.86   130000      8.6     None     None     None     None     None     None     None
467410 20190905   1000.4   1003.4   1002.0   000100    998.8   154400     28.8     32.1   105000     26.1   040800     23.7       74       63   112300      1.8    230.0      6.8    210.0   143200      0.0      0.0      0.0     None      0.0     None      5.7     45.8    19.94     15.8     None    10.02   120000      7.6     None     None     None     None     None     None     None
467410 20190906    999.4   1002.4   1001.5   213000    997.6   125700     28.0     33.5   125700     26.0   212600     23.9       79       63   123700      3.0    100.0      9.5    200.0   143900      6.5      1.8      4.0   160600      6.0   160400      2.9     23.4    15.71     13.5     None     8.93   130000      8.2     None     None     None     None     None     None     None
467410 20190907   1001.6   1004.7   1004.0   221500    999.7   030800     29.1     32.8   141000     26.1   004700     23.8       74       62   132100      1.7    270.0      6.7    100.0   003700      0.0      0.0      0.0     None      0.0     None      6.9     55.7    19.75     16.5     None     9.57   130000      7.0     None     None     None     None     None     None     None
467410 20190908   1002.8   1005.9   1004.4   210200   1001.1   145000     29.8     33.7   120900     27.3   051700     23.7       70       58   120900      2.0    100.0      7.3    260.0   135400      0.0      0.0      0.0     None      0.0     None      9.6     77.6    24.07     18.1     None    10.19   120000      5.3     None     None     None     None     None     None     None
467410 20190909   1003.9   1007.0   1006.1   215700   1002.1   145900     29.8     33.7   133000     27.0   054100     23.8       71       58   132600      2.2    290.0      7.4    300.0   150400     -9.8      0.3     -9.8   211000     -9.8   210200      7.9     64.0    20.35     16.1     None     8.28   130000      5.8     None     None     None     None     None     None     None
467410 20190910   1007.1   1010.2   1009.7   230900   1004.9   020000     26.9     32.0   111800     24.7   012000     23.6       83       67   115900      1.6    120.0      9.4    170.0   011300     78.0      5.9     15.0   004800     48.0   004000      1.2      9.7     9.06      9.8     None     7.80   120000      8.1     None     None     None     None     None     None     None
467410 20190911   1008.2   1011.3   1009.8   082800   1006.4   152100     29.3     33.1   111600     25.4   045500     23.5       72       57   150700      1.6     70.0      6.3    210.0   140100      0.0      0.0      0.0     None      0.0     None     10.6     86.2    24.60     12.1     None    10.03   120000      2.4     None     None     None     None     None     None     None
467410 20190912   1005.9   1009.0   1008.0   000600   1004.1   145400     30.0     33.0   114000     27.4   044000     24.4       72       61   102100      2.1    280.0      7.7    280.0   144300      0.0      0.0      0.0     None      0.0     None      9.1     74.1    21.06     11.4     None     8.37   130000      4.3     None     None     None     None     None     None     None
467410 20190913   1004.6   1007.6   1005.9   091100   1003.0   145000     30.0     33.1   132400     27.9   043300     24.3       72       61   132400      2.4    140.0      6.8    290.0   142500      0.0      0.0      0.0     None      0.0     None      7.1     57.9    19.59      8.0     None     8.76   130000      4.6     None     None     None     None     None     None     None
467410 20190914   1004.3   1007.4   1006.2   223100   1002.8   144800     29.8     33.0   111800     27.3   235500     24.6       74       60   133000      2.3    150.0      9.1    320.0   135300      1.5      2.1      0.5   031100      0.5   030700      4.9     40.1    16.79      8.0     None     6.72   120000      7.5     None     None     None     None     None     None     None
467410 20190915   1004.3   1007.4   1005.7   084500   1002.5   152600     28.8     31.9   150700     26.6   032900     23.9       75       63   150700      2.5     90.0     11.2    270.0   155100      3.0      0.3      2.0   031700      3.0   034600      3.4     27.9    15.45     10.9     None     7.89   130000      7.9     None     None     None     None     None     None     None
467410 20190916   1003.4   1006.5   1004.5   095500   1002.3   141500     28.7     33.4   133800     26.5   033400     23.8       75       60   133700      2.2    120.0      7.6    180.0   005000      0.5      0.8      0.5   152900      0.5   143900      1.7     14.0    12.13     10.3     None     6.97   140000      7.5     None     None     None     None     None     None     None
467410 20190917   1004.4   1007.5   1006.2   215400   1003.0   041100     29.1     33.0   152700     26.4   070100     23.1       71       58   152700      2.0    350.0      6.3    350.0   182800      0.0      0.0      0.0     None      0.0     None      3.1     25.5    12.42      9.1     None     6.72   130000      7.6     None     None     None     None     None     None     None
467410 20190918   1005.2   1008.3   1006.8   211200   1003.3   144500     28.4     32.9   142600     25.1   061600     21.4       66       55   135400      3.1    360.0     11.2    350.0   160600      0.0      0.0      0.0     None      0.0     None      4.0     33.0    15.10      9.6     None     7.40   110000      7.0     None     None     None     None     None     None     None
467410 20190919   1005.0   1008.0   1006.5   081000   1003.1   153300     27.4     32.4   132900     24.5   060400     20.0       64       53   132900      4.2    340.0     11.8    350.0   171800      0.0      0.0      0.0     None      0.0     None      8.3     68.5    18.61      9.9     None     7.26   120000      5.8     None     None     None     None     None     None     None
467410 20190920   1001.5   1004.6   1004.2   000100    999.7   151000     26.1     30.2   114400     23.7   032200     19.7       68       58   122300      6.0    350.0     18.4    360.0   164800      0.0      0.0      0.0     None      0.0     None      8.8     72.8    22.25     10.5     None     9.16   120000      3.2     None     None     None     None     None     None     None
467410 20190921   1001.6   1004.7   1005.3   230900    998.8   031100     26.3     30.0   125000     23.9   060700     18.2       61       50   124800      6.9    350.0     18.6    350.0   084800      0.0      0.0      0.0     None      0.0     None      9.5     78.7    23.19     15.6     None     9.40   130000      4.3     None     None     None     None     None     None     None
467410 20190922   1008.1   1011.2   1011.7   211600   1004.5   010000     27.4     31.4   111600     24.3   000100     19.8       64       51   111400      3.8    350.0     10.8    340.0   085400      0.0      0.0      0.0     None      0.0     None      9.6     79.7    23.17     14.3     None     8.67   130000      4.2     None     None     None     None     None     None     None
467410 20190923   1012.4   1015.5   1014.4   210000   1010.5   031200     26.9     32.6   135600     23.5   041900     19.5       65       47   134200      3.5    340.0      9.6    310.0   150300      0.0      0.0      0.0     None      0.0     None      7.8     64.9    20.37     11.9     None     7.30   130000      4.5     None     None     None     None     None     None     None
467410 20190924   1013.2   1016.3   1014.9   213600   1011.5   143100     27.4     32.2   125100     23.3   054900     20.1       65       51   114800      1.9    360.0      6.7    230.0   125900      0.0      0.0      0.0     None      0.0     None      8.7     72.5    20.67      7.6     None     6.49   120000      2.9     None     None     None     None     None     None     None
467410 20190925   1013.0   1016.1   1014.2   214800   1011.6   142900     27.5     32.0   123600     24.1   061300     20.3       65       53   130700      2.5    360.0      7.2    280.0   152000      0.0      0.0      0.0     None      0.0     None     10.4     86.8    21.89      9.5     None     7.65   120000      1.7     None     None     None     None     None     None     None
467410 20190926   1013.0   1016.1   1014.2   080600   1011.5   143500     27.7     32.4   130600     24.0   060300     20.9       67       52   130600      2.2    350.0      7.5    340.0   194500      0.0      0.0      0.0     None      0.0     None     10.7     89.5    21.95      9.4     None     7.84   120000      1.8     None     None     None     None     None     None     None
467410 20190927   1011.8   1014.9   1013.4   000100   1010.5   144200     28.0     31.8   114300     25.0   060100     22.5       73       57   135100      2.1    360.0      7.0    310.0   150900      0.0      0.0      0.0     None      0.0     None      5.5     46.1    19.11      8.6     None     8.62   120000      5.6     None     None     None     None     None     None     None
467410 20190928   1010.1   1013.2   1011.7   090900   1008.4   144800     28.8     32.5   134300     25.9   061900     23.1       72       60   132700      1.9    290.0      7.4    290.0   132700      0.0      0.0      0.0     None      0.0     None      9.1     76.4    19.26      4.5     None     7.86   130000      4.8     None     None     None     None     None     None     None
467410 20190929   1007.1   1010.1   1010.2   000900   1004.5   235300     29.1     32.9   141900     26.5   051300     23.4       72       57   110100      2.2    300.0      9.7    280.0   151900      0.0      0.0      0.0     None      0.0     None     10.2     85.8    20.61      6.8     None     8.05   130000      3.6     None     None     None     None     None     None     None
467410 20190930    998.9   1002.0   1004.8   003000    995.3   152000     27.9     31.3   153900     24.9   230700     23.2       76       63   155600      2.9    350.0     16.0    360.0   235900      1.0      0.4      0.5   225600      1.0   225400      1.0      8.4     8.46      6.2     None     3.50   130000      9.2     None     None     None     None     None     None     None
467410 20191001   1006.2   1009.3   1008.5   232800   1000.6   000100     28.4     31.6   122700     25.4   024100     22.4       70       57   151600      3.4    330.0     14.6    340.0   001900      0.0      0.0      0.0     None      0.0     None      8.1     68.4    19.26     16.8     None     9.51   130000      6.5     None     None     None     None     None     None     None
467410 20191002   1009.1   1012.2   1010.3   081700   1007.9   153400     29.0     32.8   115700     26.6   051100     23.0       71       53   111800      2.2    160.0      7.3    200.0   140200      0.0      0.0      0.0     None      0.0     None     10.2     86.3    20.99      7.4     None     7.79   120000      3.2     None     None     None     None     None     None     None
467410 20191003   1009.8   1012.8   1011.5   081600   1007.9   144500     29.2     33.0   130300     27.3   004300     23.4       71       59   130200      1.9    260.0      7.4    240.0   132700      0.0      0.0      0.0     None      0.0     None      8.4     71.2    20.14      3.8     None     7.87   120000      4.9     None     None     None     None     None     None     None
467410 20191004   1009.6   1012.7   1011.2   091500   1007.6   150800     28.9     32.4   140300     26.9   052800     22.5       69       54   134500      2.1    300.0      8.6    280.0   105100      0.0      0.0      0.0     None      0.0     None      8.4     71.3    19.78      8.3     None     7.94   120000      3.7     None     None     None     None     None     None     None
467410 20191005   1010.4   1013.5   1012.1   221900   1008.9   145800     28.5     32.0   124200     26.3   055700     22.7       71       59   140200      2.0    280.0      6.9    240.0   131500      0.0      0.0      0.0     None      0.0     None      3.1     26.4    15.61      6.5     None     6.89   130000      7.3     None     None     None     None     None     None     None
467410 20191006   1011.7   1014.8   1012.9   083800   1010.3   035100     28.5     31.3   115400     26.8   030500     22.7       71       58   101500      1.8    270.0      7.2    290.0   131300      0.0      0.0      0.0     None      0.0     None      2.1     17.9    13.30      6.4     None     5.77   140000      8.1     None     None     None     None     None     None     None
467410 20191007   1012.5   1015.5   1013.9   085700   1011.0   143700     28.7     32.1   113300     26.1   061300     22.7       71       58   095800      2.2    110.0      7.7    330.0   174400      0.0      0.0      0.0     None      0.0     None     10.6     90.5    21.84      5.5     None     8.81   120000      1.2     None     None     None     None     None     None     None
467410 20191008   1011.9   1015.0   1013.3   083900   1010.4   143200     28.7     32.0   135000     26.4   040100     22.8       71       59   134900      1.8    280.0      8.1    280.0   124900      0.0      0.0      0.0     None      0.0     None      7.2     61.6    17.07      7.3     None     6.90   120000      4.8     None     None     None     None     None     None     None
467410 20191009   1010.9   1013.9   1012.4   090200   1008.9   145900     28.7     32.1   140800     26.7   035200     22.5       69       57   124600      2.0    140.0      6.7    200.0   113300      0.0      0.0      0.0     None      0.0     None      8.1     69.4    18.90      7.5     None     7.81   120000      4.5     None     None     None     None     None     None     None
467410 20191010   1009.5   1012.6   1011.3   082000   1007.6   144000     28.5     32.9   135900     26.2   060800     22.0       68       55   144900      2.2    280.0      8.3    300.0   153900      0.0      0.0      0.0     None      0.0     None      7.8     67.0    17.53      8.1     None     6.27   120000      4.8     None     None     None     None     None     None     None
467410 20191011   1008.2   1011.3   1009.8   084400   1006.0   143300     28.2     32.4   125500     25.7   023800     22.0       69       58   125500      2.3    300.0      9.8    300.0   143400      0.0      0.0      0.0     None      0.0     None      9.0     77.4    18.82      6.8     None     6.53   130000      3.7     None     None     None     None     None     None     None
467410 20191012   1009.0   1012.1   1010.9   234500   1007.6   144600     28.3     31.8   111300     26.1   050900     22.2       70       58   111300      1.6    230.0      6.9    200.0   141800      0.0      0.0      0.0     None      0.0     None      8.6     74.1    19.66      9.9     None     7.43   120000      4.6     None     None     None     None     None     None     None
467410 20191013   1010.8   1013.9   1012.5   223800   1009.5   144900     28.2     31.6   135500     26.1   053500     22.0       70       59   145900      2.5    350.0      9.4    350.0   172800      0.0      0.0      0.0     None      0.0     None      6.2     53.6    14.77      5.9     None     4.23   140000      6.3     None     None     None     None     None     None     None
467410 20191014   1012.8   1015.9   1014.6   212900   1010.8   035400     27.8     31.7   130700     24.8   062900     20.2       64       54   105200      2.4    360.0     10.3    360.0   192800      0.0      0.0      0.0     None      0.0     None      1.7   -999.5    17.71      9.6     None     5.79   130000      5.0     None     None     None     None     None     None     None
467410 20191015   1013.9   1017.0   1015.5   085800   1011.8   152600     27.2     32.4   111900     23.8   052500     19.0       61       50   150700      2.5    330.0      8.6    280.0   162300      0.0      0.0      0.0     None      0.0     None    -99.5   -999.5    16.03      9.0     None     7.19   120000      3.1     None     None     None     None     None     None     None
467410 20191016   1013.4   1016.5   1014.8   000100   1011.6   142900     26.3     31.4   123900     22.2   054800     19.3       66       53   123900      2.8    350.0      7.4    270.0   152200      0.0      0.0      0.0     None      0.0     None    -99.5   -999.5    19.39     10.1     None     6.77   120000      4.5     None     None     None     None     None     None     None
467410 20191017   1012.3   1015.4   1014.0   000100   1010.0   142200     26.8     32.3   123200     23.6   052300     19.3       64       50   120000      3.2    330.0     10.3    330.0   202600      0.0      0.0      0.0     None      0.0     None    -99.5   -999.5    18.28      9.5     None     6.20   130000      3.8     None     None     None     None     None     None     None
467410 20191018   1012.3   1015.4   1013.9   091600   1010.4   143400     25.7     31.0   113900     21.7   055300     18.4       65       51   130700      3.3    340.0     10.4    330.0   172900      0.0      0.0      0.0     None      0.0     None    -99.5   -999.5    18.30     11.8     None     6.03   120000      3.2     None     None     None     None     None     None     None
467410 20191019   1012.6   1015.7   1014.3   090800   1010.8   141600     25.2     31.1   122700     21.5   054100     18.8       68       55   122400      3.4    350.0     11.7    310.0   150300      0.0      0.0      0.0     None      0.0     None    -99.5   -999.5    16.49      7.4     None     5.90   120000      3.1     None     None     None     None     None     None     None
467410 20191020   1011.7   1014.8   1013.5   081200   1009.8   143000     25.2     30.7   122000     21.5   060500     18.8       69       54   133400      3.2    350.0      9.6    300.0   143800      0.0      0.0      0.0     None      0.0     None    -99.5   -999.5    18.16      9.4     None     6.25   130000      3.4     None     None     None     None     None     None     None
467410 20191021   1009.9   1013.0   1011.7   084200   1008.0   142400     25.3     30.6   130500     21.6   044700     18.8       68       50   134900      2.1    350.0      6.8    350.0   174100      0.0      0.0      0.0     None      0.0     None    -99.5   -999.5    18.20     10.0     None     6.85   130000      4.5     None     None     None     None     None     None     None
467410 20191022   1008.6   1011.7   1010.2   082400   1006.9   151300     25.7     30.2   131400     22.3   051700     18.8       66       54   131300      2.3    350.0      7.5    290.0   164700      0.0      0.0      0.0     None      0.0     None    -99.5   -999.5    17.01      8.3     None     6.41   130000      4.5     None     None     None     None     None     None     None
467410 20191023   1009.1   1012.2   1011.1   210200   1007.4   142300     26.3     31.1   131500     23.5   054900     19.4       66       52   111800      2.9    340.0      9.8    350.0   183000      0.0      0.0      0.0     None      0.0     None      2.3   -999.5    16.20      6.5     None     5.93   120000      5.2     None     None     None     None     None     None     None
467410 20191024   1011.5   1014.6   1013.4   222300   1009.7   023900     26.3     31.2   123500     23.0   061400     19.6       67       54   113200      2.4    340.0      6.9    290.0   130600      0.0      0.0      0.0     None      0.0     None      7.5     66.1    16.25      7.6     None     5.70   120000      5.0     None     None     None     None     None     None     None
467410 20191025   1013.2   1016.3   1014.8   211300   1011.4   145500     26.1     30.2   130400     23.1   062300     20.1       70       56   145200      1.8    340.0      8.3    210.0   142500      0.0      0.0      0.0     None      0.0     None      9.7     85.6    17.96      6.3     None     6.15   120000      1.6     None     None     None     None     None     None     None
467410 20191026   1013.3   1016.4   1015.0   091500   1011.6   142700     25.9     30.3   112900     22.5   055100     19.7       69       55   112900      2.1    340.0      6.6    200.0   134200      0.0      0.0      0.0     None      0.0     None      9.1     80.5    17.59      7.8     None     6.15   120000      2.5     None     None     None     None     None     None     None
467410 20191027   1011.6   1014.7   1013.5   083700   1008.9   144300     25.9     30.2   130100     22.5   053000     19.9       70       56   122400      2.6    340.0      9.8    270.0   153300      0.0      0.0      0.0     None      0.0     None      9.9     87.7    17.34      7.9     None     5.89   120000      1.5     None     None     None     None     None     None     None
467410 20191028   1010.8   1013.9   1012.1   063200   1008.7   133900     25.5     31.3   123700     23.0   232700     20.5       74       55   123700      3.7    330.0     12.2    340.0   192500      0.0      0.0      0.0     None      0.0     None      9.4     83.4    17.90      9.3     None     6.29   120000      1.7     None     None     None     None     None     None     None
467410 20191029   1011.3   1014.4   1013.0   215400   1009.8   153600     24.5     28.9   133900     22.2   034500     19.3       73       60   131900      4.9    330.0     12.9    340.0   162500      0.0      0.0      0.0     None      0.0     None      9.2     81.8    17.81      8.8     None     6.19   130000      4.3     None     None     None     None     None     None     None
467410 20191030   1012.1   1015.2   1013.6   212900   1010.6   142400     25.7     30.8   134200     22.6   035900     19.9       71       57   132900      3.2    340.0      8.6    350.0   073900      0.0      0.0      0.0     None      0.0     None      8.0     71.2    16.86      6.5     None     6.55   120000      6.2     None     None     None     None     None     None     None
467410 20191031   1011.9   1015.0   1013.0   082800   1010.4   152500     26.3     31.4   132600     22.9   060400     20.8       72       57   135800      2.2    340.0      7.1    310.0   170000      0.0      0.0      0.0     None      0.0     None      8.9     79.4    17.13      5.1     None     6.19   130000      5.5     None     None     None     None     None     None     None
467410 20191101   1011.3   1014.4   1012.9   075700   1009.4   151400     26.7     31.2   110700     23.8   050700     21.4       73       59   110700      2.2    330.0      7.7    320.0   192400      0.0      0.0      0.0     None      0.0     None      8.0     71.5    16.14      7.5     None     5.79   130000      4.9     None     None     None     None     None     None     None
467410 20191102   1010.1   1013.2   1011.5   070600   1008.4   142600     26.2     30.6   122400     23.3   043700     20.6       72       58   115100      2.7    330.0      7.5    340.0   214900      0.0      0.0      0.0     None      0.0     None      7.9     70.7    14.90      8.9     None     5.56   110000      3.3     None     None     None     None     None     None     None
467410 20191103   1009.5   1012.6   1011.5   075500   1007.8   150200     26.0     31.6   135800     23.4   024100     20.6       73       55   141200      3.9    330.0     11.5    330.0   193000      0.0      0.0      0.0     None      0.0     None      7.2     64.5    16.28      9.5     None     6.12   120000      5.3     None     None     None     None     None     None     None
467410 20191104   1009.0   1012.1   1010.8   093300   1007.6   132500     24.3     28.6   131300     22.5   232100     18.4       70       58   131200      4.3    330.0     10.8    350.0   192200      0.0      0.0      0.0     None      0.0     None      0.7      6.3     9.15      6.5     None     5.44   120000      7.8     None     None     None     None     None     None     None
467410 20191105   1007.5   1010.6   1009.3   085000   1005.6   135100     24.8     30.0   134400     21.6   041800     18.3       68       55   133300      3.4    330.0      8.7    280.0   141000      0.0      0.0      0.0     None      0.0     None      7.2     64.7    15.58     10.3     None     6.08   120000      5.8     None     None     None     None     None     None     None
467410 20191106   1007.2   1010.3   1008.5   090100   1005.5   144700     24.4     29.4   111800     20.8   052900     18.4       69       57   120300      2.8    330.0      8.4    310.0   154400      0.0      0.0      0.0     None      0.0     None      7.4     66.6    15.55      7.9     None     5.49   120000      3.5     None     None     None     None     None     None     None
467410 20191107   1008.2   1011.3   1010.0   211900   1006.2   135600     24.4     30.1   133100     20.6   054900     18.5       71       52   133100      3.6    330.0      9.9    330.0   175500      0.0      0.0      0.0     None      0.0     None      7.9     71.3    15.44      9.4     None     5.38   120000      3.4     None     None     None     None     None     None     None
467410 20191108   1011.2   1014.4   1013.4   224000   1009.4   143400     23.8     29.4   132000     20.6   043700     17.3       68       52   141900      4.4    340.0     11.4    330.0   163900      0.0      0.0      0.0     None      0.0     None      9.9     89.4    16.95      9.8     None     5.68   120000      0.9     None     None     None     None     None     None     None
467410 20191109   1012.7   1015.9   1014.9   091200   1010.4   145700     23.0     28.9   140300     19.4   055700     16.6       68       51   134200      3.3    340.0      8.6    270.0   151200      0.0      0.0      0.0     None      0.0     None     10.1     91.4    17.47     10.9     None     5.78   120000      0.0     None     None     None     None     None     None     None
467410 20191110   1011.7   1014.8   1013.7   084600   1009.4   154400     22.9     26.7   110900     19.7   035100     16.4       67       55   110900      1.6    210.0      6.5    210.0   142000      0.0      0.0      0.0     None      0.0     None     10.4     94.2    17.36     10.0     None     6.11   120000      0.8     None     None     None     None     None     None     None
467410 20191111   1011.8   1014.9   1013.8   215100   1010.2   140500     23.7     28.5   125300     20.2   050700     17.3       68       54   120700      1.8    350.0      7.2    270.0   124300      0.0      0.0      0.0     None      0.0     None      9.1     82.6    15.75      9.5     None     4.65   130000      1.6     None     None     None     None     None     None     None
467410 20191112   1013.5   1016.6   1015.3   090200   1011.8   150700     23.7     27.5   115800     20.9   030900     16.7       65       52   165300      1.3    270.0      5.5    220.0   132400      0.0      0.0      0.0     None      0.0     None     10.3     93.6    17.02      7.1     None     6.33   120000      0.8     None     None     None     None     None     None     None
467410 20191113   1014.4   1017.5   1016.5   085900   1012.2   153200     23.9     28.5   133100     21.1   052000     16.8       65       47   133100      2.3    330.0      9.7    310.0   153400      0.0      0.0      0.0     None      0.0     None      9.4     85.5    15.40      6.3     None     5.41   120000      2.4     None     None     None     None     None     None     None
467410 20191114   1013.2   1016.4   1015.1   084400   1011.1   144800     23.2     29.1   120600     20.3   053700     16.4       66       51   141400      3.0    330.0      9.0    340.0   163600      0.0      0.0      0.0     None      0.0     None      7.8     71.1    15.75      5.4     None     5.19   120000      4.6     None     None     None     None     None     None     None
467410 20191115   1012.5   1015.6   1014.2   092200   1011.0   152200     22.9     27.1   114300     19.1   061800     16.3       67       54   114300      2.0    340.0      6.9    340.0   171900      0.0      0.0      0.0     None      0.0     None      9.5     86.7    15.90      8.3     None     5.53   120000      0.8     None     None     None     None     None     None     None
467410 20191116   1012.3   1015.4   1014.1   091900   1010.7   145700     23.7     27.7   135100     21.4   072000     17.8       70       57   141400      1.9    330.0      7.2    280.0   150100      0.0      0.0      0.0     None      0.0     None      7.0     64.0    12.97      6.4     None     3.61   110000      3.9     None     None     None     None     None     None     None
467410 20191117   1011.5   1014.7   1013.1   080000   1009.2   144100     24.3     29.5   131000     20.7   060400     18.4       71       49   131000      3.1    340.0      9.4    260.0   142600      0.0      0.0      0.0     None      0.0     None     10.2     93.3    16.56      7.9     None     6.10   120000      0.1     None     None     None     None     None     None     None
467410 20191118   1010.6   1013.7   1012.4   085600   1009.1   143900     23.7     28.6   122900     20.9   235900     18.7       74       58   122900      4.2    330.0     11.7    330.0   112300      0.0      0.0      0.0     None      0.0     None      6.8     62.3    13.91      4.5     None     5.50   120000      6.6     None     None     None     None     None     None     None
467410 20191119   1011.4   1014.6   1013.3   222800   1009.8   030500     20.9     23.3   142000     19.4   222000     15.0       69       60   152900      4.7    330.0     11.7    330.0   081500      0.0      0.0      0.0     None      0.0     None      0.0      0.0     8.73      9.9     None     3.59   130000      8.8     None     None     None     None     None     None     None
467410 20191120   1012.8   1016.0   1014.9   091700   1011.2   152700     22.1     27.1   124500     18.8   045200     15.6       67       57   123800      3.3    330.0     10.3    300.0   183600      0.0      0.0      0.0     None      0.0     None      3.7     34.0    12.52     10.3     None     6.03   120000      7.6     None     None     None     None     None     None     None
467410 20191121   1012.0   1015.2   1013.8   092700   1009.7   152800     22.4     28.1   133500     18.5   042500     17.0       72       56   125400      3.4    330.0     11.5    340.0   230700      0.0      0.0      0.0     None      0.0     None      9.4     86.4    15.71     10.1     None     5.54   120000      3.5     None     None     None     None     None     None     None
467410 20191122   1011.2   1014.4   1012.4   090100   1009.7   144400     23.9     29.0   140300     20.5   000100     19.0       74       58   140300      3.4    330.0     10.1    330.0   050600      0.0      0.0      0.0     None      0.0     None      9.4     86.5    16.21      9.3     None     6.13   120000      3.4     None     None     None     None     None     None     None
467410 20191123   1012.8   1015.9   1015.1   085700   1011.2   024900     24.1     29.1   123800     21.8   021400     19.5       76       59   123800      2.1    340.0      7.8    270.0   160400      0.0      0.0      0.0     None      0.0     None      5.4     49.8    11.73      4.9     None     5.13   120000      2.8     None     None     None     None     None     None     None
467410 20191124   1013.8   1017.0   1015.5   091300   1012.0   144100     23.8     28.9   123500     21.1   054000     19.9       79       64   121800      3.3    340.0      9.0    350.0   065700      0.0      0.0      0.0     None      0.0     None      7.7     71.0    14.20      6.8     None     5.29   130000      2.5     None     None     None     None     None     None     None
467410 20191125   1015.4   1018.6   1016.9   082400   1013.5   142800     23.9     30.0   130500     21.0   064900     19.3       76       57   125200      2.4    330.0      9.7    350.0   195600      0.0      0.0      0.0     None      0.0     None      7.3     67.4    14.73      6.4     None     5.16   120000      3.3     None     None     None     None     None     None     None
467410 20191126   1015.9   1019.1   1017.7   090600   1014.0   155400     23.2     28.0   125500     20.0   041900     17.9       72       58   125500      2.8    330.0      9.3    330.0   204700      0.0      0.0      0.0     None      0.0     None      7.8     72.1    14.17      9.1     None     5.09   130000      3.4     None     None     None     None     None     None     None
467410 20191127   1015.5   1018.7   1017.7   091000   1012.9   142500     22.6     28.5   141400     19.8   060700     18.1       76       59   141300      3.1    340.0      9.0    330.0   181600      0.0      0.0      0.0     None      0.0     None      5.9     54.6    13.69      8.6     None     5.11   130000      3.1     None     None     None     None     None     None     None
467410 20191128   1016.4   1019.6   1018.1   091400   1014.5   142500     20.9     25.6   134400     17.7   232600     16.0       74       60   134000      4.6    330.0     10.9    350.0   065600      0.0      0.0      0.0     None      0.0     None      8.5     78.7    15.04      9.8     None     4.92   120000      4.1     None     None     None     None     None     None     None
467410 20191129   1017.2   1020.4   1018.7   095400   1015.9   140100     20.9     26.0   140700     16.8   062300     15.0       69       55   134700      2.4    330.0      7.0    350.0   000800      0.0      0.0      0.0     None      0.0     None      9.6     89.0    15.64     11.5     None     5.12   120000      3.1     None     None     None     None     None     None     None
467410 20191130   1016.1   1019.3   1017.8   085500   1014.1   150500     21.3     25.9   122800     17.9   061000     16.4       74       55   113300      3.1    330.0      8.5    310.0   132400      0.0      0.0      0.0     None      0.0     None      7.7     71.5    14.51     10.5     None     4.95   120000      3.4     None     None     None     None     None     None     None
467410 20191201   1014.2   1017.4   1016.1   075800   1011.6   143700     22.1     28.4   135500     18.8   060900     17.3       76       48   135500      3.8    340.0     11.0    330.0   123700      0.0      0.0      0.0     None      0.0     None      9.1     84.5    15.69      5.9     None     5.41   120000      4.3     None     None     None     None     None     None     None
467410 20191202   1015.0   1018.2   1016.7   202700   1013.4   141500     19.0     23.5   120400     15.0   223400     13.7       72       57   120400      6.3    330.0     15.6    330.0   154900      0.0      0.0      0.0     None      0.0     None      9.3     86.5    15.77      6.6     None     5.21   120000      2.5     None     None     None     None     None     None     None
467410 20191203   1016.4   1019.6   1017.7   090500   1014.6   144100     18.1     23.6   124400     14.0   062400     11.1       64       53   152100      3.4    340.0      8.9    350.0   002500      0.0      0.0      0.0     None      0.0     None      6.9     64.2    13.36     11.0     None     4.73   120000      6.8     None     None     None     None     None     None     None
467410 20191204   1017.3   1020.5   1018.7   090600   1015.9   145000     17.2     21.0   122000     15.7   020800     12.5       75       57   121600      3.2    330.0      8.4    350.0   082900      1.5      1.8      0.5   152600      1.0   150500      0.1      0.9     5.25      8.8     None     2.59   120000      9.4     None     None     None     None     None     None     None
467410 20191205   1017.3   1020.5   1018.8   094500   1015.3   132900     15.9     17.5   120700     14.7   190600     13.2       84       77   125000      5.9    330.0     15.6    340.0   153200      6.2      5.5      0.8   185100      1.7   175800      0.0      0.0     4.18     10.8     None     2.86   110000      9.5     None     None     None     None     None     None     None
467410 20191206   1016.3   1019.5   1017.6   000100   1014.9   031400     15.6     16.3   085900     14.8   011700     14.4       93       91   060900      4.5    330.0     11.7    330.0   062900      6.5     17.5      1.5   184900      4.0   182200      0.0      0.0     2.80      7.1     None     1.60   130000      9.5     None     None     None     None     None     None     None
467410 20191207   1017.6   1020.9   1020.0   205500   1015.5   023500     15.8     19.0   131500     13.4   054600     12.1       79       68   132700      5.7    340.0     15.1    350.0   101200      0.0      0.0      0.0     None      0.0     None      0.2      1.9     8.47     18.3     None     4.36   130000      8.6     None     None     None     None     None     None     None
467410 20191208   1018.8   1022.0   1020.4   091000   1016.8   143800     17.4     23.2   131100     13.0   060800     10.9       66       53   131100      3.2    350.0      8.2    340.0   210600      0.0      0.0      0.0     None      0.0     None     10.2     95.2    16.34     16.5     None     5.60   120000      3.6     None     None     None     None     None     None     None
467410 20191209   1017.1   1020.3   1019.3   000500   1015.1   145900     18.7     23.5   125400     14.1   044700     10.8       60       46   124000      1.3    340.0      6.0    280.0   153800      0.0      0.0      0.0     None      0.0     None     10.0     93.4    16.06     10.6     None     5.26   120000      2.5     None     None     None     None     None     None     None
467410 20191210   1014.4   1017.5   1016.5   000100   1011.9   145100     19.9     25.3   125600     16.4   062100     13.0       67       44   132800      2.8    340.0      9.2    300.0   164300      0.0      0.0      0.0     None      0.0     None      9.6     89.7    15.04     13.5     None     5.37   120000      0.8     None     None     None     None     None     None     None
467410 20191211   1013.7   1016.9   1016.0   223200   1011.9   143000     19.4     23.8   114800     15.8   054900     14.8       75       61   114700      3.5    330.0      9.9    280.0   125600      0.0      0.0      0.0     None      0.0     None      9.8     91.6    15.51      5.3     None     5.13   120000      0.3     None     None     None     None     None     None     None
467410 20191212   1016.8   1019.9   1019.2   210900   1015.0   021300     20.0     24.8   122100     16.7   035100     14.2       70       55   125700      2.3    330.0      9.8    330.0   183100      0.0      0.0      0.0     None      0.0     None      9.5     88.8    15.16     10.4     None     4.87   130000      2.5     None     None     None     None     None     None     None
467410 20191213   1018.8   1021.9   1020.7   090000   1017.2   152100     20.0     25.7   124300     16.3   051400     13.7       69       44   151100      3.8    330.0     11.1    340.0   121700      0.0      0.0      0.0     None      0.0     None     10.0     93.5    15.72      8.9     None     5.14   120000      0.6     None     None     None     None     None     None     None
467410 20191214   1017.8   1021.0   1020.2   090900   1015.4   152700     20.9     27.1   140000     16.6   062200     15.9       75       50   133600      2.8    330.0      7.7    330.0   130500      0.0      0.0      0.0     None      0.0     None     10.0     93.6    15.67      6.1     None     5.36   120000      0.9     None     None     None     None     None     None     None
467410 20191215   1016.7   1019.9   1018.7   083800   1014.7   144800     21.8     26.9   124800     18.8   051800     16.8       74       56   123000      2.4    350.0      8.1    290.0   143100      0.0      0.0      0.0     None      0.0     None      9.7     90.8    14.93      6.3     None     5.02   120000      2.4     None     None     None     None     None     None     None
467410 20191216   1015.1   1018.3   1017.3   085700   1012.0   151000     21.8     27.6   131400     17.8   071800     17.2       76       54   131400      2.6    350.0      8.6    300.0   133300      0.0      0.0      0.0     None      0.0     None      8.5     79.6    14.81      3.1     None     5.51   130000      1.6     None     None     None     None     None     None     None
467410 20191217   1014.9   1018.0   1017.1   084300   1012.7   145300     23.8     28.9   141300     19.7   022500     17.1       67       49   123500      2.2    350.0      9.7    320.0   104000      0.0      0.0      0.0     None      0.0     None      8.9     83.3    14.16     16.3     None     5.55   120000      2.3     None     None     None     None     None     None     None
467410 20191218   1015.3   1018.4   1017.1   082200   1013.0   143400     23.1     28.4   132300     19.7   232200     17.5       71       55   123500      3.0    340.0      9.6    330.0   130500      0.0      0.0      0.0     None      0.0     None      9.3     87.1    14.90     11.3     None     5.33   120000      2.6     None     None     None     None     None     None     None
467410 20191219   1015.9   1019.1   1017.4   092000   1014.5   134700     20.9     25.9   124400     18.7   055400     17.2       80       64   131800      4.3    330.0     10.8    340.0   151800      0.0      0.0      0.0     None      0.0     None      6.6     61.8    12.94      5.3     None     4.83   120000      4.9     None     None     None     None     None     None     None
467410 20191220   1015.2   1018.4   1016.4   110500   1013.2   154900     19.3     21.2   145200     17.5   060700     16.4       84       73   095000      4.0    330.0     11.1    340.0   032500      2.0      0.9      1.0   111700      2.0   110100      1.4     13.1     5.45      8.3     None     2.20   130000      7.8     None     None     None     None     None     None     None
467410 20191221   1013.8   1016.9   1015.8   091300   1011.7   142800     20.6     25.5   125200     18.2   031700     17.4       82       64   124900      2.9    340.0      8.8    330.0   185100      0.0      0.0      0.0     None      0.0     None      4.2     39.3    11.52      3.4     None     4.30   130000      6.8     None     None     None     None     None     None     None
467410 20191222   1012.0   1015.2   1013.7   003100   1009.8   135700     21.1     27.3   122800     18.1   052700     17.8       82       59   122300      3.2    330.0      9.7    310.0   162400      0.0      0.0      0.0     None      0.0     None      9.8     91.8    15.30      7.6     None     4.94   120000      0.2     None     None     None     None     None     None     None
467410 20191223   1013.3   1016.5   1015.2   232000   1011.4   142800     20.7     26.1   140900     17.3   063700     17.2       81       62   140800      3.4    340.0      8.5    310.0   154500      0.0      0.0      0.0     None      0.0     None      9.4     88.0    15.28      6.2     None     4.87   120000      2.4     None     None     None     None     None     None     None
467410 20191224   1014.6   1017.7   1016.9   094500   1012.4   162100     20.5     25.9   134800     18.0   060800     17.1       82       63   134000      3.7    340.0     10.3    320.0   163500      0.0      0.0      0.0     None      0.0     None      7.1     66.5    12.92      4.5     None     5.14   120000      2.9     None     None     None     None     None     None     None
467410 20191225   1012.7   1015.8   1015.1   090900   1010.2   150600     21.4     26.6   143200     18.1   030600     17.0       77       58   122300      2.8    340.0      8.9    320.0   001100      0.0      0.0      0.0     None      0.0     None      6.0     56.2    12.16      7.0     None     5.21   120000      6.1     None     None     None     None     None     None     None
467410 20191226   1011.7   1014.9   1013.4   092300   1009.1   143500     22.1     27.0   123500     18.2   051700     16.8       73       53   151500      4.5    330.0     11.7    340.0   140700      0.0      0.0      0.0     None      0.0     None      4.9     45.9    11.39      6.3     None     5.00   120000      6.4     None     None     None     None     None     None     None
467410 20191227   1015.2   1018.4   1017.5   204100   1012.9   004400     18.2     20.9   135500     16.4   060500     12.2       68       58   144000      4.6    340.0     15.3    320.0   021700      0.0      0.0      0.0     None      0.0     None      0.9      8.4     7.87     12.0     None     4.56   130000      8.4     None     None     None     None     None     None     None
467410 20191228   1016.0   1019.2   1018.0   090400   1013.9   150200     19.0     22.3   150400     16.1   032800     13.7       72       63   122900      2.5    330.0      5.9    340.0   033800     -9.8      0.8     -9.8   232500     -9.8   232500      0.1      0.9     5.62      6.8     None     3.94   130000      8.6     None     None     None     None     None     None     None
467410 20191229   1015.2   1018.4   1016.8   000100   1013.6   135800     19.0     20.1   132200     18.1   054400     17.7       92       84   000100      3.2    340.0     12.1    330.0   135300     43.5     11.6      4.5   041300     11.5   041400      0.0      0.0     3.28      4.5     None     2.91   130000      9.6     None     None     None     None     None     None     None
467410 20191230   1016.6   1019.8   1018.4   231700   1014.5   135700     21.2     25.1   130900     18.8   000200     17.6       80       62   135900      4.9    340.0     14.1    330.0   042600      0.5      0.4      0.5   111200      0.5   111200      0.6      5.6     6.61     16.9     None     3.99   140000      9.4     None     None     None     None     None     None     None
467410 20191231   1020.3   1023.5   1022.2   092900   1018.2   000100     18.8     22.2   134000     16.4   233700     16.2       85       74   134000      4.0    330.0     10.1    350.0   100200      0.5      0.8      0.5   080400      0.5   080200      0.4      3.7     8.12      8.1     None     4.16   130000      9.3     None     None     None     None     None     None     None
