﻿行政區域代碼,里別,日期,星期,集合時間,集合地點,緯度,經度,鎖匠,警員,刑警,噴工數,支援人力
67000320,文聖里,0121,三,0850,裕文路,22.9826487,120.241804,1,1,1,3,3
67000320,後甲,0522,五,1500,裕農路,22.9886146,120.2360187,0,0,0,4,0
67000340,六甲里,0524,日,0800,和緯路二段30巷,23.0120605,120.2103339,1,1,1,9,10
67000350,安富里,0526,二,0830,安寧街路口,23.0290379,120.1974869,1,1,1,2,0
67000340,正覺里,0613,六,0830,公園路,23.0068369,120.2100531,2,2,2,8,11
67000340,正覺里、六甲里,0616,二,1330,和緯路二段30巷,23.0120605,120.2103339,2,2,2,15,19
67000350,州北里,0619,五,1445,長和路二段12巷213弄,23.0678996,120.2214112,0,1,1,2,0
67000340,正覺里,0624,三,0830,公園路,23.0068369,120.2100531,2,2,2,6,5
67000320,大德里,0627,六,1400,立德十路1巷,22.9781706,120.2138896,1,1,1,2,0
67000340,正覺里,0701,三,1330,公園路769巷20弄,23.0186004,120.2145862,2,2,2,7,7
67000210,海寮里,0702,四,1430,安定里,23.1115672,120.2541575,1,1,,3,2
67000350,溪頂里,0703,五,0900,頂溪里惠安街151巷,23.0258445,120.2070491,1,1,1,8,9
67000350,溪頂里,0703,五,1400,頂溪里聖安街,23.0585336,120.1358346,1,1,1,4,3
67000350,溪頂里,0704,六,1330,郡安路四段278巷,23.0278731,120.2056136,1,1,1,9,10
67000340,六甲里,0705,日,1330,和緯路二段30巷,23.0120605,120.2103339,2,2,2,7,11
67000340,成德里,0705,日,1330,育賢街,23.0144262,120.2079916,2,2,2,6,3
67000350,溪頂里,0707,二,1330,北安路二段60巷,23.0272246,120.2056864,1,1,1,4,4
67000340,延平里,0708,三,1330,長榮路五段,23.0128505,120.2166802,4,4,4,19,26
67000350,溪頂里,0709,四,0830,惠安街161巷,23.0256391,120.2088685,1,1,1,6,5
67000350,溪頂里,0710,五,0830,賢安街,23.0263164,120.2060016,1,1,1,12,16
67000350,溪頂里,0710,五,1330,北安路二段32巷,23.025434,120.2061077,1,1,1,11,14
67000350,安東里,0712,日,1330,安東里安和路一段220巷,23.032076,120.2148054,1,1,1,6,6
67000340,成德里,0713,一,1330,育賢街,23.0144262,120.2079916,2,2,2,10,8
67000310,大橋里,0713,一,1330,大橋二街,23.0192305,120.2277703,1,1,1,6,0
67000360,建平里,0714,三,1330,建平十一街,22.9948516,120.1797658,1,1,1,4,0
67000350,溪頂里,0715,三,1330,泰安街,23.0275133,120.2075765,1,1,1,13,19
67000350,溪頂里,0715,三,1330,惠安街51巷,23.0266311,120.2084671,1,1,1,7,31
67000350,溪頂里,0715,三,1330,惠安街51巷,23.0266311,120.2084671,1,1,1,12,
67000310,中興里,0715,三,1330,忠孝路239巷,23.0049385,120.2390769,1,1,1,6,1
67000350,州北里,0716,四,0830,安和路五段171巷146弄,23.0648665,120.2156664,1,1,1,3,0
67000340,延平里,0716,四,1330,公園路758巷,23.0104919,120.2120262,1,1,1,7,4
67000340,正風里,0716,四,1330,公園路862巷,23.0134417,120.2131521,2,2,2,12,15
67000350,安東里,0717,五,0830,安和路一段288巷,23.0344857,120.2154841,1,1,1,4,4
67000340,和順里,0717,五,0830,海安路三段135巷,23.0045537,120.1978621,2,2,2,9,6
67000340,成德里,0717,五,1330,西門路四段,23.0124842,120.2090936,0,0,0,4,
67000270,後壁里,0717,五,1430,德善一街29號,22.9502683,120.2531483,1,1,1,4,0
67000350,溪頂里,0718,六,0830,惠安街,40.7708446,114.8679781,1,1,1,10,12
67000340,和順里,0718,六,1330,民德路,23.0056433,120.2024696,1,1,1,2,0
67000340,六甲里,0718,六,1330,和緯路二段30巷,23.0120605,120.2103339,1,1,1,7,13
67000340,正覺里,0719,日,0830,北安路一段51巷,23.0150063,120.2113248,1,1,1,6,11
67000340,六甲里,0719,日,1330,公園路,23.0068369,120.2100531,1,1,1,5,9
67000310,復國里,0719,日,1345,復華二街,23.0078149,120.2456798,1,1,1,4,0
67000350,溪頂里,0720,一,0830,文安街132號,23.026519,120.210563,1,1,1,4,3
67000340,延平里,0720,一,0830,公園路820巷,23.0118133,120.2121474,1,1,1,5,0
67000360,國平里,0721,二,0830,建平七街,22.9893009,120.175365,1,1,1,2,0
67000360,金城里,0721,二,0830,世平三街,22.9952165,120.1490608,1,1,1,2,0
67000340,正覺里,0721,二,0830,公園路,23.0068369,120.2100531,1,1,1,3,0
67000340,正覺里,0721,二,0830,西門路四段572巷,23.0178249,120.2125409,1,1,1,5,5
67000340,文成里,0722,三,1330,文賢路242巷9弄,23.0053656,120.1943625,1,1,1,5,0
67000320,龍山里,0722,三,1350,東門路一段,22.9877687,120.2151117,0,0,0,1,0
67000360,平安里,0723,四,0830,安平路446巷25巷 ,22.9993199,120.172437,1,1,1,1,0
67000350,安順里,0723,四,1330,育安三街212巷,23.0505056,120.2138493,1,1,1,6,6
67000340,興南里,0723,四,1330,西門路四段16巷31弄,23.006219,120.2086646,1,1,1,3,3
67000180,全興里,0723,四,1330,竹仔腳,23.0280873,120.3320195,1,1,1,5,1
67000340,正覺里,0724,五,0830,西門路四段430巷,23.0153528,120.2108641,1,1,1,6,4
67000340,成德里,0724,五,1330,西門路四段,23.0124842,120.2090936,1,1,1,5,0
67000370,民權里,0725,六,0845,臺南市神農街,22.9975666,120.1965462,1,1,1,5,4
67000370,赤嵌里,0725,六,0845,臺南市赤崁東街,22.997754,120.2034639,1,1,1,3,2
67000330,府南里,0725,六,1245,金華路一段484巷99弄,22.9724057,120.1932965,1,1,1,5,7
67000350,安順里,0727,一,0830,安豐三街,23.0489301,120.2147767,1,1,1,4,0
67000350,溪心里,0727,一,1345,海佃路二路766巷,23.0456579,120.1850122,1,1,1,3,0
67000320,小東里,0727,一,1345,東興路314巷,22.9970887,120.2301919,1,1,1,5,2
67000210,蘇林里,0727,一,1400,安定里,23.1115672,120.2541575,1,1,0,3,0
67000370,民生里,0728,二,0845,南華街,22.990054,120.1913953,2,2,2,6,5
67000370,天后里,0728,二,1345,新美街,22.996857,120.2009336,1,1,1,2,0
67000360,建平里,0728,二,0830,建平九街60巷,22.9914769,120.1808312,1,1,1,3,0
67000350,新順里,0728,二,0830,北安路三段745巷,23.0506248,120.2110009,1,1,1,3,0
67000330,廣州里,0728,二,1345,福吉四街,22.9834304,120.19272,1,1,1,4,0
67000320,東明里,0728,二,1350,東安路12巷,22.9910387,120.2260287,1,1,1,1,0
67000310,鹽洲里,0728,二,1345,中正南路,23.0304086,120.2254429,1,1,1,3,0
67000350,安慶里,0729,三,0850,安中路一段189巷70弄,23.0341993,120.2059681,1,1,1,7,8
67000350,總頭里,0729,三,1350,長溪路二段570巷,23.054903,120.2036206,1,1,1,4,4
67000310,中華里,0729,三,1345,忠義街10巷,22.9990048,120.2372032,1,1,1,4,0
67000370,公正里,0730,四,0845,衛民街,22.993104,120.2090726,1,1,1,8,
67000350,海西里,0730,四,0850,海中街169巷,23.0411775,120.1828183,1,1,1,3,
67000340,永祥里,0730,四,0830,實踐街39巷122弄,23.0168449,120.2194341,2,2,2,10,
67000340,勝安里,0730,四,0830,開元路73巷,23.0072221,120.217579,1,1,1,8,
67000340,興南里,0730,四,1330,西門路4段16巷31弄,23.006219,120.2086646,1,1,1,5,
67000340,興南里,0730,四,1330,西門路4段16巷31弄,23.006219,120.2086646,,,,5,
67000310,大橋里,0730,四,1345,大橋五街,23.0217347,120.227811,1,1,1,2,
67000310,二王里,0730,四,1345,中山南路490巷12弄,23.0173325,120.2396035,1,1,1,4,
67000370,光賢里,0731,五,0845,和善街125巷34弄,23.0024845,120.1882181,1,1,1,6,5
67000370,普濟里,0731,五,1345,海安路二段,22.9968601,120.1972918,0,0,0,1,0
67000360,文平里,0731,五,0830,中華西路二段49巷,22.9875552,120.1860761,1,1,1,2,0
67000360,平通里,0731,五,0830,育平八街,22.9944595,120.1654334,1,1,1,2,0
67000350,新順里,0731,五,0850,安生街49巷,23.0445194,120.2151845,1,1,1,4,0
67000340,大山里、大道里,0731,五,1330,旭日街,23.0104083,120.2137395,2,2,2,10,15
67000340,成德里,0731,五,1330,西門路四段,23.0124842,120.2090936,2,2,2,4,0
67000330,大忠里,0731,五,1345,中華南路一段186巷20弄,22.9710919,120.2112384,1,1,1,4,2
67000310,六合里,0731,五,0845,新興街,23.0117957,120.2287348,1,1,1,3,0
67000350,安富里,0801,六,1350,府安路五段223巷,23.0232037,120.1948804,1,1,1,4,8
67000330,同安里,0801,六,1345,明興路1425巷,22.9209313,120.1848566,1,1,1,3,1
67000330,文華里,0801,六,1345,臺南德南街,22.9868104,120.188318,1,1,1,2,3
67000360,西門里,0802,日,0830,古堡街,23.0027808,120.1576527,1,1,1,1,0
67000340,正覺里,0802,日,1345,公園路597巷,23.0140083,120.2114415,,,,2,
67000310,北灣里,0802,日,0845,大灣路37巷,23.0126707,120.2721369,1,1,1,3,6
67000310,安康里,0802,日,1345,中華路703巷,23.0156598,120.226685,1,1,1,2,6
67000350,安慶里,0803,一,0850,長溪路一段168巷190弄,23.0403482,120.2099341,1,1,1,2,0
67000350,淵東里,0803,一,0850,本源街三段234巷106弄,23.0569833,120.1739343,1,1,1,5,5
67000340,正覺里,0803,一,1330,北安路一段51巷2弄,23.0150063,120.2113248,1,1,1,7,4
67000280,六甲里,0803,一,0900,中正南路一段,22.9565771,120.2826501,1,1,1,3,0
67000340,正覺里,0804,二,0830,公園路,23.0062443,120.210256,2,2,2,9,16
67000330,文華里,0804,二,1345,建南路,22.9849463,120.190434,0,0,0,2,0
67000370,民主里,0805,三,1345,中正路,22.9927805,120.1985826,2,1,2,4,0
67000360,文平里,0805,三,1330,中華西路二段49巷,22.9875552,120.1860761,1,1,1,4,0
67000350,大安里,0805,三,1350,義安街86巷,23.0316283,120.1952256,1,1,1,5,4
67000340,正覺里,0805,三,0830,公園路,23.0062443,120.210256,4,4,4,9,6
67000330,廣州里,0805,三,1345,福吉四街,22.9834304,120.19272,1,1,1,5,0
67000310,西勢里,0805,三,0845,富強路一段194巷,23.0171145,120.274795,1,1,1,7,0
67000370,天后里,0806,四,0845,臺南市永福路二段,22.9934206,120.2011362,1,1,1,3,5
67000370,協和里,0806,四,0845,臺南市西和路,23.0014309,120.190367,1,1,1,2,3
67000370,西賢里,0806,四,1345,西賢一街148巷,23.002056,120.178837,1,1,1,6,8
67000360,平安里,0806,四,0830,臺南市安平路,22.9986619,120.1696202,1,1,1,2,
67000360,國平里,0806,四,0830,臺南市育平五街,22.9906705,120.1689224,1,1,1,2,
67000350,溪頂里,0806,四,0850,府安路四段132巷,23.0251173,120.208966,1,1,1,7,8
67000340,正覺里,0806,四,1330,正覺街,23.0171466,120.2127467,3,3,3,13,21
67000310,安康區,0806,四,0845,中華路619巷23弄,23.0139972,120.2289403,1,1,1,3,
67000310,西灣里,0806,四,1345,大勇路62巷,23.0084313,120.2617721,1,1,1,5,
67000370,民權里,0807,五,0845,和平街,22.9965807,120.1967339,1,1,1,4,4
67000370,中正里,0807,五,0845,正德街,22.9941272,120.1954841,1,1,1,7,4
67000370,文賢里,0807,五,1345,文和街,23.0022274,120.190948,1,1,1,3,0
67000370,萬昌里,0807,五,1345,民權里一段,23.022854,120.1917946,1,1,1,2,0
67000360,怡平里,0807,五,0830,慶平路,22.9971279,120.1730348,1,1,1,2,0
67000350,安和里,0807,五,1350,府安路三段289巷25弄,23.0298362,120.2178081,1,1,1,7,15
67000350,安和里,0807,五,1350,府安路三段289巷25弄,23.0298362,120.2178081,,,,5,
67000320,裕農里,0807,五,0850,裕豐街214巷,22.9881152,120.2280762,1,1,1,3,0
67000310,鹽行里,0807,五,0845,三村一街,23.0431183,120.2385215,1,1,1,4,0
67000310,勝利里,0807,五,0845,中華路7巷,23.0086703,120.2337335,0,1,1,3,0
67000310,中興里,0807,五,1345,中華二路,23.0085216,120.2358039,1,1,1,4,3
67000310,安康里,0807,五,1345,大橋一街,23.0174773,120.2286974,1,1,1,3,0
67000210,海寮里,0807,五,1340,安定里,23.1115672,120.2541575,1,1,,3,3
67000360,金城里,0810,一,0830,世平五街,22.995683,120.1478894,1,1,1,3,0
67000350,溪東里,0810,一,0850,府安路5段44巷,23.0261172,120.2030227,1,1,1,8,0
67000350,溪東里、鳳凰里,0810,一,1350,府安路五段44巷,23.0261172,120.2030227,1,1,1,9,0
67000330,開南里,0810,一,0845,新建路49巷,22.9667092,120.1859377,2,2,2,6,4
67000330,金華里,0810,一,1345,新孝路,22.9780058,120.1846304,2,2,2,5,4
67000320,路東里,0810,一,0850,大同路二段,22.9707328,120.2152639,0,1,1,1,0
67000360,文平里,0811,二,0830,建平六街,22.9872536,120.1839502,1,1,1,5,5
67000360,西門里,0811,二,1330,安北路,23.0004927,120.1543945,1,1,1,5,5
67000350,溪北里,0811,二,0850,府安路四段91巷22弄,23.0261136,120.2118185,1,1,1,9,17
67000350,安西里,0811,二,1350,安和路一段321巷21弄,23.0329769,120.210919,1,1,1,5,5
67000340,成德里,0811,二,0830,西門路四段,23.0124842,120.2090936,3,3,3,21,34
67000340,六甲里,0811,二,0830,西門路四段200巷,23.0102173,120.2091672,4,4,4,13,26
67000340,正風里,0811,二,1330,長榮路五段452巷,23.0139366,120.21421,4,4,4,34,54
67000330,鯤鯓里,0811,二,0845,鯤鯓路162巷,22.9608823,120.1707079,1,1,1,2,0
67000330,明亮里,0811,二,1345,新都路506巷,22.9681178,120.1923354,1,1,1,5,4
67000320,東門里,0811,二,0850,慶東街,22.9889271,120.216263,1,1,1,2,2
67000320,泉南里,0811,二,1350,慶東街,22.9889271,120.216263,1,1,1,4,6
67000310,二王里,0811,二,0845,忠孝路,23.0401727,120.3116709,1,1,1,4,2
67000310,勝利里,0811,二,0845,中華一路203巷,23.0033124,120.2336075,1,1,1,3,2
67000310,三合里,0811,二,1345,南工街247巷35弄,23.0104481,120.2394052,1,1,1,6,5
67000310,甲頂里,0811,二,1345,中正南路52巷,23.0207019,120.2188813,1,1,1,4,5
67000370,民權里,0812,三,0845,民權路三段157號旁風神廟門口,24.9739342,121.213782,2,2,2,5,20
67000370,民生里,0812,三,1345,武英街,22.9892856,120.1916559,1,1,1,5,20
67000360,華平里,0812,三,1330,健康二街,22.9901363,120.1736135,1,1,1,5,6
67000340,正覺里,0812,三,0830,正覺街,23.0171466,120.2127467,4,4,4,23,42
67000340,永祥里,0812,三,1330,實踐街85巷,23.0145383,120.2195684,3,3,3,13,22
67000330,喜北里,0812,三,0845,喜樹路134巷,22.9438564,120.1789602,1,1,1,4,10
67000330,大忠里,0812,三,1345,中華南路一段186巷,22.9710543,120.210568,1,1,1,5,10
67000310,烏竹里,0812,三,0845,龍橋街,23.0400423,120.2638255,1,1,1,2,0
67000310,五王里,0812,三,0845,五福街,23.013277,120.2338806,1,1,1,4,2
67000310,鹽行里,0812,三,1345,中正北路177巷,23.0423379,120.2427645,1,1,1,3,5
67000370,保安里,0813,四,0845,海安路一段與友愛街路口,22.9932743,120.1959289,1,1,1,5,10
67000370,安海里,0813,四,1345,河中街,22.9952064,120.1931788,1,1,1,5,10
67000360,國平里,0813,四,0830,建平五街184巷,22.9883111,120.1766151,1,1,1,2,0
67000350,安富里,0813,四,0850,府安路五段230巷,23.022386,120.1946698,1,1,1,5,6
67000350,安富里,0813,四,1350,府安路五段223巷24弄,23.0232037,120.1948804,1,1,1,7,10
67000340,六甲里,0813,四,0830,公園路758巷,23.0104919,120.2120262,6,6,6,16,32
67000340,永祥里,0813,四,1330,實踐街85巷,23.0145383,120.2195684,3,3,3,14,28
67000320,路東里,0813,四,0850,大同路二段61巷,22.9801661,120.2132144,1,1,1,5,6
67000310,三合里,0813,四,0845,南工街247巷35弄,23.0104398,120.2389957,1,1,1,7,6
67000310,甲頂里,0813,四,1345,中正南路168巷2弄,23.0214121,120.21855,1,1,1,4,2
67000310,甲頂里,0813,四,1345,中正南路52巷46弄,23.0197137,120.2177941,1,1,1,3,2
67000070,埤頭里,0813,四,0820,興國路,23.1788134,120.2479211,1,0,1,3,0
67000070,中民里,0813,四,1430,興國路,23.1788134,120.2479211,1,0,1,3,0
67000370,大涼里,0814,五,0845,永華一街44巷,22.9895289,120.1896639,1,1,1,2,3
67000370,民權里,0814,五,0845,民權路三段,22.9982223,120.1933076,1,1,1,1,2
67000370,民生里,0814,五,1345,大仁街,22.9904805,120.1932243,1,1,1,2,6
67000360,海頭里,0814,五,1330,中興街,23.001612,120.162833,1,1,1,4,4
67000360,平通里,0814,五,1330,平通路,22.9930277,120.1753046,1,1,1,1,0
67000350,安慶里,0814,五,0850,安中路一段189巷48弄,22.9934043,120.1647036,1,1,1,10,14
67000350,安慶里,0814,五,1350,北安二街1巷,23.0152177,120.2113975,1,1,1,7,8
67000340,成功里,0814,五,0830,北安路一段142巷,23.0180275,120.2101066,5,5,5,25,50
67000340,成德里,0814,五,1330,西門路四段,23.0124842,120.2090936,2,2,2,22,46
67000340,成德里,0814,五,1330,育成路,23.0180527,120.2069853,0,0,0,2,4
67000340,和順里,0814,五,1330,西門路三段,23.0026667,120.2035199,0,0,0,6,12
67000330,大恩里,0814,五,0845,大同路二段750巷,22.9663881,120.2130517,2,2,2,7,12
67000330,大恩里,0814,五,1345,大同路二段750巷,22.9663881,120.2130517,1,1,1,5,12
67000320,東門里,0814,五,1350,東門路一段,22.9877687,120.2151117,1,0,0,1,4
67000310,二王,0814,五,0845,中山南路490巷,23.0168732,120.2406545,1,1,1,5,0
67000310,二王,0814,五,1345,中山南路544巷,23.0170741,120.2422197,1,1,1,3,2
67000310,鹽行里,0814,五,1345,南工街267巷,23.012911,120.2378745,1,1,1,2,5
67000190,東關里,0814,五,1400,中興路,23.1315027,120.291847,1,1,1,11,0
67000370,民主里,0815,六,0845,金華新路,22.9933072,120.1932474,1,1,1,3,10
67000370,水仙里,0815,六,1345,民權路三段,22.9982223,120.1933076,1,1,1,4,10
67000350,海東里,0815,六,0850,海東二街,23.0445064,120.2184734,1,1,1,7,12
67000350,溪頂里,0815,六,1350,府安路四段109巷,23.0250846,120.210048,1,1,1,7,12
67000330,南華里,0815,六,0830,南和路,22.9599179,120.1872404,3,3,3,15,30
67000330,南華里,0815,六,1330,南和路,22.9599179,120.1872404,2,2,2,7,14
67000330,開南里,0815,六,1330,南和路,22.9599179,120.1872404,1,1,1,2,4
67000330,日新里,0815,六,1330,南和路,22.9599179,120.1872404,1,1,1,6,12
67000320,東門里、泉南里,0815,六,0830,東門路一段,22.9877687,120.2151117,1,1,1,7,39
67000320,泉南里,0815,六,1330,光華街,22.9856543,120.2169488,1,1,1,7,39
67000310,勝利里,0815,六,0845,勝利街1巷,23.0014551,120.2301644,,,,7,24
67000310,勝利里,0815,六,1330,勝利街1巷,23.0014551,120.2301644,,,,7,24
67000370,民生里,0816,日,0845,華街,22.9902618,120.1967104,2,2,2,20,40
67000370,大涼里,0816,日,1345,府前一街9巷,22.9929601,120.1879956,1,1,1,6,12
67000370,永福里,0816,日,1345,中正路39巷,22.9914107,120.2020127,1,1,1,4,8
67000370,西賢里,0816,日,1345,西賢一街187巷,23.0039102,120.1762614,1,1,1,4,8
67000370,三合里,0816,日,1345,忠孝街78巷,22.9997066,120.1973355,1,1,1,6,12
67000360,文平里,0816,日,0830,建平五街,22.9877336,120.1780478,1,1,1,1,0
67000360,海頭里,0816,日,0830,古堡街90巷,23.003867,120.1604463,1,1,1,5,5
67000350,溪東里,0816,日,0830,府安路四段,23.0249211,120.2105439,1,1,1,10,20
67000350,南興里,0816,日,1330,公學路五段527巷2弄,23.0729127,120.1602938,1,1,1,1,2
67000350,溪東里,0816,日,1330,府安路四段,23.0249211,120.2105439,1,1,1,10,20
67000350,安和里,0816,日,1330,府安路三段276巷28弄,23.0305774,120.2183047,1,1,1,4,8
67000340,正覺里,0816,日,1400,公園路,23.0068369,120.2100531,0,0,0,2,0
67000330,新興里,0816,日,0830,南和路,22.9599179,120.1872404,3,3,3,15,0
67000330,文華里,0816,日,1330,南和路,22.9599179,120.1872404,2,2,2,12,0
67000330,文南里,0816,日,1330,南和路,22.9599179,120.1872404,1,1,1,5,0
67000310,西勢里,0816,日,0845,富強路一段185巷,23.0179543,120.273142,1,1,1,5,8
67000310,二王里,0816,日,0845,永二街447巷,23.0186841,120.2468918,1,1,1,3,4
67000270,新田里,0816,日,0845,北保一街,22.9546099,120.2513993,1,1,1,3,0
67000190,北關里、文正里,0816,日,0845,中山路,23.1320504,120.2952307,2,2,2,9,0
67000190,北關里,0816,日,1345,三民路,23.125754,120.2851557,2,2,2,5,0
67000360,國平里,0817,一,0830,建平七街,22.9893009,120.175365,1,1,1,2,0
67000360,海頭里,0817,一,1330,安北路121巷15弄,23.0019235,120.1638985,1,1,1,5,5
67000360,海頭里,0817,一,1330,安北路121巷15弄,23.0019235,120.1638985,1,1,1,5,5
67000350,原佃里,0817,一,0830,本原街一段97巷,23.0487154,120.1985669,1,1,1,6,10
67000350,安富里,0817,一,1330,安富街245巷,23.0258569,120.1959604,1,1,1,7,12
67000340,正覺里,0817,一,0830,正覺街,23.0171466,120.2127467,4,4,4,18,36
67000340,六甲里,0817,一,1330,公園路758巷,23.0104919,120.2120262,4,4,4,12,24
67000340,延平里,0817,一,1330,公園路758巷,23.0104919,120.2120262,1,1,1,6,12
67000320,東光里,0817,一,0850,怡東路,22.9928271,120.2280077,1,1,1,12,24
67000320,後甲里,0817,一,1350,裕農路571巷2弄,22.9885518,120.2346376,1,1,1,13,24
67000310,大橋里,0817,一,0845,大橋一街139巷,23.0189356,120.2291647,1,1,1,3,2
67000310,復國里,0817,一,0845,復華一街,23.0054059,120.2437886,1,1,1,3,2
67000310,二王里,0817,一,1345,南工街226巷1弄,23.0141216,120.2389922,1,1,1,3,2
67000310,五王里,0817,一,1345,五福街110巷,23.0128049,120.2349439,1,1,1,3,0
67000190,光文里,0817,一,0845,信義街,23.0749858,120.2897068,2,2,2,5,0
67000190,什乃里,0817,一,1345,什乃里,23.144704,120.2815587,2,2,2,5,0
67000370,三合里,0818,二,0845,信義街,23.0001046,120.1955084,2,2,2,11,20
67000370,民生里,0818,二,1345,永華路一段,22.9891002,120.1870228,2,2,2,8,16
67000360,國平里,0818,二,0830,建平七街,22.9893009,120.175365,1,1,1,5,0
67000350,海佃里,0818,二,0850,國安街156巷102弄,23.0248456,120.1881086,1,1,1,8,14
67000350,海南里,0818,二,1350,府安路七段93巷,23.0116252,120.1789286,1,1,1,8,14
67000340,文元里,0818,二,0830,文成三路,23.0162011,120.2024877,4,4,4,20,40
67000340,勝安里、中樓里、振興里,0818,二,1330,開元路,23.0076695,120.2208365,7,7,7,29,58
67000330,文華里,0818,二,1345,德南街,22.9868104,120.188318,1,1,1,6,12
67000310,甲頂里,0818,二,0845,大武街,23.0200098,120.2225547,1,1,1,3,0
67000310,永康里,0818,二,1345,永康街,23.0231777,120.2585997,1,1,1,5,4
67000270,仁愛里,0818,二,0900,大同路三段456巷26弄,22.952425,120.2180635,1,1,1,4,0
67000070,南勢里,0818,二,0830,南勢里,23.1950148,120.2656955,,,,3,0
67000040,東昇里,0818,二,1330,柳營路二段,23.2814114,120.3118703,1,1,1,3,2
67000040,士林里,0818,二,1330,柳營路二段,23.2814114,120.3118703,,1,,2,2
67000010,新東里,0818,二,0830,新營東仁街,23.3173874,120.3280503,,,,3,0
67000370,民權里,0819,三,1345,和平街,22.9965807,120.1967339,2,2,2,12,28
67000350,大安里,0819,三,0850,理安街,23.0328821,120.1944642,1,1,1,7,14
67000350,頂安里,0819,三,1350, 安中路一段388巷,23.0395115,120.2036623,1,1,1,5,10
67000340,實踐里、小康里,0819,三,0830,北實踐街,23.0130868,120.2201009,6,6,6,23,46
67000340,五福里、三德里,0819,三,1330,長北街,23.0020765,120.2044383,3,3,3,19,38
67000330,白雪里,0819,三,0845,鹽埕路103巷38弄,22.966027,120.1872825,3,3,3,13,26
67000330,明亮里,0819,三,1345,金華路一段352巷34弄,22.9692271,120.191935,2,2,2,9,18
67000320,東門里,0819,三,0850,東榮街115巷,22.9886071,120.2152795,1,1,1,10,20
67000320,中西里,0819,三,1330,勝利路,22.9939325,120.218039,,,,2,0
67000320,裕聖里,0819,三,1330,裕孝路,22.9834429,120.2434988,1,1,1,7,20
67000310,安康里,0819,三,0845,中華路703巷3弄,23.0164067,120.2279859,1,1,1,3,8
67000310,甲頂里,0819,三,0845,中正南路52巷46弄,23.0197137,120.2177941,1,1,1,4,8
67000310,六合里,0819,三,1345,中山南路,23.0191223,120.2413962,1,1,1,5,8
67000190,田寮里,0819,三,0845,田寮里,23.1478822,120.3046289,1,2,2,3,0
67000360,文平里,0820,四,0830,中華西路二段1巷,22.9866093,120.1859914,,,,8,8
67000350,幸福里,0820,四,0850,府安路六段85號,23.01849,120.188425,,,,11,20
67000340,國姓里,0820,四,0830,北西門路三段,23.0052556,120.2054858,,,,20,40
67000340,成德里,0820,四,1330,西門路三段,23.0026667,120.2035199,,,,21,42
67000330,文華里,0820,四,0845,永華路一段233巷,22.9878923,120.1914777,,,,5,10
67000320,龍山里,0820,四,0830,府東街,22.9865622,120.2162521,,,,3,6
67000320,後甲里,0820,四,0830,建東街42巷,22.9902395,120.2379319,,,,5,10
67000310,埔園里,0820,四,0845,四維街58巷,23.0324258,120.2531342,,,,3,8
67000310,成功里,0820,四,0845,中華一路1巷,23.0043056,120.2388359,,,,4,8
67000310,五王里,0820,四,1345,五福街110巷,23.0128049,120.2349439,,,,4,8
67000190,嘉北里,0820,四,0845,茄拔,23.139793,120.325545,,,,4,0
67000030,永安里,0820,四,1330,國光路,23.3523649,120.4161219,,,,5,3
67000010,延平里,0820,四,1330,延平農會,23.299187,120.3133131,,,,7,13
67000010,好平里,0820,四,1330,濟安宮,23.3119567,120.3089541,,,,8,14
67000360,文平里,0821,五,0830,永華二街41巷,22.9859451,120.1831377,1,1,1,4,5
67000360,文平里,0821,五,1330,建平一街,22.9842402,120.1775813,1,1,1,4,6
67000350,幸福里,0821,五,0850,府安路六段,23.0172804,120.1871243,1,1,1,7,14
67000350,幸福里,0821,五,1350,府安路六段62巷,23.0186359,120.1892783,1,1,1,8,16
67000340,振興里,0821,五,0830,開元路73巷,23.0071693,120.2176377,7,7,7,30,70
67000340,文成里,0821,五,1330,和緯路三段,23.0105336,120.1972508,2,2,2,11,30
67000340,興南里,0821,五,1330,公園路321巷,23.0042925,120.209006,2,2,2,19,40
67000330,文南里,0821,五,0845,金華路二段289巷23弄,22.9843866,120.1907926,1,1,1,5,10
67000330,新興里,0821,五,0845,五妃街419巷,22.9826608,120.1962136,2,2,2,9,18
67000330,明興里,0821,五,1345,永仁街,22.9655419,120.1906535,1,1,1,3,6
67000330,廣州里,0821,五,1345,福吉一街,22.9841557,120.1938924,2,2,2,9,18
67000310,正強,0821,五,0845,自強路188巷,23.0257461,120.2508744,1,1,1,3,8
67000310,網寮,0821,五,0845,文化路,23.0158439,120.2575916,1,1,1,2,6
67000310,西橋,0821,五,1345,大橋三街57巷36弄,23.0176827,120.2235793,1,1,1,6,10
67000190,東關里,0821,五,1345,中山路,23.1320504,120.2952307,1,1,1,2,
67000070,麻口里,0821,五,1330,麻豆口,23.181298,120.218607,1,,1,3,
67000020,福得里,0821,五,0830,後厝,23.2622306,120.2397336,,,,5,
67000370,中正里,0822,六,0830,康樂街,22.9952871,120.1951361,,,,8,20
67000370,民生里,0822,六,1330,南華街,22.990054,120.1913953,,,,8,20
67000350,溪墘里,0822,六,0850,海佃路一段284巷,23.0267847,120.1931252,1,1,1,8,16
67000350,安富里,0822,六,1350,郡安路五段164巷3弄,23.0286805,120.1965527,1,1,1,8,16
67000340,文元里,0822,六,0830,海安路三段,23.0103002,120.2001781,0,0,0,12,30
67000340,公園里,0822,六,1330,公園路,23.0068369,120.2100531,2,2,2,10,26
67000310,二王里,0822,六,0845,中山南路490巷12弄,23.0169833,120.2394397,1,1,1,3,8
67000310,東橋里,0822,六,0845,東橋五路,23.0218712,120.2353146,1,1,1,3,8
67000270,仁義里,0822,六,0845,仁義路,22.9683672,120.2559227,1,1,1,3,3
67000220,平陽里,0822,六,1400,衛生所,23.0893067,120.3723741,0,0,0,1,
67000190,南關里,0822,六,0845,光復路368號,23.1279209,120.2870214,1,2,2,5,
67000130,明宜里,0822,六,1330,慈濟宮,23.2336949,120.1804966,1,1,1,6,
67000060,東中里,0822,六,1400,達雲路一段,23.3213138,120.4043482,1,2,1,4,2
67000360,平通里,0823,日,0830,平通路,22.9930277,120.1753046,1,1,1,3,5
67000360,怡平里,0823,日,0830,永華六街154巷,22.9946506,120.178196,1,1,1,3,5
67000340,三德里,0823,日,0810,長北街,23.0020765,120.2044383,,,,12,15
67000340,永祥里,0823,日,1345,實踐街85巷,23.0145383,120.2195684,2,2,2,10,20
67000330,大恩里,0823,日,1330,國民路165巷,22.966502,120.2116106,2,2,2,15,26
67000200,三舍里,0823,日,1300,中興街,23.0781138,120.2937125,1,1,1,2,0
67000200,永就里,0823,日,1300,中興街,23.0781138,120.2937125,1,1,1,6,0
67000010,好平里,0823,日,0830,長春街,23.3014896,120.3118161,6,6,6,16,26
67000010,延平里,0823,日,1330,成功街,23.3015983,120.3126385,,,,12,15
67000370,建國里,0824,一,0845,新美街50巷,22.9949657,120.2007038,2,2,2,13,26
67000370,銀同里,0824,一,1345,開山路,22.9884387,120.2080123,1,1,1,5,10
67000340,文元里,0824,一,0830,文成三路,23.0162011,120.2024877,2,2,2,16,56
67000340,小康里,0824,一,1330,實踐街,23.0137872,120.218328,3,3,3,18,60
67000330,大恩里,0824,一,1345,大同路二段750巷,22.9663881,120.2130517,,,,6,12
67000320,小東里,0824,一,1330,小東路198巷,22.999478,120.2275347,2,2,2,15,30
67000310,中興里,0824,一,0845,中興街91巷,23.007832,120.2386599,1,1,1,3,6
67000310,勝利里,0824,一,0845,中華路7巷20弄,23.0134624,120.2632441,1,1,1,5,8
67000310,西橋里,0824,一,1345,大橋三街57巷19弄,23.0176827,120.2235793,1,1,1,4,8
67000130,明宜里,0824,一,0830,濟生路,23.2325831,120.1821987,,,,7,
67000370,民權里,0825,二,0830,環河街94號,22.9943034,120.1923404,,,,5,12
67000370,安海里,0825,二,1350,海安路二段401號,22.9968601,120.1972918,,,,5,12
67000360,育平里,0825,二,0830,育平五街38號,22.9906705,120.1689224,,,,2,3
67000360,國平里,0825,二,0830,育平五街6號管理室,22.9906705,120.1689224,,,,2,3
67000340, 小康里,0825,二,0830,實踐街17號,23.0137872,120.218328,5,5,5,20,56
67000340,和順里,0825,二,1330,民德路與育德二路交叉處,23.0056433,120.2024696,5,5,5,20,56
67000320,成大里,0825,二,0850,臺南成大里育樂街148巷巷口,22.9957612,120.2147951,,,,10,20
67000320,成大里,0825,二,1350,臺南成大里育樂街161號前集合,22.9943326,120.2146941,,,,5,10
67000320,裕農里,0825,二,1350,臺南裕農里裕農里東寧路540號前集合,22.9907865,120.2254616,,,,5,10
67000310,甲頂里,0825,二,0845,中央路23巷51弄4號,23.0217373,120.2154673,1,1,1,2,6
67000310,鹽行里,0825,二,1345,中正路559號,23.0337658,120.245643,2,1,2,4,8
67000210,港口里,0825,二,0830,安定59-1號,23.0939111,120.2296358,,,,3,
67000190,什乃里,0825,二,1345,什乃6號前空地,23.144704,120.2815587,1,1,1,4,
67000120,鎮山里,0825,二,1330,自由街2號,23.1559499,120.1785635,,,,5,4
67000070,麻豆里,0825,二,0830,新生南路114巷口,23.1822684,120.2394171,1,,1,3,2
67000030,玉豐里,0825,二,1330,國光路5號,23.352012,120.415777,1,1,,3,
67000370,安海里,0827,四,1330,正興街,22.9944397,120.1969383,2,2,2,10,20
67000360,育平里,0827,四,0830,建平五街22巷15弄,22.9879547,120.1799289,1,1,1,3,5
67000360,文平里,0827,四,0830,育平五街,22.9906705,120.1689224,1,1,1,3,5
67000340,三德里,0827,四,0830,長北街,23.002076,120.2044383,6,6,6,22,66
67000340,中樓里,0827,四,1330,開元路73巷,23.0071693,120.2176377,8,8,8,30,66
67000330,新興里,0827,四,0830,西門路一段471巷,22.9819433,120.1969808,2,2,2,12,26
67000330,大恩里,0827,四,1330,大同路750巷,22.9657633,120.212861,1,1,1,12,26
67000320,莊敬里,0827,四,0830,小東路254巷18弄,22.9978658,120.2304648,2,2,2,12,24
67000310,六合里,0827,四,1330,新興街,23.0118273,120.2289363,1,1,1,3,6
67000310,安康里,0827,四,1330,中華路703巷71弄,23.0164067,120.2279859,1,1,1,3,8
67000180,太平里,0827,四,0830,建國街,23.0375906,120.3092834,1,1,1,5,0
67000180,北勢里,0827,四,1330,北勢里,23.0506082,120.2887685,1,1,1,3,0
67000180,北勢里,0827,四,1330,中正路,23.0407467,120.3061845,1,1,1,2,0
67000020,武廟里,0827,四,1330,武廟路,23.3235134,120.265843,1,1,1,4,2
67000010,好平里,0827,四,0830,長春街,23.3014896,120.3118161,1,1,1,5,0
67000010,延平里,0827,四,1330,三民路,23.3070861,120.3147868,1,1,1,1,0
67000370,民主里、保安里,0828,五,0830,康樂街,22.9952871,120.1951361,,,,10,30
67000370,中正里,0828,五,1330,康樂街,22.9952871,120.1951361,,,,10,30
67000340,國興里、華興里,0828,五,0830,林森路三段,23.0046136,120.2247702,4,4,4,22,66
67000340,正覺里,0828,五,1330,公園路,23.0068369,120.2100531,6,6,6,30,66
67000310,勝利,0828,五,0830,勝利街2巷,23.001863,120.2302541,5,3,5,12,24
67000310,勝利,0828,五,1330,勝利街2巷,23.001863,120.2302541,5,3,5,12,24
67000260,中正里,0828,五,1330,中正里,23.059456,120.40596,,,,1,0
67000190,南關里,0828,五,0830,自由路,23.1301399,120.2881403,,,,3,0
67000180,全興里,0828,五,1330,竹仔腳,23.0280873,120.3320195,,,,3,0
67000350,安富里,0829,六,0850,海佃路一段,23.0246827,120.1913975,1,1,1,7,16
67000350,海西里,0829,六,1350,海環街256巷,23.0382556,120.1829891,1,1,1,7,10
67000340,勝安里,0829,六,0830,開元路73巷,23.0071693,120.2176377,6,6,6,30,66
67000340,勝安里,0829,六,1330,開元路73巷,23.0071693,120.2176377,6,6,6,22,56
67000330,文華里、文南里,0829,六,0830,建南路,22.9849463,120.190434,3,3,3,13,29
67000330,大恩里,0829,六,1350,大同路二段750巷,22.9663881,120.2130517,3,3,3,13,29
67000280,南保里,0829,六,1345,民權八街,22.9685791,120.2866553,1,2,1,5,5
67000140,竹林里,0829,六,0830,竹林里,23.1207622,120.1849082,1,1,1,3,0
67000140,劉厝里,0829,六,1330,劉厝里,23.1327161,120.1791357,1,1,1,3,0
67000120,鎮山里,0829,六,0830,勝利路,23.1449938,120.1806729,1,1,1,7,4
67000340,文元里,0830,日,0830,文賢路1122巷,23.0166844,120.1967382,5,5,5,30,56
67000340,中樓里,0830,日,1330,開元路,23.0071693,120.2176377,6,6,6,30,56
67000330,金華里,0830,日,1330,尊南路,22.9781741,120.1888805,1,1,1,12,24
67000310,甲頂里,0830,日,0830,中華路895巷,23.0198896,120.2238429,2,2,2,10,20
67000200,三合里,0830,日,0830,中興街,23.0781138,120.2937125,2,2,2,9,9
67000200,大營里,0830,日,0830,中興街,23.0781138,120.2937125,1,1,1,3,3
67000190,光文里,0830,日,0830,公園路,23.1327438,120.2954059,1,1,1,3,
67000190,東隆里,0830,日,0830,東勢寮,23.157936,120.317388,1,1,1,2,
67000190,文昌里,0830,日,1330,中興路,23.1315027,120.291847,1,1,1,5,
67000080,賀建里,0830,日,0830,賀建里麻豆寮,23.255584,120.293994,1,1,1,3,
67000370,民主里,0831,一,0845,尊王路,22.9918428,120.1949085,2,1,2,20,40
67000370,民主里,0831,一,1345,尊王路,22.9918428,120.1949085,2,1,2,20,40
67000360,港仔里,0831,一,0830,國勝路,23.0007736,120.1610874,1,1,1,4,6
67000360,育平里,0831,一,0830,郡平路,22.9891978,120.1674633,1,1,1,2,3
67000350,安富里,0831,一,0830,郡安路五段184巷80弄,23.0272565,120.1940173,1,1,1,8,16
67000350,安富里,0831,一,1330,同安路167巷,23.0419175,120.1902841,1,1,1,7,14
67000340,五福里,0831,一,0830,長北街,23.0020765,120.2044383,2,2,2,11,36
67000340,文元里,0831,一,1330,文成三路,23.0162011,120.2024877,3,3,3,15,36
67000330,文華里,0831,一,0830,文南三街,22.9871051,120.189797,2,2,2,8,18
67000330,文華里,0831,一,1330,德南街,22.9868104,120.188318,1,1,1,3,7
67000330,文華里,0831,一,1330,建南路,22.9849463,120.190434,1,1,1,5,11
67000320,莊敬里,0831,一,1350,臺南莊敬路205巷,22.9970992,120.2322494,1,1,1,14,28
67000310,永康里,0831,一,0830,大同街,23.0157489,120.2654598,,,,2,4
67000310,甲頂里,0831,一,0830,中正南路52巷68弄,23.0204265,120.2200549,1,1,1,7,14
67000310,大橋里,0831,一,1330,大橋一街73巷,23.0187262,120.2271662,1,1,1,7,14
67000370,中正里,0901,二,0845,正興街,22.9944397,120.1969383,2,1,2,25,50
67000370,安海里,0901,二,1345,環河街,22.9943034,120.1923404,2,1,2,20,50
67000350,安富里,0901,二,0830,安富街245巷,23.0258569,120.1959604,1,1,1,7,14
67000350,溪東里,0901,二,1330,府安路五段,23.0229966,120.1988718,1,1,1,7,14
67000340,文元里,0901,二,0830,文賢二街,23.0111927,120.1971553,2,2,2,13,36
67000340,文元里,0901,二,1330,文賢二街,23.0111927,120.1971553,2,2,2,9,36
67000320,莊敬里,0901,二,0830,東光路二段36巷10弄,22.9960231,120.2323342,1,1,1,10,20
67000320,富強里,0901,二,1330,東門路二段301巷,22.9840553,120.229015,1,1,1,11,22
67000310,大橋里,0901,二,0830,大橋一街103巷62弄,23.0189356,120.2291647,1,1,1,8,16
67000310,大橋里,0901,二,1330,大橋一街103巷62弄,23.0189356,120.2291647,1,1,1,8,16
67000210,蘇林里,0901,二,0830,安定,23.119471,120.235621,1,1,1,3,0
67000120,鎮山里,0901,二,1330,中山路346巷,23.1621281,120.1775195,1,1,1,7,7
67000370,三合里,0902,三,0845,忠孝街,22.9992045,120.1966233,2,1,2,20,40
67000370,三合里,0902,三,1345,民族路三段,22.998857,120.195917,2,1,2,20,40
67000340,成功里,0902,三,0830,北安路一段142巷,23.0180275,120.2101066,2,2,2,15,36
67000340,成功里,0902,三,1330,北安路一段142巷,23.0180275,120.2101066,2,2,2,15,36
67000270,土庫里,0902,三,0830,土庫三街,22.9873725,120.2603687,1,1,1,4,8
67000190,東關里,0902,三,1330,中興路,23.1315027,120.291847,1,1,1,5,0
67000180,崙頂里,0902,三,0830,崙仔頂,23.0280873,120.3320195,1,1,1,6,8
67000180,護國里,0902,三,1330,信義路,23.0369566,120.3142651,1,1,1,5,6
67000090,六甲里,0902,三,1330,義街238巷14弄,22.968407,120.2615677,2,1,2,5,10
67000050,福安里,0902,三,0830,福安里,23.3252512,120.3536396,1,1,1,5,2
67000010,延平里,0902,三,0830,復興路,23.3063146,120.2947167,3,3,3,15,25
67000010,延平里,0902,三,1330,復興路,23.3063146,120.2947167,3,3,3,15,25
67000350,溪頂里,0903,四,0830,賢安街,23.0263164,120.2060016,1,1,1,11,22
67000350,溪頂里,0903,四,1330,北安路二段32巷,23.025434,120.2061077,1,1,1,11,22
67000340,玉皇里,0903,四,0830,公園路,23.0068369,120.2100531,5,5,5,30,60
67000340,玉皇里,0903,四,1330,公園路,23.0068369,120.2100531,3,3,3,15,30
67000340,北區,0903,四,1330,實踐街85巷,23.0145383,120.2195684,2,2,2,15,30
67000330,田寮里,0903,四,0830,新興路41巷,22.9790666,120.1969402,4,4,4,19,50
67000330,田寮里,0903,四,1330,西門路一段333巷,22.9776451,120.1962919,6,6,6,19,50
67000310,安康里,0903,四,0830,中華西街122巷,23.0153874,120.2274387,2,2,2,20,40
67000310,安康里,0903,四,0830,中華西街122巷,23.0153874,120.2274387,2,2,2,4,8
67000310,安康里,0903,四,1330,中華路619巷88弄,23.0144853,120.2283316,2,2,2,20,40
67000230,玉田里,0903,四,1330,臺南市中正路,23.1311343,120.4704129,1,1,1,4,2
67000370,藥王里,0904,五,0830,民權路三段,22.9982223,120.1933076,3,1,3,30,60
67000370,藥王里,0904,五,1330,民權路三段,22.9982223,120.1933076,3,1,3,27,54
67000360,億載里,0904,五,1330,永華十二街27巷,22.9918166,120.1579506,1,1,1,2,4
67000340,實踐里,0904,五,0830,實踐街,23.0137872,120.218328,5,5,5,30,60
67000340,興南里,0904,五,1330,公園北路,23.0047261,120.2095967,5,5,5,30,30
67000310,大橋里,0904,五,0830,大橋五街,23.0217347,120.227811,2,2,2,12,24
67000310,大橋里,0904,五,1330,大橋三街99巷,23.0204411,120.2286913,2,2,2,12,24
67000340,六甲里,0905,六,0830,西門路四段200巷,23.0102173,120.2091672,5,5,5,30,60
67000340,六甲里,0905,六,1330,公園路758巷,23.0104919,120.2120262,5,5,5,30,60
67000330,文南里、文華里,0905,六,0830,金華路二段,22.9816175,120.1914653,4,4,4,27,60
67000330,文南里、文華里,0905,六,1330,建南路,22.9849463,120.190434,5,5,5,27,60
67000370,文賢里,0906,日,0830,文和街,23.0022274,120.190948,4,1,4,20,50
67000370,文賢里,0906,日,1330,文和街,23.0022274,120.190948,4,1,4,20,50
67000330,田寮里,0906,日,0830,西門路一段223巷,22.975531,120.196861,7,7,7,25,60
67000330,田寮里,0906,日,1330,建南路,22.9849463,120.190434,6,6,6,25,60
67000310,五王里,0906,日,0830,中山東路218巷28弄,23.010234,120.2368,8,6,8,30,60
67000310,五王里,0906,日,1330,中山東路218巷28弄,23.010234,120.2368,8,6,8,30,60
67000370,文賢里,0907,一,0830,武聖路69巷,23.004103,120.1909534,4,1,4,20,46
67000370,文賢里,0907,一,1330,武聖路69巷,23.004103,120.1909534,4,1,4,20,46
67000350,溪東里,0907,一,0830,府安路五段,23.0229966,120.1988718,1,1,1,8,16
67000350,溪東里,0907,一,1330,府安路五段,23.0229966,120.1988718,1,1,1,8,16
67000340,大山里,0907,一,0830,精忠街,23.0089814,120.2137009,6,6,6,15,17
67000340,五福里、三德里,0907,一,1330,長北街,23.0020765,120.2044383,5,5,5,15,17
67000330,金華里,0907,一,0830,尊南街,22.9781741,120.1888805,7,7,7,35,76
67000330,金華里,0907,一,1330,尊南街,22.9781741,120.1888805,6,6,6,35,76
67000370,中正里,0908,二,0830,國華街三段,22.9965617,120.198531,6,1,6,50,100
67000340,三德里,0908,二,0830,長北街,23.0020765,120.2044383,1,1,1,5,6
67000340,三德里、五福里,0908,二,1330,長北街,23.0020765,120.2044383,4,4,4,25,36
67000340,和順里,0908,二,1330,公園南路,23.0017534,120.2062211,4,4,4,30,30
67000330,開南里,0908,二,0830,新建路53巷,22.9658566,120.1859523,8,8,8,25,58
67000330,開南里,0908,二,1330,新建路,22.9698862,120.1852356,7,7,7,25,58
67000370,民權里,0909,三,0830,和平街,22.9965807,120.1967339,4,1,4,15,30
67000370,安海里,0909,三,1330,環河街,22.9943034,120.1923404,4,1,4,12,24
67000340,國姓里,0909,三,0830,公園路433巷,23.0079621,120.2089203,4,4,4,52,62
67000340,國姓里,0909,三,1330,公園路433巷,23.0079621,120.2089203,4,4,4,20,26
67000340,小康里,0909,三,1330,實踐街,23.0137872,120.218328,4,4,4,30,40
67000330,國宅里,0909,三,0830,金華路二段3巷,22.975668,120.1892072,3,3,3,15,34
67000330,國宅里,0909,三,1330,新興路418巷1弄,22.9752494,120.1865908,3,3,3,20,44
67000370,民生里、郡西里,0910,四,0830,武英街,22.9892856,120.1916559,4,1,4,27,60
67000370,郡西里,0910,四,1330,郡西路,22.9897911,120.1944008,4,1,4,27,60
67000340,大豐里,0910,四,0830,文賢路313巷,23.0068093,120.191224,7,7,7,35,48
67000340,大豐里,0910,四,1330,文賢路313巷,23.0068093,120.191224,7,7,7,35,48
67000320,泉南里,0910,四,0830,臺南樹林街一段,22.9864633,120.2139534,2,2,2,15,34
67000320,泉南里,0910,四,1330,臺南樹林街一段,22.9864633,120.2139534,2,2,2,15,44
67000370,保安里,0911,五,0830,保安路,22.9907552,120.1942737,4,1,4,45,90
67000370,協和里,0911,五,1330,民族路三段,22.998857,120.195917,4,1,4,45,90
67000340,大和里,0911,五,0830,文賢路799巷,23.0159725,120.1926548,7,7,7,14,48
67000340,大和里,0911,五,1330,文賢路799巷,23.0159725,120.1926548,7,7,7,14,48
67000330,新興里,0911,五,0830,三官路,22.9788784,120.1938121,5,5,5,15,35
67000330,新興里,0911,五,1330,夏林路222巷,22.9795118,120.1943692,5,5,5,15,35
67000340,仁愛里,0912,六,0830,東豐路227巷24弄,23.0028592,120.2206589,4,4,4,35,44
67000340,仁愛里,0912,六,1330,東豐路227巷24弄,23.0028592,120.2206589,3,3,3,35,44
67000330,新昌里,0912,六,0830,國華路一段,22.9843142,120.1963711,7,7,7,27,60
67000330,新昌里,0912,六,1330,大德街141巷,22.9852426,120.1957805,7,7,7,27,60
67000370,福安里,0913,日,0830,友愛街,22.9914679,120.1996507,6,1,6,40,80
67000370,文賢里,0913,日,1330,西和路,23.0014309,120.190367,6,1,6,43,80
67000320,富裕里,0913,日,0830,臺南裕農路,22.9886146,120.2360187,3,3,3,22,44
67000320,富裕里,0913,日,1330,臺南裕豐街84巷,22.9850963,120.2282916,2,2,2,17,34
67000370,水仙里,0914,一,0830,西門路二段,22.9948555,120.1993164,6,1,6,50,100
67000370,水仙里,0914,一,1330,民權路三段,22.9982223,120.1933076,6,1,6,50,100
67000340,興北里,0914,一,0830,公園北路,23.004726,120.2095967,5,5,5,30,38
67000340,興北里,0914,一,1330,公園北路,23.004726,120.2095967,5,5,5,29,38
67000330,田寮里,0914,一,1330,新興路,22.9755921,120.1914431,0,0,0,1,2
67000330,文南里,0915,二,0830,健康路二段,22.9817861,120.1896682,12,12,12,40,89
67000330,金華里,0915,二,0830,健康路二段401巷,22.9813884,120.1863575,4,4,4,10,23
67000330,金華里,0915,二,1330,新孝路126巷,22.9791342,120.1868432,10,10,10,50,107
67000320,新東里,0915,二,0830,林森路二段,22.9930185,120.2237838,2,2,2,22,44
67000320,新東里,0915,二,1330,裕農路43巷,22.9862711,120.2259161,2,2,2,22,44
67000370,大涼里、民主里,0916,三,0830,環河街,22.9943034,120.1923404,6,1,6,45,100
67000360,華平里,0916,三,1330,永華八街,22.9928443,120.1723945,4,4,4,45,90
67000350,海佃里,0916,三,0830,海佃路一段,23.0246827,120.1913975,1,1,1,29,58
67000350,海佃里,0916,三,1330,國安街56巷,23.0254315,120.1896059,1,1,1,29,58
67000330,新興里,0916,三,0830,夏林路,22.9814464,120.1949463,4,4,4,11,25
67000330,新興里,0916,三,1330,夏林路,22.9814464,120.1949463,4,4,4,11,25
67000370,元安里,0917,四,0830,海安路一段,22.9905073,120.1954312,6,1,6,45,100
67000370,郡西里、民主里,0917,四,1330,郡西路,22.9897911,120.1944008,6,1,6,45,100
67000340,振興里,0917,四,0830,長榮路四段,23.0044362,120.2225096,4,4,4,20,24
67000340,振興里,0917,四,1330,長榮路四段,23.0044362,120.2225096,4,4,4,20,24
67000330,郡南里,0917,四,0830,德興路,22.9624922,120.1925225,10,10,10,52,118
67000330,國宅里,0917,四,1330,金華路二段33巷,22.9771738,120.1893292,9,9,9,52,118
67000370,協和里、藥王里,0918,五,0830,臨安路一段,23.0001187,120.1918672,6,1,6,27,70
67000370,藥王里,0918,五,1330,西和路,23.0014309,120.190367,6,1,6,27,70
67000340,大港里,0918,五,0830,賢北街,23.0086008,120.183011,5,5,5,40,86
67000340,大港里,0918,五,1330,賢北街,23.0086008,120.183011,5,5,5,40,86
67000330,文南里,0918,五,0830,長南街,22.9829027,120.1902544,8,8,8,40,87
67000330,明亮里,0918,五,1330,新都路,22.9687954,120.1991287,8,8,8,40,87
67000340,小康里,0919,六,0830,實踐街,23.0137872,120.218328,2,2,2,18,40
67000340,小康里,0919,六,1330,實踐街,23.0137872,120.218328,2,2,2,15,40
67000330,府南里,0919,六,0830,大成路二段177巷,22.9745067,120.1924609,6,6,6,28,65
67000330,廣州里,0919,六,0830,健康路二段,22.9817861,120.1896682,2,2,2,12,31
67000330,廣州里,0919,六,1330,建民街,22.9687954,120.1991287,7,7,7,40,96
67000320,莊敬里,0919,六,0830,臺南莊敬路205巷,22.9970992,120.2322494,2,2,2,20,40
67000320,富裕里、富強里,0919,六,1330,裕豐街,22.9867372,120.2270444,2,2,2,20,40
67000310,二王里,0919,六,0830,中山南路644巷29弄,23.0189294,120.2428958,4,3,4,12,24
67000310,二王里,0919,六,1330,中山南路416巷2弄,23.0169602,120.2395459,4,3,4,12,24
67000370,三合里,0920,日,0830,信義街108巷,23.0012214,120.1953678,6,1,6,40,100
67000370,藥王里,0920,日,1330,臨安路一段,23.0001187,120.1918672,6,1,6,40,100
67000350,溪頂里,0920,日,0830,惠安街,23.0268638,120.2090036,2,2,2,30,60
67000350,溪北里,0920,日,1330,文安街,23.0264309,120.2109878,2,2,2,30,60
67000320,東安里,0920,日,0830,長榮路二段32巷46弄,22.9874305,120.2205402,2,2,2,30,60
67000320,崇學里,0920,日,1330,崇學路96巷8弄,22.9784657,120.2227211,2,2,2,30,60
67000370,保安里、中正里,0921,一,0830,尊王路,22.9918428,120.1949085,6,1,6,50,100
67000350,溪北里,0921,一,0830,文安街,23.0264309,120.2109878,1,1,1,8,16
67000350,溪北里,0921,一,1330,文安街,23.0264309,120.2109878,1,1,1,8,16
67000340,大豐里,0921,一,1330,文賢路313巷,23.0068093,120.191224,6,6,6,40,87
67000330,田寮里,0921,一,0830,夏林路,22.9814464,120.1949463,8,8,8,35,84
67000330,田寮里,0921,一,1330,夏林路,22.9814464,120.1949463,7,7,7,35,84
67000320,東安里、中西里,0921,一,1330,長榮路二段,22.9894924,120.219974,2,2,2,23,46
67000370,三民里,0922,二,0830,民權路二段,22.9948606,120.2034776,6,1,6,23,55
67000370,三民里,0922,二,1330,公園路,22.9954761,120.2056406,6,1,6,23,55
67000350,溪北里,0922,二,0830,海佃路一段,23.0246827,120.1913975,1,1,1,8,16
67000350,溪北里,0922,二,1330,海佃路一段,23.0246827,120.1913975,1,1,1,8,16
67000340,三德里,0922,二,0830,長北街,23.0020765,120.2044383,2,2,2,5,22
67000340,六甲里,0922,二,0830,公園路,23.0068369,120.2100531,1,1,1,3,8
67000340,三德里,0922,二,1330,長北街,23.0020765,120.2044383,2,2,2,9,22
67000340,六甲里,0922,二,1330,公園路,23.0068369,120.2100531,1,1,1,3,8
67000330,明興里,0922,二,0830,德興路,22.9624922,120.1925225,8,8,8,41,96
67000330,明興里,0922,二,1330,新建路17巷,22.9727896,120.1859204,7,7,7,41,96
67000320,新東里、崇誨里,0922,二,0830,裕豐街163巷,22.9876894,120.2265009,2,2,2,15,30
67000320,新東里、崇誨里,0922,二,1330,裕豐街163巷,22.9876894,120.2265009,2,2,2,15,30
67000310,西橋里,0922,二,0830,中華西街,23.0150779,120.2262742,6,6,6,17,34
67000310,西橋里,0922,二,1330,中華西街,23.0150779,120.2262742,6,6,6,15,28
67000370,公正里,0923,三,0830,衛民街,22.9930863,120.2091377,4,1,4,36,55
67000370,銀同里,0923,三,1330,開山路,22.9884387,120.2080123,6,1,6,36,55
67000350,理想里,0923,三,0830,海佃路二段,23.0381178,120.188108,1,1,1,9,18
67000350,理想里,0923,三,1330,海佃路二段150巷,23.0346296,120.1915051,1,1,1,9,18
67000340,公園里,0923,三,0830,北忠街,22.9993886,120.2094168,2,2,2,21,45
67000340,公園里,0923,三,1330,北忠街,22.9993886,120.2094168,2,2,2,21,45
67000330,再興里,0923,三,0830,金華路二段,22.9816175,120.1914653,8,8,8,34,82
67000330,再興里,0923,三,1330,金華路二段,22.9816175,120.1914653,7,7,7,34,82
67000310,五王里,0923,三,0830,成功路,23.0101748,120.2335556,6,8,9,9,18
67000310,五王里,0923,三,1330,成功路,23.0101748,120.2335556,6,8,9,9,18
67000370,光賢里,0924,四,0830,武聖路69巷,23.004103,120.1909534,6,1,6,43,100
67000370,永華里,0924,四,1330,南門路,22.9868385,120.2043061,6,1,6,43,100
67000340,仁愛里,0924,四,0830,東豐路227巷24弄,23.0028592,120.2206589,5,1,5,19,40
67000340,仁愛里,0924,四,1330,東豐路227巷24弄,23.002859,120.2206589,5,1,5,21,44
67000330,金華里,0924,四,0830,慶南街,22.978402,120.1900724,9,9,9,40,98
67000330,金華里,0924,四,1330,慶南街,22.978402,120.1900724,9,9,9,40,98
67000320,成大里,0924,四,0830,育樂街,22.9943326,120.2146941,2,2,2,11,22
67000320,成大里,0924,四,1330,育樂街,22.9943326,120.2146941,2,2,2,11,22
67000370,普濟里,0925,五,0830,普濟街,22.9981488,120.1983336,6,1,6,49,100
67000370,小西里,0925,五,1330,府前路一段,22.989087,120.2045916,4,1,4,31,70
67000340,長榮里,0925,五,0830,長榮路五段41巷,23.0116327,120.2127919,5,1,5,24,46
67000340,大仁里,0925,五,1330,北門路二段247巷,23.0081293,120.2145037,5,1,5,42,88
67000330,府南里,0925,五,0830,永成路三段,22.9685684,120.1953595,6,6,6,40,92
67000330,府南里,0925,五,1330,永成路三段,22.9685684,120.1953595,6,6,6,40,92
67000320,大福里,0925,五,0830,榮譽街,22.975228,120.218398,2,2,2,14,30
67000320,大福里,0925,五,1330,立德二路,22.9751638,120.2157222,2,2,2,14,30
67000370,天后里,0926,六,0815,永福路二段227巷,22.9964654,120.2015978,6,1,6,57,118
67000370,協進里,0926,六,1315,環河街,22.9943034,120.1923404,7,1,7,79,165
67000350,幸福里,0926,六,1315,府安路六段,23.0172804,120.1871243,1,1,1,49,102
67000330,開南里,0926,六,0815,新建路37巷,22.9688761,120.1859979,10,10,10,50,100
67000320,小東里,0926,六,0815,小東路,23.0000536,120.2270729,2,2,2,21,42
67000350,海佃里,0927,日,0815,國安街156巷,23.0250423,120.1870767,2,1,2,20,42
67000340,華興里,0927,日,0815,林森路三段,23.0046136,120.2247702,6,6,6,26,54
67000330,日新里,0927,日,0815,新興路,22.9755921,120.1914431,8,8,8,67,154
67000320,泉南里,0927,日,0815,光華街229巷,22.9863004,120.2145632,2,2,2,12,24
67000370,萬昌里、銀同里,0928,一,0815,城隍街,22.9902138,120.2083827,6,1,6,58,118
67000370,萬昌里、銀同里,0928,一,1315,青年路226巷,22.9908646,120.21103,6,1,6,73,165
67000360,文平里,0928,一,0815,建平五街80巷,22.9877336,120.1780478,2,4,2,18,36
67000340,大和里,0928,一,1315,文賢路799巷,23.0159725,120.1926548,6,1,6,53,112
67000330,建南里,0928,一,0815,德興路232巷,22.960259,120.1914905,6,6,6,53,126
67000370,建國里,0929,二,0815,西門路二段,22.9904876,120.1977304,7,3,1,37,118
67000370,青年里,0929,二,1315,開山路,22.9884387,120.2080123,7,4,1,41,165
67000340,大道里,0929,二,1315,和緯路一段96巷,23.0109078,120.214365,8,3,1,34,72
67000330,新昌里,0929,二,0815,府緯街,22.9838677,120.196137,8,4,1,52,118
67000330,大成里,0929,二,1315,新興東路,22.9796325,120.1996441,8,4,1,45,104
67000320,崇誨里,0929,二,0815,衛國街114巷,22.9878743,120.2246663,3,3,1,37,74
67000320,龍山里,0929,二,1315,富德街,22.9843377,120.2240941,2,1,1,6,12
67000370,光賢里,0930,三,0815,和善街98巷,23.0028903,120.1901084,6,5,1,38,86
67000370,福安里,0930,三,1315,府前路一段304巷,22.9908137,120.1989929,6,5,1,38,86
67000340,中樓里,0930,三,0815,開元路,23.0076695,120.2208365,5,4,1,28,58
67000340,中樓里,0930,三,1315,開元路,23.0076695,120.2208365,5,4,1,28,58
67000330,明亮里,0930,三,0815,新都路,22.9687954,120.1991287,6,5,1,39,84
67000330,明亮里,0930,三,1315,新都路,22.9687954,120.1991287,6,5,1,39,84
67000320,裕農里,0930,三,0815,裕豐街214巷,22.9881152,120.2280762,4,3,1,25,50
67000320,裕農里,0930,三,1315,裕豐街214巷,22.9881152,120.2280762,4,3,1,25,50
67000370,元安里,1001,四,0815,國華街三段,22.9965617,120.198531,6,5,1,45,100
67000370,三民里,1001,四,1315,公園路,22.9954761,120.2056406,6,5,1,45,100
67000360,華平里,1001,四,0815,建平八街450巷,22.9917157,120.1791517,2,1,1,18,36
67000350,幸福里,1001,四,1315,府安路六段,23.0172804,120.1871243,3,2,1,35,72
67000330,國宅里,1001,四,0815,新興路500巷,22.9752788,120.1863449,8,7,1,41,100
67000330,文南里,1001,四,1315,健康二段,22.9817861,120.1896682,8,7,1,31,70
67000320,中西里,1001,四,0815,林森路二段113號旁空地,22.9902201,120.223755,3,2,1,22,44
67000290,香洋里,1001,四,1315,中央路,22.9602766,120.3301099,1,1,1,7,2
67000370,赤嵌里,1002,五,0815,觀亭街,22.9970723,120.205695,6,5,1,34,78
67000370,大南里,1002,五,1315,南門路,22.9868385,120.2043061,6,5,1,44,100
67000340,永祥里,1002,五,0815,臺南實踐街85巷,23.0145383,120.2195684,4,3,1,19,40
67000340,裕民里,1002,五,1315,臺南臨安路二段91巷,23.0035792,120.1957111,4,3,1,19,40
67000330,明興里,1002,五,0815,德興路,22.9624922,120.1925225,5,4,1,32,74
67000330,明興里,1002,五,1315,德興路,22.9624922,120.1925225,6,5,1,32,74
67000320,崇信里,1002,五,0815,東門路二段,22.984154,120.2252435,5,4,1,35,75
67000320,德光里,1002,五,1315,崇善路,22.9726201,120.2297514,6,5,1,43,93
67000350,溪頂里,1003,六,0815,郡安路四段278巷,23.0284194,120.2054956,1,1,1,12,24
67000350,幸福里,1003,六,1315,國安街,23.0215535,120.1849909,2,1,1,52,114
67000330,郡南里,1003,六,0815,德興路,22.9624922,120.1925225,8,7,1,52,116
67000330,日新里,1003,六,1315,鹽埕路291巷,22.9712933,120.1882543,7,6,1,27,64
67000320,富裕里、富強里,1003,六,0815,裕農路446巷,22.9865039,120.2318238,6,5,1,58,123
67000320,富裕里、富強里,1003,六,1315,東門路二段301巷,22.9840553,120.229015,6,5,1,58,123
67000370,開山里,1004,日,0815,府前路一段,22.989087,120.2045916,6,5,1,43,96
67000370,開山里,1004,日,1315,府前路一段,22.989087,120.2045916,6,5,1,43,96
67000360,建平里,1004,日,0815,建平十一街164巷,22.9960784,120.1806226,2,1,1,20,43
67000360,育平里,1004,日,1315,育平四街,22.9895812,120.1687656,2,1,1,27,39
67000340,國興里,1004,日,0815,開元路394巷,23.0096771,120.2254785,4,3,1,24,48
67000340,五福里,1004,日,1315,成功路238巷,22.9998277,120.2031586,4,3,1,19,38
67000310,埔園里,1004,日,0815,四維街58巷,23.0324258,120.2531342,4,3,1,20,43
67000310,正強里,1004,日,1315,正強街,23.0295168,120.251672,6,5,1,42,88
67000180,,1004,日,0815,健康路,23.0331821,120.3060502,3,2,1,19,30
67000370,協和里,1005,一,0815,成功路,22.999235,120.2024558,6,5,1,64,140
67000370,赤嵌里,1005,一,1315,赤崁東街,22.997754,120.2034639,3,2,1,26,65
67000340,安民里,1005,一,0815,海安路三段,23.0103002,120.2001781,4,3,1,22,46
67000340,大和里,1005,一,1315,文賢路799巷,23.0159725,120.1926548,5,4,1,29,60
67000330,文華里,1005,一,0815,永華路一段,22.9878707,120.1934276,7,6,1,33,78
67000330,光明里,1005,一,1315,利南街,22.9718456,120.1889442,7,6,1,64,140
67000320,圍下里,1005,一,0815,衛民街,22.99269,120.2125072,2,1,1,16,32
67000320,圍下里,1005,一,1315,衛民街,22.99269,120.2125072,2,1,1,16,32
67000360,海頭里、港仔里,1006,二,0815,安北路121巷15弄,23.0019235,120.1638985,4,3,1,34,71
67000360,海頭里、港仔里,1006,二,1315,安北路121巷15弄,23.0019235,120.1638985,2,1,1,34,71
67000350,國安里,1006,二,0815,國安街156巷,23.0250423,120.1870767,1,1,1,23,46
67000320,小東里,1006,二,0815,東和路,22.9984532,120.2275133,8,7,1,76,164
67000320,大智里,1006,二,1315,崇善十四街,22.9649956,120.2323263,2,1,1,17,34
67000310,中興里,1006,二,1315,中華路214巷,23.0050909,120.236121,6,5,1,80,175
67000340,新勝里,1007,三,1315,開元路333巷,23.0091621,120.2206391,4,3,1,19,40
67000330,大忠里,1007,三,0815,中華南路一段175巷25弄,22.9693566,120.2121505,8,7,1,42,112
67000330,大忠里,1007,三,1315,中華南路一段175巷25弄,22.9693566,120.2121505,7,6,1,49,110
67000320,東安里,1007,三,0815,林森路一段,22.982676,120.2173319,4,3,1,42,90
67000320,大同里,1007,三,1315,大同路一段141巷,22.9858319,120.2123533,4,3,1,42,90
67000310,勝利里,1007,三,0815,勝利街77巷,23.0018072,120.2319947,6,5,1,54,126
67000310,勝利里,1007,三,1315,中華一路,23.0043142,120.2342504,3,2,1,49,114
67000370,萬昌里,1008,四,0815,青年路226巷,22.9908646,120.21103,6,5,1,33,78
67000370,萬昌里,1008,四,1315,青年路226巷,22.9908646,120.21103,6,5,1,33,78
67000360,港仔里,1008,四,0815,安平路75巷18弄,22.9988483,120.1645873,1,1,1,14,28
67000360,平安里,1008,四,1315,安平路606巷53弄,23.000765,120.1685292,1,1,1,12,24
67000350,溪墘里,1008,四,0815,海佃路一段,23.0246827,120.1913975,1,1,1,12,24
67000340,大豐里,1008,四,0815,武聖路,23.0074495,120.1878665,4,3,1,34,70
67000340,力行里,1008,四,1315,東豐路451巷,23.0031828,120.2279024,4,3,1,23,48
67000330,金華里-A,1008,四,0815,慶南街,22.978402,120.1900724,4,3,1,25,54
67000330,金華里-B,1008,四,0815,新孝路126巷17弄,22.9784428,120.1863091,2,1,1,17,38
67000330,白雪里、光明里,1008,四,1315,鹽埕路159巷,22.9690929,120.1874864,5,4,1,38,84
67000320,富裕里、富強里,1008,四,0815,裕農路446巷,22.9865039,120.2318238,4,3,1,35,78
67000320,關聖里、南聖里、東聖里,1008,四,1315,富農街二段108巷,22.9873498,120.2360971,6,5,1,51,114
67000310,西橋里,1008,四,0815,中山南路43巷,23.0131714,120.2262785,6,5,1,33,78
67000310,西橋里,1008,四,1315,中山南路43巷,23.0131714,120.2262785,2,1,1,8,18
67000310,勝利里,1008,四,1315,勝利里勝華街37巷,23.0057523,120.2336874,6,5,1,38,90
67000370,仙草里,1009,五,0815,府緯街4巷6號,22.984497,120.199521,6,5,1,30,70
67000370,仙草里,1009,五,1315,府緯街4巷6號,22.984497,120.199521,6,5,1,30,70
67000360,港仔里,1009,五,0815,運河路13巷,22.9993744,120.1628406,2,1,1,30,60
67000350,安和里,1009,五,0815,安和路一段96巷,23.0288794,120.2154452,2,1,1,30,64
67000340,成功里,1009,五,0815,北成路128巷,23.0207307,120.2094229,6,5,1,31,64
67000340,力行里,1009,五,1315,力行一街,23.0082926,120.2286683,4,3,1,23,52
67000330,竹溪里,1009,五,0815,體育路45巷,22.9791098,120.2070723,4,3,1,28,62
67000330,竹溪里,1009,五,1315,體育路25巷,22.9803105,120.2080374,5,4,1,28,64
67000320,衛國里,1009,五,0815,衛國街114巷,22.9878743,120.2246663,10,9,1,49,104
67000320,大德里,1009,五,1315,立德九路,22.9753199,120.2165693,4,3,1,41,88
67000310,勝利里,1009,五,0815,勝學路111號,23.0036415,120.2307674,8,7,1,45,90
67000310,勝利里,1009,五,1315,勝利街1巷,23.0014551,120.2301644,8,7,1,45,98
67000360,文平里,1010,六,0815,建平六街,22.9872508,120.1839696,2,2,1,15,30
67000360,平安里,1010,六,1330,安平路446巷,22.9986122,120.1736059,2,1,1,11,22
67000350,安富里,1010,六,0815,海佃路一段158巷,23.0247246,120.1949686,2,2,1,47,105
67000350,溪東里,1010,六,1330,府安路五段11巷59弄,23.0267702,120.2029256,2,2,1,27,58
67000330,大林里,1010,六,0815,大林路111巷9弄,22.9739325,120.2109676,5,4,1,44,96
67000330,大林里,1010,六,1330,大林路111巷9弄,22.9739325,120.2109676,5,4,1,44,96
67000320,崇誨里、裕農里,1010,六,0815,林森路二段192巷,22.9896267,120.2256341,6,5,1,50,108
67000320,大福里,1010,六,1330,立德四路,22.9757347,120.2155959,2,1,1,19,40
67000370,仙草里,1011,日,0815,府緯街4巷,22.9843003,120.1995851,6,5,1,27,56
67000370,仙草里,1011,日,1330,府緯街4巷,22.9843003,120.1995851,6,5,1,27,56
67000340,開元里,1011,日,0815,實踐街103巷,23.0145675,120.2206789,4,3,1,25,52
67000340,勝安里,1011,日,1330,開元路73巷,23.0071693,120.2176377,4,3,1,21,44
67000310,安康里,1011,日,0815,中華路619巷,23.0139843,120.2287064,6,5,1,26,60
67000310,安康里,1011,日,1330,中華路619巷,23.0139843,120.2287064,6,5,1,26,60
67000270,仁德里,1011,日,0815,中山路870巷221弄,22.9759794,120.2412766,1,1,1,4,2
67000270,成功里,1011,日,0815,保生東路218巷,22.9564417,120.2321356,1,1,1,2,2
67000190,東關里,1011,日,0815,中山路,23.1320504,120.2952307,1,1,1,11,2
67000180,豐榮里,1011,日,0815,正新路,23.0363782,120.302878,1,1,1,7,2
67000370,開山里,1012,一,0815,府前路一段,22.989087,120.2045916,6,5,1,26,62
67000370,水仙里,1012,一,1330,和平街,22.9965807,120.1967339,6,5,1,38,86
67000360,金城里,1012,一,0815,同平路,22.9952916,120.1527992,1,1,1,16,35
67000360,石門里,1012,一,1330,安北路,23.0004927,120.1543945,1,1,1,16,35
67000350,大安里,1012,一,0815,大安街,23.0385168,120.1929134,1,1,1,17,34
67000350,安富里,1012,一,1330,郡安路五段178巷,23.0278475,120.1955101,2,2,1,45,98
67000340,文成里,1012,一,0815,文賢一路,23.0081211,120.1960877,4,3,1,27,56
67000340,文成里,1012,一,1330,和緯路三段,23.0105336,120.1972508,4,3,1,33,68
67000330,喜北里,1012,一,0815,喜樹路,22.9429798,120.1798113,5,4,1,42,92
67000330,喜北里,1012,一,1330,喜樹路222巷,22.9423428,120.1758477,3,2,1,13,30
67000320,泉南里,1012,一,0815,府連路326巷,22.9850236,120.2156011,7,6,1,56,127
67000320,裕農里,1012,一,1330,裕豐街214巷,22.9881152,120.2280762,4,3,1,30,66
67000320,崇善里,1012,一,1330,崇善路,22.9726201,120.2297514,1,1,1,2,6
67000310,安康里,1012,一,0815,大橋一街,23.0174773,120.2286974,6,5,1,35,82
67000310,勝利里,1012,一,1330,勝學路,23.0045513,120.2309903,3,2,1,18,39
67000370,民權里,1013,二,0900,      和平街,22.9717524,120.2284234,5,4,1,42,100
67000370,民權里,1013,二,1400,康樂街與和平街口,23.0428466,120.1844144,1,1,1,14,32
67000360,育平里,1013,二,1400,    府平路,22.982861,120.1864918,5,4,1,31,78
67000350,海東里,1013,二,0900,海環街,24.1124165,120.4954821,6,5,1,29,78
67000350,海佃里,1013,二,1400,國安街56巷,22.9854588,120.1895508,6,5,1,27,66
67000340,華興里,1013,二,0900,林森路三段,24.1124165,120.4954821,6,5,1,29,70
67000340,東興里,1013,二,1400,    東興路2段,23.0229294,120.1900606,1,1,1,14,32
67000330,文南里,1013,二,0900,中華西路及永南二街,23.0066086,120.2241747,6,5,1,40,84
67000330,文華里,1013,二,1400,文南路及文南一街交叉口,23.0111636,120.235977,8,7,1,37,90
67000320,東聖里,1013,二,0900,富農街二段,22.9861816,120.2356782,9,8,1,56,136
67000320,崇成里,1013,二,1400,崇德十二街,22.9871073,120.1657127,2,2,1,20,43
67000310,五王里,1013,二,0900,五王里中山東路218巷,24.1371928,120.6532212,6,5,1,40,84
67000310,五王里,1013,二,1400,中山東路218巷,23.0111636,120.235977,6,5,1,37,86
67000370,三合里,1014,三,0900,海安路二段297號,22.9968325,120.1970636,4,3,1,62,106
67000370,三合里,1014,三,1400,海安路二段297號,22.9968325,120.1970636,4,3,1,19,46
67000360,平通里,1014,三,1400,平通路580巷102號(平通里活動中心),22.9970025,120.1706728,2,2,1,97,116
67000350,幸福里,1014,三,0900,府安路六段46號,23.019107,120.1898767,1,1,1,21,60
67000350,海佃里,1014,三,1400,郡安路六段55巷70號,23.0271309,120.1876319,2,2,1,27,72
67000340,成德里,1014,三,0900,順德公園(中華北路二段194巷50弄40號前),23.0200114,120.2031139,4,3,1,21,60
67000340,和順里,1014,三,1400,和順里活動中心(公園南路406號),23.0038331,120.201242,4,3,1,29,64
67000330,廣州里,1014,三,0900,廣州里活動中心(健民街2號),25.142778,121.737799,6,5,1,35,72
67000330,府南里,1014,三,1400,大成路二段143巷55號眾善堂前,22.9733077,120.1934016,6,5,1,30,72
67000320,大同里,1014,三,0900,大同路一段197巷31號對面工廠集合(工廠後門),22.9838703,120.2119972,10,9,1,65,150
67000320,泉南里,1014,三,1400,林森路一段153巷27弄7號(曼哈頓大樓),22.9834636,120.2149778,5,4,1,31,49
67000310,尚頂里,1014,三,0900,中華路920號(尚頂里活動中心)奇美醫院路橋下,24.6855959,120.9071077,6,5,1,28,60
67000310,尚頂里,1014,三,1400,中華路920號(尚頂里活動中心)奇美醫院路橋下,24.6855959,120.9071077,6,5,1,25,62
67000370,民生里,1015,四,0815,保安路,22.9767215,120.2154229,6,5,1,41,102
67000370,民生里、郡西里,1015,四,1330,郡西路,22.989445,120.194075,6,5,1,41,102
67000360,國平里,1015,四,0815,建平五街184巷,22.9888505,120.1767037,2,3,1,35,73
67000350,海南里,1015,四,1330,府安路六段103巷,23.0201114,120.187081,2,2,1,44,104
67000340,光武里,1015,四,0815,北門路二段,23.0119894,120.2164217,8,7,1,34,72
67000340,賢北里,1015,四,1330,賢北街15巷,23.0058531,120.182738,4,3,1,19,42
67000330,南都里,1015,四,0815,中華南路二段,22.961445,120.187074,6,5,1,26,76
67000330,南都里,1015,四,1330,中華南路二段,22.961445,120.187074,6,5,1,26,76
67000320,大福里,1015,四,0815,立德七路,22.9912604,120.1916428,2,1,1,13,30
67000320,後甲里,1015,四,1330,裕農路,22.9892238,120.2395567,12,11,1,82,208
67000310,中華里,1015,四,0815,忠勇街,23.0007753,120.2380043,6,5,1,36,84
67000370,建國里,1016,五,0815,新美街巷口,22.995018,120.2003356,2,1,1,23,65
67000370,永華里,1016,五,0815,中西忠義路二段,22.9908854,120.2025275,1,1,1,7,30
67000370,安海里,1016,五,1315,民生路二段,22.9972279,120.1886671,1,1,1,13,46
67000370,西賢里,1016,五,1315,湖美街與湖美街101巷,23.0021244,120.1799522,2,1,1,12,45
67000360,平通里,1016,五,0815,育平九街372巷,22.9965701,120.1668323,2,2,1,23,50
67000360,華平里,1016,五,1315,建平八街372巷,22.9914586,120.1744189,2,2,1,27,56
67000350,安和里,1016,五,0815,府安路三段289巷,23.0299189,120.2175663,1,1,1,15,38
67000350,安東里,1016,五,0815,安和路一段220巷,23.031478,120.2140359,1,1,1,10,24
67000350,海東里,1016,五,1315,海佃路二段483巷,23.0411806,120.1859277,1,1,1,10,24
67000350,溪墘里,1016,五,1315,安寧街91巷,23.0233793,120.1935021,1,1,1,18,44
67000340,大港里,1016,五,0815,大和路360巷,23.0150932,120.1890247,3,2,1,17,40
67000340,元寶里,1016,五,0815,北園街,23.0112414,120.2224925,3,2,1,18,42
67000340,重興里,1016,五,1315,林森路三段,23.0066086,120.2241747,4,3,1,31,68
67000330,大忠里,1016,五,0815,大同路2段482巷,22.9725461,120.2125515,8,7,1,45,116
67000330,大忠里,1016,五,1315,中華南路一段175巷,22.9693566,120.2121505,6,5,1,27,72
67000320,忠孝里,1016,五,0815,中華東路三段380巷,22.974765,120.2197537,5,4,1,44,98
67000320,崇信里,1016,五,1315,崇善一街,22.98007,120.2275931,4,3,1,38,70
67000310,復華里,1016,五,0815,國華街,23.0169614,120.2443626,3,2,1,19,42
67000310,復華里,1016,五,1315,國華街,23.014561,120.246974,6,5,1,31,72
67000180,清水/觀音,1017,六,0815,健康路,23.0319807,120.3067181,3,2,1,21,20
67000180,武安市場,1017,六,1330,健康路,23.0319807,120.3067181,2,1,1,21,20
67000350,淵西里,1017,六,0815,安中路四段290巷,23.0516286,120.1677968,1,1,1,15,36
67000350,溪心里,1017,六,0815,安中路二段,23.0472321,120.184714,1,1,1,17,40
67000350,溪心里,1017,六,1330,海佃路三段,23.0487592,120.18231,1,1,1,19,44
67000350,安西里,1017,六,1330,安通路四段47巷,23.029828,120.2111489,1,1,1,21,48
67000330,明興里,1017,六,0815,德興路,22.9652114,120.1923945,1,1,1,7,16
67000330,郡南里,1017,六,0815,德興路,22.9652114,120.1923945,4,3,1,18,46
67000330,建南里,1017,六,1330,德興路232巷,22.9602436,120.1926364,6,5,1,34,86
67000320,和平里,1017,六,0815,臺南文化路,22.9778359,120.2330687,7,6,1,69,154
67000320,泉南里,1017,六,1330,東門路一段,22.9872381,120.21551,7,6,1,35,78
67000320,仁和里,1017,六,1330,臺南仁和路,22.9690463,120.2345486,2,1,1,19,44
67000280,八甲里,1017,六,0815,大仁七街,22.9747131,120.2989342,1,1,1,4,4
67000280,許厝里,1017,六,0815,公園路與公園八街,22.9642889,120.2974875,1,1,1,6,4
67000270,成功里,1017,六,1330,保華路與崇德路交叉口,22.9593157,120.2268567,2,1,1,9,8
67000370,仙草里,1018,日,0815,府緯街4巷,22.9843172,120.1995212,6,5,1,33,85
67000370,普濟里,1018,日,1330,成功路,22.9997379,120.2005111,2,1,1,5,25
67000370,青年里,1018,日,1330,青年路,22.9919878,120.2090649,4,3,1,21,60
67000360,建平里,1018,日,0815,永華五街,22.9917952,120.1795636,1,1,1,14,30
67000360,文平里,1018,日,0815,健康一街16巷,22.9829685,120.1798235,1,1,1,14,30
67000360,金城里,1018,日,1330,世平路,22.9967723,120.1489778,1,1,1,5,9
67000360,國平里,1018,日,1330,建平一街202巷,22.9854196,120.1763407,2,1,1,22,44
67000340,振興里,1018,日,0815,長榮路4段,23.0067335,120.2212428,3,2,1,12,26
67000340,正覺里,1018,日,0815,公園路769巷,23.0185361,120.2150908,2,1,1,16,36
67000340,永祥里,1018,日,1330,大武街597巷,23.0176225,120.2227661,2,1,1,15,32
67000340,永祥里,1018,日,1330,大武街597巷,23.0176225,120.2227661,3,2,1,21,44
67000310,中興里,1018,日,0815,中山東路,23.0075357,120.2380361,2,1,1,10,24
67000310,大橋里,1018,日,0815,大橋一街253巷,23.0150646,120.2248661,1,1,1,8,16
67000310,西勢里,1018,日,1330,富強路一段2巷,23.0136389,120.2722515,2,1,1,14,30
67000200,新和里,1018,日,0815,中興街1,23.0786111,120.29489,2,1,1,13,14
67000200,新和里,1018,日,1330,中興街,23.0786111,120.29489,2,1,1,13,14
67000070,東角里,1018,日,0815,忠孝路,23.1839989,120.256533,1,1,1,15,14
67000070,晉江里,1018,日,0815,民權路,23.18129,120.251622,1,1,1,15,14
67000070,大埕里,1018,日,1330,大同街,23.1938794,120.3174991,1,1,1,10,9
67000070,市五市場,1018,日,1330,麻豆中正路,23.185392,120.2497,1,1,1,10,9
67000370,法華里,1019,一,0815,府連路,22.9825225,120.2096961,6,5,1,36,90
67000370,法華里,1019,一,1330,府連路,22.9825225,120.2096961,5,4,1,36,90
67000360,育平里,1019,一,0815,育平五街,22.990794,120.1682331,2,1,1,18,44
67000360,海頭里,1019,一,0815,古堡街,23.0027938,120.157375,1,1,0,8,22
67000360,育平里,1019,一,1330,永華路二段,22.9913383,120.166243,1,0,1,3,6
67000360,平安里,1019,一,1330,安平路606巷,22.999176,120.1691073,1,1,0,10,26
67000350,淵東里,1019,一,0815,海佃路四段,23.0556501,120.177166,1,1,1,17,42
67000350,州南里,1019,一,0815,長和路二段,23.0633841,120.2200855,1,1,1,13,34
67000350,安順里,1019,一,1330,開安三街,23.0486332,120.223921,1,1,1,17,42
67000340,華興里、國興里,1019,一,0815,林森路三段,23.0066086,120.2241747,4,3,1,26,58
67000340,文成里,1019,一,1330,文賢一路,23.0081211,120.1960877,6,5,1,42,90
67000330,府南里A,1019,一,0815,永成路三段,22.9743809,120.195244,1,1,1,5,14
67000330,府南里B,1019,一,0815,金華路一段530巷,22.9614612,120.1890713,4,3,1,18,48
67000330,喜北里,1019,一,0815,喜樹路206巷,22.9432293,120.1781775,3,2,1,17,46
67000330,光明里,1019,一,1330,新建路17巷,22.9727896,120.1859204,5,4,1,15,46
67000320,龍山里,1019,一,0815,林森路一段,22.9849348,120.2219427,2,1,1,20,51
67000320,莊敬里,1019,一,0815,莊敬路205巷,22.9969634,120.23219,7,6,1,30,72
67000320,東明里,1019,一,1330,東平路,22.9955708,120.2262888,5,4,1,31,72
67000320,小東里,1019,一,1330,東安路251巷,22.9964818,120.2256961,2,1,1,10,24
67000310,鹽行里,1019,一,1330,新民街,49.279711,129.6461416,5,4,1,35,76
67000370,大涼里,1020,二,0815,永華一街,22.9894717,120.1890318,2,1,1,10,24
67000370,五妃里,1020,二,0815,南門路,22.9830731,120.2040197,4,3,1,18,38
67000370,大涼里,1020,二,1315,金城街,22.994216,120.1883564,2,1,1,11,26
67000370,三合里,1020,二,1315,民族路三路,22.994328,120.2114573,2,1,1,13,30
67000360,金城里,1020,二,0815,湖內二街,22.9984491,120.158737,1,1,1,10,22
67000360,育平里,1020,二,0815,平豐路,22.9913997,120.1639957,1,1,1,4,9
67000360,建平里,1020,二,1315,建平八街,22.9906759,120.1802356,1,1,1,8,18
67000360,建平里,1020,二,1315,怡平路,22.9932557,120.1792167,1,1,1,8,18
67000350,塭南里,1020,二,0815,環福街,23.0736838,120.2217666,1,1,1,8,24
67000350,國安里,1020,二,1315,郡安路六段120巷,23.0267699,120.1847001,2,1,1,34,80
67000350,梅花里,1020,二,1315,安中路一段639巷,23.0400756,120.1972734,1,1,1,9,26
67000340,國興里,1020,二,0815,南園街101巷,23.0081474,120.2258835,8,7,1,32,66
67000340,大豐里,1020,二,0815,武聖路,23.008084,120.1872052,4,3,1,33,68
67000340,成功里1,1020,二,1315,北安路一段176巷,23.018218,120.20905,2,1,1,16,34
67000340,成功里2,1020,二,1315,北安路一段176巷,23.018218,120.20905,2,1,1,16,34
67000330,大恩里A,1020,二,0815,大同路二段686巷,22.9677537,120.2157711,3,2,1,10,28
67000330,大恩里B,1020,二,0815,國民路176巷,22.9677266,120.2115816,2,1,1,10,28
67000330,文南里A,1020,二,1315,永南四街及南豐街,22.9840326,120.1887933,3,2,1,11,32
67000330,文南里B,1020,二,1315,健康路二段,22.9825699,120.1852818,3,2,1,9,26
67000320,大同里,1020,二,0815,大同路一段,22.9872059,120.2114051,2,1,1,16,34
67000320,成大里,1020,二,0815,民族路一段,22.9941286,120.2150235,3,2,1,13,32
67000320,新東里,1020,二,1315,林森路二段,23.0002278,120.2245733,4,3,1,30,68
67000320,崇信里,1020,二,1315,崇學路230巷,22.9814661,120.2261284,1,1,0,8,20
67000310,三合里,1020,二,0815,南工街,23.0103698,120.2400426,2,1,1,15,34
67000310,三合里,1020,二,1315,南工街,23.0132511,120.2390239,2,1,1,11,26
67000370,民生里、郡西里,1021,三,0815,康樂街與大勇街,22.9882114,120.2143944,2,1,1,15,36
67000370,西賢里,1021,三,0815,民權路與西賢六街,22.9982223,120.1933076,2,1,1,18,42
67000370,永福里,1021,三,1315,友愛街與忠義路二段,22.9914679,120.1996507,2,1,1,18,42
67000370,永福里,1021,三,1315,忠義路二段,22.9941578,120.2031579,1,1,1,8,22
67000370,青年里,1021,三,1315,北門路一段,22.9926156,120.2115155,2,1,1,9,24
67000360,平安里,1021,三,0815,安平路500巷,22.9988534,120.1722788,1,1,1,8,20
67000360,文平里,1021,三,1315,建平六街,22.98719,120.1846353,1,1,1,3,10
67000350,溪頂里,1021,三,0815,泰安街,23.027609,120.207966,2,1,1,29,74
67000350,溪墘里,1021,三,1315,海佃路一段,23.0256444,120.1914382,1,1,1,14,34
67000340,華興里、力行里,1021,三,0815,力行一街,23.0082926,120.2286683,5,4,1,39,82
67000340,實踐里,1021,三,0815,北門路三段,23.0140972,120.217268,1,1,1,6,14
67000340,大和里,1021,三,1315,大港街,23.0138912,120.1917461,4,3,1,39,82
67000340,玉皇里,1021,三,1315,成功路,22.9982473,120.2063069,2,1,1,17,38
67000330,喜東里,1021,三,0815,明興路,22.948304,120.1837586,2,1,1,9,26
67000330,大林里,1021,三,0815,大林路,22.9758433,120.2131139,2,1,1,7,18
67000330,白雪里A,1021,三,1315,鹽埕路159巷,22.9694579,120.1872466,1,1,1,5,14
67000330,白雪里B,1021,三,1315,鹽埕路103巷,22.9658431,120.188928,1,1,1,5,14
67000330,喜南里,1021,三,1315,喜樹路,22.9410861,120.1784125,1,1,1,7,18
67000320,東門里,1021,三,0815,東門路一段,22.9952871,120.1951361,4,3,1,20,48
67000320,崇善里,1021,三,0815,崇善六街,22.9729048,120.230259,4,3,1,25,60
67000320,崇誨里,1021,三,1315,林森路二段,22.990211,120.224518,2,1,1,15,38
67000320,崇德里,1021,三,1315,崇明十三街10巷,22.9745751,120.2259508,4,3,1,29,68
67000310,六合里,1021,三,0815,六合路58巷,23.0103975,120.2318204,2,1,1,12,26
67000310,西橋里,1021,三,1315,中華西街231巷,23.013019,120.2274126,4,3,1,27,61
67000370,藥王里、協和里,1022,四,0815,臺南市西和路,23.0004892,120.1891043,5,4,1,44,100
67000370,永華里,1022,四,1315,臺南市忠義路二段,22.992654,120.2029624,2,1,1,15,34
67000360,平安里,1022,四,0815,臺南市安平路550巷,23.000407,120.17127,1,1,1,12,26
67000350,溪心里,1022,四,1315,臺南市本原街二段116巷,23.0573233,120.187642,1,1,1,12,28
67000340,公園里,1022,四,0815,臺南市西華街,23.0000938,120.2105826,1,1,1,7,20
67000340,和順里,1022,四,0815,臺南市公園南路,23.0038331,120.201242,3,2,1,21,48
67000340,元寶里,1022,四,1315,臺南市北園街114巷,23.0123478,120.2247321,4,3,1,23,52
67000330,大恩里A,1022,四,0815,臺南市國民路,22.966502,120.2116106,2,1,1,9,26
67000330,大恩里B,1022,四,0815,臺南市國民路,22.966502,120.2116106,3,2,1,14,38
67000330,彰南里,1022,四,1315,臺南市新建路,22.9669916,120.1852751,4,3,1,15,36
67000330,建南里,1022,四,1315,臺南市興隆路,22.9587805,120.1931703,2,1,1,8,24
67000320,自強里,1022,四,0815,臺南市富農街一段,22.9828233,120.2343949,3,2,1,23,56
67000320,東光里,1022,四,0815,臺南市東光路一段,22.990157,120.2307625,2,1,1,18,42
67000320,東聖里,1022,四,0815,臺南中華東路二段133巷,22.98711,120.2331186,1,1,1,11,24
67000320,泉南里,1022,四,0815,臺南市府連東路,22.9842102,120.2179941,3,2,1,26,62
67000320,後甲里,1022,四,1315,裕農路,22.9892238,120.2395567,3,2,1,26,62
67000320,後甲里,1022,四,1315,裕農路 ,22.9892238,120.2395567,3,2,1,26,62
67000320,關聖里,1022,四,1315,富農街二段108巷,22.9874643,120.23617,4,3,1,35,82
67000320,仁和里,1022,四,1315,臺南仁和路,22.9690463,120.2345486,4,3,1,34,80
67000310,六合里,1022,四,0815,新臺南市興街,23.0768386,120.2925056,1,1,1,8,20
67000310,鹽行里,1022,四,1315,臺南市正南五街520巷,23.0384951,120.237073,2,1,1,13,32
67000310,五王里,1022,四,1315,臺南市振興路,23.0126491,120.2360974,2,1,1,11,28
67000370,水仙里,1023,五,0815,普濟街,22.9981488,120.1983336,5,4,1,28,72
67000370,水仙里,1023,五,1315,海安路與民權路口,22.9968601,120.1972918,5,4,1,28,72
67000360,平通里,1023,五,0815,平豐路,22.9942409,120.1638753,1,1,1,5,11
67000360,西門里,1023,五,1315,國勝路35巷,23.0010805,120.1594181,1,1,1,3,7
67000350,安富里,1023,五,0815,安富街251巷,23.0257399,120.1954946,1,1,1,11,30
67000350,理想里,1023,五,1315,大安街187巷,23.0344561,120.193348,1,1,1,8,24
67000350,安和里,1023,五,1315,安和路一段96巷,23.0288117,120.2154224,1,1,1,11,30
67000340,新勝里,1023,五,0815,北園街,23.0112414,120.2224925,2,1,1,15,36
67000340,安民里,1023,五,0815,海安路三段,23.0022084,120.1991827,2,1,1,15,36
67000340,成德里,1023,五,1315,育德一街與文成路,23.0150561,120.2052315,3,2,1,23,54
67000330,文南里,1023,五,0815,永南四街與美南街交叉口,22.9840326,120.1887933,2,1,1,8,24
67000330,府南里,1023,五,0815,永成路三段,22.9743809,120.195244,2,1,1,7,18
67000330,郡南里,1023,五,1315,新都路與永成路三段,22.9687954,120.1991287,1,1,1,5,14
67000330,建南里,1023,五,1315,永成路三段881巷,22.9635911,120.1953619,4,3,1,16,48
67000320,自強里,1023,五,0815,中華東路二段185巷,22.9846494,120.2329291,4,3,1,28,68
67000320,崇文里,1023,五,0815,崇德22街,22.9891907,120.2152509,4,3,1,33,78
67000320,崇學里,1023,五,0815,榮譽街,22.977634,120.221791,4,3,1,22,56
67000320,富強里,1023,五,1315,裕農路446巷,22.9856651,120.2318519,2,1,1,13,34
67000320,忠孝里,1023,五,1315,崇明四街,22.9801525,120.2165728,2,1,1,16,40
67000320,崇誨里,1023,五,1315,林森路二段192巷,22.989778,120.224691,2,1,1,15,38
67000320,崇成里,1023,五,1315,崇德十二街,22.9717524,120.2284234,4,3,1,34,84
67000310,大橋里,1023,五,0815,大橋五街,23.02232,120.228597,2,1,1,15,38
67000310,東橋里,1023,五,0815,東橋一路,23.0192253,120.2332067,2,1,1,18,44
67000310,復華里,1023,五,1315,國華街,23.014561,120.246974,2,1,1,15,38
67000310,復華里,1023,五,1315,復華八街47巷,23.0154106,120.2458901,2,1,1,13,34
67000190,小新里,1023,五,0815,台南是陽光北一路152巷,23.1160991,120.305305,2,1,1,12,24
67000340,仁愛里,1024,六,0815,東豐路227巷24弄,23.0042556,120.2206534,7,6,1,26,60
67000340,重興里,1024,六,1315,林森路三段,23.0066086,120.2241747,2,1,1,9,24
67000340,開元里,1024,六,1315,北園街,23.0112414,120.2224925,4,3,1,21,52
67000320,大同里,1024,六,0815,大同路一段,22.9872059,120.2114051,1,1,1,11,26
67000320,虎尾里,1024,六,0815,東成街200巷,22.9796653,120.2379523,2,1,1,3,40
67000320,崇善里,1024,六,0815,崇善四街,22.9752229,120.2307944,3,2,1,25,62
67000320,大同里,1024,六,0815,林森路一段,23.711641,120.434881,2,1,1,16,40
67000320,崇德里,1024,六,0815,崇道路,22.9722322,120.2279031,2,1,1,20,48
67000320,小東里、莊敬里,1024,六,1315,東平路,24.1346073,120.7334113,2,1,1,14,36
67000320,仁和里、德高里,1024,六,1315,仁和路,24.0476279,121.154929,3,2,1,25,62
67000320,和平里、仁和里,1024,六,1315,仁和路113巷,22.9711391,120.23431,2,1,1,17,42
67000320,虎尾里,1024,六,1315,東成街,22.9801095,120.23482,3,2,1,21,44
67000320,中西里,1024,六,1315,東寧路120巷,22.9906226,120.2218808,1,1,1,9,22
67000310,復國里,1024,六,0815,復國二路,23.0054164,120.2472343,2,1,1,8,24
67000310,鹽洲里,1024,六,0815,鹽忠街,23.039992,120.23396,2,1,1,9,16
67000310,中華里,1024,六,1315,忠勇街,24.843313,121.235295,2,1,1,13,34
67000210,安定,1024,六,1315,安定,23.1215935,120.2371216,1,1,1,12,12
67000210,新吉,1024,六,1315,安定,23.1215935,120.2371216,1,1,1,3,6
67000180,豐榮里,1024,六,0815,新化豐榮里洋子,23.0345175,120.2964532,1,1,1,4,8
67000180,東榮里,1024,六,0815,新化東榮里中興路,23.032839,120.313865,1,1,1,7,14
67000180,協興里,1024,六,1315,新化協興里363巷,23.0426237,120.3077044,2,1,1,11,22
67000150,大埕里,1024,六,0815,大埕里,23.1453614,120.144496,1,1,1,10,12
67000150,大寮里,1024,六,0815,大寮里,23.1457093,120.1524351,1,1,1,5,6
67000370,進學里,1025,日,0815,南寧街,22.9849805,120.2009221,4,4,1,30,72
67000370,民生里,1025,日,1330,金華路三段,22.9906736,120.1927552,1,1,1,4,12
67000370,天后里,1025,日,1330,西門路二段300巷,22.9966072,120.2003284,1,1,1,3,10
67000370,光賢里,1025,日,1330,中華西路二段,23.005977,120.186732,1,1,1,5,14
67000370,協進里,1025,日,1330,民權路三段,22.9989782,120.1884037,1,1,1,6,16
67000360,石門里,1025,日,0815,安北路16巷,23.0002884,120.1675956,1,1,0,17,36
67000360,育平里,1025,日,0815,育平路,22.988415,120.1668411,1,1,0,4,9
67000360,平通里,1025,日,1330,育平九街,22.9953124,120.1698346,1,1,0,13,27
67000360,建平里,1025,日,1330,建平十五街,22.9962744,120.182987,1,0,1,6,13
67000360,華平里,1025,日,1330,平通路,22.9931312,120.1746711,1,0,1,3,7
67000350,安慶里,1025,日,0815,長溪路一段,23.0389591,120.2069407,1,1,1,6,20
67000350,州南里,1025,日,0815,長和路二段,23.0633838,120.2200855,1,1,1,12,30
67000350,沙崙里,1025,日,1330,青砂街一段,23.0729854,120.1222245,1,1,1,5,18
67000350,海西里A,1025,日,1330,海中街,23.0387931,120.1853738,0,0,0,6,20
67000350,海西里B,1025,日,1330,海環街437巷,23.041175,120.180891,1,1,1,7,22
67000330,光明里,1025,日,0815,新建路17巷,22.9728069,120.1859198,4,4,1,13,20
67000330,開南里,1025,日,0815,新建路55巷,22.9655643,120.1858733,1,1,1,4,12
67000330,大恩里、大忠里,1025,日,1330,大同路二路640巷,22.9733855,120.2114363,2,2,1,13,32
67000330,鯤鯓里,1025,日,1330,鯤鯓路101巷,22.9511737,120.1742254,1,1,1,5,14
67000330,田寮里,1025,日,1330,新興路217巷,22.9761804,120.1952928,1,1,1,6,16
67000320,和平里,1025,日,0815,文化路,22.9778359,120.2330687,2,1,1,12,30
67000320,中西里,1025,日,0815,東寧路15巷,22.9930297,120.2200538,1,0,1,3,10
67000320,成大里,1025,日,0815,育樂街 ,22.99596,120.215325,1,0,1,6,16
67000320,龍山里,1025,日,0815,林森路一段,22.9849348,120.2219427,1,0,1,5,14
67000320,忠孝里,1025,日,0815,中華東路三段336巷,22.9744738,120.2208836,2,1,1,12,30
67000320,裕農里A,1025,日,0815,裕農路,22.987755,120.230394,2,1,1,14,36
67000320,裕農里B,1025,日,0815,裕豐街214巷,22.9882775,120.228443,1,0,1,3,10
67000320,大智里、東智里,1025,日,1330,德東街 ,22.9615898,120.2302508,2,1,1,14,34
67000320,富強里,1025,日,1330,中華東路二段,22.9822798,120.2301079,3,2,1,22,48
67000320,泉南里,1025,日,1330,府東街,22.9877778,120.2134322,1,0,1,3,10
67000280,歸南里,1025,日,0815,中正十六街2巷,22.9585963,120.2836453,1,1,1,8,16
67000280,歸仁里,1025,日,0815,信義北路96巷,22.9691884,120.2980517,1,1,1,8,16
67000280,大潭里,1025,日,1330,長榮大學,22.9040693,120.2730415,1,1,1,17,30
67000270,成功里,1025,日,0815,成功二街,22.9574135,120.2287756,1,1,1,4,8
67000270,成功里,1025,日,0815,保華路,22.9592733,120.2253415,1,1,1,17,32
67000270,上崙里,1025,日,1330,上崙街,22.9406761,120.2540282,1,1,1,11,20
67000270,上崙里,1025,日,1330,德南路373巷,22.944397,120.2581165,1,1,1,10,20
67000370,五妃里、郡王里,1026,一,0815,中華東路三段357巷,22.9731629,120.2235567,3,2,1,18,48
67000370,郡王里,1026,一,1330,崇德六街,22.9765398,120.2280435,3,2,1,21,54
67000370,民主里,1026,一,1330,建業街,22.9878812,120.2069068,1,1,1,2,8
67000360,文平里,1026,一,0815,安豐六街,23.0467862,120.2122326,0,0,0,8,21
67000360,平通里,1026,一,1330,安昌街,23.0708473,120.2196093,1,1,0,5,14
67000350,溪頂里,1026,一,0815,中華二路266巷,23.009253,120.2332122,1,1,1,8,20
67000350,新順里A,1026,一,0815,府安路四段151巷,23.0248832,120.208207,1,1,1,12,30
67000350,新順里B,1026,一,1330,東橋十街,23.022161,120.2325728,1,1,1,12,30
67000350,塭南里,1026,一,1330,頂安街68巷,23.0440191,120.2150891,1,1,1,8,20
67000340,文元里,1026,一,0815,區樹林街二段,22.9856168,120.2069337,3,2,1,21,50
67000340,大港里,1026,一,0815,文賢一路182巷,23.006583,120.196023,2,1,1,13,32
67000340,大港里,1026,一,1330,保安路,22.9912601,120.1916427,2,1,1,19,46
67000340,延平里,1026,一,1330,大興街246巷,23.0110631,120.187248,2,1,1,9,24
67000330,永寧里,1026,一,0815,大興街602巷,23.0084551,120.1787133,1,1,1,6,16
67000330,明亮里、府南里,1026,一,0815,灣裡路238巷,22.9275832,120.1817716,2,2,1,8,20
67000330,興農里,1026,一,1330,公園路,23.0092326,120.2105113,1,1,1,6,16
67000330,南華里,1026,一,1330,灣裡路211巷,22.9280435,120.1853896,3,3,1,8,20
67000320,大同里,1026,一,0815,大同路一段197巷,22.9835147,120.2124013,1,0,1,7,18
67000320,大福里,1026,一,0815,立德一路3巷,22.9759942,120.2147494,1,0,1,3,10
67000320,小東里,1026,一,0815,東興路314巷,22.997036,120.2302393,1,0,1,5,14
67000320,自強里,1026,一,0815,富農街一段188巷,22.981659,120.234995,4,3,1,33,82
67000320,崇明里,1026,一,0815,東門路三段37巷,22.9812086,120.2307549,1,0,1,3,10
67000320,仁和里,1026,一,1330,健康一街71巷,22.9835217,120.1799907,3,2,1,26,64
67000320,東門里,1026,一,1330,利東街,22.9696816,120.2360369,2,1,1,13,32
67000320,崇德里,1026,一,1330,東門路一段,22.9883399,120.2139661,1,0,1,8,20
67000310,二王里,1026,一,0815,金華路一段484巷,22.9724057,120.1932965,2,2,1,8,24
67000310,六合里,1026,一,0815,中山南路544巷,23.0178809,120.2421496,1,1,1,6,16
67000310,永康里,1026,一,1330,中華南路二段300巷,22.962751,120.1878262,1,1,1,5,14
67000310,東橋里,1026,一,1330,文化路,23.016505,120.26125,2,2,1,11,30
67000370,西湖里,1027,二,0815,湖美街60巷,23.0013581,120.1810408,4,3,1,46,112
67000370,西湖里,1027,二,0815,湖美街60巷,23.0013581,120.1810408,,,,,
67000370,西賢里,1027,二,1330,西賢一街85巷,23.001461,120.1776785,1,1,1,10,26
67000360,港仔里,1027,二,1330,安平路,22.9996341,120.1647317,1,1,1,2,10
67000350,溪北里,1027,二,0815,府安路四段91巷,23.0255671,120.214154,1,1,1,8,19
67000350,淵西里A,1027,二,1330,安中路四段290巷,23.0533548,120.1707905,1,1,1,5,16
67000350,淵西里B,1027,二,1330,安中路4段320巷,23.0544796,120.1672126,1,1,1,4,14
67000350,公塭里,1027,二,1330,安興路,23.0701258,120.1642814,1,1,1,4,14
67000340,公園里A,1027,二,0815,富北街,22.9983149,120.2112291,2,1,1,11,18
67000340,公園里B,1027,二,0815,北忠街,22.9992143,120.2096053,2,1,1,13,36
67000340,大港里,1027,二,0815,大興街164巷,23.0112345,120.1896066,1,1,1,5,16
67000340,大道里,1027,二,0815,北門路二段576巷,22.9981114,120.2121924,1,1,1,5,16
67000340,正風里,1027,二,1330,實踐街,23.0144073,120.2174479,2,1,1,11,26
67000340,文元里A,1027,二,1330,中華北路二段80巷,23.0215,120.207,1,1,1,9,22
67000340,文元里B,1027,二,1330,文賢路1180巷,23.0176892,120.1941031,1,1,1,6,18
67000340,文元里C,1027,二,1330,北成路,23.0189099,120.2011802,1,1,1,7,20
67000340,文元里C,1027,二,1330,北成路,23.0189099,120.2011802,,,,,
67000340,成德里,1027,二,1330,文成五街,23.0188646,120.2049928,4,3,1,26,66
67000330,松安里、永寧里,1027,二,0815,灣裡路282巷,22.9249505,120.1813787,1,1,1,7,20
67000330,明德里,1027,二,0815,大成路一段30巷,22.9621817,120.1902722,2,1,1,8,22
67000330,松安里,1027,二,1330,興南街252巷,22.9230135,120.1803387,2,1,1,7,20
67000320,德高里,1027,二,0815,仁和路,22.9672,120.235655,1,1,1,3,12
67000320,龍山里,1027,二,0815,龍山街,22.9839413,120.2232838,1,1,1,5,16
67000320,崇德里,1027,二,0815,崇明路,22.9742916,120.2231982,4,3,1,15,40
67000320,虎尾里、自強里,1027,二,0815,東成街,22.97973,120.233947,2,1,1,13,36
67000320,關聖里,1027,二,0815,裕農路668巷,22.9870629,120.2361961,1,1,1,3,12
67000320,裕農里,1027,二,1330,裕農路,22.9875739,120.2311504,2,1,1,13,34
67000320,裕農里,1027,二,1330,裕農路,22.9875739,120.2311504,,,,,
67000320,成大里,1027,二,1330,育樂街,22.995624,120.2165333,3,2,1,21,50
67000320,新東里,1027,二,1330,林森路一段,22.9849348,120.2219427,1,1,1,6,18
67000310,安康里A,1027,二,0815,中華西街122巷,23.0153726,120.2274484,3,2,1,19,48
67000310,安康里B,1027,二,0815,中華西街122巷,23.0153726,120.2274484,5,4,1,30,76
67000310,勝利里A,1027,二,1330,勝華街37巷,23.0054047,120.2339679,2,2,1,13,30
67000310,勝利里B,1027,二,1330,中華路7巷,22.998992,120.235009,2,1,1,15,34
67000310,網寮里,1027,二,1330,文化路323巷,23.0158439,120.2575916,1,1,1,7,20
67000310,正強里,1027,二,1330,正強街,23.026402,120.2519,1,1,1,7,20
67000310,復國里,1027,二,1330,復華五街,23.0111038,120.2472366,2,1,1,8,22
67000320,大學,1028,三,0815,大學路,22.995939,120.2211169,2,1,1,12,32
67000320,東明、東光,1028,三,0815,東興路,22.9928476,120.229338,3,2,1,30,68
67000320,東光B,1028,三,0815,東平路,22.9951758,120.2301261,1,0,1,6,16
67000320,自強,1028,三,0815,富農街一段,22.9831347,120.2350238,1,0,1,3,12
67000320,東光A,1028,三,0815,東興路,22.9917924,120.2293142,1,0,1,4,16
67000320,德光,1028,三,1330,崇德路,22.9709372,120.2275075,1,0,1,1,4
67000320,大同,1028,三,1330,大同路一段241巷,22.9831295,120.2122562,2,1,1,11,26
67000320,仁和,1028,三,1330,利東街,22.9696816,120.2360369,2,1,1,4,16
67000320,東明,1028,三,1330,東寧路,22.9907191,120.2261771,3,2,1,17,42
67000320,復興,1028,三,1330,富農街一段 ,22.9835794,120.2351838,1,0,1,10,24
67000320,文聖,1028,三,1330,自由路,22.9691556,120.2376678,1,0,1,4,14
67000350,淵中,1028,三,1330,安中路三段329巷,23.0470529,120.1836258,1,1,1,4,14
67000370,藥王里,1028,三,0815,西和路,23.0004892,120.1891043,1,1,1,6,15
67000370,光賢里,1028,三,0815,中華西路646巷,23.0055386,120.1873365,2,1,1,35,35
67000370,法華里,1028,三,1330,法華街,22.9837532,120.2093873,3,2,1,28,28
67000370,永福里,1028,三,1330,忠義路二段,22.9951446,120.2035039,3,2,1,38,38
67000360,怡平里,1028,三,0815,文平路461巷,22.9937808,120.1780183,1,1,1,6,18
67000340,國興里a,1028,三,0815,南園街101巷,23.0081477,120.2258834,1,1,1,4,14
67000340,國興里b,1028,三,0815,南園街101巷,23.0081477,120.2258834,1,1,1,3,12
67000340,和順里,1028,三,0815,臨安路二段195巷,23.0051616,1.99E+13,2,2,2,8,22
67000340,裕民里,1028,三,0815,成功路504巷,23.001597,120.1971071,2,2,2,9,24
67000340,國姓里,1028,三,1330,公園路433巷,23.0077939,120.2090093,1,1,1,6,16
67000340,新勝里a,1028,三,1330,長榮路5段,23.0100231,120.220084,1,1,1,5,14
67000340,新勝里b,1028,三,1330,北園街,23.0093442,120.2230577,1,1,1,3,12
67000340,長德里,1028,三,1330,公園南路152巷,23.0019349,120.2065545,1,1,1,7,18
67000330,建南A,1028,三,0815,興隆路,22.9587805,120.1931703,3,2,1,15,38
67000330,建南B,1028,三,0815,興隆路,22.9588724,120.1880314,1,1,1,3,12
67000330,新興,1028,三,1330,新興路,22.976334,120.192026,3,2,1,9,22
67000330,府南,1028,三,1330,金華路ㄧ段484巷,22.9710052,120.1933622,1,1,1,6,12
67000310,大橋里-A,1028,三,0815,大橋二街,23.0201699,120.2294614,2,1,1,8,22
67000310,大橋里-B,1028,三,0815,大橋里活動中心,23.0368698,120.2383895,2,1,1,13,36
67000310,勝利里,1028,三,0815,中華路,23.0030695,120.235033,2,1,1,12,34
67000310,復國里,1028,三,0815,復國一路28巷,23.0026328,120.2472219,2,1,1,14,38
67000310,三合里,1028,三,1330,中華二路,23.0085358,120.2403197,3,2,1,22,58
67000310,鹽行里-A,1028,三,1330,新民街77巷,23.0404739,120.2419548,3,2,1,9,24
67000310,鹽行里-B,1028,三,1330,中正南路,23.038754,120.23447,3,2,1,16,40
67000230,玉井里,1028,三,0815,中正路,23.176868,120.4852243,1,1,1,10,25
67000230,玉田里,1028,三,1330,中正路,23.176868,120.4852243,1,1,1,10,25
67000370,元安里、保安里,1029,四,0815,保安路,22.9907552,120.1942737,1,1,1,7,20
67000370,西賢里,1029,四,0815,西賢一街137巷,23.0020465,120.1776429,2,1,1,20,46
67000370,西湖里,1029,四,1330,頂美一街36巷,23.000019,120.1841,3,2,1,8,20
67000370,郡王里,1029,四,1330,開山路,22.9884387,120.2080123,3,2,1,11,26
67000360,石門里,1029,四,0815,民權路四段,23.0018916,120.1666449,1,1,0,5,16
67000360,平安里,1029,四,0815,安平路,22.9980893,120.1738911,1,0,1,4,14
67000350,大安里,1029,四,1330,理安街,23.0332407,120.1946882,1,1,1,6,18
67000350,頂安里,1029,四,1330,頂安街260巷,23.0436002,120.2162223,1,1,1,3,12
67000340,大豐里,1029,四,0815,中華北路ㄧ段,23.0091435,120.1854503,2,1,1,10,24
67000340,成德里A,1029,四,0815,育德二街421巷,23.016918,120.2017034,2,1,1,20,24
67000340,成德里B,1029,四,0815,育德路,23.0167988,120.2072321,2,1,1,11,26
67000340,延平里A,1029,四,0815,公園路746巷,23.0082117,120.2113406,2,1,1,7,18
67000340,延平里B,1029,四,0815,公園路758巷,23.010478,120.2121782,2,1,1,7,18
67000340,東興里,1029,四,1330,小東路401巷,22.9990724,120.2323689,3,2,1,8,20
67000340,重興里,1029,四,1330,東豐路451巷,23.0025792,120.2273286,2,1,1,8,20
67000340,振興里,1029,四,1330,林森路三段,23.0066086,120.2241747,2,1,1,17,42
67000340,賢北里,1029,四,1330,大興街565巷,23.0071783,120.1812697,2,1,1,8,20
67000330,文南里,1029,四,0815,金華路二段,22.9816175,120.1914653,1,1,1,4,14
67000330,金華里,1029,四,1330,健康路二段,22.9817861,120.1896682,1,1,1,4,14
67000330,永寧里,1029,四,1330,明興路,22.9309665,120.1832292,1,1,1,3,12
67000320,自強里,1029,四,0815,東門路三段,22.9757529,120.2196485,1,0,1,9,22
67000320,德光里,1029,四,0815,崇德路,22.980849,120.230751,1,0,1,10,24
67000320,忠孝里,1029,四,0815,榮譽街,22.9813179,120.2181499,1,0,1,6,16
67000320,裕農里,1029,四,0815,裕豐街214巷,22.9882775,120.228443,1,0,1,4,12
67000320,東安里、中西里,1029,四,0815,長榮路二段32巷,22.9885372,120.2206849,1,0,1,8,20
67000320,和平里A,1029,四,1330,仁和路,22.9715483,120.2375488,1,0,1,2,8
67000320,和平里B,1029,四,1330,自由路二段125巷,22.9884902,120.2399192,1,0,1,3,12
67000320,南聖里A,1029,四,1330,裕誠街,22.9722526,120.2335078,1,0,1,3,12
67000320,南聖里B,1029,四,1330,裕誠街,22.9891632,120.2430922,1,0,1,7,16
67000320,崇文里,1029,四,1330,崇德二十街,22.967638,120.230921,2,1,1,12,32
67000320,富裕里,1029,四,1330,裕豐街61巷,22.9847487,120.2262167,2,1,1,12,32
67000320,復興里、虎尾里,1029,四,1330,富農街一段,22.9828857,120.234938,1,0,1,7,18
67000320,文聖里,1029,四,1330,裕文路,22.9828369,120.2381602,2,1,1,17,42
67000320,虎尾里,1029,四,1330,東成街142巷,22.9789024,120.2360677,1,0,1,6,16
67000310,中華里,1029,四,0815,忠勇街,23.0007753,120.2380039,3,3,0,23,58
67000310,成功里,1029,四,0815,中華路134巷,23.0025897,120.236989,1,1,0,7,18
67000310,勝利里,1029,四,0815,中華路121巷,23.0015771,120.234243,2,2,0,7,18
67000310,正強里,1029,四,0815,四維街207巷,23.0362928,120.2507423,2,2,0,7,18
67000310,西灣里A,1029,四,1330,大勇路76巷,23.0090686,120.2613206,1,1,0,6,16
67000310,西灣里B,1029,四,1330,國光八街87巷,23.0109127,120.2600278,2,2,0,11,26
67000310,西橋里,1029,四,1330,大橋三街,23.0196414,120.2265625,1,1,0,7,18
67000310,復國里,1029,四,1330,國華街,23.011256,120.2471487,2,2,0,13,34
67000230,玉井里、玉田里,1029,四,0815,中正路,23.176868,120.4852243,2,2,1,18,37
67000230,玉井里、玉田里,1029,四,1330,中正路,23.176868,120.4852243,2,2,1,18,37
67000370,大涼里,1030,五,0815,府前路二段258巷,22.9931464,120.1908589,3,0,0,22,4
67000370,大涼里,1030,五,1330,金城街與府前一街,22.9928085,120.1895145,1,0,0,12,3
67000360,漁光里,1030,五,0815,漁光路,22.9774125,120.160128,1,1,0,3,6
67000360,平通里,1030,五,0815,平通路580巷,22.9970027,120.1706725,1,0,1,5,12
67000360,國平里,1030,五,1330,育平五街,22.9903602,120.1698227,1,0,1,13,34
67000350,總頭里,1030,五,0815,長溪路二段486巷,23.053224,120.202482,1,1,1,5,14
67000350,新順里,1030,五,0815,安和路三段73巷,23.0455318,120.2163741,1,1,1,8,20
67000350,城南里,1030,五,1330,城西街二段80巷,23.066548,120.1104595,1,1,1,8,20
67000350,溪心里,1030,五,1330,海中街,23.0471911,120.178849,1,1,1,8,20
67000340,大港里,1030,五,0815,賢北街,23.0107947,120.1819842,2,2,2,6,14
67000340,興北里,1030,五,0815,公園北路78巷,23.00556,120.211317,2,2,2,12,27
67000340,六甲里,1030,五,0815,公園路451巷,23.0092324,120.2085226,1,1,1,5,12
67000340,文元里A,1030,五,0815,文成三路與文賢二街,23.0162011,120.2024877,1,1,1,5,12
67000340,文元里B,1030,五,0815,文成三路與文賢二街,23.0162011,120.2024877,2,2,2,7,16
67000340,成功里,1030,五,1330,北成路,23.0185465,120.2106667,2,2,2,9,22
67000340,賢北里,1030,五,1330,賢北街,23.009211,120.1827758,3,3,3,16,37
67000340,公園里,1030,五,1330,北門路2段,22.9983899,120.2123203,1,1,1,3,6
67000330,大恩里、大忠里,1030,五,0815,大同路二段640巷,22.9684822,120.2136357,2,2,1,9,20
67000330,府南里,1030,五,0815,金華路ㄧ段484巷,22.97211,120.193395,2,2,1,7,16
67000330,再興里,1030,五,1330,三官路176巷,22.9780867,120.1928496,2,2,1,7,16
67000330,喜東里,1030,五,1330,明興路與喜樹路151巷,22.9412781,120.1817619,2,2,1,10,22
67000320,衛國里,1030,五,0815,林森路二段,22.9878541,120.2235301,2,1,1,15,36
67000320,大德里、路東里,1030,五,0815,立德十一路,22.9781138,120.2139533,1,0,1,11,24
67000320,中西里,1030,五,0815,長榮路二段,22.9910475,120.2209896,1,0,1,7,18
67000320,泉南里,1030,五,0815,長榮路一段,22.9827638,120.2163673,1,0,1,6,16
67000320,東明里,1030,五,0815,東安路,22.9920693,120.2263503,1,0,1,8,20
67000320,忠孝里,1030,五,0815,崇明路,22.9808353,120.2165773,1,0,1,10,24
67000320,東門里、圍下里,1030,五,1330,慶東街,22.9896542,120.2164088,1,0,1,9,22
67000320,崇善里,1030,五,1330,崇明十一街12巷,22.9757331,120.2224389,1,0,1,10,24
67000320,崇信里,1030,五,1330,東門路二段,22.9815011,120.2286301,1,0,1,7,18
67000320,崇明里,1030,五,1330,大同路二段449巷,22.9711129,120.21639,1,0,1,6,16
67000320,崇學里,1030,五,1330,崇德四街7巷,22.9781335,120.2250221,1,0,1,8,20
67000320,東光里,1030,五,1330,東光路一段5巷,22.9899062,120.229831,1,0,1,8,17
67000320,大智里,1030,五,1330,德東街,22.9615898,120.2302508,2,1,1,18,42
67000310,三合里,1030,五,0815,南工街,23.0101211,120.240117,1,1,1,7,18
67000310,正強里A,1030,五,0815,正強街,23.0320838,120.2514093,1,1,1,4,14
67000310,正強里B,1030,五,0815,中正路209巷與中正路155巷,23.0305861,120.2500309,1,1,1,9,22
67000310,正強里C,1030,五,0815,四維街5巷,23.0342125,120.2519655,1,1,1,9,22
67000310,二王里,1030,五,1330,永二街447巷,23.0189158,120.2461167,1,1,1,9,22
67000310,東橋里,1030,五,1330,東橋一路258巷,23.0202135,120.2324126,1,1,1,7,18
67000310,鹽洲里,1030,五,1330,鹽行路100巷,23.0439098,120.2335922,1,1,1,8,18
67000330,明亮里、府南里,1031,六,0815,金華路ㄧ段484巷,22.9720374,120.192463,2,1,1,10,22
67000330,新昌里,1031,六,0815,大德街141巷,22.9852671,120.1958074,4,3,1,15,34
67000330,新昌里,1031,六,1330,大德街141巷,22.9852671,120.1958074,4,3,1,21,46
67000320,東聖里,1031,六,0815,中華東路二段,22.9840875,120.2318393,1,0,1,7,23
67000320,後甲里,1031,六,0815,裕農路,22.9889157,120.2372289,1,0,1,3,8
67000320,崇德里,1031,六,0815,崇善路,22.9769632,120.2277813,1,0,1,5,13
67000320,裕農里,1031,六,0815,裕農路,22.987628,120.230136,1,0,1,8,19
67000320,德光里A,1031,六,0815,崇明路,22.9800281,120.2174981,1,0,1,5,13
67000320,德光里B,1031,六,0815,崇德路,22.9794514,120.2199836,1,0,1,4,11
67000320,大智里A,1031,六,1330,崇善十六街151巷,22.9626914,120.2320361,1,1,0,7,17
67000320,大智里B,1031,六,1330,崇善十五街33巷,22.9639141,120.232715,2,1,1,16,37
67000320,崇誨里,1031,六,1330,林森路二段192巷,22.989778,120.224691,2,1,1,16,37
67000320,裕聖里A,1031,六,1330,裕敬路,22.9798424,120.2460242,1,1,0,3,8
67000320,裕聖里B,1031,六,1330,裕文路,22.9823168,120.2434979,1,1,0,5,12
67000310,復華里,1031,六,0815,復華七街,23.0153,120.2475254,1,0,1,4,12
67000310,復國里,1031,六,0815,復華三街,23.0098391,120.247319,1,0,1,5,14
67000310,龍潭里,1031,六,0815,永平街232巷,23.023545,120.264482,1,0,1,9,24
67000310,五王里,1031,六,0815,中華二路206巷,23.010502,120.235361,1,0,1,15,36
67000310,勝利里,1031,六,1330,勝學路,23.007015,120.230535,1,1,0,3,10
67000310,大橋里,1031,六,1330,大橋二街,23.020169,120.2294614,1,1,0,7,18
67000310,西灣里,1031,六,1330,國光七街,23.009237,120.26172,1,1,0,4,12
67000310,西灣里、崑山里,1031,六,1330,國光六街,23.0078313,120.258897,1,1,0,9,22
67000190,光文里,1031,六,1330,光華路53巷,23.1341442,120.3019867,2,1,1,11,16
67000180,觀音里,1031,六,1330,中正路,23.0425292,120.3053191,2,1,1,17,15
67000180,護國里,1031,六,1330,中山路,23.0363287,120.3099642,1,1,1,17,15
67000070,大埕里,1031,六,0815,文昌路,23.18592,120.2529393,1,1,1,11,0
67000370,公正里,1101,日,0815,民族路二段,22.9945694,120.2100386,1,1,0,10,24
67000370,西賢里,1101,日,0815,湖美街,23.0021244,120.1799522,1,1,0,12,32
67000370,郡王里,1101,日,0815,南門路,22.9887233,120.2047219,1,1,0,5,14
67000370,西湖里,1101,日,1330,湖美三街與湖美二街106巷,23.0018418,120.1826766,1,1,0,11,26
67000370,大涼里,1101,日,1330,府前一街,22.9948946,120.1879131,1,1,0,16,38
67000360,石門里,1101,日,0815,安北路,23.0003936,120.1669747,1,1,0,4,8
67000360,育平里,1101,日,0815,府平路,22.9870446,120.1678183,1,0,1,6,12
67000360,建平里,1101,日,1330,建平十七街,22.9974905,120.1808203,1,0,1,5,10
67000360,建平里,1101,日,1330,建平十一街,22.9951179,120.1817183,1,1,0,7,14
67000350,海佃里,1101,日,0815,國安街56巷,23.0237561,120.1883808,2,2,2,38,86
67000350,鳳凰里,1101,日,1330,安中路一段698巷,23.0421542,,,,,,
67000340,大仁里,1101,日,0815,和緯路一段,23.009843,120.2136111,1,1,1,7,18
67000340,大和里,1101,日,0815,文賢路833巷,23.0167303,120.1915443,1,1,1,3,8
67000340,成德里,1101,日,0815,育德二路421巷,23.016918,120.2017034,0,0,0,3,4
67000340,小康里,1101,日,1330,公園路1092巷,23.0190932,120.2172122,1,1,1,7,18
67000340,文元里,1101,日,1330,北成路481巷,23.0202863,120.2103017,1,1,1,3,8
67000340,長德里,1101,日,1330,公園南路152巷,23.0019351,120.2065547,1,1,1,3,8
67000290,香洋里,1101,日,0815,中山路一段,22.9587731,120.3319754,1,1,1,9,16
67000280,許厝里,1101,日,0815,許厝里公園路,22.9647705,120.298914,1,1,1,9,16
67000280,西埔里,1101,日,0815,西埔里西埔二街,23.0033905,120.2850679,1,1,1,5,8
67000280,新厝里,1101,日,1330,新厝里公園路,22.9635726,120.2953696,1,1,1,13,22
67000280,崙頂里,1101,日,1330,崙頂街,22.9597677,120.2964739,1,1,1,2,2
67000270,成功里,1101,日,0815,成功二街,22.9586831,120.2287141,1,1,1,9,
67000230,玉井里、玉田里,1101,日,0815,民族路,23.1237326,120.4690918,2,1,1,15,30
67000230,玉井里、玉田里,1101,日,1330,中正路,23.1218937,120.4593368,2,1,1,12,24
67000120,安西里,1101,日,0815,安西里佳西街,23.1644696,120.1676764,1,1,1,11,13
67000120,安西里,1101,日,0815,區安西里育善街,23.165418,120.1690693,1,0,1,9,13
67000120,建南里,1101,日,0815,建南里佳南路,23.1481709,120.1760976,1,0,1,7,8
67000060,東山里、聖賢里,1101,日,0815,東山里,23.3261242,120.4045105,1,1,0,3,0
67000370,五妃里,1102,一,0815,南門路,22.9830731,120.2040197,3,2,1,27,66
67000370,安海里,1102,一,1330,民生路二段,22.9965705,120.192163,1,1,1,9,22
67000360,國平里,1102,一,1330,華平路21巷,22.9855017,120.1732412,2,1,0,8,18
67000360,平通里,1102,一,1330,育平九街192巷,22.99519,120.170913,1,0,1,6,12
67000360,文平里,1102,一,1330,永華二街,22.9872234,120.1842686,1,1,0,3,6
67000350,溪墘里,1102,一,0815,郡安路五段184巷,23.0281507,120.1938314,1,1,1,10,24
67000350,鳳凰里,1102,一,1330,安中路一段516巷,23.0339011,120.2110579,1,1,1,10,24
67000340,東興里,1102,一,1330,小東路,23.000651,120.2239299,1,1,1,6,16
67000340,和順里,1102,一,1330,公園南路,23.0038331,120.201242,1,1,1,3,12
67000330,松安里,1102,一,0815,灣裡路282巷,22.9253752,120.1809061,1,1,1,6,2
67000330,府南里,1102,一,0815,大成路二段29巷,22.9742819,120.1969189,3,2,1,12,2
67000330,新興里,1102,一,1330,新興路,22.9792544,120.1963898,2,1,1,9,2
67000330,永寧里、興農里,1102,一,1330,灣裡路263巷,22.9268944,120.1833702,2,1,1,9,2
67000320,德光里,1102,一,0815,崇德三街,22.9787685,120.2215761,1,1,0,10,24
67000320,大學里,1102,一,0815,大學路1號,22.9966097,120.2168136,1,1,0,9,22
67000320,東智里,1102,一,0815,崇德三十街,22.9608846,120.2283427,1,1,0,3,10
67000320,裕聖里,1102,一,0815,裕忠路,22.9817659,120.2418951,1,1,0,9,22
67000320,忠孝里,1102,一,1330,崇明路266巷,22.977939,120.2189884,2,1,1,14,34
67000320,大德里,1102,一,1330,立德十路,22.977777,120.21398,1,1,0,12,30
67000320,小東里A,1102,一,1330,小東路,22.9992701,120.2291395,1,1,0,9,22
67000320,小東里B,1102,一,1330,東安路251巷,22.9974353,120.2258707,1,1,0,5,12
67000310,六合里A,1102,一,0815,六合路,23.0108714,120.2310341,1,1,1,11,26
67000310,六合里B,1102,一,0815,中華二路358巷,23.0090957,120.2301482,1,1,1,9,22
67000310,六合里C,1102,一,0815,新興街,23.011633,120.2297177,1,1,1,5,11
67000310,復國里,1102,一,0815,復國一路68巷,23.00342,120.2459826,1,1,1,7,15
67000310,尚頂里,1102,一,1330,南台街54巷,23.0234651,120.221794,1,1,1,8,19
67000310,鹽行里,1102,一,1330,永安路105巷,23.0434329,120.2453897,1,1,1,8,19
67000310,網寮里,1102,一,1330,永吉路,23.0180632,120.2583451,1,1,1,3,6
67000310,新樹里,1102,一,1330,富強路二段,23.0231115,120.2748838,1,1,1,10,24
67000360,西門里,1103,二,0815,國勝路35巷,23.0011432,120.1596581,1,1,0,4,8
67000360,怡平里,1103,二,0815,永華六街,22.9919181,120.176719,1,0,1,5,10
67000360,石門里A,1103,二,1330,平生路,23.0279137,120.21656,1,0,1,6,16
67000360,石門里B,1103,二,1330,安平路,23.000717,120.1644018,1,1,0,4,10
67000360,華平里,1103,二,1330,慶平路,22.9970409,120.1725757,1,1,0,3,8
67000350,梅花里,1103,二,0815,安中路一段639巷,23.0413178,120.1974947,2,1,1,17,38
67000350,溪心里,1103,二,0815,本原街二段510巷,23.0544915,120.1792408,1,1,1,14,32
67000350,海東里,1103,二,1330,同安路167巷,23.0419175,120.1902841,1,1,1,11,24
67000350,安和里A,1103,二,1330,安和路一段52巷,23.0279137,120.21656,1,1,1,12,26
67000350,安和里B,1103,二,1330,安和路一段52巷,3.1704668,6.2565432,1,1,0,5,12
67000340,興北里A,1103,二,0815,市公園北路,23.0048443,120.2097653,1,1,1,7,18
67000340,興北里B,1103,二,0815,公園北路,23.0036811,120.2121579,1,1,1,7,18
67000340,延平里,1103,二,1330,長榮路五段,23.0130567,120.2132041,1,1,1,17,40
67000340,成德里,1103,二,1330,文成二路212巷,23.0150793,120.2046741,1,1,1,6,16
67000330,白雪里,1103,二,0815,金華路ㄧ段,22.9655919,120.1896814,1,1,1,9,20
67000330,彰南里,1103,二,0815,新建路,22.9669917,120.1852755,1,1,1,8,18
67000330,喜東里,1103,二,1330,明興路393巷,22.9490213,120.1846372,1,1,1,7,16
67000330,大林里A,1103,二,1330,大林路111巷,22.9743294,120.2115884,1,1,1,4,10
67000330,大林里B,1103,二,1330,大林路111巷,22.9743294,120.2115884,1,1,1,7,16
67000320,自強里,1103,二,0815,中華東路二段,22.9837679,120.2315597,1,1,0,13,28
67000320,大福里,1103,二,0815,立德五路,22.9759495,120.215407,1,1,0,7,18
67000320,東門里,1103,二,0815,東門路一段,22.9877687,120.2151117,1,1,0,8,20
67000320,崇文里,1103,二,1330,崇德十七街,22.9689636,120.2292676,1,1,0,16,38
67000320,忠孝里,1103,二,1330,崇明路,22.9760232,120.2211731,1,1,0,6,16
67000320,和平里,1103,二,1330,自由路二段,22.972359,120.2375081,1,1,0,6,16
67000310,二王里,1103,二,0815,南工街,23.0126655,120.2393029,1,1,1,10,24
67000310,甲頂里,1103,二,0815,中正南路168巷,23.0218671,120.218217,1,1,1,6,14
67000310,王行里,1103,二,1330,王行路1060巷,23.0511858,120.2758089,1,1,1,6,14
67000310,復興里,1103,二,1330,復興路246巷,22.9992196,120.2432014,1,1,1,8,20
67000370,公正里,1104,三,0815,區衛民街,22.9928357,120.2092117,3,2,1,15,40
67000360,石門里、港仔里,1104,三,1330,安平路,22.9988754,120.1545029,1,0,1,5,10
67000350,頂安里,1104,三,0815,怡安路一段385巷,23.0410961,120.2066854,1,1,1,5,12
67000350,幸福里,1104,三,0815,府安路六段103巷,23.0198352,120.1872156,1,1,1,4,10
67000340,振興里,1104,三,0815,林森路三段,23.0066086,120.2241747,1,1,1,5,14
67000340,成德里,1104,三,1330,育德路與立賢路一段,23.0117624,120.2063153,2,1,1,15,38
67000330,明亮里,1104,三,0815,金華路ㄧ段484巷,22.9690591,120.195004,2,2,1,12,30
67000330,明興里,1104,三,0815,金華路ㄧ段200巷與永仁街30巷,22.9816175,120.1914653,2,2,1,9,20
67000330,南華里,1104,三,0815,中華南路二段400巷,22.9621337,120.1855877,5,5,1,16,38
67000330,光明里,1104,三,1330,新建路13巷,22.9736005,120.1857682,3,3,1,9,20
67000330,郡南里A,1104,三,1330,德興路,22.9652114,120.1923945,3,3,1,16,38
67000330,郡南里B,1104,三,1330,德興路,22.964659,120.1924279,3,3,1,15,36
67000320,自強里,1104,三,0815,中華東路二段,22.9819224,120.2303871,1,0,1,11,26
67000320,新東里,1104,三,0815,東門路二段,22.9822504,120.2279319,1,0,1,3,10
67000320,崇德里,1104,三,0815,崇德路,22.9757398,120.2251575,1,0,1,4,12
67000320,崇成里A,1104,三,0815,崇明路,22.9698259,120.2254664,2,1,1,15,38
67000320,崇成里B,1104,三,0815,崇明路,22.967697,120.225825,1,1,0,9,22
67000320,小東里,1104,三,1330,東平路,22.9956752,120.2291568,1,1,0,8,20
67000320,成大里A,1104,三,1330,民族路一段,22.994514,120.2136161,1,1,0,8,20
67000320,成大里B,1104,三,1330,育樂街,22.9956707,120.2149096,1,1,0,4,12
67000320,崇學里,1104,三,1330,崇明路,22.9760232,120.2211731,1,1,0,10,24
67000320,裕農里,1104,三,1330,裕豐街,22.9864102,120.2271763,1,1,0,6,16
67000320,東門里,1104,三,1330,北門路一段,22.9904848,120.2116253,1,1,0,4,12
67000320,德高里、仁和里,1104,三,1330,自由路一段,22.968469,120.2366167,1,1,0,5,14
67000310,三合里,1104,三,0815,南工街,23.0126655,120.2393029,1,1,1,12,28
67000310,二王里,1104,三,1330,南工街226巷,23.0135804,120.2389054,1,1,1,5,12
67000230,玉井里、玉田里,1104,三,1330,民權路,23.1796525,120.4854506,2,2,2,13,26
67000230,玉井里、玉田里,1104,三,1330,民權路,23.1796525,120.4854506,2,2,2,13,26
67000370,公正里,1105,四,1330,衛民街,22.9928357,120.2092117,3,2,1,18,42
67000360,西門里A,1105,四,0815,安北路196巷,23.0025548,120.1582125,1,0,1,3,4
67000360,西門里B,1105,四,0815,安北路370巷,23.000805,120.1532554,1,1,0,6,14
67000360,建平里,1105,四,1330,平通路,22.9922638,120.1814897,1,0,1,8,18
67000350,大安里A,1105,四,0815,義安街176號,23.0338931,120.195815,1,1,1,10,22
67000350,大安里B,1105,四,0815,義安街,23.0338931,120.195815,1,1,1,9,22
67000350,?田里,1105,四,1330,?田六街,23.0332223,120.147154,1,1,1,9,22
67000350,安順里,1105,四,1330,育安一街,23.0490461,120.2140195,1,1,1,8,20
67000350,溪墘里,1105,四,1330,海佃路一段284巷,23.0268043,120.1929645,1,1,1,9,22
67000340,成德里,1105,四,0815,文成一路,23.0136616,120.2078494,2,1,1,12,32
67000340,和順里,1105,四,1330,公園南路,23.0038331,120.201242,2,1,1,11,26
67000340,正風里,1105,四,1330,公園路,23.0156459,120.214004,1,1,0,9,22
67000330,竹溪里,1105,四,0815,健康路ㄧ段113巷,22.978203,120.2096402,3,2,1,21,46
67000330,府南里A,1105,四,0815,永成路三段550巷,22.9627239,120.1954887,1,1,1,4,12
67000330,荔宅里、府南里,1105,四,0815,西門路ㄧ段,22.9747694,120.1976158,1,1,1,3,10
67000330,日新里,1105,四,1330,金華路ㄧ段503巷,22.9744795,120.1901017,3,2,1,20,44
67000330,府南里B,1105,四,1330,金華路ㄧ段484巷,22.9710052,120.1933622,1,1,1,8,20
67000320,自強里,1105,四,0815,中華東路二段295巷,22.981999,120.232064,3,2,1,19,46
67000320,東智里、仁德成功里,1105,四,0815,崇德路,22.9802783,120.2182532,1,0,1,5,14
67000320,文聖里,1105,四,1330,裕信路,22.983811,120.24439,1,0,1,8,20
67000320,復興里,1105,四,1330,富農街一段,22.9828857,120.234938,1,0,1,8,20
67000320,德高里、仁和里,1105,四,1330,仁和路139巷,22.9698211,120.235365,1,0,1,7,18
67000310,五王里A,1105,四,0815,五福街,23.0130397,120.2331411,2,1,1,15,38
67000310,五王里B,1105,四,0815,中山東路68巷,23.012941,120.235971,1,1,1,7,18
67000280,許厝里,1105,四,0815,大仁街,22.9686821,120.2992015,1,1,1,7,14
67000280,許厝里,1105,四,0815,仁愛六街,22.9668637,120.2998651,1,1,1,4,8
67000280,歸仁里,1105,四,1330,信義北路96巷,22.9691884,120.2980517,1,1,1,4,8
67000370,仙草里,1106,五,1330,健康路一段,22.9816771,120.199531,1,1,0,7,18
67000360,怡平里,1106,五,0815,華平路672巷,22.9962418,120.1758139,1,0,1,3,6
67000360,建平里,1106,五,0815,建平十七街,22.9973342,120.1826605,1,1,0,3,6
67000360,億載里A,1106,五,1330,平豐路391巷,22.9935115,120.1633288,1,1,0,4,8
67000360,億載里B,1106,五,1330,光州八街,22.9927823,120.1581416,1,0,1,5,10
67000350,安東里,1106,五,0815,安和路一段478巷,23.0283531,120.2145221,1,1,1,11,26
67000350,安和里,1106,五,0815,安和路一段96巷,23.0288116,120.2154227,1,1,1,8,20
67000350,公塭里,1106,五,1330,安興街181巷,23.0663474,120.1598769,1,1,1,5,14
67000350,國安里,1106,五,1330,國安街156巷,23.0250297,120.1869174,1,1,1,9,22
67000350,新順里,1106,五,1330,安和路二段285巷,23.0423943,120.2176917,1,1,1,15,36
67000340,裕民里A,1106,五,0815,臨安路二段50巷,23.002215,120.197251,2,2,1,10,24
67000340,裕民里B,1106,五,0815,臨安路二段50巷,23.002215,120.197251,2,2,1,11,26
67000340,五福里,1106,五,1330,北華街,23.0010629,120.2040444,1,1,1,5,14
67000340,玉皇里,1106,五,1330,佑民街,22.9990941,120.2058412,1,1,1,5,14
67000330,明興里,1106,五,0815,德興路,22.9628861,120.1925393,4,3,1,19,42
67000330,明興里,1106,五,1330,德興路,22.9628861,120.1925393,4,3,1,19,42
67000320,文聖里,1106,五,0815,裕興路,22.983428,120.241752,2,1,1,19,44
67000320,崇德里,1106,五,0815,崇德路,22.9738794,120.2275775,1,1,0,6,18
67000320,中西里,1106,五,1330,林森路二段,22.9894653,120.2235883,2,1,1,8,20
67000320,泉南里,1106,五,1330,樹林街一段,22.986597,120.2133342,1,1,0,4,14
67000320,富強里,1106,五,1330,中華東路二段22巷,22.9881379,120.2332038,1,1,0,9,22
67000310,北灣里A,1106,五,0815,大灣路37巷,23.0126193,120.2727237,1,1,1,5,12
67000310,北灣里B,1106,五,0815,大灣路,23.0107595,120.2703326,1,1,1,5,12
67000310,南灣里,1106,五,1330,大灣路764巷,23.00195,120.261494,1,1,1,7,16
67000310,永康里,1106,五,1330,中山北路104巷,23.0267149,120.2600179,1,1,1,5,12
67000280,許厝里,1106,五,1330,大智街,22.966176,120.2971755,2,1,1,23,58
67000230,玉田里,1106,五,0815,民權路,23.1796525,120.4854506,1,1,1,10,18
67000230,玉田里,1106,五,1330,中正路,23.1660185,120.4894005,1,1,1,10,18
67000350,佃西里,1107,六,0815,海佃路四段,23.0635196,120.1754856,1,1,1,5,14
67000350,原佃里,1107,六,0815,本原街一段,23.0511889,120.198296,1,1,1,5,14
67000350,理想里,1107,六,0815,大安街461巷,23.0386632,120.1922347,1,1,1,9,20
67000350,海佃里,1107,六,1330,國安街56巷,23.0254315,120.1896059,1,1,1,9,22
67000350,溪北里,1107,六,1330,安和路一段,23.026447,120.215004,1,1,1,8,20
67000340,開元里,1107,六,1330,北園街87巷,23.0148563,120.2212427,1,1,1,4,14
67000330,新興里A,1107,六,0815,三官路,22.9788784,120.1938121,2,1,1,9,20
67000330,再興里,1107,六,0815,金華路二段,22.9810279,120.1916004,4,3,1,19,42
67000330,南華里,1107,六,0815,中華南路二段302巷,22.9623495,120.1871376,3,2,1,8,20
67000330,大忠里,1107,六,0815,大同路620巷,22.988316,120.2119239,2,1,1,8,18
67000330,佛壇里,1107,六,1330,灣裡路,22.921496,120.1835869,2,1,1,13,30
67000330,新興里B,1107,六,1330,夏林路,22.980427,120.1948027,3,2,1,11,30
67000330,明亮里,1107,六,1330,新都路,22.967162,120.1947184,1,1,1,7,16
67000330,大成里,1107,六,1330,新興東路,22.9784032,120.1949285,2,1,1,8,18
67000320,東門里,1107,六,0815,新樓街,22.98995,120.213489,1,0,1,7,18
67000320,崇信里,1107,六,0815,崇學路142巷,22.9802088,120.2248147,1,0,1,8,20
67000320,崇德里,1107,六,0815,崇明十四街,22.9737611,120.2256576,4,3,1,19,44
67000320,莊敬里,1107,六,0815,小東路,22.999184,120.229441,1,0,1,6,16
67000320,東智里,1107,六,0815,崇德路,22.9605907,120.2276223,2,1,1,13,32
67000320,復興里,1107,六,1330,富農街一段188巷,22.9819989,120.236628,2,1,1,11,26
67000320,裕農里,1107,六,1330,裕農路,22.987755,120.230394,2,1,1,12,32
67000320,大學里,1107,六,1330,大學路18巷,22.9944782,120.2207581,1,0,1,6,16
67000320,和平里,1107,六,1330,自由路二段,22.9741788,120.2373892,1,0,1,5,14
67000320,富裕里,1107,六,1330,裕農路288巷,22.9851783,120.2281533,3,2,1,18,42
67000290,香洋里A,1107,六,0815,香洋里大富街343巷,22.9516215,120.3276671,1,1,1,10,20
67000290,香洋里B,1107,六,0815,香洋里中央路,22.9597684,120.3316634,1,1,1,7,14
67000280,新厝里,1107,六,0815,中正南路一段85巷,22.9642262,120.2941258,1,1,1,4,8
67000280,新厝里,1107,六,0815,中正三街46巷,22.9648568,120.2952186,1,1,1,5,10
67000280,歸仁里,1107,六,1330,大通路,22.9677211,120.2956518,1,1,1,4,8
67000280,歸仁里,1107,六,1330,大通一街,22.9689887,120.2970067,1,1,1,5,10
67000150,大埕里,1107,六,0815,大埕里,23.1453614,120.144496,1,1,1,8,4
67000150,大埕里,1107,六,1330,大埕里,23.1453614,120.144496,1,1,1,8,4
67000370,建國里、福安里,1108,日,0815,友愛街117號,22.993395,120.2000596,2,1,1,23,62
67000370,建國里,1108,日,1330,中正路88號彰化銀行,22.993395,120.2000596,3,2,1,23,62
67000360,華平里,1108,日,0815,育平九街142巷140號旁空地,22.9948005,120.1740847,1,1,0,2,5
67000340,賢北里,1108,日,0815,賢北里活動中心(賢北街108號),23.006719,120.1813004,2,1,1,12,34
67000340,實踐里、永祥里,1108,日,0815,永祥公園實踐街98號對面),23.0136734,120.2170126,1,1,1,9,24
67000340,勝安里,1108,日,0815,勝安里活動中心開元路73巷21號),23.0074816,120.217734,2,2,1,7,20
67000340,國姓里,1108,日,0815,公園路407號前,23.0076926,120.2087167,1,1,1,1,6
67000340,成德里,1108,日,1330,西門路四段171巷20弄17-1號旁巷口,23.0134491,120.2036668,1,1,1,7,20
67000340,中樓里,1108,日,1330,東豐路166號,23.0034966,120.2159306,1,1,1,7,20
67000340,大港里,1108,日,1330,大興街226巷50號,23.0104452,120.1827435,2,1,1,16,42
67000320,崇誨里、新東里,1108,日,0815,衛國街114巷28號(衛國里活動中心),22.9865063,120.2249474,10,9,1,32,86
67000320,崇誨里、新東里,1108,日,0815,衛國街114巷28號(衛國里活動中心),22.989711,120.2256687,,,,↑,
67000320,大學里,1108,日,0815,大學路1號(成功大學)勝-勝六舍前面,22.9963981,120.2209801,0,0,0,3,12
67000320,和平里,1108,日,1330,仁和路95號,22.9745842,120.2354061,1,0,1,5,16
67000320,崇成里,1108,日,1330,崇德路659之14號旁邊空地,22.9712457,120.2289146,1,0,1,7,20
67000320,東明里,1108,日,1330,東寧路201巷51號旁邊空地,22.9916823,120.227472,1,0,1,8,22
67000310,六合里,1108,日,0815,中華二路340巷20號警衛室旁停車場,23.0112118,120.2303571,1,1,1,10,26
67000310,鹽行里,1108,日,0815,中正路852號旁巷口(八方雲集旁),23.040975,120.236648,1,1,1,6,18
67000310,埔園里,1108,日,0815,龍中街651巷16號門口,23.0341644,120.2584844,1,1,1,6,18
67000310,二王里A,1108,日,1330,永二街395號(二王廟),23.0177985,120.2469457,1,1,1,3,12
67000310,二王里B,1108,日,1330,忠孝路450巷18號,23.0177985,120.2469457,1,1,1,9,24
67000310,尚頂里,1108,日,1330,南台街54巷18弄2號,23.0263645,120.225308,1,1,1,6,18
67000270,仁義里,1108,日,1330,仁義三街16號前,22.9695788,120.2656955,2,1,1,14,28
67000270,二行里,1108,日,1330,清王宮前(二行一路及行大街交叉口),22.9212251,120.2209801,1,1,1,4,8
67000230,望明里,1108,日,0815,望明里108-1號,23.1035437,120.4444046,1,1,1,4,8
67000230,中正里,1108,日,0815,大成路471巷6號,23.1448237,120.464566,1,1,1,3,6
67000230,玉井里,1108,日,1330,中正路27號,23.1256423,120.4602459,1,1,1,9,18
67000180,協興里,1108,日,1330,忠孝路271號,23.0390927,120.2988617,1,1,1,3,0
67000370,公正里,1109,一,1330,中山路86號前,22.9939658,120.2101595,1,1,0,8,1
67000360,港仔里、海頭里,1109,一,0815,安平路794號旁天后宮廟埕,22.999187,120.1643428,1,0,1,4,9
67000360,華平里,1109,一,0815,健康二街419巷35弄旁空地,22.9948005,120.1740847,1,1,0,4,30
67000350,新順里,1109,一,0815,安豐六街對面公 園,23.0436829,120.2195374,1,1,1,5,14
67000350,安東里,1109,一,1330,安和路一段220巷,23.0372738,120.2180947,1,1,1,5,14
67000340,安民里,1109,一,0815,海安路三段,23.001168,120.1987774,1,1,1,4,12
67000340,永祥里,1109,一,1330, 大武街502巷1號旁草地,23.0160134,120.2202587,1,1,1,4,14
67000340,實踐里,1109,一,1330, 長榮路五段276巷18號前廣場,23.0136734,120.2170126,2,1,1,9,22
67000330,府南里,1109,一,0815,永成路三段416巷,22.968989,120.195708,3,3,1,16,4
67000330,南華里,1109,一,0815,金華路二段再興里活動中心,22.9810279,120.1916004,2,2,1,11,2
67000330,同安里A,1109,一,1330,明興路1231巷口,22.9224836,120.1892373,3,3,1,12,2
67000330,同安里B,1109,一,1330,明興路,22.9224836,120.1892373,1,1,1,6,2
67000330,喜南里,1109,一,1330,喜樹路181號喜樹聯合活動中心,22.9383204,120.1776926,2,2,1,9,2
67000320,成大里,1109,一,0815,育樂街(全家便利商店旁斜坡),23.0350411,120.269248,8,7,1,33,84
67000320,東明里,1109,一,0815,東興路(大使海鮮餐廳門口),24.8191098,121.0307241,1,0,1,6,16
67000320,龍山里,1109,一,0815,府東街(大樓前),22.9858548,120.230592,1,0,1,5,14
67000320,自強里,1109,一,0815,東門路三段(大樓前),22.980983,120.1987774,1,0,1,4,12
67000320,崇善里,1109,一,1330,崇善十街14號旁空地,22.9736282,120.2303571,2,1,1,16,38
67000320,忠孝里,1109,一,1330,中華東路三段380巷45弄(文化商城門口),22.9773869,120.218816,2,1,1,14,36
67000320,小東里,1109,一,1330,小東路254巷24號對面公園,22.9970514,120.227472,4,3,1,18,60
67000310,大橋里,1109,一,0815,大橋一街103巷62弄,23.0188826,120.2287659,2,2,,7,12
67000310,中華里,1109,一,0815,忠義街60巷(良美町),23.0003027,120.2363715,1,1,,4,10
67000310,北灣里,1109,一,0815,大同街413巷18弄,23.0159218,120.2642002,1,1,,7,18
67000310,建國里,1109,一,1330,建國里活動中心(復興路1巷3弄23號),22.9978842,120.2491093,2,2,,9,22
67000310,崑山里,1109,一,1330,崑山里活動中心(國光五街9巷11號),22.9988384,120.2541575,1,1,,5,14
67000290,關廟里,1109,一,1330,關廟里民生街121號旁(玄武殿廣場),22.9574746,120.3233704,1,1,1,8,16
67000280,許厝里,1109,一,0815,仁愛八街8號旁空地,22.9658238,120.2995826,1,1,1,5,8
67000280,許厝里,1109,一,1330,中山路一段481號旁空地,22.9658238,120.2995826,1,1,1,2,4
67000280,歸仁里,1109,一,1330,信義北路96巷7號前,22.9669072,120.3103958,1,1,1,5,8
67000180,協興里,1109,一,1330,中正路374號(第一銀行),23.0390927,120.2988617,1,1,1,8,0
67000370,西賢里,1110,二,0815,民權路四段470號西賢里活動中心,23.0039814,120.1719199,1,1,1,8,20
67000370,文賢里,1110,二,1330,西和路289號旁小康市場,23.003892,120.1932056,2,1,1,26,64
67000360,平安里,1110,二,1330,安平路,22.9991307,120.1726415,1,1,0,4,10
67000350,頂安里,1110,二,0815,北安路二段480號7-11,23.0394768,120.2043882,1,1,1,4,14
67000350,長安里,1110,二,0815,長溪路三段405巷40弄249號對面公園,23.0646352,120.1964522,1,1,1,6,18
67000350,新順里,1110,二,1330,安和路二段318巷,23.0436829,120.2195374,1,1,1,5,16
67000340,新勝里,1110,二,0815,長榮路五段213號旁空地,23.0094105,120.2213407,1,1,1,10,24
67000340,小康里,1110,二,1330,公園路1092巷,23.0152758,120.2173733,1,1,1,4,14
67000340,興北里,1110,二,1330,公園路634巷75號興北里活動中心,23.0057457,120.2116023,2,2,1,9,22
67000340,文元里,1110,二,1330,文賢二街392號前,23.0146579,120.1978952,1,1,1,7,18
67000330,日新里,1110,二,0815,利南街136號日新里活動中心,22.974026,120.1899588,1,1,1,5,2
67000330,再興里,1110,二,0815,金華路二段236號再興里活動中心,22.9801358,120.1928448,6,5,1,29,6
67000330,再興里,1110,二,1330,金華路二段236號再興里活動中心,22.9801358,120.1928448,3,2,1,13,2
67000330,光明里,1110,二,1330,利南街136號日新里活動中心,22.971944,120.1870727,4,3,1,21,4
67000320,大智里,1110,二,0815,文東街122號旁空地,22.962286,120.2332423,5,2,3,28,68
67000320,大學里,1110,二,0815,長榮路三段48號(自在軒)旁邊公園,22.9963981,120.2209801,3,1,2,9,22
67000320,文聖里,1110,二,0815,裕興街6號旁空地,22.9840282,120.2447821,1,0,1,5,14
67000320,富強里,1110,二,1330,裕農路446巷88號富強里活動中心,22.9867487,120.2317997,4,2,2,22,50
67000320,崇學里,1110,二,1330,崇德路260號旁崇學公園,22.9778231,120.2231441,1,0,1,5,14
67000320,莊敬里,1110,二,1330,莊敬路118號華斌金龍花園,22.9966645,120.232521,2,1,1,8,20
67000310,復華里,1110,二,0815,國華街102巷110號永信派出所,23.0103511,120.2440609,1,1,,7,18
67000310,龍潭里,1110,二,0815,永平街298巷底,23.0286236,120.2656955,1,1,,6,16
67000180,東榮里,1110,二,0815,中興路,23.0325916,120.3233704,1,1,1,2,0
67000360,港仔里,1111,三,0815,安平路75巷18弄靈濟殿前,22.999187,120.1643428,1,0,1,6,12
67000360,文平里,1111,三,1330,建平六街90巷11弄前中庭門口,22.9860574,120.1805789,1,0,1,6,12
67000330,光明里、開南里,1111,三,0815,新建路29巷口,22.971944,120.1870727,3,2,1,10,2
67000330,光明里,1111,三,0815,新興路533巷口,22.971944,120.1870727,2,1,1,7,2
67000330,金華里A,1111,三,0815,金華里活動中心慶南街201號),22.9796984,120.1885158,4,3,1,15,4
67000330,新興里,1111,三,0815,夏林路(第一銀行),22.9799434,120.19537,2,1,1,8,2
67000330,金華里B,1111,三,1330,金華里活動中心慶南街),22.9796984,120.1885158,2,1,1,12,4
67000330,新生里,1111,三,1330,大同路二段186巷5弄旁迴廊,22.9775543,120.2116023,3,2,1,9,2
67000330,田寮里,1111,三,1330,綠園西門路ㄧ段279巷底),22.976847,120.1957308,5,4,1,19,4
67000320,大福里,1111,三,0815,立德七路對面大福公園,22.9739636,120.2159306,3,2,1,15,38
67000320,後甲里,1111,三,0815,建東街聖達中醫診所旁,22.9927707,120.2382911,3,2,1,17,40
67000320,虎尾里,1111,三,0815,東成街太子普安宮,22.9791309,120.2361273,2,1,1,12,32
67000320,仁和里,1111,三,1330,仁和路111巷旁停車場,22.9701464,120.2357667,2,1,1,14,36
67000320,東明里,1111,三,1330,東安路上海好味道小籠湯包後空地,22.9916823,120.227472,1,0,1,7,18
67000320,新東里,1111,三,1330,衛國街114巷衛國里活動中心,22.9865063,120.2249474,5,4,1,27,66
67000310,六合里,1111,三,0815,中華路,23.0112118,120.2303571,1,1,1,4,12
67000310,尚頂里,1111,三,0815,中華路大樓管理室,23.0263645,120.225308,1,1,1,5,14
67000310,永康里,1111,三,0815,永大路二段邰欣地堡接待會館,23.0234285,120.2584844,1,1,1,2,4
67000310,建國里,1111,三,1330,復興路,22.9978842,120.2491093,1,1,1,4,10
67000310,鹽行里,1111,三,1330,正南五街327巷,23.040975,120.236648,2,2,1,5,14
67000350,東和里,1112,四,0815,長和路一段1巷200號,23.0615247,120.2368486,0,0,0,3,4
67000350,梅花里,1112,四,0815,安中路一段701巷35號對面梅花公園,23.038824,120.1978952,2,2,1,21,44
67000350,原佃里,1112,四,1330,怡安路二段102號(怡安果菜市場)辦公大樓,23.0538947,120.1964522,1,1,1,11,26
67000340,大港里,1112,四,1330,中華北路一段362巷3弄旁空地,23.0104452,120.1827435,3,2,1,11,26
67000340,三德里,1112,四,1330,鴨母寮市場前面成功路),23.000133,120.2047489,1,1,1,4,10
67000340,振興里,1112,四,1330,長榮路4段91巷,23.0063146,120.2217014,1,1,1,4,10
67000330,田寮里,1112,四,1330,西門路ㄧ段223巷與大成路二段42巷交叉口逢甲市場,22.976847,120.1957308,3,2,1,13,4
67000320,東門里,1112,四,0815,勝利路(光華高中),24.8035412,120.9679136,1,0,1,7,18
67000320,東明里,1112,四,1330,東安路96號(東安復健診所),22.9916823,120.227472,2,1,1,9,22
67000310,龍潭里A,1112,四,0815,永明街330號陽光綠第,23.0286236,120.2656955,1,1,,2,3
67000310,龍潭里B,1112,四,0815,中山北路164巷82號大樓,23.0286236,120.2656955,1,1,,1,3
67000310,永康里,1112,四,0815,永平街45巷6號(五聖壇),23.0234285,120.2584844,1,1,,1,4
67000310,西勢里,1112,四,0815,富強路一段216巷口,23.0154649,120.2772325,1,1,,4,18
67000310,三合里,1112,四,1330,南工街323巷1號旁,23.010739,120.2390123,1,1,,7,18
67000290,山西里、北勢里,1112,四,1330,北安三街,22.9671673,120.3219289,1,1,1,7,12
67000280,新厝里,1112,四,0815,和平南街與公園路交叉口,22.9619703,120.2923733,1,1,0,5,8
67000230,玉井里,1112,四,0815,中正路,23.1256423,120.4602459,1,1,1,2,2
67000230,竹圍里、玉田里,1112,四,0815,中正路,23.1337231,120.478965,1,1,1,10,18
67000190,光文里,1112,四,0815,成功路266巷,23.1340393,120.3003035,1,1,0,6,0
67000370,民主里,1113,五,0815,保安路132號,22.9923288,120.1939271,1,1,,2,0
67000360,文平里,1113,五,0815,永華二街59巷39號對面,22.9860574,120.1805789,1,0,1,5,9
67000350,溪墘里,1113,五,0815,海佃路一段270巷52號旁空地樺谷夜市,23.0244424,120.1928448,1,1,1,9,22
67000350,海西里,1113,五,0815,海中街121巷44號旁空地,23.0306699,120.1791357,1,1,1,7,16
67000350,鳳凰里,1113,五,1330,安中路一段562號,23.038824,120.1978952,1,1,1,8,18
67000350,梅花里、鳳凰里、海東里,1113,五,1330,安中路一段882號鮮自然飲料店,23.0436829,120.2195374,1,1,1,9,20
67000350,新順里、安慶里,1113,五,1330,怡安路一段87號,23.0417267,120.2000596,1,1,1,6,16
67000340,元寶里,1113,五,0815,開元路483號前空地,23.0114904,120.224226,1,1,1,6,16
67000340,成德里,1113,五,0815,文成路193號聖武宮,23.0134491,120.2036668,1,1,1,4,12
67000340,和順里,1113,五,1330,民德路58巷11弄15號旁空地,23.0051759,120.2015025,1,1,1,10,24
67000330,光明里,1113,五,0815,新建路25巷口,22.971944,120.1870727,5,5,1,17,40
67000330,明興里,1113,五,1330,金華路ㄧ段30巷口,22.9629831,120.1914018,2,2,1,9,2
67000320,德高里,1113,五,0815,崇善路855號崇善自助餐,22.9665308,120.2354061,1,0,1,5,14
67000320,虎尾里、復興里,1113,五,1330,富農街一段188巷10弄7號虎尾里活動中心,22.9791309,120.2361273,1,0,1,4,12
67000320,泉南里A,1113,五,1330,慶東街57號集合,22.9847029,120.2159306,1,0,1,3,10
67000320,泉南里B,1113,五,1330,府東街228號旁停車場,22.9847029,120.2159306,1,0,1,8,20
67000310,六合里,1113,五,0815,六合路46號,23.0112118,120.2303571,2,1,1,11,26
67000310,王行里,1113,五,1330,王行路1004號前空地,23.042301,120.2772325,1,1,,3,6
67000310,甲頂里,1113,五,1330,中正南路52巷13弄8號旁空地,23.0217702,120.2152092,1,1,,3,6
67000310,北灣里,1113,五,1330,大灣路119巷73號旁空地,23.012954,120.270022,1,1,,3,7
67000280,崙頂里,1113,五,1330,崙頂一街77號,22.9571231,120.2930943,1,1,1,7,20
67000280,許厝里,1113,五,1330,中山路一段434巷5號對面空地,22.9658238,120.2995826,1,1,1,3,12
67000280,歸仁里,1113,五,1330,大通路與中正北路一段交叉口美學館後方停車場,22.9669072,120.3103958,1,1,1,3,12
67000270,成功里,1113,五,0815,保華路2巷22號旁路口,22.9404559,120.225308,1,1,1,7,14
67000180,東榮里,1113,五,0815,東榮里中興路691號前空地面,23.0325916,120.3233704,1,1,1,12,19
67000180,知義里,1113,五,1330,中興路417號,23.0194325,120.3349024,1,1,1,7,10
67000350,海南里,1114,六,0815,府安路七段,23.0074371,120.1698421,1,1,1,14,32
67000350,新順里,1114,六,1330,安和路三段54巷,23.0445064,120.2184734,1,1,1,32,70
67000330,再興里,1114,六,0815,金華路二段,22.9816175,120.1914653,3,3,1,12,30
67000330,喜北里,1114,六,1330,喜樹路,22.9428855,120.1797649,1,1,1,7,16
67000320,東光里,1114,六,0815,凱旋路,22.9932248,120.2292429,1,0,1,5,14
67000310,六合里A,1114,六,0815,中華路459巷,23.0106603,120.2320788,1,1,1,4,12
67000310,六合里B,1114,六,0815,中山南路104巷,23.0127614,120.2292452,2,2,1,5,14
67000310,安康里,1114,六,0815,中華西街,23.0150779,120.2262742,1,1,1,4,12
67000310,二王里,1114,六,0815,南工街214巷32弄,23.0144049,120.2398048,1,1,1,4,12
67000310,鹽洲里,1114,六,1330,鹽洲一街11巷,23.0415313,120.2344378,2,2,1,10,24
67000310,正強里A,1114,六,1330,四維街,23.0342125,120.2519655,1,1,1,3,12
67000310,正強里B,1114,六,1330,正強街330巷,23.0337728,120.2513119,,,,1,
67000370,銀同里、萬昌里,1115,日,0815,城隍街,22.9901115,120.2083291,4,3,1,30,66
67000370,銀同里,1115,日,1330,中西開山路,22.9922404,120.2055998,4,3,1,30,66
67000340,勝安里,1115,日,0815,開元路,23.0076565,120.2204428,1,1,1,7,18
67000340,成德里,1115,日,0815,北安路一段,23.0181251,120.2077621,1,1,1,3,10
67000270,成功里,1115,日,0815,成功二街31巷,22.9564532,120.2288104,2,1,1,14,30
67000270,新田里,1115,日,0815,民安路二段,22.9525522,120.2533979,1,1,1,7,14
67000270,仁愛里,1115,日,1330,大同路三段,22.9593283,120.2170515,3,1,1,15,32
67000270,三甲里,1115,日,1330,三甲子,22.9401228,120.2397336,1,1,1,6,12
67000230,玉井里、玉田里,1115,日,0815,中正路,23.1781836,120.4838933,1,1,1,7,12
67000230,玉井里、玉田里,1115,日,1330,中正路,23.1781836,120.4838933,1,1,1,7,12
67000210,安定里、管寮里、港尾里,1115,日,0815,安定,23.1209313,120.2492634,1,3,1,11,12
67000210,港南里、六嘉里,1115,日,1330,安定,23.1209313,120.2492634,1,2,1,11,12
67000190,六德里,1115,日,1330,六分寮333,23.1526609,120.300011,1,1,0,6,4
67000360,育平里,1116,一,0815,郡平路,22.9890018,120.1675709,1,0,1,3,4
67000360,平通里,1116,一,0815,慶平路,22.9976456,120.1669709,1,0,1,6,10
67000350,海佃里,1116,一,0815,國安街56巷,23.0239204,120.1898593,1,1,1,24,52
67000350,佃西里,1116,一,1330,海佃路四段388巷,23.0646459,120.1763528,1,1,1,4,10
67000350,東和里,1116,一,1330,館前一路,23.0567271,120.2309609,1,1,1,4,8
67000340,仁愛里,1116,一,0815,東豐路227巷,23.0039328,120.2205538,70,5,1,33,76
67000340,三德里,1116,一,0815,裕民街84巷,23.0002212,120.2053586,1,1,1,5,11
67000340,中樓里,1116,一,1330,東豐路,23.0036482,120.2184348,3,3,1,16,34
67000340,國興里,1116,一,1330,南園街101巷,23.0081477,120.2258834,1,1,1,9,22
67000330,日新里,1116,一,0815,新興路,22.9755921,120.1914431,4,3,1,16,38
67000330,大恩里,1116,一,1330,國民路165巷,22.966502,120.2116106,3,3,1,16,4
67000320,虎尾里、自強里,1116,一,0815,東成街,22.97973,120.233947,1,0,1,6,16
67000320,東門里,1116,一,0815,東門路一段,22.9883399,120.2139661,0,0,0,4,12
67000320,南聖里,1116,一,1330,裕和五街,22.989317,120.2471473,1,0,1,4,12
67000320,崇學里,1116,一,1330,崇明十二街,22.975368,120.2236762,1,0,1,7,18
67000310,安康里,1116,一,1330,中華路661巷,23.0143505,120.2276311,3,2,1,17,42
67000350,安慶里,1117,二,0815,安中路一段189巷,23.0338139,120.2075656,1,1,1,15,32
67000350,安富里,1117,二,1330,海佃路一段158巷,23.0248828,120.1965714,1,1,1,5,14
67000350,海南里,1117,二,1330,府安路六段103巷,23.0201117,120.1870809,1,1,1,10,24
67000330,日新里,1117,二,0815,新興路與利南街,22.9755921,120.1914431,5,4,1,20,44
67000330,大恩里,1117,二,1330,大同路二段750巷,22.9764702,120.2139251,2,1,1,13,2
67000330,喜南里,1117,二,1330,喜樹路340巷,22.9401573,120.1760633,1,1,1,6,2
67000320,裕農里,1117,二,0815,東寧路,22.988481,120.231776,1,0,1,4,12
67000320,小東里,1117,二,1330,東和路,22.9983756,120.2258961,1,1,1,8,20
67000180,大坑里,1117,二,1330,大坑尾,23.012628,120.385707,1,0,1,2,0
67000180,知義里,1117,二,1330,口埤,23.0254077,120.3502486,0,0,1,2,0
67000110,石湖里,1117,二,0815,大內里,23.118461,120.362049,0,0,0,8,0
67000360,育平里,1118,三,0815,郡平路,22.9892969,120.167528,1,1,0,2,4
67000360,文平里,1118,三,0815,建平七街,22.9880476,120.1847943,1,0,1,5,12
67000360,海頭里,1118,三,1330,安北路121巷,23.0019187,120.164209,1,0,1,9,20
67000340,華興里、國興里,1118,三,0815,林森路三段,22.9616224,120.2306448,5,5,1,31,72
67000340,玉皇里,1118,三,1330,北忠街,23.0004654,120.2064387,1,1,1,5,14
67000320,大智里,1118,三,0815,德東街,22.972858,120.226669,2,1,1,11,26
67000320,崇德里,1118,三,0815,崇德路550巷,23.0073816,120.2241183,1,0,1,6,18
67000320,虎尾里,1118,三,1330,東門路三段179巷,22.9777738,120.2351301,1,0,1,10,24
67000320,裕聖里,1118,三,1330,裕忠路,22.9810599,120.2418691,1,0,1,9,22
67000310,中興里,1118,三,0815,中華路286巷,23.0075832,120.2368721,1,1,1,9,22
67000310,崑山里,1118,三,1330,崑大路155巷,22.9966887,120.254712,2,1,1,10,24
67000270,大甲里,1118,三,0815,行大一街,22.9142231,120.2188725,2,1,1,16,28
67000190,文昌里,1118,三,1330,自由路,23.1306431,120.2907026,2,2,0,11,13
67000350,海東里,1119,四,0815,同安路347巷,23.0434943,120.1921292,1,1,1,7,18
67000350,安富里、溪墘里,1119,四,0815,安寧街91巷,23.023379,120.1935022,1,1,1,7,18
67000350,安東里,1119,四,1330,安和路一段496巷,23.035934,120.214339,1,1,1,15,34
67000340,興南里,1119,四,0815,小北路,23.0061542,120.2063993,2,2,1,13,36
67000320,圍下里,1119,四,0815,育樂街,22.9920921,120.2143722,1,1,0,6,18
67000320,東聖里,1119,四,1330,中華東路二段133巷,22.9871101,120.2331186,2,1,1,14,38
67000310,王行里,1119,四,0815,王行路,23.052818,120.272068,1,1,1,6,18
67000310,西勢里,1119,四,0815,西勢路158巷,23.0210157,120.2774542,1,1,1,5,16
67000310,鹽洲里,1119,四,0815,鹽行路146巷,23.0437445,120.2328794,1,1,1,3,12
67000310,二王里,1119,四,1330,中山南路490巷,23.0171134,120.2393566,1,1,1,7,20
67000310,大灣里,1119,四,1330,大同街,23.0097331,120.267534,1,1,1,6,18
67000310,崑山里,1119,四,1330,崑大路201巷 ,22.9966774,120.251824,1,1,1,3,12
67000290,北勢里,1119,四,1330,北新街,22.964379,120.330303,1,1,1,9,18
67000280,八甲里,1119,四,0815,大光一街,22.9755075,120.2962474,1,1,1,6,12
67000270,大甲里,1119,四,1330,中正西路3,22.9180425,120.2164172,4,3,1,8,16
67000230,玉田里,1119,四,0815,玉安街,23.1284051,120.464283,1,1,1,8,16
67000370,藥王里,1120,五,0815,民權路三段,22.9982142,120.1935811,3,2,1,28,66
67000370,藥王里,1120,五,1330,民權路三段,22.9982142,120.1935811,3,2,1,28,66
67000350,東和里,1120,五,1330,環館北路,23.0652338,120.2344958,1,1,1,8,18
67000330,明亮里,1120,五,0815,金華路ㄧ段242巷,22.968131,120.192042,3,2,1,13,32
67000330,明興里,1120,五,0815,永仁街,22.965373,120.19118,3,2,1,13,32
67000330,文南里,1120,五,1330,永南四街與南豐街,22.9840326,120.1887933,2,1,1,10,22
67000320,崇善里,1120,五,0815,崇善十二街,22.9694048,120.2323865,1,0,1,8,27
67000320,東門里,1120,五,1330,慶東街,22.9883469,120.2160268,1,0,1,8,25
67000310,龍潭里,1120,五,0815,龍埔街175巷,23.0337299,120.2631685,1,1,1,8,20
67000280,辜厝里,1120,五,0815,大順一街,22.9646525,120.2926908,1,1,1,9,22
67000280,新厝里,1120,五,1330,中正一街,22.96605,120.2948562,1,1,1,28,61
67000360,石門里,1121,六,0815,安平路,22.9995867,120.1663193,1,0,1,6,12
67000350,溪墘里、安富里,1121,六,0815,安寧街,23.0067449,120.2173133,1,1,1,25,54
67000350,溪北里,1121,六,1330,敬安街,23.0274483,120.211032,1,1,1,3,4
67000350,新順里,1121,六,1330,安和路二段,23.0428855,120.216622,1,1,1,10,38
67000340,勝安里,1121,六,0815,開元路73巷,23.022188,120.19433,2,2,1,10,24
67000340,文元里,1121,六,1330,中華北路二段25巷,23.0180468,120.1933122,2,2,1,10,24
67000330,府南里,1121,六,0815,大成路二段143巷,22.9733077,120.1934016,2,2,1,11,24
67000330,開南里,1121,六,0815,新建路37巷,22.9688761,120.1859979,1,1,1,3,4
67000320,崇德里,1121,六,1330,崇明路,22.9742918,120.2231985,2,1,1,13,34
67000310,勝利里,1121,六,1330,勝華街37巷,23.0051945,120.2336334,3,2,1,17,40
67000180,觀音里、太平里,1121,六,0815,中正路,23.0378948,120.3076271,1,1,1,11,26
67000180,東榮里,1121,六,1330,信義路131巷,23.034461,120.314114,2,1,2,14,36
67000120,東寧里,1121,六,0815,新生路,23.161131,120.179647,1,1,1,10,6
67000070,新建里,1121,六,1330,興民街,23.1844445,120.2429011,1,1,1,8,0
67000370,西湖里,1122,日,0815,民權路四段與頂美一街,22.9992785,120.1654457,1,1,1,16,40
67000370,郡王里,1122,日,1330,府前路一段,22.9888497,120.206118,1,1,1,7,18
67000330,金華里,1122,日,0815,聖南街與惠南街,22.979616,120.1889879,7,7,1,33,6
67000330,永寧里、興農里,1122,日,1330,灣裡路211巷,22.9282883,120.1837632,1,1,1,6,2
67000330,郡南里,1122,日,1330,新都路,22.967162,120.1947184,1,1,1,6,2
67000330,明亮里,1122,日,1330,新都路,22.967162,120.1947184,3,3,1,17,4
67000330,再興里,1122,日,1330,三官路,22.9770671,120.1915014,2,2,1,6,2
67000350,溪心里,1123,一,0815,海佃路二段764號,23.023379,120.1935022,1,1,1,5,10
67000340,大和里,1123,一,0815,文賢路799巷18號,23.0061542,120.2063993,2,1,1,11,32
67000340,仁愛里、重興里,1123,一,0815,東豐路305巷51號恩隍宮,23.0434943,120.1921292,1,1,1,10,26
67000340,成德里、和順里,1123,一,1330,育德二路51巷2號對面公園,23.0210157,120.2774542,1,1,1,9,24
67000340,成功里,1123,一,1330,北成路80巷22弄21號對面北成公園,23.0437445,120.2328794,3,2,1,15,38
67000330,光明里,1123,一,1330,新建路21巷口,22.9871101,120.2331186,2,2,1,8,18
67000320,大學里,1123,一,0815,長榮路三段66巷55號旁公園,22.9920921,120.2143722,3,2,3,14,38
67000320,崇善里,1123,一,1330,崇善十三街57號瑩青幼兒園,23.052818,120.272068,2,1,1,13,36
67000310,鹽洲里A,1123,一,0815,洲尾街150號旁菜園,22.9755075,120.2962474,1,1,1,7,20
67000310,鹽洲里B,1123,一,0815,鹽行路91號旁空地,23.1284051,120.464283,1,1,1,3,12
67000310,五王里,1123,一,1330,成功路238號旁空地,22.964379,120.330303,2,1,1,12,26
67000180,豐榮里,1123,一,1330,洋子145-1號,23.035934,120.214339,1,0,1,3,0
67000180,大坑里,1123,一,1330,大坑尾23號產銷班,22.9180425,120.2164172,1,0,1,1,0
67000310,復國里,1124,二,1330,復國一路173巷62弄1號復國教會,23.0065443,120.2461286,2,1,1,12,26
67000270,田厝里,1124,二,0815,保安路二段481號田厝里活動中心,22.9554713,120.2526278,1,1,1,8,20
67000270,土庫里,1124,二,0815,土庫路245巷2號旁空地,22.9911719,120.2603821,1,1,1,8,20
67000070,總榮里,1124,二,0815,總爺庄66號旁空地,23.187253,120.268194,1,1,1,4,0
67000360,西門里,1125,三,1330,安北路438號旁空地,22.9996879,120.1524127,1,0,1,9,20
67000350,幸福里,1125,三,0815,國安街155巷42號,23.0211082,120.1878917,1,1,1,4,6
67000340,文元里,1125,三,0815,文靈公園文賢路1122巷與文賢三街337巷6弄交叉處),23.0166844,120.1967382,1,1,1,8,20
67000340,大道里、大山里,1125,三,0815,和緯路一段98號旁巷子,23.0094834,120.2149075,2,2,1,7,18
67000340,國姓里,1125,三,0815,公園路377巷3號旁,23.0064218,120.2097286,1,1,1,3,6
67000340,文成里,1125,三,1330,文賢路268號前面,23.0049099,120.193778,1,1,1,5,14
67000340,安民里,1125,三,1330,安民里活動中心海安路三段59號),23.0022084,120.1991827,1,2,1,20,46
67000330,府南里,1125,三,0815,大成路二段177巷口,22.9745067,120.1924609,2,2,1,9,20
67000330,田寮里,1125,三,0815,大成路二段168號前,22.9750505,120.193227,2,2,1,9,20
67000330,喜北里,1125,三,1330,喜樹路20巷9弄口,22.9471063,120.179244,3,3,1,15,36
67000320,大智里,1125,三,0815,崇善十六街16號對面空地,22.963165,120.2343914,1,0,1,4,14
67000320,和平里,1125,三,0815,文化六街與文化一街交叉路口公園,22.9748818,120.2325543,1,0,1,7,18
67000320,龍山里,1125,三,0815,富德街21號(臺南市審計處),22.984222,120.224032,1,0,1,9,22
67000320,忠孝里,1125,三,1330,崇明路190號(台南榮民之家大門口),22.9790514,120.2178248,1,0,1,10,24
67000300,崎頂里,1125,三,0815,新市子158號(衛生所),22.939765,120.412151,1,1,1,1,7
67000280,七甲里,1125,三,1330,七甲五街102巷93號(六興宮),22.9832175,120.2906035,1,1,1,4,7
67000270,上崙里,1125,三,0815,德崙路370巷巷口(藍天超市旁),22.9417587,120.258949,1,1,1,8,16
67000340,大豐里,1126,四,0815,武聖路,23.008084,120.1872052,2,2,1,16,38
67000340,成德里,1126,四,0815,育成路,23.0202262,120.205187,1,1,1,7,18
67000340,國姓里、六甲里,1126,四,1330,公園路433巷,23.0077939,120.2090093,4,3,1,22,50
67000330,再興里,1126,四,1330,金華路二段,22.9810279,120.1916004,2,2,1,9,20
67000330,開南里,1126,四,1330,新和東路,23.1141307,120.2816883,1,1,1,2,4
67000320,小東里,1126,四,0815,小東路,22.9997364,120.2274877,2,1,1,13,32
67000320,小東里,1126,四,1330,小東路,22.9997364,120.2274877,2,1,1,13,32
67000310,勝利里,1126,四,0815,勝學路260巷,23.007224,120.2317768,2,1,1,11,26
67000310,中華里,1126,四,1330,小東路685巷,22.999028,120.239695,1,1,1,7,18
67000310,南灣里,1126,四,1330,立興街57巷,23.0032346,120.2647237,1,1,1,6,16
67000280,許厝里,1126,四,1330,公園路39巷,22.9649422,120.2994019,1,1,1,5,15
67000180,東榮里,1126,四,0815,信義路,23.0383218,120.3151386,1,1,1,14,25
67000180,知義里,1126,四,0815,口碑,23.0254077,120.3502486,1,1,1,3,0
67000160,鯤溟里,1126,四,0815,鯤溟,23.1885961,120.1112911,1,1,1,2,0
67000140,營西里,1126,四,1330,後營,23.1440531,120.2209801,1,1,1,3,0
67000130,仁得里,1126,四,1330,和平路,23.2280203,120.1773545,2,2,2,9,12
67000120,鎮山里,1126,四,0815,勝利路,23.1498882,120.179736,1,1,1,10,8
67000370,大涼里,1127,五,0815,府前路二段258巷,22.9931464,120.1908589,2,1,1,10,24
67000360,石門里,1127,五,1330,安北路,23.0006693,120.166725,1,0,1,4,6
67000350,幸福里、海南里,1127,五,1330,府安路六段103巷,23.0209347,120.1869123,1,1,1,7,18
67000330,田寮里,1127,五,1330,大成路二段,22.9750505,120.193227,0,0,1,1,4
67000320,南聖里,1127,五,1330,裕孝路,22.9838971,120.242697,2,1,1,17,42
67000320,大學里,1127,五,1330,大學路,22.9966097,120.2168136,0,0,1,9,10
67000310,復國里,1127,五,0815,國華街,23.011192,120.246772,1,1,1,4,12
67000310,正強里,1127,五,0815,正強街,23.02912,120.2518763,1,1,1,8,20
67000180,護國里,1127,五,0815,仁愛街,23.0374507,120.309168,1,1,1,9,13
67000070,中興里,1127,五,0815,和平路,23.1787334,120.2436833,1,1,1,4,0
67000330,再興里,1128,六,0815,金華路二段,22.9810279,120.1916004,1,1,1,3,8
67000330,郡南里A,1128,六,0815,德興路,22.9628861,120.1925393,2,2,2,11,22
67000330,郡南里B,1128,六,0815,德興路,22.9652114,120.1923945,2,2,2,9,20
67000330,南都里,1128,六,1330,中華南路二段315巷,22.960313,120.1855949,3,3,3,15,34
67000330,國宅里,1128,六,1330,金華路二段33巷,22.9770796,120.1885211,3,3,3,17,38
67000320,自強里,1128,六,0815,中華東路二段295巷,22.9819737,120.231494,1,0,1,6,16
67000320,東智里,1128,六,0815,大同路二段,22.9624437,120.2172513,1,0,1,2,8
67000320,裕聖里,1128,六,0815,裕信路,22.98212,120.2452139,1,0,1,8,20
67000310,復華里,1128,六,1330,復華八街47巷,23.0169673,120.2460251,2,1,1,12,26
67000280,歸仁里,1128,六,1330,忠孝北路,22.969897,120.2997283,1,1,1,6,13
67000370,普濟里,1129,日,1330,成功路,22.9997588,120.2004519,1,0,1,8,20
67000340,文元里A,1129,日,0815,文賢一路300巷,23.0040354,120.1959561,3,2,1,15,36
67000340,文元里B,1129,日,0815,文賢三街337巷,23.01684,120.1973035,1,1,1,7,18
67000340,安民里,1129,日,0815,海安路三段,23.000627,120.199028,2,1,1,17,40
67000320,崇善,1129,日,1330,仁和路,22.9684035,120.234155,1,0,1,10,22
67000270,田厝里,1129,日,1330,忠義一街38巷,22.9789084,120.2593791,1,0,1,5,8
67000330,建南里,1130,一,0815,中華南路二段185巷,22.9604893,120.1910138,2,2,1,11,22
67000330,開南里,1130,一,0815,鹽埕路159巷與新建路41巷,22.9690929,120.1874864,2,2,1,10,20
67000320,崇德里,1130,一,1330,崇明十三街10巷,22.9748079,120.2258672,1,0,1,16,38
67000310,鹽洲里,1130,一,1330,鹽行路,23.0425734,120.2351695,3,2,1,5,14
67000280,沙崙里,1130,一,1330,二甲,22.9838213,120.293882,1,1,1,11,24
67000180,護國里,1130,一,0815,和平街,23.0337379,120.3098948,2,2,1,13,16
67000180,那拔里,1130,一,1330,那拔,23.053697,120.3377852,1,1,1,5,0
67000360,港仔里,1201,二,0815,安平路,22.9988589,120.154418,1,0,1,4,8
67000340,文元里,1201,二,0815,文賢三街,23.0171646,120.1979851,2,2,1,16,38
67000280,許厝里,1201,二,0815,中山路一段437巷,22.965983,120.2993363,1,1,1,1,0
67000360,港仔里,1202,三,1330,安平路,22.9999651,120.1623878,1,0,1,12,22
67000360,華平里,1202,三,1330,健康二街,22.9941795,120.1743162,1,1,0,7,16
67000330,興農里,1202,三,0815,明興路,22.9274705,120.1868752,1,1,1,8,18
67000330,田寮里,1202,三,0815,新興路與夏林路,22.981784,120.190871,2,2,1,10,22
67000330,文南里,1202,三,1330,健康路二段,22.9755921,120.1914431,2,2,1,9,20
67000070,港尾里,1203,四,0815,港尾里客子寮,23.2030401,120.2022239,1,1,1,1,0
67000360,石門里,1203,四,0815,安北路,23.0016935,120.1655009,1,0,1,5,8
67000360,平安里,1203,四,1330,安北路16巷,23.000366,120.1683107,1,1,0,9,20
67000340,安民里、裕民里,1203,四,1330,成功路,23.0008148,120.1985384,2,2,1,9,24
67000340,大道里,1203,四,1330,北門路二段547巷,23.0111333,120.2146222,1,1,1,4,14
67000330,郡南里,1203,四,0815,永成路三段,22.9670652,120.1953869,2,2,1,10,22
67000320,崇文里,1203,四,0815,崇德十九街,22.9683487,120.2289352,1,0,1,10,24
67000320,,1203,四,0815,中華東路二段18巷,22.9846494,120.2329291,,,,3,0
67000320,德高里,1203,四,1330,仁和路252巷,22.967457,120.235185,1,0,1,6,16
67000310,西灣里,1203,四,1330,永華路212巷,23.0108044,120.2594933,3,2,1,5,14
67000290,香洋里,1203,四,0815,香洋里中央路,22.9601884,120.3303371,1,1,1,2,2
67000370,赤崁里,1204,五,1330,中山路,22.9960707,120.2088778,,,,2,0
67000340,文成里,1204,五,1330,立賢路二段66巷,23.0100268,120.1988382,1,1,1,7,18
67000320,裕聖里,1204,五,0815,裕孝路,22.980287,120.244107,1,0,1,7,20
67000310,復國里,1204,五,0815,復國一路237巷,23.0084638,120.2457576,3,2,1,4,16
67000180,豐榮里,1204,五,0815,民治路43巷,23.0378011,120.3038585,1,1,2,12,28
67000180,大坑里,1204,五,0815,大坑尾,23.012628,120.385707,1,1,1,1,0
67000180,護國里,1204,五,1330,護國里中山路,23.0388302,120.311173,1,1,1,8,20
67000180,武安里,1204,五,1330,健康路,23.0319809,120.3067184,1,1,2,15,34
67000330,大林里,1205,六,0815,大同路二段406巷,22.9745385,120.2132493,3,3,1,15,34
67000310,五王里,1205,六,1330,成功路244巷,23.0126494,120.2333688,1,1,,5,14
67000310,安康里,1205,六,1330,中山南路123巷,23.0191223,120.2413962,2,1,1,2,8
67000350,溪心里,1207,一,0815,安中路二段296巷8號,23.0495594,120.1868197,0,1,1,3,6
67000340,大港里,1207,一,1330,大興街264巷1號,23.0106073,120.1867958,2,2,1,11,28
67000330,田寮里,1207,一,0815,西門路ㄧ段223巷,22.975531,120.196861,2,2,2,9,20
67000330,新生里,1207,一,1330,大同路二段196號,22.9768023,120.2136637,1,1,1,2,6
67000330,喜北里、喜南里,1207,一,1330,喜樹路222號,22.9410862,120.1784122,1,1,1,3,8
67000320,崇成里,1207,一,1330,崇德十二街31號,22.9717524,120.2284234,3,2,1,22,54
67000370,西賢里,1208,二,0815,西賢一街187巷,23.0038065,120.1773537,2,2,1,14,34
67000360,金城里,1208,二,1330,湖內一街,22.9970971,120.159008,1,0,1,6,14
67000320,大同里,1208,二,1330,大同路一段197巷,22.9835147,120.2124013,3,2,1,14,34
67000310,六合里,1208,二,0815,中華二路358巷,23.0088659,120.230163,1,1,0,4,10
67000320,大智里,1209,三,0815,長東街145巷,22.960031,120.2302589,1,0,1,6,16
67000320,東智里,1209,三,1330,臺南德東街,22.9615898,120.2302508,1,1,0,9,22
67000310,勝利里,1209,三,0815,勝華街37巷,23.0054047,120.2339679,1,1,0,6,16
67000200,永就里,1210,四,0830,永就里,23.0642791,120.3003035,3,2,1,15,30
67000200,永就里,1210,四,1330,永就里中華路,23.064266,120.2945393,0,0,0,15,30
67000360,平安里,1211,四,1330,安平路,22.9984449,120.1780638,1,0,1,6,14
67000340,永祥里,1211,四,0830,實踐街103巷,23.0156047,120.2204752,1,1,1,8,20
67000320,莊敬里,1211,四,1330,東光路二段36巷,22.9961268,120.2326082,1,0,1,5,14
67000330,鯤鯓里,1212,六,1330,鯤鯓路,22.9592584,120.1720893,1,0,0,6,13
67000320,大學里,1212,六,0815,大學路,22.9966097,120.2168136,1,0,1,6,14
67000310,西勢里,1212,六,1330,廣興街26巷,23.0186731,120.2771184,1,0,0,6,13
67000320,關聖里,1213,日,1330,裕農三街與裕智街,22.9857854,120.2396415,1,0,1,9,22
67000350,淵東里,1214,一,0815,海佃路四段149巷,23.0637272,120.1727047,1,1,1,2,0
67000340,東興里,1214,一,1330,小東路423巷,22.9989798,120.2326696,1,1,1,2,5
67000310,東橋里,1214,一,0815,東橋三路,23.0494318,120.2614833,1,1,,5,12
67000310,甲頂里,1214,一,1330,大武街18巷,23.0194771,120.222485,1,1,,3,6
67000310,鹽行里,1214,一,1330,中正六街,23.0379295,120.2371058,1,1,,4,8
67000330,文南里,1215,二,1330,健康路二段,22.9821252,120.1873858,1,1,1,2,6
67000310,王行里,1215,二,0815,王行路,23.0516906,120.2750969,1,1,,4,10
67000310,復興里,1217,四,1330,復興路,22.9986627,120.2454263,1,1,0,5,5
67000310,南灣里,1224,四,0815,大灣路554巷,23.0028821,120.2645939,1,1,0,2,0
67000290,松腳里,1224,四,1330,松腳里松安街,22.9564269,120.336849,1,1,1,7,0
67000340,正覺里,1225,五,1330,公園路769巷,23.0185397,120.2151789,1,1,1,8,12
67000270,成功里,1225,五,1330,保生東路218巷,22.9564417,120.2321356,1,1,1,6,0
67000320,大福里,1227,日,1330,立德七路,22.976581,120.2153855,2,1,1,8,18
67000290,關廟里,1227,日,0815,中山路二段165巷,22.9590864,120.3246022,1,1,1,5,2
67000290,北花里,1227,日,1330,北安一街,22.9646242,120.3350447,1,1,1,2,2
